ets Jul 29 2019 12:21:46



rst:0x1 (POWERON_RESET),boot:0x16 (SPI_FAST_FLASH_BOOT)

configsip: 0, SPIWP:0xee

clk_drv:0x00,q_drv:0x00,d_drv:0x00,cs0_drv:0x00,hd_drv:0x00,wp_drv:0x00

mode:DIO, clock div:2

load:0x3fff0040,len:6376

load:0x40078000,len:15900

ho 0 tail 12 room 4

load:0x40080400,len:3920

entry 0x40080644

I (29) boot: ESP-IDF v6.1-dev-1054-g487551888a 2nd stage bootloader

I (29) boot: compile time May 11 2026 22:25:41

I (29) boot: Multicore bootloader

I (32) boot: chip revision: v3.1

I (35) boot.esp32: SPI Speed      : 40MHz

I (39) boot.esp32: SPI Mode       : DIO

I (42) boot.esp32: SPI Flash Size : 4MB

I (46) boot: Enabling RNG early entropy source...

I (50) boot: Partition Table:

I (53) boot: ## Label            Usage          Type ST Offset   Length

I (59) boot:  0 nvs              WiFi data        01 02 00009000 00006000

I (66) boot:  1 phy_init         RF data          01 01 0000f000 00001000

I (72) boot:  2 factory          factory app      00 00 00010000 00140000

I (79) boot:  3 offline_events   Unknown data     01 83 00150000 00200000

I (85) boot:  4 nvs_settings     WiFi data        01 02 00350000 00004000

I (92) boot:  5 spiffs           Unknown data     01 82 00360000 00010000

I (98) boot: End of partition table

I (102) esp_image: segment 0: paddr=00010020 vaddr=3f400020 size=2c9d0h (182736) map

I (174) esp_image: segment 1: paddr=0003c9f8 vaddr=3ffb0000 size=03620h ( 13856) load

I (180) esp_image: segment 2: paddr=00040020 vaddr=400d0020 size=cc920h (837920) map

I (479) esp_image: segment 3: paddr=0010c948 vaddr=3ffb3620 size=00ca8h (  3240) load

I (480) esp_image: segment 4: paddr=0010d5f8 vaddr=40080000 size=17b6ch ( 97132) load

I (522) esp_image: segment 5: paddr=0012516c vaddr=50000000 size=000b0h (   176) load

I (534) boot: Loaded app from partition at offset 0x10000

I (534) boot: Disabling RNG early entropy source...

I (545) cpu_start: Multicore app

I (553) cpu_start: GPIO 3 and 1 are used as console UART I/O pins

I (553) cpu_start: Pro cpu start user code

I (554) cpu_start: cpu freq: 160000000 Hz

I (555) app_init: Application information:

I (559) app_init: Project name:     lighthouse

I (563) app_init: App version:      247bed0-dirty

I (568) app_init: Compile time:     May 11 2026 22:26:17

I (573) app_init: ELF file SHA256:  e6e60d7b7...

I (577) app_init: ESP-IDF:          v6.1-dev-1054-g487551888a

I (583) efuse_init: Min chip rev:     v0.0

I (586) efuse_init: Max chip rev:     v3.99 

I (590) efuse_init: Chip rev:         v3.1

I (595) heap_init: Initializing. RAM available for dynamic allocation:

I (601) heap_init: At 3FFAE6E0 len 00001920 (6 KiB): DRAM

I (606) heap_init: At 3FFBDA10 len 000225F0 (137 KiB): DRAM

I (611) heap_init: At 3FFE0440 len 00003AE0 (14 KiB): D/IRAM

I (616) heap_init: At 3FFE4350 len 0001BCB0 (111 KiB): D/IRAM

I (622) heap_init: At 40097B6C len 00008494 (33 KiB): IRAM

I (628) spi_flash: detected chip: boya

I (630) spi_flash: flash io: dio

I (635) main_task: Started on CPU0

I (645) main_task: Calling app_main()

I (645) MAIN: в•ђвввв•ђвввв•ђввввввввввв•ђвввв•ђвввв•ђвввв•ђвввв

I (645) MAIN:   ESP32 Attendance System

I (645) MAIN:   with UHF RFID Reader + WiFi

I (655) MAIN: вввв•ђвввв•ђввввввввввввввв•ђвввв•ђвввв•ђвввв•ђв



I (665) IO_CTRL: Initializing GPIO...

I (665) IO_CTRL: GPIO initialized

I (675) IO_CTRL:   LED1 (WiFi+MQTT): GPIO 4

I (675) IO_CTRL:   LED2 (IR mode):   GPIO 21

I (675) IO_CTRL:   LED3 (Scanning):  GPIO 26

I (685) IO_CTRL:   LED4 (Activity):  GPIO 25

I (685) IO_CTRL:   IR Sensor: GPIO 19 (burst duration: 5000 ms)

I (695) BATTERY_MONITOR: Initializing battery monitor

I (695) BATTERY_MONITOR: ADC calibration scheme: curve fitting

I (705) BATTERY_MONITOR: Battery monitor initialized

I (705) BATTERY_MONITOR:   Battery ADC: GPIO33 (ADC1_CH5, 12dB attenuation, 16-sample average)

I (715) BATTERY_MONITOR:   USB detect: GPIO32 (digital input)

I (725) BATTERY_MONITOR:   Voltage divider: 100k/120k (ratio 0.545)

I (725) MAIN: Initializing WiFi provisioning system...

I (735) WIFI_PROV: Initializing WiFi provisioning system

I (775) SETTINGS_STORAGE: Initializing WiFi settings storage

I (785) SETTINGS_STORAGE: WiFi settings storage initialized successfully

I (785) SETTINGS_STORAGE: MQTT settings storage initialized successfully

I (785) WIFI_PROV: Boot state: setup_requested=0, is_configured=1

I (795) SETTINGS_STORAGE: Credentials loaded successfully (SSID: Cudy-308D)

I (795) WIFI_PROV: Loaded saved credentials for SSID: Cudy-308D

I (805) WIFI_PROV: Device configured - ready to connect

I (805) WIFI_PROV: WiFi provisioning initialized, state: CONNECTED

I (815) MAIN: Initializing WiFi...

I (815) WIFI_MGR: Initializing WiFi manager...

I (825) WIFI_MGR:   в NVS flash initialized

I (825) WIFI_MGR:   в Network interface (lwIP) initialized

I (835) WIFI_MGR:   в Event loop created

I (835) WIFI_MGR:   в WiFi STA interface created

I (855) wifi:wifi driver task: 3ffc6018, prio:23, stack:6656, core=0

I (865) wifi:wifi firmware version: ea01844

I (875) wifi:wifi certification version: v7.0

I (875) wifi:config NVS flash: enabled

I (875) wifi:config nano formatting: disabled

I (875) wifi:Init data frame dynamic rx buffer num: 32

I (875) wifi:Init static rx mgmt buffer num: 5

I (885) wifi:Init management short buffer num: 32

I (885) wifi:Init dynamic tx buffer num: 32

I (895) wifi:Init static rx buffer size: 1600

I (895) wifi:Init static rx buffer num: 10

I (895) wifi:Init dynamic rx buffer num: 32

I (905) wifi_init: rx ba win: 6

I (905) wifi_init: accept mbox: 6

I (905) wifi_init: tcpip mbox: 32

I (915) wifi_init: udp mbox: 6

I (915) wifi_init: tcp mbox: 6

I (915) wifi_init: tcp tx win: 5760

I (925) wifi_init: tcp rx win: 5760

I (925) wifi_init: tcp mss: 1440

I (925) wifi_init: WiFi IRAM OP enabled

I (935) wifi_init: WiFi RX IRAM OP enabled

I (935) WIFI_MGR:   в WiFi driver initialized

I (935) WIFI_MGR:   в Event group created

I (945) WIFI_MGR:   в Event handlers registered

I (945) WIFI_MGR:   вњ“ WiFi mode set to STA (Station)

I (955) SETTINGS_STORAGE: Credentials loaded successfully (SSID: Cudy-308D)

I (955) WIFI_MGR:   в Using saved WiFi credentials: Cudy-308D

I (965) WIFI_MGR:   в WiFi credentials configured

I (965) phy_init: phy_version 4863,a3a4459,Oct 28 2025,14:30:06

I (1055) phy_init: Saving new calibration data due to checksum failure or outdated calibration data, mode(0)

I (1125) wifi:mode : sta (00:70:07:25:15:00)

I (1135) wifi:enable tsf

I (1135) WIFI_MGR:   в WiFi driver started

W (1135) wifi:Haven't to connect to a suitable AP now!

I (1135) WIFI_MGR: WiFi driver started, connecting to AP...

E (1145) wifi:sta is connecting, return error

I (1145) WIFI_MGR: WiFi manager initialized successfully

I (1155) wifi:new:<11,0>, old:<1,0>, ap:<255,255>, sta:<11,0>, prof:6, snd_ch_cfg:0x0

I (1155) wifi:state: init -> auth (0xb0)

I (1165) WIFI_MGR: Waiting for connection...

I (1185) wifi:state: auth -> init (0x100)

I (1195) wifi:new:<11,0>, old:<11,0>, ap:<255,255>, sta:<11,0>, prof:6, snd_ch_cfg:0x0

W (1195) WIFI_MGR: Disconnected from AP (reason: 202)

I (1195) WIFI_MGR: Retrying connection (1/5)...

W (3615) WIFI_MGR: Disconnected from AP (reason: 205)

I (3615) WIFI_MGR: Retrying connection (2/5)...

I (3655) wifi:new:<11,0>, old:<11,0>, ap:<255,255>, sta:<11,0>, prof:6, snd_ch_cfg:0x0

I (3655) wifi:state: init -> auth (0xb0)

I (3755) wifi:state: auth -> assoc (0x0)

I (3835) wifi:state: assoc -> run (0x10)

I (4155) wifi:connected with Cudy-308D, aid = 1, channel 11, BW20, bssid = 80:af:ca:c4:30:8d

I (4155) wifi:security: WPA2-PSK, phy: bgn, rssi: -65

I (4155) wifi:pm start, type: 1



I (4155) wifi:dp: 1, bi: 102400, li: 3, scale listen interval from 307200 us to 307200 us

I (4165) WIFI_MGR: Connected to AP: Cudy-308D (channel 11)

I (4175) wifi:AP's beacon interval = 102400 us, DTIM period = 3

I (5495) esp_netif_handlers: sta ip: 192.168.10.72, mask: 255.255.255.0, gw: 192.168.10.1

I (5495) WIFI_MGR: Got IP address: 192.168.10.72

I (5495) WIFI_MGR: Gateway: 192.168.10.1

I (5495) WIFI_MGR: Netmask: 255.255.255.0

I (5505) WIFI_MGR: в Connected to WiFi successfully

I (5505) MAIN: в•ђвввв•ђвввв•ђвввв•ђввввввввввв•ђвввв•ђвввв•ђвввв•ђ

I (5515) MAIN:   WiFi Connected Successfully!

I (5515) MAIN:   IP Address: 192.168.10.72

I (5525) MAIN:   Gateway: 192.168.10.1

I (5525) MAIN:   Netmask: 255.255.255.0

I (5535) MAIN:   Signal Strength: -67 dBm

I (5535) MAIN:   Signal Quality: Fair

I (5535) MAIN: ввввввввв•ђвввв•ђвввв•ђвввв•ђввввввввввв•ђвввв•ђ



I (5555) SETTINGS_STORAGE: Loaded MQTT config: 192.168.10.200:1883

I (5555) MAIN: Initializing SNTP time synchronization (server: 192.168.10.200)...

I (5565) TIME_SYNC: Initializing time sync with NTP server: 192.168.10.200

I (5565) TIME_SYNC: Timezone set: CET-1CEST,M3.5.0,M10.5.0/3

I (5575) TIME_SYNC: NVS time loaded: last_unix_s=1778530264, last_uptime_ms=12210 -> TIME_QUALITY_ESTIMATED

I (5585) TIME_SYNC: SNTP client started (server=192.168.10.200, mode=POLL)

I (5585) TIME_SYNC: Initial time quality: ESTIMATED

I (5595) TIME_SYNC: Waiting up to 5000 ms for SNTP sync...

I (6335) wifi:<ba-add>idx:0 (ifx:0, 80:af:ca:c4:30:8d), tid:6, ssn:1, winSize:64

W (10595) TIME_SYNC: SNTP sync timeout в continuing with quality=ESTIMATED

I (10595) MAIN: Time sync complete. Quality: ESTIMATED

I (10595) MAIN: Initializing MQTT client...

I (10595) MQTT_CLIENT: Initializing MQTT client...

I (10605) MQTT_CLIENT: Device MAC: 00:70:07:25:15:00

I (10605) MQTT_CLIENT:   в Device MAC initialized: 00:70:07:25:15:00

I (10615) MQTT_CLIENT:   в Event group created

I (10615) SETTINGS_STORAGE: Loaded MQTT config: 192.168.10.200:1883

I (10625) MQTT_CLIENT:   в Loaded broker config: mqtt://192.168.10.200:1883

I (10625) MQTT_CLIENT:   в MQTT configuration created

I (10635) MQTT_CLIENT:     Broker: mqtt://192.168.10.200:1883

I (10635) MQTT_CLIENT:     Client ID: 00:70:07:25:15:00

I (10645) MQTT_CLIENT:     LWT Topic: attendance/lighthouse/00:70:07:25:15:00/status

I (10655) MQTT_CLIENT:   в MQTT client initialized

I (10655) MQTT_CLIENT:   в Event handler registered

I (10665) MQTT_CLIENT: Connecting to MQTT broker...

I (10665) MQTT_CLIENT:   в MQTT client started

I (10665) MQTT_CLIENT: Scan batch interval: 150 ms

I (10675) MQTT_CLIENT: MQTT client initialized successfully

I (10675) MQTT_CLIENT: Waiting for connection to broker...

E (15675) esp-tls: [sock=54] select() timeout

E (15675) transport_base: Failed to open a new connection: 32774

E (15675) mqtt_client: Error transport connect

E (15675) MQTT_CLIENT: MQTT Error occurred

E (15675) MQTT_CLIENT: TCP transport error

W (15685) MQTT_CLIENT: Disconnected from MQTT broker

W (20685) MQTT_CLIENT: в MQTT connection timeout

W (20685) MAIN: MQTT connection timeout

W (20685) MAIN: Broker will auto-reconnect when available

W (20685) MAIN: Continuing without MQTT...



I (20685) MAIN: Initializing offline event logger...

I (20695) OFFLINE_LOGGER: Initializing offline event logger...

I (20705) OFFLINE_LOGGER: LittleFS partition mounted at /offline_events

I (20715) OFFLINE_LOGGER: Partition size: 2048 KB, used: 256 KB (87% free)

I (20725) OFFLINE_LOGGER: Events file opened: /offline_events/events.bin

I (20725) OFFLINE_LOGGER: Pointers restored from NVS after power loss: write=88, read=73

I (20725) OFFLINE_LOGGER: Seq counter restored from NVS: 783

I (20735) OFFLINE_LOGGER: Logging task started

I (20735) OFFLINE_LOGGER: вв•ђввввввввввв•ђвввв•ђвввв•ђвввв•ђввввввввввв•ђ

I (20745) OFFLINE_LOGGER:   Offline Event Logger Ready!

I (20755) OFFLINE_LOGGER:   Max capacity: 43690 events

I (20755) OFFLINE_LOGGER:   Pending events: 15

I (20765) OFFLINE_LOGGER: вввввввввв•ђвввв•ђвввв•ђвввв•ђввввввввввв•ђввв



I (20775) RFID: Initializing RFID reader...

I (20775) RFID: Power control configured on GPIO5 (initial: OFF)

I (20785) RFID: Power sense configured on GPIO18

I (20785) RFID: RX task started (real-time inventory mode)

I (20795) RFID: Health check task started (interval=60000 ms)

I (20795) RFID: RFID reader initialized (UART2, TX=17, RX=16, Baud=115200)

I (20805) RFID: Powering ON RFID reader (GPIO5 HIGH)...

I (20905) RFID: Performing startup handshake...

I (21685) MQTT_CLIENT: Connecting to MQTT broker...

I (22445) RFID: Firmware version: 129.3

I (22445) RFID: в Reader handshake successful - firmware v129.3

I (22445) RFID: Correctly performed version handshake

I (23495) RFID: Beeper mode set to 0x00 (persisted to flash)

I (23495) RFID: Correctly set beeper mode

I (23495) RFID: Powering OFF RFID reader (GPIO5 LOW)...

I (23495) RFID: в Reader powered OFF (sleep mode <100ВA)

I (23595) MAIN: Powering ON RFID reader for initial configuration...

I (23595) RFID: Powering ON RFID reader (GPIO5 HIGH)...

I (24095) MAIN: Resetting RFID reader...

I (24095) RFID: Resetting reader module...

I (24095) RFID: Reset sent (module will beep and restart)

I (26095) MAIN: Configuring reader for maximum range...

E (26695) esp-tls: [sock=54] select() timeout

E (26695) transport_base: Failed to open a new connection: 32774

E (26695) mqtt_client: Error transport connect

E (26695) MQTT_CLIENT: MQTT Error occurred

E (26695) MQTT_CLIENT: TCP transport error

W (26705) MQTT_CLIENT: Disconnected from MQTT broker

I (27125) RFID: Power confirmed at 25 dBm

I (27125) MAIN:   в Power set to 25 dBm

I (27325) RFID: Set frequency region=0x01, range=0x07-0x3B

I (27325) MAIN:   в Frequency set to FCC (902-928 MHz)

I (27525) MAIN: Powering OFF RFID reader until scanning requested...

I (27525) RFID: Powering OFF RFID reader (GPIO5 LOW)...

I (27525) RFID: в Reader powered OFF (sleep mode <100ВA)

I (27525) MAIN: Configuration complete!



I (27525) MAIN: System ready!

I (27535) MAIN:   Press BUTTON1 to start/stop scanning

I (27535) MAIN:   Press BUTTON2 to show statistics

I (27545) MAIN:   RFID power control on GPIO5, sense on GPIO22



I (27545) MAIN: Main task started

I (27555) main_task: Returned from app_main()

I (32595) BATTERY_MONITOR: Battery: 3967mV (77%), USB: absent, Health: 3

I (32705) MQTT_CLIENT: Connecting to MQTT broker...

I (37645) BATTERY_MONITOR: Battery: 3967mV (77%), USB: absent, Health: 3

E (37715) esp-tls: [sock=54] select() timeout

E (37715) transport_base: Failed to open a new connection: 32774

E (37715) mqtt_client: Error transport connect

E (37715) MQTT_CLIENT: MQTT Error occurred

E (37715) MQTT_CLIENT: TCP transport error

W (37725) MQTT_CLIENT: Disconnected from MQTT broker

I (41405) wifi:<ba-add>idx:1 (ifx:0, 80:af:ca:c4:30:8d), tid:0, ssn:6, winSize:64

I (42695) BATTERY_MONITOR: Battery: 3939mV (74%), USB: absent, Health: 3

I (43725) MQTT_CLIENT: Connecting to MQTT broker...

I (43845) MQTT_CLIENT: в Connected to MQTT broker

I (43845) MQTT_CLIENT: Published online status to attendance/lighthouse/00:70:07:25:15:00/status

I (43845) MQTT_CLIENT: Subscribed to ACK topic: attendance/lighthouse/00:70:07:25:15:00/ack

I (43855) MQTT_CLIENT: в•ђвввв•ђввввввв•ђвввв•ђвввв•ђвввв•ђввввввввввв•ђв

I (43865) MQTT_CLIENT:   Network Restored!

I (43865) MQTT_CLIENT:   Found 15 offline events to replay

I (43875) MQTT_CLIENT: вввввв•ђвввв•ђвввв•ђвввв•ђввввввввввв•ђвввв•ђввв

I (43885) OFFLINE_LOGGER: Starting replay of 15 events...

I (43895) MQTT_CLIENT: Offline event replay initiated

I (43895) OFFLINE_LOGGER: Replay task started (grace period: 5 seconds)

I (43905) OFFLINE_LOGGER: Waiting 5 seconds before starting replay...

I (43915) MQTT_CLIENT: Subscription acknowledged (msg_id=12643)

I (47745) BATTERY_MONITOR: Battery: 3965mV (77%), USB: absent, Health: 3

I (48905) OFFLINE_LOGGER: Starting event replay...

I (48905) MQTT_CLIENT: Published sync/start: 15 events

I (48905) MQTT_CLIENT: Replaying offline event: EPC=E280... (detected @ 194468 ms, rtc_s=1778530446, quality=2)

I (48915) MQTT_CLIENT: Replayed offline event: E28011704000021D53DAB0CB timeBasis=synced ts=1778530446000 (msg_id=34763)

I (48925) OFFLINE_LOGGER: Replayed event seqNo=768 (1/15)

I (48935) MQTT_CLIENT: Replaying offline event: EPC=E280... (detected @ 199568 ms, rtc_s=1778530451, quality=2)

I (48935) MQTT_CLIENT: Replayed offline event: E28011704000021D53DAB0CB timeBasis=synced ts=1778530451000 (msg_id=29980)

I (48945) OFFLINE_LOGGER: Replayed event seqNo=769 (2/15)

I (48965) MQTT_CLIENT: Replaying offline event: EPC=E280... (detected @ 204583 ms, rtc_s=1778530456, quality=2)

I (48965) MQTT_CLIENT: Replayed offline event: E28011704000021D53DAB0CB timeBasis=synced ts=1778530456000 (msg_id=3209)

I (48975) OFFLINE_LOGGER: Replayed event seqNo=770 (3/15)

I (48985) MQTT_CLIENT: Replaying offline event: EPC=E280... (detected @ 209313 ms, rtc_s=1778530461, quality=2)

I (48985) MQTT_CLIENT: Replayed offline event: E28011704000021D53DAB0CB timeBasis=synced ts=1778530461000 (msg_id=43400)

I (48995) OFFLINE_LOGGER: Replayed event seqNo=771 (4/15)

I (49015) MQTT_CLIENT: Replaying offline event: EPC=E280... (detected @ 213963 ms, rtc_s=1778530466, quality=2)

I (49015) MQTT_CLIENT: Replayed offline event: E28011704000021D53DAB0CB timeBasis=synced ts=1778530466000 (msg_id=14457)

I (49025) OFFLINE_LOGGER: Replayed event seqNo=772 (5/15)

I (49035) MQTT_CLIENT: Replaying offline event: EPC=E280... (detected @ 218923 ms, rtc_s=1778530471, quality=2)

I (49045) MQTT_CLIENT: Replayed offline event: E28011704000021D53DAB0CB timeBasis=synced ts=1778530471000 (msg_id=21889)

I (49045) OFFLINE_LOGGER: Replayed event seqNo=773 (6/15)

I (49065) MQTT_CLIENT: Replaying offline event: EPC=E280... (detected @ 223883 ms, rtc_s=1778530476, quality=2)

I (49065) MQTT_CLIENT: Replayed offline event: E28011704000021D53DAB0CB timeBasis=synced ts=1778530476000 (msg_id=3067)

I (49075) OFFLINE_LOGGER: Replayed event seqNo=774 (7/15)

I (49095) MQTT_CLIENT: Replaying offline event: EPC=E280... (detected @ 228843 ms, rtc_s=1778530481, quality=2)

I (49095) MQTT_CLIENT: Replayed offline event: E28011704000021D53DAB0CB timeBasis=synced ts=1778530481000 (msg_id=59182)

I (49105) OFFLINE_LOGGER: Replayed event seqNo=775 (8/15)

I (49115) MQTT_CLIENT: Replaying offline event: EPC=E280... (detected @ 233862 ms, rtc_s=1778530486, quality=2)

I (49115) MQTT_CLIENT: Replayed offline event: E28011704000021D53DAB0CB timeBasis=synced ts=1778530486000 (msg_id=26927)

I (49125) OFFLINE_LOGGER: Replayed event seqNo=776 (9/15)

I (49145) MQTT_CLIENT: Replaying offline event: EPC=E280... (detected @ 238823 ms, rtc_s=1778530491, quality=2)

I (49145) MQTT_CLIENT: Replayed offline event: E28011704000021D53DAB0CB timeBasis=synced ts=1778530491000 (msg_id=46805)

I (49155) OFFLINE_LOGGER: Replayed event seqNo=777 (10/15)

I (49165) MQTT_CLIENT: Replaying offline event: EPC=E280... (detected @ 243563 ms, rtc_s=1778530495, quality=2)

I (49165) MQTT_CLIENT: Replayed offline event: E28011704000021D53DAB0CB timeBasis=synced ts=1778530495000 (msg_id=14751)

I (49175) OFFLINE_LOGGER: Replayed event seqNo=778 (11/15)

I (49195) MQTT_CLIENT: Replaying offline event: EPC=E280... (detected @ 248203 ms, rtc_s=1778530500, quality=2)

I (49195) MQTT_CLIENT: Replayed offline event: E28011704000021D53DAB0CB timeBasis=synced ts=1778530500000 (msg_id=20263)

I (49205) OFFLINE_LOGGER: Replayed event seqNo=779 (12/15)

I (49215) MQTT_CLIENT: Replaying offline event: EPC=E280... (detected @ 253174 ms, rtc_s=1778530505, quality=2)

I (49215) MQTT_CLIENT: Replayed offline event: E28011704000021D53DAB0CB timeBasis=synced ts=1778530505000 (msg_id=4001)

I (49225) OFFLINE_LOGGER: Replayed event seqNo=780 (13/15)

I (49245) MQTT_CLIENT: Replaying offline event: EPC=E280... (detected @ 258143 ms, rtc_s=1778530510, quality=2)

I (49245) MQTT_CLIENT: Replayed offline event: E28011704000021D53DAB0CB timeBasis=synced ts=1778530510000 (msg_id=40838)

I (49255) OFFLINE_LOGGER: Replayed event seqNo=781 (14/15)

I (49265) MQTT_CLIENT: Replaying offline event: EPC=E280... (detected @ 263033 ms, rtc_s=1778530515, quality=2)

I (49265) MQTT_CLIENT: Replayed offline event: E28011704000021D53DAB0CB timeBasis=synced ts=1778530515000 (msg_id=12437)

I (49275) OFFLINE_LOGGER: Replayed event seqNo=782 (15/15)

I (49295) OFFLINE_LOGGER: Replay complete! Replayed 15 events in 390 ms

I (50485) MQTT_CLIENT: Received message on topic: attendance/lighthouse/00:70:07:25:15:00/ack

I (50485) MQTT_CLIENT: Payload: {"ackedSeqNo":768,"ts":"2026-05-11T20:29:03.185Z"}

I (50495) MQTT_CLIENT: Received ACK for seqNo 768

I (50545) OFFLINE_LOGGER: ACK seqNo=768: advanced 1 entries, 14 remaining

I (50965) MQTT_CLIENT: Received message on topic: attendance/lighthouse/00:70:07:25:15:00/ack

I (50965) MQTT_CLIENT: Payload: {"ackedSeqNo":769,"ts":"2026-05-11T20:29:03.764Z"}

I (50975) MQTT_CLIENT: Received ACK for seqNo 769

I (50985) MQTT_CLIENT: Received message on topic: attendance/lighthouse/00:70:07:25:15:00/ack

I (50995) MQTT_CLIENT: Payload: {"ackedSeqNo":770,"ts":"2026-05-11T20:29:04.215Z"}

I (50995) MQTT_CLIENT: Received ACK for seqNo 770

I (51005) OFFLINE_LOGGER: ACK seqNo=769: advanced 1 entries, 13 remaining

I (51005) OFFLINE_LOGGER: ACK seqNo=770: advanced 1 entries, 12 remaining

I (51015) MQTT_CLIENT: Received message on topic: attendance/lighthouse/00:70:07:25:15:00/ack

I (51025) MQTT_CLIENT: Payload: {"ackedSeqNo":771,"ts":"2026-05-11T20:29:04.219Z"}

I (51025) MQTT_CLIENT: Received ACK for seqNo 771

I (51075) OFFLINE_LOGGER: ACK seqNo=771: advanced 1 entries, 11 remaining

I (51975) MQTT_CLIENT: Received message on topic: attendance/lighthouse/00:70:07:25:15:00/ack

I (51975) MQTT_CLIENT: Payload: {"ackedSeqNo":772,"ts":"2026-05-11T20:29:04.507Z"}

I (51975) MQTT_CLIENT: Received ACK for seqNo 772

I (51995) MQTT_CLIENT: Received message on topic: attendance/lighthouse/00:70:07:25:15:00/ack

I (51995) MQTT_CLIENT: Payload: {"ackedSeqNo":773,"ts":"2026-05-11T20:29:04.510Z"}

I (51995) MQTT_CLIENT: Received ACK for seqNo 773

I (52015) MQTT_CLIENT: Received message on topic: attendance/lighthouse/00:70:07:25:15:00/ack

I (52015) MQTT_CLIENT: Payload: {"ackedSeqNo":775,"ts":"2026-05-11T20:29:04.525Z"}

I (52025) MQTT_CLIENT: Received ACK for seqNo 775

I (52035) MQTT_CLIENT: Received message on topic: attendance/lighthouse/00:70:07:25:15:00/ack

I (52035) OFFLINE_LOGGER: ACK seqNo=772: advanced 1 entries, 10 remaining

I (52035) MQTT_CLIENT: Payload: {"ackedSeqNo":774,"ts":"2026-05-11T20:29:04.526Z"}

I (52045) OFFLINE_LOGGER: ACK seqNo=773: advanced 1 entries, 9 remaining

I (52045) MQTT_CLIENT: Received ACK for seqNo 774

I (52065) OFFLINE_LOGGER: ACK seqNo=775: advanced 2 entries, 7 remaining

I (52065) OFFLINE_LOGGER: ACK seqNo=774: advanced 0 entries, 7 remaining

I (52065) MQTT_CLIENT: Received message on topic: attendance/lighthouse/00:70:07:25:15:00/ack

I (52075) MQTT_CLIENT: Payload: {"ackedSeqNo":776,"ts":"2026-05-11T20:29:04.527Z"}

I (52085) MQTT_CLIENT: Received ACK for seqNo 776

I (52105) MQTT_CLIENT: Received message on topic: attendance/lighthouse/00:70:07:25:15:00/ack

I (52105) MQTT_CLIENT: Payload: {"ackedSeqNo":777,"ts":"2026-05-11T20:29:05.208Z"}

I (52105) MQTT_CLIENT: Received ACK for seqNo 777

I (52135) OFFLINE_LOGGER: ACK seqNo=776: advanced 1 entries, 6 remaining

I (52135) OFFLINE_LOGGER: ACK seqNo=777: advanced 1 entries, 5 remaining

I (52135) MQTT_CLIENT: Received message on topic: attendance/lighthouse/00:70:07:25:15:00/ack

I (52145) MQTT_CLIENT: Payload: {"ackedSeqNo":779,"ts":"2026-05-11T20:29:05.250Z"}

I (52145) MQTT_CLIENT: Received ACK for seqNo 779

I (52195) OFFLINE_LOGGER: ACK seqNo=779: advanced 2 entries, 3 remaining

I (52795) BATTERY_MONITOR: Battery: 3960mV (76%), USB: absent, Health: 3

I (53685) MQTT_CLIENT: Received message on topic: attendance/lighthouse/00:70:07:25:15:00/ack

I (53685) MQTT_CLIENT: Payload: {"ackedSeqNo":781,"ts":"2026-05-11T20:29:05.251Z"}

I (53695) MQTT_CLIENT: Received ACK for seqNo 781

I (53705) MQTT_CLIENT: Received message on topic: attendance/lighthouse/00:70:07:25:15:00/ack

I (53705) MQTT_CLIENT: Payload: {"ackedSeqNo":778,"ts":"2026-05-11T20:29:05.251Z"}

I (53715) MQTT_CLIENT: Received ACK for seqNo 778

I (53725) MQTT_CLIENT: Received message on topic: attendance/lighthouse/00:70:07:25:15:00/ack

I (53725) MQTT_CLIENT: Payload: {"ackedSeqNo":780,"ts":"2026-05-11T20:29:05.251Z"}

I (53735) MQTT_CLIENT: Received ACK for seqNo 780

I (53745) MQTT_CLIENT: Received message on topic: attendance/lighthouse/00:70:07:25:15:00/ack

I (53755) MQTT_CLIENT: Payload: {"ackedSeqNo":782,"ts":"2026-05-11T20:29:05.260Z"}

I (53755) OFFLINE_LOGGER: ACK seqNo=781: advanced 2 entries, 1 remaining

I (53755) MQTT_CLIENT: Received ACK for seqNo 782

I (53765) OFFLINE_LOGGER: ACK seqNo=778: advanced 0 entries, 1 remaining

I (53775) OFFLINE_LOGGER: ACK seqNo=780: advanced 0 entries, 1 remaining

I (53775) MQTT_CLIENT: Received message on topic: attendance/lighthouse/00:70:07:25:15:00/ack

I (53785) MQTT_CLIENT: Payload: {"ackedSeqNo":777,"ts":"2026-05-11T20:29:05.269Z"}

I (53795) OFFLINE_LOGGER: ACK seqNo=782: advanced 1 entries, 0 remaining

I (53795) MQTT_CLIENT: Received ACK for seqNo 777

I (53815) MQTT_CLIENT: Published sync/complete (replay-task safety path)

I (53815) OFFLINE_LOGGER: ACK seqNo=777: advanced 0 entries, 0 remaining

I (53815) MQTT_CLIENT: Received message on topic: attendance/lighthouse/00:70:07:25:15:00/ack

I (53825) MQTT_CLIENT: Payload: {"ackedSeqNo":782,"ts":"2026-05-11T20:29:06.484Z"}

I (53835) MQTT_CLIENT: Received ACK for seqNo 782

I (53865) OFFLINE_LOGGER: ACK seqNo=782: advanced 0 entries, 0 remaining

I (57855) BATTERY_MONITOR: Battery: 3934mV (74%), USB: absent, Health: 3

I (62905) BATTERY_MONITOR: Battery: 3960mV (76%), USB: absent, Health: 3

I (67955) BATTERY_MONITOR: Battery: 3961mV (77%), USB: absent, Health: 3

I (73015) BATTERY_MONITOR: Battery: 3960mV (76%), USB: absent, Health: 3

I (78065) BATTERY_MONITOR: Battery: 3958mV (76%), USB: absent, Health: 3

I (80795) RFID: Reader unpowered, powering on to perform handshake

I (80795) RFID: Powering ON RFID reader (GPIO5 HIGH)...

I (81975) RFID: Firmware version: 129.3

I (81975) RFID: вњ“ Reader handshake successful - firmware v129.3

I (81975) RFID: Powering off after standalone handshake

I (81975) RFID: Powering OFF RFID reader (GPIO5 LOW)...

I (81975) RFID: в Reader powered OFF (sleep mode <100ВµA)

I (83125) BATTERY_MONITOR: Battery: 3958mV (76%), USB: absent, Health: 3

I (88185) BATTERY_MONITOR: Battery: 3965mV (77%), USB: absent, Health: 3

I (93245) BATTERY_MONITOR: Battery: 3958mV (76%), USB: absent, Health: 3

I (98305) BATTERY_MONITOR: Battery: 3958mV (76%), USB: absent, Health: 3

I (103355) BATTERY_MONITOR: Battery: 3965mV (77%), USB: absent, Health: 3

I (108405) BATTERY_MONITOR: Battery: 3958mV (76%), USB: absent, Health: 3

I (113465) BATTERY_MONITOR: Battery: 3932mV (74%), USB: absent, Health: 3

I (118515) BATTERY_MONITOR: Battery: 3965mV (77%), USB: absent, Health: 3

I (123565) BATTERY_MONITOR: Battery: 3958mV (76%), USB: absent, Health: 3

I (128615) BATTERY_MONITOR: Battery: 3958mV (76%), USB: absent, Health: 3

I (133675) BATTERY_MONITOR: Battery: 3965mV (77%), USB: absent, Health: 3

I (138735) BATTERY_MONITOR: Battery: 3934mV (74%), USB: absent, Health: 3

I (141985) RFID: Reader unpowered, powering on to perform handshake

I (141985) RFID: Powering ON RFID reader (GPIO5 HIGH)...

 (143165) RFID: Firmware version: 129.3

I (143165) RFID: в Reader handshake successful - firmware v129.3

I (143165) RFID: Powering off after standalone handshake

I (143165) RFID: Powering OFF RFID reader (GPIO5 LOW)...

I (143165) RFID: в Reader powered OFF (sleep mode <100ВA)

I (143785) BATTERY_MONITOR: Battery: 3963mV (77%), USB: absent, Health: 3

I (148845) BATTERY_MONITOR: Battery: 3958mV (76%), USB: absent, Health: 3

I (153895) BATTERY_MONITOR: Battery: 3963mV (77%), USB: absent, Health: 3

I (154585) IO_CTRL: Attempting to start RFID scan...

I (154585) IO_CTRL: Powering ON RFID reader...

I (154585) RFID: Powering ON RFID reader (GPIO5 HIGH)...

I (155085) IO_CTRL: Performing reader handshake...

I (156095) RFID: Firmware version: 129.3

I (156095) RFID: в Reader handshake successful - firmware v129.3

I (156095) IO_CTRL: в Reader handshake successful

I (156095) RFID: Real-time inventory started (interval=10 ms between rounds)

I (156105) IO_CTRL: в RFID scanning active

I (156785) MAIN: вввв•ђввввввввввв•ђвввв•ђвввв•ђвввв•ђввввввв

I (156785) MAIN:   TAG DETECTED!

I (156785) MAIN:   EPC (12 bytes):

    E2 80 11 70 40 00 02 1D 53 DA B0 CB 

I (156795) MAIN:   PC: 34 00

I (156795) MAIN:   RSSI: -86 dBm (raw: 43)

I (156805) MAIN:   Antenna: 0

I (156805) MAIN:   Frequency: 53

I (156805) MAIN:   Time: 156150 ms

I (156815) MAIN: вв•ђвввв•ђвввв•ђввввввввввв•ђвввв•ђвввв•ђвввв•ђв



I (156825) MAIN:   в Tag event enqueued to MQTT (cached offline: yes)

I (156835) RFID: в Valid tag: EPC_len=12, RSSI=43 (-86 dBm), Ant=0

I (156835) MAIN: вв•ђввввввввввв•ђвввв•ђвввв•ђв•ђввв•ђвввв•ђвввв•ђв

I (156885) MAIN:   TAG DETECTED!

I (156885) MAIN:   EPC (12 bytes):

    E2 80 11 70 40 00 02 1D 53 DA B0 CB 

I (156885) MAIN:   PC: 34 00

I (156885) MAIN:   RSSI: -83 dBm (raw: 46)

I (156885) MAIN:   Antenna: 0

I (156895) MAIN:   Frequency: 25

I (156895) MAIN:   Time: 156200 ms

I (156905) MAIN: вввв•ђвввв•ђвввв•ђвввв•ђвввв•ђввввввв•ђвввв•ђввв



I (156905) MAIN:   вњ“ Tag event enqueued to MQTT (cached offline: yes)

I (156915) RFID: в Valid tag: EPC_len=12, RSSI=46 (-83 dBm), Ant=0

I (156925) MQTT_CLIENT: Published tag event batch: 2 entries (msg_id=54734)

I (157155) MAIN: ввв•ђввввввввввв•ђвввв•ђвввв•ђвввв•ђвввввввв

I (157155) MAIN:   TAG DETECTED!

I (157155) MAIN:   EPC (12 bytes):

    E2 80 11 70 40 00 02 1D 53 DA B0 CB 

I (157165) MAIN:   PC: 34 00

I (157165) MAIN:   RSSI: -80 dBm (raw: 49)

I (157165) MAIN:   Antenna: 0

I (157165) MAIN:   Frequency: 45

I (157175) MAIN:   Time: 156520 ms

I (157175) MAIN: в•ђвввв•ђвввв•ђввввввввввв•ђвввв•ђвввв•ђвввв•ђвв



I (157195) MAIN:   в Tag event enqueued to MQTT (cached offline: yes)

I (157225) RFID: вњ“ Valid tag: EPC_len=12, RSSI=49 (-80 dBm), Ant=0

I (157235) MAIN: в•ђвввв•ђввввввввввввввв•ђвввв•ђвввв•ђвввв•ђвв

I (157235) MAIN:   TAG DETECTED!

I (157235) MQTT_CLIENT: Published tag event batch: 1 entries (msg_id=49613)

I (157245) MAIN:   EPC (12 bytes):

    E2 80 11 70 40 00 02 1D 53 DA B0 CB 

I (157255) MAIN:   PC: 34 00

I (157255) MAIN:   RSSI: -79 dBm (raw: 50)

I (157265) MAIN:   Antenna: 0

I (157265) MAIN:   Frequency: 29

I (157265) MAIN:   Time: 156600 ms

I (157275) MAIN: вввввввв•ђвввв•ђвввв•ђвввв•ђввввввввввв•ђввв



I (157285) MAIN:   вњ“ Tag event enqueued to MQTT (cached offline: yes)

I (157325) RFID: в Valid tag: EPC_len=12, RSSI=50 (-79 dBm), Ant=0

I (157325) MAIN: ввввввввв•ђвввв•ђвввв•ђвввв•ђввввввввввв•ђвв

I (157335) MAIN:   TAG DETECTED!

I (157335) MAIN:   EPC (12 bytes):

    E2 80 11 70 40 00 02 1D 53 DA B0 CB 

I (157345) MAIN:   PC: 34 00

I (157345) MAIN:   RSSI: -77 dBm (raw: 52)

I (157355) MAIN:   Antenna: 0

I (157355) MAIN:   Frequency: 59

I (157355) MAIN:   Time: 156690 ms

I (157355) MAIN: вввв•ђввввввввввв•ђвввв•ђвввв•ђвввв•ђввввввв



I (157365) MAIN:   в Tag event enqueued to MQTT (cached offline: yes)

I (157375) MQTT_CLIENT: Published tag event batch: 2 entries (msg_id=46281)

I (157385) RFID: вњ“ Valid tag: EPC_len=12, RSSI=52 (-77 dBm), Ant=0

I (157425) MAIN: ввввввв•ђвввв•ђвввв•ђвввв•ђввввввввввв•ђвввв•ђ

I (157425) MAIN:   TAG DETECTED!

I (157425) MAIN:   EPC (12 bytes):

    E2 80 11 70 40 00 02 1D 53 DA B0 CB 

I (157435) MAIN:   PC: 34 00

I (157435) MAIN:   RSSI: -76 dBm (raw: 53)

I (157445) MAIN:   Antenna: 0

I (157445) MAIN:   Frequency: 44

I (157445) MAIN:   Time: 156790 ms

I (157455) MAIN: вв•ђввввввввввв•ђвввв•ђвввв•ђвввв•ђвввв•ђввввв



I (157465) MAIN:   в Tag event enqueued to MQTT (cached offline: yes)

I (157465) RFID: в Valid tag: EPC_len=12, RSSI=53 (-76 dBm), Ant=0

I (157505) MAIN: ввввввввввв•ђвввв•ђвввв•ђвввв•ђввввввввввв•ђ

I (157515) MAIN:   TAG DETECTED!

I (157515) MAIN:   EPC (12 bytes):

    E2 80 11 70 40 00 02 1D 53 DA B0 CB 

I (157525) MAIN:   PC: 34 00

I (157525) MAIN:   RSSI: -77 dBm (raw: 52)

I (157525) MQTT_CLIENT: Published tag event batch: 1 entries (msg_id=3906)

I (157535) MAIN:   Antenna: 0

I (157535) MAIN:   Frequency: 33

I (157535) MAIN:   Time: 156870 ms

I (157545) MAIN: ввввввв•ђвввв•ђвввв•ђвввв•ђввввввввввв•ђвввв•ђ



I (157555) MAIN:   в Tag event enqueued to MQTT (cached offline: yes)

I (157555) RFID: в Valid tag: EPC_len=12, RSSI=52 (-77 dBm), Ant=0

I (157595) MAIN: вв•ђвввв•ђвввв•ђввввввввввв•ђвввв•ђвввв•ђвввв•ђв

I (157595) MAIN:   TAG DETECTED!

I (157605) MAIN:   EPC (12 bytes):

    E2 80 11 70 40 00 02 1D 53 DA B0 CB 

I (157605) MAIN:   PC: 34 00

I (157615) MAIN:   RSSI: -77 dBm (raw: 52)

I (157615) MAIN:   Antenna: 0

I (157625) MAIN:   Frequency: 46

I (157625) MAIN:   Time: 156960 ms

I (157625) MAIN: вввв•ђвввв•ђвввв•ђвввв•ђвввв•ђввввввввввв•ђввв



I (157635) MAIN:   вњ“ Tag event enqueued to MQTT (cached offline: yes)

I (157645) RFID: в Valid tag: EPC_len=12, RSSI=52 (-77 dBm), Ant=0

I (157695) MAIN: ввв•ђвввв•ђвввв•ђввввввввввв•ђвввв•ђвввв•ђвввв•ђ

I (157695) MAIN:   TAG DETECTED!

I (157695) MQTT_CLIENT: Published tag event batch: 2 entries (msg_id=44484)

I (157695) MAIN:   EPC (12 bytes):

    E2 80 11 70 40 00 02 1D 53 DA B0 CB 

I (157715) MAIN:   PC: 34 00

I (157715) MAIN:   RSSI: -79 dBm (raw: 50)

I (157715) MAIN:   Antenna: 0

I (157725) MAIN:   Frequency: 20

I (157725) MAIN:   Time: 157060 ms

I (157725) MAIN: ввв•ђввввввввввв•ђвввв•ђвввв•ђвввв•ђвввввввв



I (157735) MAIN:   в Tag event enqueued to MQTT (cached offline: yes)

I (157745) RFID: в Valid tag: EPC_len=12, RSSI=50 (-79 dBm), Ant=0

I (157785) MAIN: вввв•ђввввввввввв•ђвввв•ђвввв•ђвввв•ђввввввв

I (157785) MAIN:   TAG DETECTED!

I (157785) MAIN:   EPC (12 bytes):

    E2 80 11 70 40 00 02 1D 53 DA B0 CB 

I (157795) MAIN:   PC: 34 00

I (157795) MAIN:   RSSI: -80 dBm (raw: 49)

I (157805) MAIN:   Antenna: 0

I (157805) MAIN:   Frequency: 14

I (157805) MAIN:   Time: 157150 ms

I (157815) MAIN: вв•ђвввв•ђвввв•ђвввв•ђввввввв•ђвввв•ђвввв•ђвввв•ђв



I (157825) MAIN:   в Tag event enqueued to MQTT (cached offline: yes)

I (157825) MQTT_CLIENT: Published tag event batch: 2 entries (msg_id=39641)

I (157825) RFID: в Valid tag: EPC_len=12, RSSI=49 (-80 dBm), Ant=0

I (157875) MAIN: ввввв•ђвввв•ђвввв•ђвввв•ђввввввввввв•ђвввв•ђвв

I (157875) MAIN:   TAG DETECTED!

I (157875) MAIN:   EPC (12 bytes):

    E2 80 11 70 40 00 02 1D 53 DA B0 CB 

I (157885) MAIN:   PC: 34 00

I (157885) MAIN:   RSSI: -83 dBm (raw: 46)

I (157895) MAIN:   Antenna: 0

I (157895) MAIN:   Frequency: 27

I (157895) MAIN:   Time: 157240 ms

I (157905) MAIN: ввввввввввв•ђвввв•ђвввв•ђвввв•ђввввввввввв•ђ



I (157915) MAIN:   в Tag event enqueued to MQTT (cached offline: yes)

I (157915) RFID: в Valid tag: EPC_len=12, RSSI=46 (-83 dBm), Ant=0

I (157965) MAIN: в•ђвввв•ђвввв•ђвввв•ђввввввввввв•ђвввв•ђвввв•ђвв

I (157965) MAIN:   TAG DETECTED!

I (157965) MAIN:   EPC (12 bytes):

    E2 80 11 70 40 00 02 1D 53 DA B0 CB 

I (157975) MAIN:   PC: 34 00

I (157975) MQTT_CLIENT: Published tag event batch: 1 entries (msg_id=15429)

I (157975) MAIN:   RSSI: -75 dBm (raw: 54)

I (157985) MAIN:   Antenna: 0

I (157985) MAIN:   Frequency: 47

I (157985) MAIN:   Time: 157330 ms

I (157995) MAIN: в•ђвввв•ђввввввввввв•ђвв•ђвввв•ђвввв•ђвввв•ђвввв



I (158035) MAIN:   в Tag event enqueued to MQTT (cached offline: yes)

I (158035) RFID: в Valid tag: EPC_len=12, RSSI=54 (-75 dBm), Ant=0

I (158035) MAIN: вввввввввв•ђвввв•ђвввв•ђвввв•ђввввввввввв•ђв

I (158055) MAIN:   TAG DETECTED!

I (158055) MAIN:   EPC (12 bytes):

    E2 80 11 70 40 00 02 1D 53 DA B0 CB 

I (158055) MAIN:   PC: 34 00

I (158065) MAIN:   RSSI: -76 dBm (raw: 53)

I (158065) MAIN:   Antenna: 0

I (158065) MAIN:   Frequency: 36

I (158075) MAIN:   Time: 157400 ms

I (158075) MAIN: в•ђвввв•ђвввввввв•ђвввв•ђвввв•ђвввв•ђввввввввв



I (158115) MAIN:   в Tag event enqueued to MQTT (cached offline: yes)

I (158115) RFID: в Valid tag: EPC_len=12, RSSI=53 (-76 dBm), Ant=0

I (158125) MAIN: в•ђвввв•ђвввв•ђвввв•ђвввв•ђввввввввввв•ђвввв•ђвв

I (158125) MQTT_CLIENT: Published tag event batch: 2 entries (msg_id=39787)

I (158145) MAIN:   TAG DETECTED!

I (158145) MAIN:   EPC (12 bytes):

    E2 80 11 70 40 00 02 1D 53 DA B0 CB 

I (158155) MAIN:   PC: 34 00

I (158155) MAIN:   RSSI: -76 dBm (raw: 53)

I (158195) MAIN:   Antenna: 0

I (158195) MAIN:   Frequency: 9

I (158195) MAIN:   Time: 157490 ms

I (158195) MAIN: вв•ђвввв•ђвввв•ђввввввввввв•ђвввв•ђвввв•ђвввв•ђв



I (158205) MAIN:   в Tag event enqueued to MQTT (cached offline: yes)

I (158215) RFID: в Valid tag: EPC_len=12, RSSI=53 (-76 dBm), Ant=0

I (158215) MAIN: ввввввввввввв•ђвввв•ђвввв•ђвввв•ђввввввввв

I (158225) MAIN:   TAG DETECTED!

I (158235) MAIN:   EPC (12 bytes):

    E2 80 11 70 40 00 02 1D 53 DA B0 CB 

I (158235) MAIN:   PC: 34 00

I (158275) MAIN:   RSSI: -82 dBm (raw: 47)

I (158275) MAIN:   Antenna: 0

I (158275) MAIN:   Frequency: 57

I (158275) MAIN:   Time: 157580 ms

I (158275) MAIN: вв•ђвввв•ђвввв•ђввввввввввв•ђвввв•ђвввв•ђвввв•ђв



I (158275) MQTT_CLIENT: Published tag event batch: 1 entries (msg_id=22897)

I (158285) MAIN:   в Tag event enqueued to MQTT (cached offline: yes)

I (158305) RFID: в Valid tag: EPC_len=12, RSSI=47 (-82 dBm), Ant=0

I (158305) MAIN: ввв•ђвввв•ђввввввввввв•ђвввв•ђвввв•ђвввв•ђвввв

I (158315) MAIN:   TAG DETECTED!

I (158325) MAIN:   EPC (12 bytes):

    E2 80 11 70 40 00 02 1D 53 DA B0 CB 

I (158325) MAIN:   PC: 34 00

I (158335) MAIN:   RSSI: -80 dBm (raw: 49)

I (158365) MAIN:   Antenna: 0

I (158365) MAIN:   Frequency: 22

I (158365) MAIN:   Time: 157670 ms

I (158365) MAIN: вввв•ђввввввввввв•ђвввв•ђвввв•ђвввв•ђввввввв



I (158375) MAIN:   в Tag event enqueued to MQTT (cached offline: yes)

I (158385) RFID: в Valid tag: EPC_len=12, RSSI=49 (-80 dBm), Ant=0

I (158395) MAIN: ввввввв•ђвввв•ђвввв•ђвввв•ђввввввввввв•ђвввв•ђ

I (158405) MAIN:   TAG DETECTED!

I (158405) MAIN:   EPC (12 bytes):

    E2 80 11 70 40 00 02 1D 53 DA B0 CB 

I (158415) MAIN:   PC: 34 00

I (158415) MAIN:   RSSI: -77 dBm (raw: 52)

I (158415) MAIN:   Antenna: 0

I (158425) MAIN:   Frequency: 43

I (158425) MAIN:   Time: 157760 ms

I (158465) MQTT_CLIENT: Published tag event batch: 2 entries (msg_id=51771)

I (158465) MAIN: вввв•ђвввв•ђвввв•ђввввввввввввввв•ђвввв•ђввв



I (158475) MAIN:   вњ“ Tag event enqueued to MQTT (cached offline: yes)

I (158485) RFID: в Valid tag: EPC_len=12, RSSI=52 (-77 dBm), Ant=0

I (158485) MAIN: вввв•ђввввввввввввввв•ђвввв•ђвввв•ђвввв•ђввв

I (158495) MAIN:   TAG DETECTED!

I (158495) MAIN:   EPC (12 bytes):

    E2 80 11 70 40 00 02 1D 53 DA B0 CB 

I (158505) MAIN:   PC: 34 00

I (158545) MAIN:   RSSI: -77 dBm (raw: 52)

I (158545) MAIN:   Antenna: 0

I (158545) MAIN:   Frequency: 58

I (158545) MAIN:   Time: 157850 ms

I (158545) MAIN: вввв•ђвввв•ђвввв•ђвввв•ђввввввввввв•ђвввв•ђввв



I (158555) MAIN:   вњ“ Tag event enqueued to MQTT (cached offline: yes)

I (158565) RFID: в Valid tag: EPC_len=12, RSSI=52 (-77 dBm), Ant=0

I (158565) MAIN: вввв•ђвввв•ђввввввввввв•ђвввв•ђвввв•ђвввв•ђввв

I (158575) MQTT_CLIENT: Published tag event batch: 2 entries (msg_id=7506)

I (158585) MAIN:   TAG DETECTED!

I (158595) MAIN:   EPC (12 bytes):

    E2 80 11 70 40 00 02 1D 53 DA B0 CB 

I (158625) MAIN:   PC: 34 00

I (158625) MAIN:   RSSI: -76 dBm (raw: 53)

I (158625) MAIN:   Antenna: 0

I (158635) MAIN:   Frequency: 43

I (158635) MAIN:   Time: 157930 ms

I (158635) MAIN: вв•ђвввв•ђвввв•ђвввв•ђввввввввввв•ђвввв•ђвввв•ђв



I (158645) MAIN:   в Tag event enqueued to MQTT (cached offline: yes)

I (158655) RFID: в Valid tag: EPC_len=12, RSSI=53 (-76 dBm), Ant=0

I (158665) MAIN: вв•ђвввв•ђввввввввввв•ђвввв•ђвввв•ђвввв•ђввввв

I (158675) MAIN:   TAG DETECTED!

I (158705) MAIN:   EPC (12 bytes):

    E2 80 11 70 40 00 02 1D 53 DA B0 CB 

I (158705) MAIN:   PC: 34 00

I (158705) MAIN:   RSSI: -77 dBm (raw: 52)

I (158715) MAIN:   Antenna: 0

I (158715) MAIN:   Frequency: 17

I (158725) MAIN:   Time: 158030 ms

I (158725) MAIN: ввввввввв•ђвввв•ђвввв•ђвввв•ђвввв•ђввввввввв



I (158725) MQTT_CLIENT: Published tag event batch: 1 entries (msg_id=63560)

I (158735) MAIN:   в Tag event enqueued to MQTT (cached offline: yes)

I (158745) RFID: вњ“ Valid tag: EPC_len=12, RSSI=52 (-77 dBm), Ant=0

I (158785) MAIN: вв•ђвввв•ђвввв•ђввввввввввв•ђвввв•ђвввв•ђвввв•ђв

I (158785) MAIN:   TAG DETECTED!

I (158785) MAIN:   EPC (12 bytes):

    E2 80 11 70 40 00 02 1D 53 DA B0 CB 

I (158795) MAIN:   PC: 34 00

I (158795) MAIN:   RSSI: -77 dBm (raw: 52)

I (158805) MAIN:   Antenna: 0

I (158805) MAIN:   Frequency: 42

I (158805) MAIN:   Time: 158150 ms

I (158815) MAIN: вввввввв•ђвввв•ђвввв•ђвввв•ђввввввввввв•ђввв



I (158825) MAIN:   вњ“ Tag event enqueued to MQTT (cached offline: yes)

I (158825) RFID: в Valid tag: EPC_len=12, RSSI=52 (-77 dBm), Ant=0

I (158865) MAIN: в•ђвввв•ђвввв•ђвввв•ђввввввввввв•ђвввв•ђвввв•ђвв

I (158865) MAIN:   TAG DETECTED!

I (158875) MAIN:   EPC (12 bytes):

I (158875) MQTT_CLIENT: Published tag event batch: 2 entries (msg_id=40302)

    E2 80 11 70 40 00 02 1D 53 DA B0 CB 

I (158885) MAIN:   PC: 34 00

I (158895) MAIN:   RSSI: -77 dBm (raw: 52)

I (158895) MAIN:   Antenna: 0

I (158895) MAIN:   Frequency: 45

I (158895) MAIN:   Time: 158230 ms

I (158905) MAIN: в•ђвввв•ђввввввввввв•ђвввв•ђвввв•ђвввв•ђвввввв



I (158945) MAIN:   вњ“ Tag event enqueued to MQTT (cached offline: yes)

I (158945) RFID: в Valid tag: EPC_len=12, RSSI=52 (-77 dBm), Ant=0

I (158955) MAIN: ввввввввввв•ђвввв•ђвввв•ђвввв•ђввввввввввв•ђ

I (158965) MAIN:   TAG DETECTED!

I (158965) MAIN:   EPC (12 bytes):

    E2 80 11 70 40 00 02 1D 53 DA B0 CB 

I (158975) MAIN:   PC: 34 00

I (158975) MAIN:   RSSI: -79 dBm (raw: 50)

I (158975) MAIN:   Antenna: 0

I (158985) MAIN:   Frequency: 11

I (158985) MAIN:   Time: 158320 ms

I (158985) MAIN: вв•ђвввв•ђвввв•ђвввввввввввв•ђвввв•ђвввв•ђвввв•ђ



I (159025) MAIN:   в Tag event enqueued to MQTT (cached offline: yes)

I (159035) MQTT_CLIENT: Published tag event batch: 1 entries (msg_id=54049)

I (159035) RFID: в Valid tag: EPC_len=12, RSSI=50 (-79 dBm), Ant=0

W (159055) RFID: Round timeout в no completion packet after 2000ms, resetting

I (159115) MAIN: вввв•ђвввв•ђвввв•ђвввв•ђвввв•ђввввввввввв•ђввв

I (159115) MAIN:   TAG DETECTED!

I (159115) MAIN:   EPC (12 bytes):

    E2 80 11 70 40 00 02 1D 53 DA B0 CB 

I (159125) MAIN:   PC: 34 00

I (159125) MAIN:   RSSI: -83 dBm (raw: 46)

I (159135) MAIN:   Antenna: 0

I (159135) MAIN:   Frequency: 11

I (159135) MAIN:   Time: 158480 ms

I (159145) MAIN: ввв•ђввввввввввв•ђвввв•ђвввв•ђвввв•ђвввввввв



I (159155) MAIN:   в Tag event enqueued to MQTT (cached offline: yes)

I (159155) RFID: в Valid tag: EPC_len=12, RSSI=46 (-83 dBm), Ant=0

I (159205) MQTT_CLIENT: Published tag event batch: 2 entries (msg_id=30071)

W (161095) RFID: Round timeout в no completion packet after 2000ms, resetting

W (163165) RFID: Round timeout в no completion packet after 2000ms, resetting

W (165175) RFID: Round timeout в no completion packet after 2000ms, resetting

W (165915) BATTERY_MONITOR: Battery sample skipped - RFID reader still active after 2000 ms

I (167165) MAIN: ввв•ђвввв•ђвввв•ђввввввввввв•ђвввв•ђвввв•ђвввв•ђ

I (167165) MAIN:   TAG DETECTED!

I (167165) MAIN:   EPC (12 bytes):

    E2 80 11 70 40 00 02 1D 53 DA B0 CB 

I (167175) MAIN:   PC: 34 00

I (167175) MAIN:   RSSI: -67 dBm (raw: 62)

I (167175) MAIN:   Antenna: 0

I (167185) MAIN:   Frequency: 43

I (167185) MAIN:   Time: 166530 ms

I (167185) MAIN: ввввв•ђвввв•ђвввв•ђвввв•ђвввв•ђввввввввввв•ђвв



I (167195) MAIN:   в Tag event enqueued to MQTT (cached offline: yes)

I (167205) RFID: в Valid tag: EPC_len=12, RSSI=62 (-67 dBm), Ant=0

W (167245) RFID: Round timeout в no completion packet after 2000ms, resetting

I (167275) MQTT_CLIENT: Published tag event batch: 1 entries (msg_id=4696)

I (167355) MAIN: в•ђвввв•ђвввв•ђвввв•ђвввв•ђввввввввввв•ђвввв•ђвв

I (167355) MAIN:   TAG DETECTED!

I (167365) MAIN:   EPC (12 bytes):

    E2 80 11 70 40 00 02 1D 53 DA B0 CB 

I (167365) MAIN:   PC: 34 00

I (167365) MAIN:   RSSI: -65 dBm (raw: 64)

I (167375) MAIN:   Antenna: 0

I (167365) IO_CTRL: Stopping RFID scan (manual mode)

I (167375) MAIN:   Frequency: 49

I (167385) MAIN:   Time: 166720 ms

I (167385) MAIN: в•ђвввв•ђввввввввввв•ђвввв•ђвввв•ђвввв•ђввввв•ђв



I (167435) MAIN:   в Tag event enqueued to MQTT (cached offline: yes)

I (167435) RFID: в Valid tag: EPC_len=12, RSSI=64 (-65 dBm), Ant=0

I (167435) MAIN: вв•ђвввв•ђвввв•ђвввв•ђввввввввввв•ђвввв•ђвввв•ђв

I (167445) MQTT_CLIENT: Published tag event batch: 1 entries (msg_id=55093)

I (167445) MAIN:   TAG DETECTED!

I (167455) MAIN:   EPC (12 bytes):

    E2 80 11 70 40 00 02 1D 53 DA B0 CB 

I (167465) MAIN:   PC: 34 00

I (167465) MAIN:   RSSI: -67 dBm (raw: 62)

I (167475) MAIN:   Antenna: 0

I (167445) RFID: Stopping inventory...

I (167475) MAIN:   Frequency: 10

I (167475) MAIN:   Time: 166800 ms

I (167485) MAIN: вввв•ђвввв•ђввввввввввв•ђвввв•ђвввв•ђвввв•ђввв



I (167495) MAIN:   в Tag event enqueued to MQTT (cached offline: yes)

I (167495) RFID: в Valid tag: EPC_len=12, RSSI=62 (-67 dBm), Ant=0

I (167535) RFID: Inventory stopped

I (167535) RFID: Powering OFF RFID reader (GPIO5 LOW)...

I (167535) RFID: в Reader powered OFF (sleep mode <100ВA)

I (167575) MQTT_CLIENT: Published tag event batch: 1 entries (msg_id=24367)

W (169285) RFID: Round timeout вЂ” no completion packet after 2000ms, resetting

I (173255) BATTERY_MONITOR: Battery: 3947mV (75%), USB: absent, Health: 3

I (181195) BATTERY_MONITOR: Battery: 3921mV (73%), USB: absent, Health: 3

I (189015) BATTERY_MONITOR: Battery: 3947mV (75%), USB: absent, Health: 3

I (196795) BATTERY_MONITOR: Battery: 3923mV (73%), USB: absent, Health: 3

I (203195) RFID: Reader unpowered, powering on to perform handshake

I (203195) RFID: Powering ON RFID reader (GPIO5 HIGH)...

I (204395) RFID: Firmware version: 129.3

I (204405) RFID: в Reader handshake successful - firmware v129.3

I (204405) RFID: Powering off after standalone handshake

I (204405) RFID: Powering OFF RFID reader (GPIO5 LOW)...

I (204405) RFID: в Reader powered OFF (sleep mode <100ВA)

I (204485) BATTERY_MONITOR: Battery: 3936mV (74%), USB: absent, Health: 3

E (204975) mqtt_client: No PING_RESP, disconnected

W (204975) MQTT_CLIENT: Disconnected from MQTT broker

I (209005) MQTT_CLIENT: Connecting to MQTT broker...

I (211855) BATTERY_MONITOR: Battery: 3923mV (73%), USB: absent, Health: 3

E (214015) esp-tls: [sock=54] select() timeout

E (214015) transport_base: Failed to open a new connection: 32774

E (214015) mqtt_client: Error transport connect

E (214015) MQTT_CLIENT: MQTT Error occurred

E (214015) MQTT_CLIENT: TCP transport error

W (214025) MQTT_CLIENT: Disconnected from MQTT broker

I (218045) MQTT_CLIENT: Connecting to MQTT broker...

I (219555) BATTERY_MONITOR: Battery: 3925mV (73%), USB: absent, Health: 3

I (221135) IO_CTRL: Attempting to start RFID scan...

I (221165) IO_CTRL: Powering ON RFID reader...

I (221165) RFID: Powering ON RFID reader (GPIO5 HIGH)...

I (221665) IO_CTRL: Performing reader handshake...

I (222765) RFID: Firmware version: 129.3

I (222765) RFID: вњ“ Reader handshake successful - firmware v129.3

I (222765) IO_CTRL: в Reader handshake successful

I (222765) RFID: Real-time inventory started (interval=10 ms between rounds)

I (222775) IO_CTRL: в RFID scanning active

E (223085) esp-tls: [sock=54] select() timeout

E (223085) transport_base: Failed to open a new connection: 32774

E (223085) mqtt_client: Error transport connect

E (223095) MQTT_CLIENT: MQTT Error occurred

E (223095) MQTT_CLIENT: TCP transport error

W (223095) MQTT_CLIENT: Disconnected from MQTT broker

I (224835) MAIN: ввввввв•ђвввв•ђвввв•ђвввв•ђввввввввввв•ђвввв•ђ

I (224835) MAIN:   TAG DETECTED!

I (224835) MAIN:   EPC (12 bytes):

    E2 80 11 70 40 00 02 1D 53 DA B0 CB 

I (224845) MAIN:   PC: 34 00

I (224845) MAIN:   RSSI: -85 dBm (raw: 44)

I (224845) MAIN:   Antenna: 0

I (224855) MAIN:   Frequency: 33

I (224855) MAIN:   Time: 224200 ms

I (224855) MAIN: вв•ђввввввввввв•ђвввв•ђвввв•ђвввв•ђвввв•ђввввв



W (224905) MAIN:   в MQTT not connected - event cached offline (15 pending)

I (224905) RFID: вњ“ Valid tag: EPC_len=12, RSSI=44 (-85 dBm), Ant=0

W (224915) RFID: Round timeout в no completion packet after 2000ms, resetting

I (225315) MAIN: в•ђвввв•ђвввв•ђввввввввввв•ђвввв•ђвввв•ђвввввв

I (225315) MAIN:   TAG DETECTED!

I (225315) MAIN:   EPC (12 bytes):

    E2 80 11 70 40 00 02 1D 53 DA B0 CB 

I (225325) MAIN:   PC: 34 00

I (225325) MAIN:   RSSI: -85 dBm (raw: 44)

I (225325) MAIN:   Antenna: 0

I (225325) MAIN:   Frequency: 50

I (225335) MAIN:   Time: 224680 ms

I (225335) MAIN: ввв•ђвввв•ђвввв•ђвввв•ђввввввввввв•ђвввв•ђвввв•ђ



W (225345) MAIN:   в MQTT not connected - event cached offline (15 pending)

I (225385) RFID: в Valid tag: EPC_len=12, RSSI=44 (-85 dBm), Ant=0

I (225385) MAIN: ввввввввввв•ђвввв•ђвввв•ђвввв•ђвввв•ђввввввв•ђ

I (225395) MAIN:   TAG DETECTED!

I (225395) MAIN:   EPC (12 bytes):

    E2 80 11 70 40 00 02 1D 53 DA B0 CB 

I (225405) MAIN:   PC: 34 00

I (225405) MAIN:   RSSI: -89 dBm (raw: 40)

I (225405) MAIN:   Antenna: 0

I (225415) MAIN:   Frequency: 41

I (225415) MAIN:   Time: 224750 ms

I (225415) MAIN: вв•ђвввв•ђвввв•ђввввввввввв•ђвввв•ђвввв•ђввв•ђвв



W (225425) MAIN:   в MQTT not connected - event cached offline (15 pending)

I (225465) RFID: в Valid tag: EPC_len=12, RSSI=40 (-89 dBm), Ant=0

I (225465) MAIN: ввв•ђввввввввввв•ђвввв•ђвввв•ђвввв•ђвввввввв

I (225475) MAIN:   TAG DETECTED!

I (225485) MAIN:   EPC (12 bytes):

    E2 80 11 70 40 00 02 1D 53 DA B0 CB 

I (225485) MAIN:   PC: 34 00

I (225485) MAIN:   RSSI: -79 dBm (raw: 50)

I (225495) MAIN:   Antenna: 0

I (225495) MAIN:   Frequency: 45

I (225495) MAIN:   Time: 224830 ms

I (225505) MAIN: в•ђвввв•ђвввв•ђввввввввввв•ђвввв•ђвввв•ђвввв•ђвв



W (225545) MAIN:   в MQTT not connected - event cached offline (15 pending)

I (225545) RFID: в Valid tag: EPC_len=12, RSSI=50 (-79 dBm), Ant=0

I (225545) MAIN: вввв•ђввввввввввв•ђвввв•ђвввв•ђвввв•ђвввв•ђввв

I (225565) MAIN:   TAG DETECTED!

I (225565) MAIN:   EPC (12 bytes):

    E2 80 11 70 40 00 02 1D 53 DA B0 CB 

I (225575) MAIN:   PC: 34 00

I (225575) MAIN:   RSSI: -82 dBm (raw: 47)

I (225575) MAIN:   Antenna: 0

I (225575) MAIN:   Frequency: 50

I (225585) MAIN:   Time: 224910 ms

I (225585) MAIN: вв•ђвввв•ђвв•ђввввввввввввввв•ђвввв•ђвввв•ђввв



W (225625) MAIN:   вљ  MQTT not connected - event cached offline (15 pending)

I (225625) RFID: в Valid tag: EPC_len=12, RSSI=47 (-82 dBm), Ant=0

I (225635) MAIN: ввввввввв•ђвввв•ђвввв•ђвввв•ђвввв•ђввввввввв

I (225645) MAIN:   TAG DETECTED!

I (225645) MAIN:   EPC (12 bytes):

    E2 80 11 70 40 00 02 1D 53 DA B0 CB 

I (225655) MAIN:   PC: 34 00

I (225655) MAIN:   RSSI: -83 dBm (raw: 46)

I (225655) MAIN:   Antenna: 0

I (225665) MAIN:   Frequency: 48

I (225665) MAIN:   Time: 225000 ms

I (225705) MAIN: вв•ђввввввввввв•ђвввв•ђвввв•ђвввв•ђвввв•ђввввв



W (225705) MAIN:   в MQTT not connected - event cached offline (15 pending)

I (225715) RFID: в Valid tag: EPC_len=12, RSSI=46 (-83 dBm), Ant=0

I (225725) MAIN: ввв•ђвввв•ђвввв•ђвввв•ђввввввввввв•ђвввв•ђвввв•ђ

I (225725) MAIN:   TAG DETECTED!

I (225735) MAIN:   EPC (12 bytes):

    E2 80 11 70 40 00 02 1D 53 DA B0 CB 

I (225735) MAIN:   PC: 34 00

I (225745) MAIN:   RSSI: -85 dBm (raw: 44)

I (225745) MAIN:   Antenna: 0

I (225785) MAIN:   Frequency: 9

I (225785) MAIN:   Time: 225090 ms

I (225785) MAIN: ввв•ђвввв•ђвввв•ђвввв•ђввввввввввв•ђвввв•ђвввв•ђ



W (225785) MAIN:   в MQTT not connected - event cached offline (15 pending)

I (225795) RFID: вњ“ Valid tag: EPC_len=12, RSSI=44 (-85 dBm), Ant=0

I (225805) MAIN: в•ђвввв•ђввввввввввв•ђвввв•ђвввв•ђвввв•ђвввввв

I (225815) MAIN:   TAG DETECTED!

I (225815) MAIN:   EPC (12 bytes):

    E2 80 11 70 40 00 02 1D 53 DA B0 CB 

I (225825) MAIN:   PC: 34 00

I (225825) MAIN:   RSSI: -83 dBm (raw: 46)

I (225865) MAIN:   Antenna: 0

I (225865) MAIN:   Frequency: 25

I (225865) MAIN:   Time: 225170 ms

I (225865) MAIN: в•ђввввввввввв•ђвввв•ђвввв•ђвввв•ђвввввввввв



W (225875) MAIN:   вљ  MQTT not connected - event cached offline (15 pending)

I (225885) RFID: в Valid tag: EPC_len=12, RSSI=46 (-83 dBm), Ant=0

I (225885) MAIN: вв•ђвввв•ђвввв•ђвввв•ђввввввввввв•ђвввв•ђвввв•ђв

I (225895) MAIN:   TAG DETECTED!

I (225895) MAIN:   EPC (12 bytes):

    E2 80 11 70 40 00 02 1D 53 DA B0 CB 

I (225905) MAIN:   PC: 34 00

I (225905) MAIN:   RSSI: -86 dBm (raw: 43)

I (225915) MAIN:   Antenna: 0

I (225915) MAIN:   Frequency: 34

I (225955) MAIN:   Time: 225250 ms

I (225955) MAIN: ввв•ђввввввввввв•ђвввв•ђвввв•ђвввв•ђвввв•ђвввв



W (225955) MAIN:   в MQTT not connected - event cached offline (15 pending)

I (225965) RFID: вњ“ Valid tag: EPC_len=12, RSSI=43 (-86 dBm), Ant=0

I (225975) MAIN: вввв•ђвввв•ђвввв•ђвввв•ђвввв•ђввввввввввв•ђввв

I (225985) MAIN:   TAG DETECTED!

I (225985) MAIN:   EPC (12 bytes):

    E2 80 11 70 40 00 02 1D 53 DA B0 CB 

I (225995) MAIN:   PC: 34 00

I (225995) MAIN:   RSSI: -86 dBm (raw: 43)

I (226035) MAIN:   Antenna: 0

I (226035) MAIN:   Frequency: 32

I (226035) MAIN:   Time: 225340 ms

I (226035) MAIN: вв•ђввввввввввввввв•ђвввв•ђвввв•ђввввввввв



W (226045) MAIN:   в MQTT not connected - event cached offline (15 pending)

I (226055) RFID: в Valid tag: EPC_len=12, RSSI=43 (-86 dBm), Ant=0

I (226065) MAIN: ввв•ђвввв•ђвввв•ђвввв•ђвввв•ђввввввввввв•ђвввв•ђ

I (226065) MAIN:   TAG DETECTED!

I (226065) MAIN:   EPC (12 bytes):

    E2 80 11 70 40 00 02 1D 53 DA B0 CB 

I (226075) MAIN:   PC: 34 00

I (226115) MAIN:   RSSI: -85 dBm (raw: 44)

I (226115) MAIN:   Antenna: 0

I (226115) MAIN:   Frequency: 45

I (226115) MAIN:   Time: 225430 ms

I (226115) MAIN: ввв•ђвввв•ђвввв•ђвввв•ђвввв•ђввввввввввв•ђвввв•ђ



W (226125) MAIN:   в MQTT not connected - event cached offline (15 pending)

I (226135) RFID: вњ“ Valid tag: EPC_len=12, RSSI=44 (-85 dBm), Ant=0

I (226135) MAIN: в•ђвввв•ђввввввввввв•ђвввв•ђвввв•ђвввв•ђвввввв

I (226155) MAIN:   TAG DETECTED!

I (226155) MAIN:   EPC (12 bytes):

    E2 80 11 70 40 00 02 1D 53 DA B0 CB 

I (226195) MAIN:   PC: 34 00

I (226195) MAIN:   RSSI: -85 dBm (raw: 44)

I (226195) MAIN:   Antenna: 0

I (226195) MAIN:   Frequency: 36

I (226195) MAIN:   Time: 225500 ms

I (226205) MAIN: ввв•ђввввввввввв•ђвввв•ђвввв•ђвввв•ђвввв•ђвввв



W (226215) MAIN:   в MQTT not connected - event cached offline (15 pending)

I (226215) RFID: вњ“ Valid tag: EPC_len=12, RSSI=44 (-85 dBm), Ant=0

I (226225) MAIN: вввв•ђвввв•ђвввв•ђвввв•ђввввввввввв•ђвввв•ђввв

I (226235) MAIN:   TAG DETECTED!

I (226275) MAIN:   EPC (12 bytes):

    E2 80 11 70 40 00 02 1D 53 DA B0 CB 

I (226275) MAIN:   PC: 34 00

I (226275) MAIN:   RSSI: -85 dBm (raw: 44)

I (226275) MAIN:   Antenna: 0

I (226275) MAIN:   Frequency: 23

I (226285) MAIN:   Time: 225590 ms

I (226285) MAIN: вввв•ђвввв•ђвввв•ђвввв•ђвввв•ђввввввввввв•ђввв



W (226295) MAIN:   вљ  MQTT not connected - event cached offline (15 pending)

I (226305) RFID: в Valid tag: EPC_len=12, RSSI=44 (-85 dBm), Ant=0

I (226305) MAIN: вв•ђвввв•ђввввввввввв•ђвввв•ђвввв•ђвввв•ђвввв•ђв

I (226355) MAIN:   TAG DETECTED!

I (226355) MAIN:   EPC (12 bytes):

    E2 80 11 70 40 00 02 1D 53 DA B0 CB 

I (226355) MAIN:   PC: 34 00

I (226355) MAIN:   RSSI: -85 dBm (raw: 44)

I (226365) MAIN:   Antenna: 0

I (226365) MAIN:   Frequency: 43

I (226365) MAIN:   Time: 225670 ms

I (226375) MAIN: вввв•ђвввв•ђввввввввввв•ђвввв•ђвввв•ђвввв•ђввв



W (226385) MAIN:   вљ  MQTT not connected - event cached offline (15 pending)

I (226385) RFID: в Valid tag: EPC_len=12, RSSI=44 (-85 dBm), Ant=0

I (226395) MAIN: ввввввввв•ђв•ђввв•ђввввввввввв•ђвввв•ђвввв•ђвв

I (226435) MAIN:   TAG DETECTED!

I (226435) MAIN:   EPC (12 bytes):

    E2 80 11 70 40 00 02 1D 53 DA B0 CB 

I (226445) MAIN:   PC: 34 00

I (226445) MAIN:   RSSI: -85 dBm (raw: 44)

I (226445) MAIN:   Antenna: 0

I (226455) MAIN:   Frequency: 54

I (226455) MAIN:   Time: 225760 ms

I (226455) MAIN: ввввввв•ђвввв•ђвввв•ђвввв•ђввввввввввв•ђвввв•ђ



W (226465) MAIN:   в MQTT not connected - event cached offline (15 pending)

I (226475) RFID: в Valid tag: EPC_len=12, RSSI=44 (-85 dBm), Ant=0

I (226515) MAIN: вввв•ђвввв•ђвввв•ђввввввввввв•ђвввв•ђвввв•ђввв

I (226515) MAIN:   TAG DETECTED!

I (226525) MAIN:   EPC (12 bytes):

    E2 80 11 70 40 00 02 1D 53 DA B0 CB 

I (226525) MAIN:   PC: 34 00

I (226535) MAIN:   RSSI: -86 dBm (raw: 43)

I (226535) MAIN:   Antenna: 0

I (226535) MAIN:   Frequency: 7

I (226545) MAIN:   Time: 225880 ms

I (226545) MAIN: ввв•ђввввввввввв•ђвввв•ђвввв•ђвввв•ђвввввввв



W (226555) MAIN:   в MQTT not connected - event cached offline (15 pending)

I (226595) RFID: в Valid tag: EPC_len=12, RSSI=43 (-86 dBm), Ant=0

I (226595) MAIN: вв•ђвввв•ђвввв•ђввввввввввв•ђвввв•ђвввв•ђвввв•ђв

I (226605) MAIN:   TAG DETECTED!

I (226605) MAIN:   EPC (12 bytes):

    E2 80 11 70 40 00 02 1D 53 DA B0 CB 

I (226615) MAIN:   PC: 34 00

I (226615) MAIN:   RSSI: -85 dBm (raw: 44)

I (226615) MAIN:   Antenna: 0

I (226615) MAIN:   Frequency: 33

I (226625) MAIN:   Time: 225960 ms

I (226625) MAIN: вввв•ђвввв•ђвввв•ђвввв•ђввввввввввв•ђвввв•ђввв



W (226635) MAIN:   вљ  MQTT not connected - event cached offline (15 pending)

I (226675) RFID: вњ“ Valid tag: EPC_len=12, RSSI=44 (-85 dBm), Ant=0

I (226675) MAIN: в•ђвввв•ђввввввввввв•ђвввв•ђвввв•ђвввв•ђвввввв

I (226685) MAIN:   TAG DETECTED!

I (226685) MAIN:   EPC (12 bytes):

    E2 80 11 70 40 00 02 1D 53 DA B0 CB 

I (226695) MAIN:   PC: 34 00

I (226695) MAIN:   RSSI: -86 dBm (raw: 43)

I (226705) MAIN:   Antenna: 0

I (226705) MAIN:   Frequency: 32

I (226705) MAIN:   Time: 226040 ms

I (226705) MAIN: ввв•ђвввв•ђвввв•ђввввввввввв•ђвввв•ђв•ђввввввв



W (226755) MAIN:   в MQTT not connected - event cached offline (15 pending)

I (226755) RFID: в Valid tag: EPC_len=12, RSSI=43 (-86 dBm), Ant=0

I (226755) MAIN: вв•ђвввв•ђвввв•ђвввв•ђвввв•ђввввввввввв•ђвввв•ђв

I (226765) MAIN:   TAG DETECTED!

I (226775) MAIN:   EPC (12 bytes):

    E2 80 11 70 40 00 02 1D 53 DA B0 CB 

I (226775) MAIN:   PC: 34 00

I (226775) MAIN:   RSSI: -86 dBm (raw: 43)

I (226785) MAIN:   Antenna: 0

I (226785) MAIN:   Frequency: 52

I (226785) MAIN:   Time: 226120 ms

I (226795) MAIN: в•ђввввввввввв•ђвввв•ђвввв•ђвввввввв•ђвввв•ђвв



W (226835) MAIN:   в MQTT not connected - event cached offline (15 pending)

I (226835) RFID: в Valid tag: EPC_len=12, RSSI=43 (-86 dBm), Ant=0

I (226835) MAIN: ввв•ђвввв•ђввввввввввв•ђвввв•ђвввв•ђвввв•ђвввв

I (226855) MAIN:   TAG DETECTED!

I (226855) MAIN:   EPC (12 bytes):

    E2 80 11 70 40 00 02 1D 53 DA B0 CB 

I (226855) MAIN:   PC: 34 00

I (226865) MAIN:   RSSI: -86 dBm (raw: 43)

I (226865) MAIN:   Antenna: 0

I (226865) MAIN:   Frequency: 22

I (226875) MAIN:   Time: 226200 ms

I (226875) MAIN: в•ђвввв•ђвввв•ђвввв•ђввввввввв•ђвв•ђвввв•ђвввввв



W (226915) MAIN:   в MQTT not connected - event cached offline (15 pending)

I (226915) RFID: в Valid tag: EPC_len=12, RSSI=43 (-86 dBm), Ant=0

I (226925) MAIN: вввввв•ђвввв•ђвввв•ђвввв•ђввввввввввв•ђвввв•ђв

I (226935) MAIN:   TAG DETECTED!

I (226935) MAIN:   EPC (12 bytes):

    E2 80 11 70 40 00 02 1D 53 DA B0 CB 

I (226945) MAIN:   PC: 34 00

I (226945) MAIN:   RSSI: -85 dBm (raw: 44)

I (226945) MAIN:   Antenna: 0

I (226955) MAIN:   Frequency: 7

I (226955) MAIN:   Time: 226290 ms

I (226995) MAIN: ввввввв•ђвввв•ђвввв•ђвввв•ђввввввв•ђвввв•ђвввв•ђ



W (226995) MAIN:   в MQTT not connected - event cached offline (15 pending)

I (227005) RFID: вњ“ Valid tag: EPC_len=12, RSSI=44 (-85 dBm), Ant=0

I (227005) MAIN: в•ђвввв•ђвввв•ђввввввввввв•ђвввв•ђвввв•ђвввв•ђвв

I (227015) MAIN:   TAG DETECTED!

I (227025) MAIN:   EPC (12 bytes):

    E2 80 11 70 40 00 02 1D 53 DA B0 CB 

I (227025) MAIN:   PC: 34 00

I (227025) MAIN:   RSSI: -86 dBm (raw: 43)

I (227035) MAIN:   Antenna: 0

I (227035) MAIN:   Frequency: 10

I (227075) MAIN:   Time: 226370 ms

I (227075) MAIN: вввввввввв•ђвввв•ђвввв•ђвввв•ђввввввввввв•ђв



W (227075) MAIN:   в MQTT not connected - event cached offline (15 pending)

I (227085) RFID: в Valid tag: EPC_len=12, RSSI=43 (-86 dBm), Ant=0

W (227105) RFID: Round timeout в no completion packet after 2000ms, resetting

I (227105) MQTT_CLIENT: Connecting to MQTT broker...

I (227155) MAIN: в•ђвввв•ђвввв•ђвввв•ђвввв•ђввввввв•ђвввв•ђвввв•ђвв

I (227155) MAIN:   TAG DETECTED!

I (227155) MAIN:   EPC (12 bytes):

    E2 80 11 70 40 00 02 1D 53 DA B0 CB 

I (227165) MAIN:   PC: 34 00

I (227165) MAIN:   RSSI: -77 dBm (raw: 52)

I (227175) MAIN:   Antenna: 0

I (227175) MAIN:   Frequency: 36

I (227175) MAIN:   Time: 226520 ms

I (227185) MAIN: ввввввв•ђвввв•ђвввв•ђвввв•ђвввв•ђввввввввввв•ђ



W (227195) MAIN:   в MQTT not connected - event cached offline (15 pending)

I (227195) RFID: в Valid tag: EPC_len=12, RSSI=52 (-77 dBm), Ant=0

I (227245) MAIN: ввввввввввв•ђвввв•ђвввв•ђвввв•ђввввввввввв•ђ

I (227245) MAIN:   TAG DETECTED!

I (227245) MAIN:   EPC (12 bytes):

    E2 80 11 70 40 00 02 1D 53 DA B0 CB 

I (227255) MAIN:   PC: 34 00

I (227265) MAIN:   RSSI: -80 dBm (raw: 49)

I (227265) MAIN:   Antenna: 0

I (227265) MAIN:   Frequency: 52

I (227265) MAIN:   Time: 226610 ms

I (227275) MAIN: вв•ђвввв•ђввввввввввввввв•ђвввв•ђвввв•ђвввв•ђв



W (227285) MAIN:   в MQTT not connected - event cached offline (15 pending)

I (227295) RFID: в Valid tag: EPC_len=12, RSSI=49 (-80 dBm), Ant=0

I (227325) MAIN: ввв•ђвввв•ђвввв•ђвввв•ђввввввв•ђвввв•ђвввв•ђвввв•ђ

I (227325) MAIN:   TAG DETECTED!

I (227335) MAIN:   EPC (12 bytes):

    E2 80 11 70 40 00 02 1D 53 DA B0 CB 

I (227345) MAIN:   PC: 34 00

I (227345) MAIN:   RSSI: -83 dBm (raw: 46)

I (227345) MAIN:   Antenna: 0

I (227345) MAIN:   Frequency: 35

I (227355) MAIN:   Time: 226690 ms

I (227355) MAIN: ввввв•ђвввв•ђвввв•ђвввв•ђвввв•ђввввввввввв•ђвв



W (227365) MAIN:   в MQTT not connected - event cached offline (15 pending)

I (227405) RFID: в Valid tag: EPC_len=12, RSSI=46 (-83 dBm), Ant=0

I (227405) MAIN: ввввввв•ђвввв•ђвввв•ђвввв•ђвввв•ђввввввввввв•ђ

I (227415) MAIN:   TAG DETECTED!

I (227415) MAIN:   EPC (12 bytes):

    E2 80 11 70 40 00 02 1D 53 DA B0 CB 

I (227425) MAIN:   PC: 34 00

I (227425) MAIN:   RSSI: -85 dBm (raw: 44)

I (227435) MAIN:   Antenna: 0

I (227435) MAIN:   Frequency: 22

I (227435) MAIN:   Time: 226770 ms

I (227445) MAIN: вв•ђвввв•ђввввввввввв•ђвввв•ђввв•ђвввввввввв



W (227485) MAIN:   вљ  MQTT not connected - event cached offline (15 pending)

I (227485) RFID: в Valid tag: EPC_len=12, RSSI=44 (-85 dBm), Ant=0

I (227485) MAIN: вв•ђвввв•ђвввв•ђвввв•ђввввввввввв•ђвввв•ђвввв•ђв

I (227505) MAIN:   TAG DETECTED!

I (227505) MAIN:   EPC (12 bytes):

    E2 80 11 70 40 00 02 1D 53 DA B0 CB 

I (227505) MAIN:   PC: 34 00

I (227515) MAIN:   RSSI: -86 dBm (raw: 43)

I (227515) MAIN:   Antenna: 0

I (227515) MAIN:   Frequency: 34

I (227525) MAIN:   Time: 226850 ms

I (227525) MAIN: вввввввв•ђвв•ђввввввввввввввв•ђвввв•ђвввв•ђв



W (227565) MAIN:   в MQTT not connected - event cached offline (15 pending)

I (227565) RFID: в Valid tag: EPC_len=12, RSSI=43 (-86 dBm), Ant=0

I (227575) MAIN: ввввввввввв•ђвввв•ђвввв•ђвввв•ђвввв•ђввввввв

I (227585) MAIN:   TAG DETECTED!

I (227585) MAIN:   EPC (12 bytes):

    E2 80 11 70 40 00 02 1D 53 DA B0 CB 

I (227595) MAIN:   PC: 34 00

I (227595) MAIN:   RSSI: -85 dBm (raw: 44)

I (227595) MAIN:   Antenna: 0

I (227605) MAIN:   Frequency: 54

I (227605) MAIN:   Time: 226940 ms

I (227605) MAIN: вввввв•ђвввв•ђвввв•ђвввв•ђввввввввввв•ђвввв•ђв



W (227645) MAIN:   в MQTT not connected - event cached offline (15 pending)

I (227645) RFID: в Valid tag: EPC_len=12, RSSI=44 (-85 dBm), Ant=0

W (229115) RFID: Round timeout в no completion packet after 2000ms, resetting

W (231175) RFID: Round timeout вЂ” no completion packet after 2000ms, resetting

E (232115) esp-tls: [sock=54] select() timeout

E (232115) transport_base: Failed to open a new connection: 32774

E (232155) mqtt_client: Error transport connect

E (232155) MQTT_CLIENT: MQTT Error occurred

E (232165) MQTT_CLIENT: TCP transport error

W (232165) MQTT_CLIENT: Disconnected from MQTT broker

W (232915) BATTERY_MONITOR: Battery sample skipped - RFID reader still active after 2000 ms

W (233235) RFID: Round timeout вЂ” no completion packet after 2000ms, resetting

I (234265) IO_CTRL: Stopping RFID scan (manual mode)

I (234265) RFID: Stopping inventory...

I (234335) RFID: Inventory stopped

I (234335) RFID: Powering OFF RFID reader (GPIO5 LOW)...

I (234335) RFID: в Reader powered OFF (sleep mode <100ВA)

W (235315) RFID: Round timeout вЂ” no completion packet after 2000ms, resetting

I (236185) MQTT_CLIENT: Connecting to MQTT broker...

I (240685) BATTERY_MONITOR: Battery: 3941mV (75%), USB: absent, Health: 3

E (241215) esp-tls: [sock=54] select() timeout

E (241215) transport_base: Failed to open a new connection: 32774

E (241215) mqtt_client: Error transport connect

E (241215) MQTT_CLIENT: MQTT Error occurred

E (241225) MQTT_CLIENT: TCP transport error

W (241225) MQTT_CLIENT: Disconnected from MQTT broker

I (245265) MQTT_CLIENT: Connecting to MQTT broker...

I (247945) BATTERY_MONITOR: Battery: 3943mV (75%), USB: absent, Health: 3

I (249705) MQTT_CLIENT: в Connected to MQTT broker

I (249715) MQTT_CLIENT: Published online status to attendance/lighthouse/00:70:07:25:15:00/status

I (249725) MQTT_CLIENT: Subscribed to ACK topic: attendance/lighthouse/00:70:07:25:15:00/ack

I (249725) MQTT_CLIENT: вв•ђвввв•ђввввввввввв•ђвввв•ђвввв•ђвввв•ђввввввв

I (249735) MQTT_CLIENT:   Network Restored!

I (249735) MQTT_CLIENT:   Found 20 offline events to replay

I (249785) MQTT_CLIENT: ввввввв•ђвввв•ђвввв•ђвввв•ђввввввввввв•ђвввв•ђвв

I (249785) OFFLINE_LOGGER: Starting replay of 20 events...

I (249785) MQTT_CLIENT: Offline event replay initiated

I (249805) MQTT_CLIENT: Subscription acknowledged (msg_id=17625)

I (249785) OFFLINE_LOGGER: Replay task started (grace period: 5 seconds)

I (249815) OFFLINE_LOGGER: Waiting 5 seconds before starting replay...

I (254815) OFFLINE_LOGGER: Starting event replay...

I (254825) MQTT_CLIENT: Published sync/start: 21 events

I (255615) BATTERY_MONITOR: Battery: 3941mV (75%), USB: absent, Health: 3

I (257965) MQTT_CLIENT: Replaying offline event: EPC=E280... (detected @ 156199 ms, rtc_s=0, quality=0)

I (258015) MQTT_CLIENT: Replayed offline event: E28011704000021D53DAB0CB timeBasis=relative ts=156199 (msg_id=2170)

I (258015) OFFLINE_LOGGER: Replayed event seqNo=783 (1/21)

I (258685) MQTT_CLIENT: Received message on topic: attendance/lighthouse/00:70:07:25:15:00/ack

I (258685) MQTT_CLIENT: Payload: {"ackedSeqNo":783,"ts":"2026-05-11T20:32:31.695Z"}

I (258695) MQTT_CLIENT: Received ACK for seqNo 783

I (262885) MQTT_CLIENT: Replaying offline event: EPC=E280... (detected @ 161287 ms, rtc_s=0, quality=0)

I (262895) OFFLINE_LOGGER: ACK seqNo=783: advanced 1 entries, 21 remaining

I (262895) MQTT_CLIENT: Replayed offline event: E28011704000021D53DAB0CB timeBasis=relative ts=161287 (msg_id=32544)

I (262935) OFFLINE_LOGGER: Replayed event seqNo=784 (2/21)

I (263275) BATTERY_MONITOR: Battery: 3941mV (75%), USB: absent, Health: 3

I (263935) MQTT_CLIENT: Received message on topic: attendance/lighthouse/00:70:07:25:15:00/ack

I (263935) MQTT_CLIENT: Payload: {"ackedSeqNo":784,"ts":"2026-05-11T20:32:37.172Z"}

I (263985) MQTT_CLIENT: Received ACK for seqNo 784

I (264415) RFID: Reader unpowered, powering on to perform handshake

I (264415) RFID: Powering ON RFID reader (GPIO5 HIGH)...

I (265605) RFID: Firmware version: 129.3

I (265605) RFID: в Reader handshake successful - firmware v129.3

I (265605) RFID: Powering off after standalone handshake

I (265605) RFID: Powering OFF RFID reader (GPIO5 LOW)...

I (265615) RFID: в Reader powered OFF (sleep mode <100ВµA)

I (267795) MQTT_CLIENT: Replaying offline event: EPC=E280... (detected @ 166187 ms, rtc_s=0, quality=0)

I (267805) OFFLINE_LOGGER: ACK seqNo=784: advanced 1 entries, 21 remaining

I (267805) MQTT_CLIENT: Replayed offline event: E28011704000021D53DAB0CB timeBasis=relative ts=166187 (msg_id=4392)

I (267845) OFFLINE_LOGGER: Replayed event seqNo=785 (3/21)

I (268525) MQTT_CLIENT: Received message on topic: attendance/lighthouse/00:70:07:25:15:00/ack

I (268525) MQTT_CLIENT: Payload: {"ackedSeqNo":785,"ts":"2026-05-11T20:32:41.730Z"}

I (268525) MQTT_CLIENT: Received ACK for seqNo 785

I (270995) BATTERY_MONITOR: Battery: 3947mV (75%), USB: absent, Health: 3

I (272685) MQTT_CLIENT: Replaying offline event: EPC=E280... (detected @ 170737 ms, rtc_s=0, quality=0)

I (272685) OFFLINE_LOGGER: ACK seqNo=785: advanced 1 entries, 21 remaining

I (272695) MQTT_CLIENT: Replayed offline event: E28011704000021D53DAB0CB timeBasis=relative ts=170737 (msg_id=34176)

I (272705) OFFLINE_LOGGER: Replayed event seqNo=786 (4/21)

I (273975) MQTT_CLIENT: Received message on topic: attendance/lighthouse/00:70:07:25:15:00/ack

I (273975) MQTT_CLIENT: Payload: {"ackedSeqNo":786,"ts":"2026-05-11T20:32:47.058Z"}

I (274025) MQTT_CLIENT: Received ACK for seqNo 786

I (277315) MQTT_CLIENT: Replaying offline event: EPC=E280... (detected @ 175447 ms, rtc_s=0, quality=0)

I (277325) MQTT_CLIENT: Replayed offline event: E28011704000021D53DAB0CB timeBasis=relative ts=175447 (msg_id=52546)

I (277325) OFFLINE_LOGGER: ACK seqNo=786: advanced 1 entries, 21 remaining

I (277335) OFFLINE_LOGGER: Replayed event seqNo=787 (5/21)

I (278405) BATTERY_MONITOR: Battery: 3947mV (75%), USB: absent, Health: 3

I (278565) MQTT_CLIENT: Received message on topic: attendance/lighthouse/00:70:07:25:15:00/ack

I (278565) MQTT_CLIENT: Payload: {"ackedSeqNo":787,"ts":"2026-05-11T20:32:51.457Z"}

I (278565) MQTT_CLIENT: Received ACK for seqNo 787

I (281935) MQTT_CLIENT: Replaying offline event: EPC=E280... (detected @ 180297 ms, rtc_s=0, quality=0)

I (281945) OFFLINE_LOGGER: ACK seqNo=787: advanced 1 entries, 21 remaining

I (281945) MQTT_CLIENT: Replayed offline event: E28011704000021D53DAB0CB timeBasis=relative ts=180297 (msg_id=8537)

I (281985) OFFLINE_LOGGER: Replayed event seqNo=788 (6/21)

I (283135) MQTT_CLIENT: Received message on topic: attendance/lighthouse/00:70:07:25:15:00/ack

I (283135) MQTT_CLIENT: Payload: {"ackedSeqNo":788,"ts":"2026-05-11T20:32:56.068Z"}

I (283145) MQTT_CLIENT: Received ACK for seqNo 788

I (286005) BATTERY_MONITOR: Battery: 3947mV (75%), USB: absent, Health: 3

I (286825) MQTT_CLIENT: Replaying offline event: EPC=E280... (detected @ 185147 ms, rtc_s=0, quality=0)

I (286835) MQTT_CLIENT: Replayed offline event: E28011704000021D53DAB0CB timeBasis=relative ts=185147 (msg_id=43348)

I (286835) OFFLINE_LOGGER: ACK seqNo=788: advanced 1 entries, 21 remaining

I (286845) OFFLINE_LOGGER: Replayed event seqNo=789 (7/21)

I (287375) MQTT_CLIENT: Received message on topic: attendance/lighthouse/00:70:07:25:15:00/ack

I (287375) MQTT_CLIENT: Payload: {"ackedSeqNo":789,"ts":"2026-05-11T20:33:00.571Z"}

I (287375) MQTT_CLIENT: Received ACK for seqNo 789

I (291745) MQTT_CLIENT: Replaying offline event: EPC=E280... (detected @ 190029 ms, rtc_s=0, quality=0)

I (291755) OFFLINE_LOGGER: ACK seqNo=789: advanced 1 entries, 21 remaining

I (291755) MQTT_CLIENT: Replayed offline event: E28011704000021D53DAB0CB timeBasis=relative ts=190029 (msg_id=1837)

I (291795) OFFLINE_LOGGER: Replayed event seqNo=790 (8/21)

I (292295) MQTT_CLIENT: Received message on topic: attendance/lighthouse/00:70:07:25:15:00/ack

I (292295) MQTT_CLIENT: Payload: {"ackedSeqNo":790,"ts":"2026-05-11T20:33:05.419Z"}

I (292305) MQTT_CLIENT: Received ACK for seqNo 790

I (293665) BATTERY_MONITOR: Battery: 3925mV (73%), USB: absent, Health: 3

I (296655) MQTT_CLIENT: Replaying offline event: EPC=E280... (detected @ 194917 ms, rtc_s=0, quality=0)

I (296665) OFFLINE_LOGGER: ACK seqNo=790: advanced 1 entries, 21 remaining

I (296665) MQTT_CLIENT: Replayed offline event: E28011704000021D53DAB0CB timeBasis=relative ts=194917 (msg_id=33176)

I (296705) OFFLINE_LOGGER: Replayed event seqNo=791 (9/21)

I (297695) MQTT_CLIENT: Received message on topic: attendance/lighthouse/00:70:07:25:15:00/ack

I (297695) MQTT_CLIENT: Payload: {"ackedSeqNo":791,"ts":"2026-05-11T20:33:10.710Z"}

I (297705) MQTT_CLIENT: Received ACK for seqNo 791

I (301315) BATTERY_MONITOR: Battery: 3949mV (75%), USB: absent, Health: 3

I (301565) MQTT_CLIENT: Replaying offline event: EPC=E280... (detected @ 199817 ms, rtc_s=0, quality=0)

I (301575) OFFLINE_LOGGER: ACK seqNo=791: advanced 1 entries, 21 remaining

I (301575) MQTT_CLIENT: Replayed offline event: E28011704000021D53DAB0CB timeBasis=relative ts=199817 (msg_id=22836)

I (301615) OFFLINE_LOGGER: Replayed event seqNo=792 (10/21)

I (302115) MQTT_CLIENT: Received message on topic: attendance/lighthouse/00:70:07:25:15:00/ack

I (302115) MQTT_CLIENT: Payload: {"ackedSeqNo":792,"ts":"2026-05-11T20:33:15.317Z"}

I (302125) MQTT_CLIENT: Received ACK for seqNo 792

I (306455) MQTT_CLIENT: Replaying offline event: EPC=E280... (detected @ 204687 ms, rtc_s=0, quality=0)

I (306465) OFFLINE_LOGGER: ACK seqNo=792: advanced 1 entries, 21 remaining

I (306465) MQTT_CLIENT: Replayed offline event: E28011704000021D53DAB0CB timeBasis=relative ts=204687 (msg_id=50316)

I (306505) OFFLINE_LOGGER: Replayed event seqNo=793 (11/21)

I (308225) MQTT_CLIENT: Received message on topic: attendance/lighthouse/00:70:07:25:15:00/ack

I (308225) MQTT_CLIENT: Payload: {"ackedSeqNo":793,"ts":"2026-05-11T20:33:20.680Z"}

I (308265) MQTT_CLIENT: Received ACK for seqNo 793

I (308925) BATTERY_MONITOR: Battery: 3923mV (73%), USB: absent, Health: 3

I (311055) MQTT_CLIENT: Replaying offline event: EPC=E280... (detected @ 209288 ms, rtc_s=0, quality=0)

I (311065) OFFLINE_LOGGER: ACK seqNo=793: advanced 1 entries, 21 remaining

I (311065) MQTT_CLIENT: Replayed offline event: E28011704000021D53DAB0CB timeBasis=relative ts=209288 (msg_id=28061)

I (311095) OFFLINE_LOGGER: Replayed event seqNo=794 (12/21)

I (311405) MQTT_CLIENT: Received message on topic: attendance/lighthouse/00:70:07:25:15:00/ack

I (311405) MQTT_CLIENT: Payload: {"ackedSeqNo":794,"ts":"2026-05-11T20:33:24.592Z"}

I (311405) MQTT_CLIENT: Received ACK for seqNo 794

I (315635) MQTT_CLIENT: Replaying offline event: EPC=E280... (detected @ 213867 ms, rtc_s=0, quality=0)

I (315645) OFFLINE_LOGGER: ACK seqNo=794: advanced 1 entries, 21 remaining

I (315645) MQTT_CLIENT: Replayed offline event: E28011704000021D53DAB0CB timeBasis=relative ts=213867 (msg_id=55874)

I (315685) OFFLINE_LOGGER: Replayed event seqNo=795 (13/21)

I (316325) BATTERY_MONITOR: Battery: 3934mV (74%), USB: absent, Health: 3

I (316765) MQTT_CLIENT: Received message on topic: attendance/lighthouse/00:70:07:25:15:00/ack

I (316765) MQTT_CLIENT: Payload: {"ackedSeqNo":795,"ts":"2026-05-11T20:33:29.959Z"}

I (316775) MQTT_CLIENT: Received ACK for seqNo 795

I (320505) MQTT_CLIENT: Replaying offline event: EPC=E280... (detected @ 218727 ms, rtc_s=0, quality=0)

I (320515) OFFLINE_LOGGER: ACK seqNo=795: advanced 1 entries, 21 remaining

I (320515) MQTT_CLIENT: Replayed offline event: E28011704000021D53DAB0CB timeBasis=relative ts=218727 (msg_id=37996)

I (320555) OFFLINE_LOGGER: Replayed event seqNo=796 (14/21)

I (321065) MQTT_CLIENT: Received message on topic: attendance/lighthouse/00:70:07:25:15:00/ack

I (321065) MQTT_CLIENT: Payload: {"ackedSeqNo":796,"ts":"2026-05-11T20:33:34.262Z"}

I (321065) MQTT_CLIENT: Received ACK for seqNo 796

I (324005) BATTERY_MONITOR: Battery: 3925mV (73%), USB: absent, Health: 3

I (325375) MQTT_CLIENT: Replaying offline event: EPC=E280... (detected @ 223607 ms, rtc_s=0, quality=0)

I (325425) MQTT_CLIENT: Replayed offline event: E28011704000021D53DAB0CB timeBasis=relative ts=223607 (msg_id=49121)

I (325425) OFFLINE_LOGGER: Replayed event seqNo=797 (15/21)

I (325435) MQTT_CLIENT: Replaying offline event: EPC=E280... (detected @ 228498 ms, rtc_s=0, quality=0)

I (325435) OFFLINE_LOGGER: ACK seqNo=796: advanced 1 entries, 21 remaining

I (325435) MQTT_CLIENT: Replayed offline event: E28011704000021D53DAB0CB timeBasis=relative ts=228498 (msg_id=40462)

I (325475) OFFLINE_LOGGER: Replayed event seqNo=798 (16/21)

I (325645) RFID: Reader unpowered, powering on to perform handshake

I (325645) RFID: Powering ON RFID reader (GPIO5 HIGH)...

I (326385) MQTT_CLIENT: Received message on topic: attendance/lighthouse/00:70:07:25:15:00/ack

I (326385) MQTT_CLIENT: Payload: {"ackedSeqNo":797,"ts":"2026-05-11T20:33:39.586Z"}

I (326395) MQTT_CLIENT: Received ACK for seqNo 797

I (326415) MQTT_CLIENT: Received message on topic: attendance/lighthouse/00:70:07:25:15:00/ack

I (326415) MQTT_CLIENT: Payload: {"ackedSeqNo":798,"ts":"2026-05-11T20:33:39.643Z"}

I (326425) MQTT_CLIENT: Received ACK for seqNo 798

I (326825) RFID: Firmware version: 129.3

I (326825) RFID: в Reader handshake successful - firmware v129.3

I (326825) RFID: Powering off after standalone handshake

I (326825) RFID: Powering OFF RFID reader (GPIO5 LOW)...

I (326865) RFID: в Reader powered OFF (sleep mode <100ВA)

I (330355) MQTT_CLIENT: Replaying offline event: EPC=E280... (detected @ 233427 ms, rtc_s=0, quality=0)

I (330365) OFFLINE_LOGGER: ACK seqNo=797: advanced 1 entries, 21 remaining

I (330365) MQTT_CLIENT: Replayed offline event: E28011704000021D53DAB0CB timeBasis=relative ts=233427 (msg_id=35509)

I (330365) OFFLINE_LOGGER: ACK seqNo=798: advanced 1 entries, 20 remaining

I (330385) OFFLINE_LOGGER: Replayed event seqNo=799 (17/21)

I (330695) MQTT_CLIENT: Received message on topic: attendance/lighthouse/00:70:07:25:15:00/ack

I (330695) MQTT_CLIENT: Payload: {"ackedSeqNo":799,"ts":"2026-05-11T20:33:43.924Z"}

I (330705) MQTT_CLIENT: Received ACK for seqNo 799

I (331795) BATTERY_MONITOR: Battery: 3943mV (75%), USB: absent, Health: 3

I (335295) MQTT_CLIENT: Replaying offline event: EPC=E280... (detected @ 238412 ms, rtc_s=0, quality=0)

I (335305) MQTT_CLIENT: Replayed offline event: E28011704000021D53DAB0CB timeBasis=relative ts=238412 (msg_id=48020)

I (335305) OFFLINE_LOGGER: ACK seqNo=799: advanced 1 entries, 20 remaining

I (335315) OFFLINE_LOGGER: Replayed event seqNo=800 (18/21)

I (335925) MQTT_CLIENT: Received message on topic: attendance/lighthouse/00:70:07:25:15:00/ack

I (335925) MQTT_CLIENT: Payload: {"ackedSeqNo":800,"ts":"2026-05-11T20:33:49.146Z"}

I (335925) MQTT_CLIENT: Received ACK for seqNo 800

I (339445) BATTERY_MONITOR: Battery: 3919mV (72%), USB: absent, Health: 3

I (340185) MQTT_CLIENT: Replaying offline event: EPC=E280... (detected @ 243017 ms, rtc_s=0, quality=0)

I (340195) MQTT_CLIENT: Replayed offline event: E28011704000021D53DAB0CB timeBasis=relative ts=243017 (msg_id=57678)

I (340195) OFFLINE_LOGGER: ACK seqNo=800: advanced 1 entries, 20 remaining

I (340205) OFFLINE_LOGGER: Replayed event seqNo=801 (19/21)

I (340995) MQTT_CLIENT: Received message on topic: attendance/lighthouse/00:70:07:25:15:00/ack

I (340995) MQTT_CLIENT: Payload: {"ackedSeqNo":801,"ts":"2026-05-11T20:33:53.819Z"}

I (341005) MQTT_CLIENT: Received ACK for seqNo 801

I (344805) MQTT_CLIENT: Replaying offline event: EPC=E280... (detected @ 247579 ms, rtc_s=0, quality=0)

I (344815) MQTT_CLIENT: Replayed offline event: E28011704000021D53DAB0CB timeBasis=relative ts=247579 (msg_id=41256)

I (344815) OFFLINE_LOGGER: ACK seqNo=801: advanced 1 entries, 20 remaining

I (344825) OFFLINE_LOGGER: Replayed event seqNo=802 (20/21)

I (345185) MQTT_CLIENT: Received message on topic: attendance/lighthouse/00:70:07:25:15:00/ack

I (345195) MQTT_CLIENT: Payload: {"ackedSeqNo":802,"ts":"2026-05-11T20:33:58.428Z"}

I (345195) MQTT_CLIENT: Received ACK for seqNo 802

I (346785) BATTERY_MONITOR: Battery: 3921mV (73%), USB: absent, Health: 3

I (349395) MQTT_CLIENT: Replaying offline event: EPC=E280... (detected @ 252467 ms, rtc_s=0, quality=0)

I (349405) MQTT_CLIENT: Replayed offline event: E28011704000021D53DAB0CB timeBasis=relative ts=252467 (msg_id=24796)

I (349405) OFFLINE_LOGGER: ACK seqNo=802: advanced 1 entries, 20 remaining

I (349415) OFFLINE_LOGGER: Replayed event seqNo=803 (21/21)

I (349425) MQTT_CLIENT: Published sync/complete (replay-task safety path)

I (349465) OFFLINE_LOGGER: Replay complete! Replayed 21 events in 94653 ms

I (350145) MQTT_CLIENT: Received message on topic: attendance/lighthouse/00:70:07:25:15:00/ack

I (350155) MQTT_CLIENT: Payload: {"ackedSeqNo":803,"ts":"2026-05-11T20:34:03.256Z"}

I (350155) MQTT_CLIENT: Received ACK for seqNo 803

I (354315) BATTERY_MONITOR: Battery: 3945mV (75%), USB: absent, Health: 3

I (354335) OFFLINE_LOGGER: ACK seqNo=803: advanced 1 entries, 20 remaining

I (362085) BATTERY_MONITOR: Battery: 3921mV (73%), USB: absent, Health: 3

I (369775) BATTERY_MONITOR: Battery: 3932mV (74%), USB: absent, Health: 3

I (377405) BATTERY_MONITOR: Battery: 3941mV (75%), USB: absent, Health: 3

I (384885) BATTERY_MONITOR: Battery: 3923mV (73%), USB: absent, Health: 3

I (386865) RFID: Reader unpowered, powering on to perform handshake

I (386865) RFID: Powering ON RFID reader (GPIO5 HIGH)...

I (388075) RFID: Firmware version: 129.3

I (388075) RFID: в Reader handshake successful - firmware v129.3

I (388075) RFID: Powering off after standalone handshake

I (388075) RFID: Powering OFF RFID reader (GPIO5 LOW)...

I (388085) RFID: в Reader powered OFF (sleep mode <100ВA)

I (392565) BATTERY_MONITOR: Battery: 3919mV (72%), USB: absent, Health: 3

I (400335) BATTERY_MONITOR: Battery: 3941mV (75%), USB: absent, Health: 3

I (407995) BATTERY_MONITOR: Battery: 3943mV (75%), USB: absent, Health: 3

E (411745) mqtt_client: No PING_RESP, disconnected

W (411745) MQTT_CLIENT: Disconnected from MQTT broker

I (415245) BATTERY_MONITOR: Battery: 3921mV (73%), USB: absent, Health: 3

I (415775) MQTT_CLIENT: Connecting to MQTT broker...

E (420815) esp-tls: [sock=54] select() timeout

E (420815) transport_base: Failed to open a new connection: 32774

E (420815) mqtt_client: Error transport connect

E (420825) MQTT_CLIENT: MQTT Error occurred

E (420825) MQTT_CLIENT: TCP transport error

W (420835) MQTT_CLIENT: Disconnected from MQTT broker

I (422565) BATTERY_MONITOR: Battery: 3947mV (75%), USB: absent, Health: 3

I (424835) MQTT_CLIENT: Connecting to MQTT broker...

I (427615) BATTERY_MONITOR: Battery: 3950mV (75%), USB: absent, Health: 3

E (429845) esp-tls: [sock=54] select() timeout

E (429845) transport_base: Failed to open a new connection: 32774

E (429845) mqtt_client: Error transport connect

E (429845) MQTT_CLIENT: MQTT Error occurred

E (429845) MQTT_CLIENT: TCP transport error

W (429855) MQTT_CLIENT: Disconnected from MQTT broker

I (432665) BATTERY_MONITOR: Battery: 3945mV (75%), USB: absent, Health: 3

I (435855) MQTT_CLIENT: Connecting to MQTT broker...

I (437715) BATTERY_MONITOR: Battery: 3947mV (75%), USB: absent, Health: 3

E (440865) esp-tls: [sock=54] select() timeout

E (440865) transport_base: Failed to open a new connection: 32774

E (440865) mqtt_client: Error transport connect

E (440865) MQTT_CLIENT: MQTT Error occurred

E (440865) MQTT_CLIENT: TCP transport error

W (440875) MQTT_CLIENT: Disconnected from MQTT broker

I (442765) BATTERY_MONITOR: Battery: 3949mV (75%), USB: absent, Health: 3

I (446875) MQTT_CLIENT: Connecting to MQTT broker...

I (447815) BATTERY_MONITOR: Battery: 3950mV (75%), USB: absent, Health: 3

I (448085) RFID: Reader unpowered, powering on to perform handshake

I (448085) RFID: Powering ON RFID reader (GPIO5 HIGH)...

I (449265) RFID: Firmware version: 129.3

I (449265) RFID: в Reader handshake successful - firmware v129.3

I (449265) RFID: Powering off after standalone handshake

I (449265) RFID: Powering OFF RFID reader (GPIO5 LOW)...

I (449265) RFID: вњ“ Reader powered OFF (sleep mode <100ВA)

E (451885) esp-tls: [sock=54] select() timeout

E (451885) transport_base: Failed to open a new connection: 32774

E (451885) mqtt_client: Error transport connect

E (451885) MQTT_CLIENT: MQTT Error occurred

E (451885) MQTT_CLIENT: TCP transport error

W (451895) MQTT_CLIENT: Disconnected from MQTT broker

I (452865) BATTERY_MONITOR: Battery: 3945mV (75%), USB: absent, Health: 3

I (457895) MQTT_CLIENT: Connecting to MQTT broker...

I (457915) BATTERY_MONITOR: Battery: 3923mV (73%), USB: absent, Health: 3

E (462905) esp-tls: [sock=54] select() timeout

E (462905) transport_base: Failed to open a new connection: 32774

E (462905) mqtt_client: Error transport connect

E (462905) MQTT_CLIENT: MQTT Error occurred

E (462905) MQTT_CLIENT: TCP transport error

W (462915) MQTT_CLIENT: Disconnected from MQTT broker

I (462965) BATTERY_MONITOR: Battery: 3949mV (75%), USB: absent, Health: 3

I (468015) BATTERY_MONITOR: Battery: 3949mV (75%), USB: absent, Health: 3

I (468915) MQTT_CLIENT: Connecting to MQTT broker...

I (473065) BATTERY_MONITOR: Battery: 3923mV (73%), USB: absent, Health: 3

E (473925) esp-tls: [sock=54] select() timeout

E (473925) transport_base: Failed to open a new connection: 32774

E (473925) mqtt_client: Error transport connect

E (473925) MQTT_CLIENT: MQTT Error occurred

E (473925) MQTT_CLIENT: TCP transport error

W (473935) MQTT_CLIENT: Disconnected from MQTT broker

I (478115) BATTERY_MONITOR: Battery: 3945mV (75%), USB: absent, Health: 3

I (479935) MQTT_CLIENT: Connecting to MQTT broker...

I (483165) BATTERY_MONITOR: Battery: 3947mV (75%), USB: absent, Health: 3

E (484945) esp-tls: [sock=54] select() timeout

E (484945) transport_base: Failed to open a new connection: 32774

E (484945) mqtt_client: Error transport connect

E (484945) MQTT_CLIENT: MQTT Error occurred

E (484945) MQTT_CLIENT: TCP transport error

W (484955) MQTT_CLIENT: Disconnected from MQTT broker

I (488215) BATTERY_MONITOR: Battery: 3923mV (73%), USB: absent, Health: 3

I (490955) MQTT_CLIENT: Connecting to MQTT broker...

I (493265) BATTERY_MONITOR: Battery: 3952mV (76%), USB: absent, Health: 3

E (495965) esp-tls: [sock=54] select() timeout

E (495965) transport_base: Failed to open a new connection: 32774

E (495965) mqtt_client: Error transport connect

E (495965) MQTT_CLIENT: MQTT Error occurred

E (495965) MQTT_CLIENT: TCP transport error

W (495975) MQTT_CLIENT: Disconnected from MQTT broker

I (498315) BATTERY_MONITOR: Battery: 3945mV (75%), USB: absent, Health: 3

I (501975) MQTT_CLIENT: Connecting to MQTT broker...

I (503365) BATTERY_MONITOR: Battery: 3950mV (75%), USB: absent, Health: 3

E (506985) esp-tls: [sock=54] select() timeout

E (506985) transport_base: Failed to open a new connection: 32774

E (506985) mqtt_client: Error transport connect

E (506985) MQTT_CLIENT: MQTT Error occurred

E (506985) MQTT_CLIENT: TCP transport error

W (506995) MQTT_CLIENT: Disconnected from MQTT broker

I (508415) BATTERY_MONITOR: Battery: 3945mV (75%), USB: absent, Health: 3

I (509275) RFID: Reader unpowered, powering on to perform handshake

I (509275) RFID: Powering ON RFID reader (GPIO5 HIGH)...

I (510455) RFID: Firmware version: 129.3

I (510455) RFID: вњ“ Reader handshake successful - firmware v129.3

I (510455) RFID: Powering off after standalone handshake

I (510455) RFID: Powering OFF RFID reader (GPIO5 LOW)...

I (510455) RFID: вњ“ Reader powered OFF (sleep mode <100ВA)

I (512995) MQTT_CLIENT: Connecting to MQTT broker...

I (513465) BATTERY_MONITOR: Battery: 3945mV (75%), USB: absent, Health: 3

E (518005) esp-tls: [sock=54] select() timeout

E (518005) transport_base: Failed to open a new connection: 32774

E (518005) mqtt_client: Error transport connect

E (518005) MQTT_CLIENT: MQTT Error occurred

E (518005) MQTT_CLIENT: TCP transport error

W (518015) MQTT_CLIENT: Disconnected from MQTT broker

I (518515) BATTERY_MONITOR: Battery: 3945mV (75%), USB: absent, Health: 3

I (523565) BATTERY_MONITOR: Battery: 3923mV (73%), USB: absent, Health: 3

I (524015) MQTT_CLIENT: Connecting to MQTT broker...

I (528615) BATTERY_MONITOR: Battery: 3947mV (75%), USB: absent, Health: 3

E (529025) esp-tls: [sock=54] select() timeout

E (529025) transport_base: Failed to open a new connection: 32774

E (529025) mqtt_client: Error transport connect

E (529025) MQTT_CLIENT: MQTT Error occurred

E (529025) MQTT_CLIENT: TCP transport error

W (529035) MQTT_CLIENT: Disconnected from MQTT broker

I (533665) BATTERY_MONITOR: Battery: 3947mV (75%), USB: absent, Health: 3

I (535035) MQTT_CLIENT: Connecting to MQTT broker...

I (538715) BATTERY_MONITOR: Battery: 3923mV (73%), USB: absent, Health: 3

E (540045) esp-tls: [sock=54] select() timeout

E (540045) transport_base: Failed to open a new connection: 32774

E (540045) mqtt_client: Error transport connect

E (540045) MQTT_CLIENT: MQTT Error occurred

E (540045) MQTT_CLIENT: TCP transport error

W (540055) MQTT_CLIENT: Disconnected from MQTT broker

I (543765) BATTERY_MONITOR: Battery: 3947mV (75%), USB: absent, Health: 3

I (546055) MQTT_CLIENT: Connecting to MQTT broker...

I (548815) BATTERY_MONITOR: Battery: 3954mV (76%), USB: absent, Health: 3

E (551065) esp-tls: [sock=54] select() timeout

E (551065) transport_base: Failed to open a new connection: 32774

E (551065) mqtt_client: Error transport connect

E (551065) MQTT_CLIENT: MQTT Error occurred

E (551065) MQTT_CLIENT: TCP transport error

W (551075) MQTT_CLIENT: Disconnected from MQTT broker

I (553865) BATTERY_MONITOR: Battery: 3923mV (73%), USB: absent, Health: 3

I (557075) MQTT_CLIENT: Connecting to MQTT broker...

I (558915) BATTERY_MONITOR: Battery: 3945mV (75%), USB: absent, Health: 3

E (562085) esp-tls: [sock=54] select() timeout

E (562085) transport_base: Failed to open a new connection: 32774

E (562085) mqtt_client: Error transport connect

E (562085) MQTT_CLIENT: MQTT Error occurred

E (562085) MQTT_CLIENT: TCP transport error

W (562095) MQTT_CLIENT: Disconnected from MQTT broker

I (563965) BATTERY_MONITOR: Battery: 3949mV (75%), USB: absent, Health: 3

I (568095) MQTT_CLIENT: Connecting to MQTT broker...

I (569015) BATTERY_MONITOR: Battery: 3945mV (75%), USB: absent, Health: 3

I (570465) RFID: Reader unpowered, powering on to perform handshake

I (570465) RFID: Powering ON RFID reader (GPIO5 HIGH)...

I (571645) RFID: Firmware version: 129.3

I (571645) RFID: вњ“ Reader handshake successful - firmware v129.3

I (571645) RFID: Powering off after standalone handshake

I (571645) RFID: Powering OFF RFID reader (GPIO5 LOW)...

I (571645) RFID: вњ“ Reader powered OFF (sleep mode <100ВA)

E (573105) esp-tls: [sock=54] select() timeout

E (573105) transport_base: Failed to open a new connection: 32774

E (573105) mqtt_client: Error transport connect

E (573105) MQTT_CLIENT: MQTT Error occurred

E (573105) MQTT_CLIENT: TCP transport error

W (573115) MQTT_CLIENT: Disconnected from MQTT broker

I (574065) BATTERY_MONITOR: Battery: 3921mV (73%), USB: absent, Health: 3

I (579115) MQTT_CLIENT: Connecting to MQTT broker...

I (579115) BATTERY_MONITOR: Battery: 3945mV (75%), USB: absent, Health: 3

E (584125) esp-tls: [sock=54] select() timeout

E (584125) transport_base: Failed to open a new connection: 32774

E (584125) mqtt_client: Error transport connect

E (584125) MQTT_CLIENT: MQTT Error occurred

E (584125) MQTT_CLIENT: TCP transport error

W (584135) MQTT_CLIENT: Disconnected from MQTT broker

I (584165) BATTERY_MONITOR: Battery: 3945mV (75%), USB: absent, Health: 3

I (589215) BATTERY_MONITOR: Battery: 3945mV (75%), USB: absent, Health: 3

I (590135) MQTT_CLIENT: Connecting to MQTT broker...

I (594265) BATTERY_MONITOR: Battery: 3945mV (75%), USB: absent, Health: 3

E (595145) esp-tls: [sock=54] select() timeout

E (595145) transport_base: Failed to open a new connection: 32774

E (595145) mqtt_client: Error transport connect

E (595145) MQTT_CLIENT: MQTT Error occurred

E (595145) MQTT_CLIENT: TCP transport error

W (595155) MQTT_CLIENT: Disconnected from MQTT broker

I (599315) BATTERY_MONITOR: Battery: 3945mV (75%), USB: absent, Health: 3

I (601155) MQTT_CLIENT: Connecting to MQTT broker...

I (604365) BATTERY_MONITOR: Battery: 3943mV (75%), USB: absent, Health: 3

E (606165) esp-tls: [sock=54] select() timeout

E (606165) transport_base: Failed to open a new connection: 32774

E (606165) mqtt_client: Error transport connect

E (606165) MQTT_CLIENT: MQTT Error occurred

E (606165) MQTT_CLIENT: TCP transport error

W (606175) MQTT_CLIENT: Disconnected from MQTT broker

I (609415) BATTERY_MONITOR: Battery: 3943mV (75%), USB: absent, Health: 3

I (612175) MQTT_CLIENT: Connecting to MQTT broker...

I (614465) BATTERY_MONITOR: Battery: 3923mV (73%), USB: absent, Health: 3

E (617185) esp-tls: [sock=54] select() timeout

E (617185) transport_base: Failed to open a new connection: 32774

E (617185) mqtt_client: Error transport connect

E (617185) MQTT_CLIENT: MQTT Error occurred

E (617185) MQTT_CLIENT: TCP transport error

W (617195) MQTT_CLIENT: Disconnected from MQTT broker

I (619515) BATTERY_MONITOR: Battery: 3947mV (75%), USB: absent, Health: 3

I (623195) MQTT_CLIENT: Connecting to MQTT broker...

I (624565) BATTERY_MONITOR: Battery: 3945mV (75%), USB: absent, Health: 3

E (628205) esp-tls: [sock=54] select() timeout

E (628205) transport_base: Failed to open a new connection: 32774

E (628205) mqtt_client: Error transport connect

E (628205) MQTT_CLIENT: MQTT Error occurred

E (628205) MQTT_CLIENT: TCP transport error

W (628215) MQTT_CLIENT: Disconnected from MQTT broker

I (629615) BATTERY_MONITOR: Battery: 3949mV (75%), USB: absent, Health: 3

I (631655) RFID: Reader unpowered, powering on to perform handshake

I (631655) RFID: Powering ON RFID reader (GPIO5 HIGH)...

I (632835) RFID: Firmware version: 129.3

I (632835) RFID: в Reader handshake successful - firmware v129.3

I (632835) RFID: Powering off after standalone handshake

I (632835) RFID: Powering OFF RFID reader (GPIO5 LOW)...

I (632835) RFID: в Reader powered OFF (sleep mode <100ВA)

I (634215) MQTT_CLIENT: Connecting to MQTT broker...

I (634665) BATTERY_MONITOR: Battery: 3949mV (75%), USB: absent, Health: 3

E (639225) esp-tls: [sock=54] select() timeout

E (639225) transport_base: Failed to open a new connection: 32774

E (639225) mqtt_client: Error transport connect

E (639225) MQTT_CLIENT: MQTT Error occurred

E (639225) MQTT_CLIENT: TCP transport error

W (639235) MQTT_CLIENT: Disconnected from MQTT broker

I (639715) BATTERY_MONITOR: Battery: 3949mV (75%), USB: absent, Health: 3

I (644765) BATTERY_MONITOR: Battery: 3925mV (73%), USB: absent, Health: 3

I (645235) MQTT_CLIENT: Connecting to MQTT broker...

I (649815) BATTERY_MONITOR: Battery: 3949mV (75%), USB: absent, Health: 3

E (650245) esp-tls: [sock=54] select() timeout

E (650245) transport_base: Failed to open a new connection: 32774

E (650245) mqtt_client: Error transport connect

E (650245) MQTT_CLIENT: MQTT Error occurred

E (650245) MQTT_CLIENT: TCP transport error

W (650255) MQTT_CLIENT: Disconnected from MQTT broker

I (654865) BATTERY_MONITOR: Battery: 3921mV (73%), USB: absent, Health: 3

I (656255) MQTT_CLIENT: Connecting to MQTT broker...

I (659915) BATTERY_MONITOR: Battery: 3949mV (75%), USB: absent, Health: 3

E (661265) esp-tls: [sock=54] select() timeout

E (661265) transport_base: Failed to open a new connection: 32774

E (661265) mqtt_client: Error transport connect

E (661265) MQTT_CLIENT: MQTT Error occurred

E (661265) MQTT_CLIENT: TCP transport error

W (661275) MQTT_CLIENT: Disconnected from MQTT broker

I (664965) BATTERY_MONITOR: Battery: 3947mV (75%), USB: absent, Health: 3

I (667275) MQTT_CLIENT: Connecting to MQTT broker...

I (670015) BATTERY_MONITOR: Battery: 3945mV (75%), USB: absent, Health: 3

E (672285) esp-tls: [sock=54] select() timeout

E (672285) transport_base: Failed to open a new connection: 32774

E (672285) mqtt_client: Error transport connect

E (672285) MQTT_CLIENT: MQTT Error occurred

E (672285) MQTT_CLIENT: TCP transport error

W (672295) MQTT_CLIENT: Disconnected from MQTT broker

I (675065) BATTERY_MONITOR: Battery: 3927mV (73%), USB: absent, Health: 3

I (678295) MQTT_CLIENT: Connecting to MQTT broker...

I (680115) BATTERY_MONITOR: Battery: 3947mV (75%), USB: absent, Health: 3

E (683305) esp-tls: [sock=54] select() timeout

E (683305) transport_base: Failed to open a new connection: 32774

E (683305) mqtt_client: Error transport connect

E (683305) MQTT_CLIENT: MQTT Error occurred

E (683305) MQTT_CLIENT: TCP transport error

W (683315) MQTT_CLIENT: Disconnected from MQTT broker

I (685165) BATTERY_MONITOR: Battery: 3945mV (75%), USB: absent, Health: 3

I (689315) MQTT_CLIENT: Connecting to MQTT broker...

I (690215) BATTERY_MONITOR: Battery: 3947mV (75%), USB: absent, Health: 3

I (692845) RFID: Reader unpowered, powering on to perform handshake

I (692845) RFID: Powering ON RFID reader (GPIO5 HIGH)...

I (694025) RFID: Firmware version: 129.3

I (694025) RFID: вњ“ Reader handshake successful - firmware v129.3

I (694025) RFID: Powering off after standalone handshake

I (694025) RFID: Powering OFF RFID reader (GPIO5 LOW)...

I (694025) RFID: вњ“ Reader powered OFF (sleep mode <100ВA)

E (694325) esp-tls: [sock=54] select() timeout

E (694325) transport_base: Failed to open a new connection: 32774

E (694325) mqtt_client: Error transport connect

E (694325) MQTT_CLIENT: MQTT Error occurred

E (694325) MQTT_CLIENT: TCP transport error

W (694335) MQTT_CLIENT: Disconnected from MQTT broker

I (695265) BATTERY_MONITOR: Battery: 3921mV (73%), USB: absent, Health: 3

I (700315) BATTERY_MONITOR: Battery: 3949mV (75%), USB: absent, Health: 3

I (700335) MQTT_CLIENT: Connecting to MQTT broker...

E (705345) esp-tls: [sock=54] select() timeout

E (705345) transport_base: Failed to open a new connection: 32774

E (705345) mqtt_client: Error transport connect

E (705345) MQTT_CLIENT: MQTT Error occurred

E (705345) MQTT_CLIENT: TCP transport error

W (705355) MQTT_CLIENT: Disconnected from MQTT broker

I (705365) BATTERY_MONITOR: Battery: 3921mV (73%), USB: absent, Health: 3

I (710415) BATTERY_MONITOR: Battery: 3923mV (73%), USB: absent, Health: 3

I (711355) MQTT_CLIENT: Connecting to MQTT broker...

I (715465) BATTERY_MONITOR: Battery: 3950mV (75%), USB: absent, Health: 3

E (716365) esp-tls: [sock=54] select() timeout

E (716365) transport_base: Failed to open a new connection: 32774

E (716365) mqtt_client: Error transport connect

E (716365) MQTT_CLIENT: MQTT Error occurred

E (716365) MQTT_CLIENT: TCP transport error

W (716375) MQTT_CLIENT: Disconnected from MQTT broker

I (720515) BATTERY_MONITOR: Battery: 3949mV (75%), USB: absent, Health: 3

I (722375) MQTT_CLIENT: Connecting to MQTT broker...

I (725565) BATTERY_MONITOR: Battery: 3923mV (73%), USB: absent, Health: 3

E (727385) esp-tls: [sock=54] select() timeout

E (727385) transport_base: Failed to open a new connection: 32774

E (727385) mqtt_client: Error transport connect

E (727385) MQTT_CLIENT: MQTT Error occurred

E (727385) MQTT_CLIENT: TCP transport error

W (727395) MQTT_CLIENT: Disconnected from MQTT broker

I (730615) BATTERY_MONITOR: Battery: 3925mV (73%), USB: absent, Health: 3

I (733395) MQTT_CLIENT: Connecting to MQTT broker...

I (735665) BATTERY_MONITOR: Battery: 3923mV (73%), USB: absent, Health: 3

E (738405) esp-tls: [sock=54] select() timeout

E (738405) transport_base: Failed to open a new connection: 32774

E (738405) mqtt_client: Error transport connect

E (738405) MQTT_CLIENT: MQTT Error occurred

E (738405) MQTT_CLIENT: TCP transport error

W (738415) MQTT_CLIENT: Disconnected from MQTT broker

I (740715) BATTERY_MONITOR: Battery: 3947mV (75%), USB: absent, Health: 3

I (744415) MQTT_CLIENT: Connecting to MQTT broker...

I (745765) BATTERY_MONITOR: Battery: 3943mV (75%), USB: absent, Health: 3

E (749425) esp-tls: [sock=54] select() timeout

E (749425) transport_base: Failed to open a new connection: 32774

E (749425) mqtt_client: Error transport connect

E (749425) MQTT_CLIENT: MQTT Error occurred

E (749425) MQTT_CLIENT: TCP transport error

W (749435) MQTT_CLIENT: Disconnected from MQTT broker

I (750815) BATTERY_MONITOR: Battery: 3945mV (75%), USB: absent, Health: 3

ets Jul 29 2019 12:21:46



rst:0x1 (POWERON_RESET),boot:0x16 (SPI_FAST_FLASH_BOOT)

configsip: 0, SPIWP:0xee

clk_drv:0x00,q_drv:0x00,d_drv:0x00,cs0_drv:0x00,hd_drv:0x00,wp_drv:0x00

mode:DIO, clock div:2

load:0x3fff0040,len:6376

load:0x40078000,len:15900

ho 0 tail 12 room 4

load:0x40080400,len:3920

entry 0x40080644

I (29) boot: ESP-IDF v6.1-dev-1054-g487551888a 2nd stage bootloader

I (29) boot: compile time May 11 2026 22:25:41

I (29) boot: Multicore bootloader

I (32) boot: chip revision: v3.1

I (35) boot.esp32: SPI Speed      : 40MHz

I (39) boot.esp32: SPI Mode       : DIO

I (42) boot.esp32: SPI Flash Size : 4MB

I (46) boot: Enabling RNG early entropy source...

I (50) boot: Partition Table:

I (53) boot: ## Label            Usage          Type ST Offset   Length

I (59) boot:  0 nvs              WiFi data        01 02 00009000 00006000

I (66) boot:  1 phy_init         RF data          01 01 0000f000 00001000

I (72) boot:  2 factory          factory app      00 00 00010000 00140000

I (79) boot:  3 offline_events   Unknown data     01 83 00150000 00200000

I (85) boot:  4 nvs_settings     WiFi data        01 02 00350000 00004000

I (92) boot:  5 spiffs           Unknown data     01 82 00360000 00010000

I (98) boot: End of partition table

I (102) esp_image: segment 0: paddr=00010020 vaddr=3f400020 size=2c9d0h (182736) map

I (174) esp_image: segment 1: paddr=0003c9f8 vaddr=3ffb0000 size=03620h ( 13856) load

I (180) esp_image: segment 2: paddr=00040020 vaddr=400d0020 size=cc920h (837920) map

I (479) esp_image: segment 3: paddr=0010c948 vaddr=3ffb3620 size=00ca8h (  3240) load

I (480) esp_image: segment 4: paddr=0010d5f8 vaddr=40080000 size=17b6ch ( 97132) load

I (522) esp_image: segment 5: paddr=0012516c vaddr=50000000 size=000b0h (   176) load

I (534) boot: Loaded app from partition at offset 0x10000

I (534) boot: Disabling RNG early entropy source...

I (545) cpu_start: Multicore app

I (553) cpu_start: GPIO 3 and 1 are used as console UART I/O pins

I (553) cpu_start: Pro cpu start user code

I (553) cpu_start: cpu freq: 160000000 Hz

I (555) app_init: Application information:

I (559) app_init: Project name:     lighthouse

I (563) app_init: App version:      247bed0-dirty

I (568) app_init: Compile time:     May 11 2026 22:26:17

I (573) app_init: ELF file SHA256:  e6e60d7b7...

I (577) app_init: ESP-IDF:          v6.1-dev-1054-g487551888a

I (583) efuse_init: Min chip rev:     v0.0

I (586) efuse_init: Max chip rev:     v3.99 

I (590) efuse_init: Chip rev:         v3.1

I (595) heap_init: Initializing. RAM available for dynamic allocation:

I (601) heap_init: At 3FFAE6E0 len 00001920 (6 KiB): DRAM

I (606) heap_init: At 3FFBDA10 len 000225F0 (137 KiB): DRAM

I (611) heap_init: At 3FFE0440 len 00003AE0 (14 KiB): D/IRAM

I (616) heap_init: At 3FFE4350 len 0001BCB0 (111 KiB): D/IRAM

I (622) heap_init: At 40097B6C len 00008494 (33 KiB): IRAM

I (628) spi_flash: detected chip: boya

I (630) spi_flash: flash io: dio

I (635) main_task: Started on CPU0

I (645) main_task: Calling app_main()

I (645) MAIN: вввввввввввввввввввввввввввввввввввв

I (645) MAIN:   ESP32 Attendance System

I (645) MAIN:   with UHF RFID Reader + WiFi

I (655) MAIN: вввввввввввввввввв•ђвввввввввввввввввв



I (665) IO_CTRL: Initializing GPIO...

I (665) IO_CTRL: GPIO initialized

I (675) IO_CTRL:   LED1 (WiFi+MQTT): GPIO 4

I (675) IO_CTRL:   LED2 (IR mode):   GPIO 21

I (675) IO_CTRL:   LED3 (Scanning):  GPIO 26

I (685) IO_CTRL:   LED4 (Activity):  GPIO 25

I (685) IO_CTRL:   IR Sensor: GPIO 19 (burst duration: 5000 ms)

I (695) BATTERY_MONITOR: Initializing battery monitor

I (695) BATTERY_MONITOR: ADC calibration scheme: curve fitting

I (705) BATTERY_MONITOR: Battery monitor initialized

I (705) BATTERY_MONITOR:   Battery ADC: GPIO33 (ADC1_CH5, 12dB attenuation, 16-sample average)

I (715) BATTERY_MONITOR:   USB detect: GPIO32 (dig
tqqq=ets Jul 29 2019 12:21:46



rst:0x1 (POWERON_RESET),boot:0x16 (SPI_FAST_FLASH_BOOT)

configsip: 0, SPIWP:0xee

clk_drv:0x00,q_drv:0x00,d_drv:0x00,cs0_drv:0x00,hd_drv:0x00,wp_drv:0x00

mode:DIO, clock div:2

load:0x3fff0040,len:6376

load:0x40078000,len:15900

ho 0 tail 12 room 4

load:0x40080400,len:3920

entry 0x40080644

I (29) boot: ESP-IDF v6.1-dev-1054-g487551888a 2nd stage bootloader

I (29) boot: compile time May 11 2026 22:25:41

I (29) boot: Multicore bootloader

I (32) boot: chip revision: v3.1

I (35) boot.esp32: SPI Speed      : 40MHz

I (39) boot.esp32: SPI Mode       : DIO

I (42) boot.esp32: SPI Flash Size : 4MB

I (46) boot: Enabling RNG early entropy source...

I (50) boot: Partition Table:

I (53) boot: ## Label            Usage          Type ST Offset   Length

I (59) boot:  0 nvs              WiFi data        01 02 00009000 00006000

I (66) boot:  1 phy_init         RF data          01 01 0000f000 00001000

I (72) boot:  2 factory          factory app      00 00 00010000 00140000

I (79) boot:  3 offline_events   Unknown data     01 83 00150000 00200000

I (85) boot:  4 nvs_settings     WiFi data        01 02 00350000 00004000

I (92) boot:  5 spiffs           Unknown data     01 82 00360000 00010000

I (98) boot: End of partition table

I (102) esp_image: segment 0: paddr=00010020 vaddr=3f400020 size=2c9d0h (182736) map

I (174) esp_image: segment 1: paddr=0003c9f8 vaddr=3ffb0000 size=03620h ( 13856) load

I (180) esp_image: segment 2: paddr=00040020 vaddr=400d0020 size=cc920h (837920) map

I (479) esp_image: segment 3: paddr=0010c948 vaddr=3ffb3620 size=00ca8h (  3240) load

I (480) esp_image: segment 4: paddr=0010d5f8 vaddr=40080000 size=17b6ch ( 97132) load

I (522) esp_image: segment 5: paddr=0012516c vaddr=50000000 size=000b0h (   176) load

I (534) boot: Loaded app from partition at offset 0x10000

I (534) boot: Disabling RNG early entropy source...

I (545) cpu_start: Multicore app

I (553) cpu_start: GPIO 3 and 1 are used as console UART I/O pins

I (553) cpu_start: Pro cpu start user code

I (553) cpu_start: cpu freq: 160000000 Hz

I (555) app_init: Application information:

I (559) app_init: Project name:     lighthouse

I (563) app_init: App version:      845a89f-dirty

I (568) app_init: Compile time:     May 11 2026 22:41:26

I (573) app_init: ELF file SHA256:  ff9075c30...

I (577) app_init: ESP-IDF:          v6.1-dev-1054-g487551888a

I (583) efuse_init: Min chip rev:     v0.0

I (586) efuse_init: Max chip rev:     v3.99 

I (590) efuse_init: Chip rev:         v3.1

I (595) heap_init: Initializing. RAM available for dynamic allocation:

I (601) heap_init: At 3FFAE6E0 len 00001920 (6 KiB): DRAM

I (606) heap_init: At 3FFBDA10 len 000225F0 (137 KiB): DRAM

I (611) heap_init: At 3FFE0440 len 00003AE0 (14 KiB): D/IRAM

I (616) heap_init: At 3FFE4350 len 0001BCB0 (111 KiB): D/IRAM

I (622) heap_init: At 40097B6C len 00008494 (33 KiB): IRAM

I (628) spi_flash: detected chip: boya

I (630) spi_flash: flash io: dio

I (635) main_task: Started on CPU0

I (645) main_task: Calling app_main()

I (645) MAIN: в•ђвввв•ђввввввввввв•ђвввв•ђвввв•ђвввв•ђвввввввв

I (645) MAIN:   ESP32 Attendance System

I (645) MAIN:   with UHF RFID Reader + WiFi

I (655) MAIN: вввв•ђвввв•ђввввввввввв•ђвввв•ђвввв•ђвввв•ђввввв



I (665) IO_CTRL: Initializing GPIO...

I (665) IO_CTRL: GPIO initialized

I (675) IO_CTRL:   LED1 (WiFi+MQTT): GPIO 4

I (675) IO_CTRL:   LED2 (IR mode):   GPIO 21

I (675) IO_CTRL:   LED3 (Scanning):  GPIO 26

I (685) IO_CTRL:   LED4 (Activity):  GPIO 25

I (685) IO_CTRL:   IR Sensor: GPIO 19 (burst duration: 5000 ms)

I (695) BATTERY_MONITOR: Initializing battery monitor

I (695) BATTERY_MONITOR: ADC calibration scheme: curve fitting

I (705) BATTERY_MONITOR: Battery monitor initialized

I (705) BATTERY_MONITOR:   Battery ADC: GPIO33 (ADC1_CH5, 12dB attenuation, 16-sample average)

I (715) BATTERY_MONITOR:   USB detect: GPIO32 (digital input)

I (725) BATTERY_MONITOR:   Voltage divider: 100k/120k (ratio 0.545)

I (725) MAIN: Initializing WiFi provisioning system...

I (735) WIFI_PROV: Initializing WiFi provisioning system

I (775) SETTINGS_STORAGE: Initializing WiFi settings storage

I (785) SETTINGS_STORAGE: WiFi settings storage initialized successfully

I (785) SETTINGS_STORAGE: MQTT settings storage initialized successfully

I (785) WIFI_PROV: Boot state: setup_requested=0, is_configured=1

I (795) SETTINGS_STORAGE: Credentials loaded successfully (SSID: Cudy-308D)

I (795) WIFI_PROV: Loaded saved credentials for SSID: Cudy-308D

I (805) WIFI_PROV: Device configured - ready to connect

I (805) WIFI_PROV: WiFi provisioning initialized, state: CONNECTED

I (815) MAIN: Initializing WiFi...

I (815) WIFI_MGR: Initializing WiFi manager...

I (825) WIFI_MGR:   вњ“ NVS flash initialized

I (825) WIFI_MGR:   вњ“ Network interface (lwIP) initialized

I (835) WIFI_MGR:   в Event loop created

I (835) WIFI_MGR:   в WiFi STA interface created

I (855) wifi:wifi driver task: 3ffc6018, prio:23, stack:6656, core=0

I (865) wifi:wifi firmware version: ea01844

I (875) wifi:wifi certification version: v7.0

I (875) wifi:config NVS flash: enabled

I (875) wifi:config nano formatting: disabled

I (875) wifi:Init data frame dynamic rx buffer num: 32

I (875) wifi:Init static rx mgmt buffer num: 5

I (885) wifi:Init management short buffer num: 32

I (885) wifi:Init dynamic tx buffer num: 32

I (895) wifi:Init static rx buffer size: 1600

I (895) wifi:Init static rx buffer num: 10

I (895) wifi:Init dynamic rx buffer num: 32

I (905) wifi_init: rx ba win: 6

I (905) wifi_init: accept mbox: 6

I (905) wifi_init: tcpip mbox: 32

I (915) wifi_init: udp mbox: 6

I (915) wifi_init: tcp mbox: 6

I (915) wifi_init: tcp tx win: 5760

I (925) wifi_init: tcp rx win: 5760

I (925) wifi_init: tcp mss: 1440

I (925) wifi_init: WiFi IRAM OP enabled

I (935) wifi_init: WiFi RX IRAM OP enabled

I (935) WIFI_MGR:   в WiFi driver initialized

I (935) WIFI_MGR:   в Event group created

I (945) WIFI_MGR:   в Event handlers registered

I (945) WIFI_MGR:   в WiFi mode set to STA (Station)

I (955) SETTINGS_STORAGE: Credentials loaded successfully (SSID: Cudy-308D)

I (955) WIFI_MGR:   в Using saved WiFi credentials: Cudy-308D

I (965) WIFI_MGR:   в WiFi credentials configured

I (975) phy_init: phy_version 4863,a3a4459,Oct 28 2025,14:30:06

I (1055) wifi:mode : sta (00:70:07:25:15:00)

I (1055) wifi:enable tsf

I (1055) WIFI_MGR:   в WiFi driver started

W (1065) wifi:Haven't to connect to a suitable AP now!

I (1065) WIFI_MGR: WiFi driver started, connecting to AP...

E (1065) wifi:sta is connecting, return error

I (1075) WIFI_MGR: WiFi manager initialized successfully

I (1075) WIFI_MGR: Waiting for connection...

W (3485) WIFI_MGR: Disconnected from AP (reason: 201)

I (3485) WIFI_MGR: Retrying connection (1/5)...

I (3495) wifi:new:<11,0>, old:<1,0>, ap:<255,255>, sta:<11,0>, prof:6, snd_ch_cfg:0x0

I (3495) wifi:state: init -> auth (0xb0)

I (3505) wifi:state: auth -> init (0x100)

I (3515) wifi:new:<11,0>, old:<11,0>, ap:<255,255>, sta:<11,0>, prof:6, snd_ch_cfg:0x0

W (3515) WIFI_MGR: Disconnected from AP (reason: 202)

I (3515) WIFI_MGR: Retrying connection (2/5)...

W (5935) WIFI_MGR: Disconnected from AP (reason: 205)

I (5935) WIFI_MGR: Retrying connection (3/5)...

I (5955) wifi:new:<11,0>, old:<11,0>, ap:<255,255>, sta:<11,0>, prof:6, snd_ch_cfg:0x0

I (5955) wifi:state: init -> auth (0xb0)

I (6035) wifi:state: auth -> assoc (0x0)

I (6055) wifi:state: assoc -> run (0x10)

I (6185) wifi:connected with Cudy-308D, aid = 1, channel 11, BW20, bssid = 80:af:ca:c4:30:8d

I (6185) wifi:security: WPA2-PSK, phy: bgn, rssi: -70

I (6185) wifi:pm start, type: 1



I (6185) wifi:dp: 1, bi: 102400, li: 3, scale listen interval from 307200 us to 307200 us

I (6195) WIFI_MGR: Connected to AP: Cudy-308D (channel 11)

I (6345) wifi:AP's beacon interval = 102400 us, DTIM period = 3

I (6675) wifi:<ba-add>idx:0 (ifx:0, 80:af:ca:c4:30:8d), tid:6, ssn:0, winSize:64

I (7685) esp_netif_handlers: sta ip: 192.168.10.72, mask: 255.255.255.0, gw: 192.168.10.1

I (7685) WIFI_MGR: Got IP address: 192.168.10.72

I (7685) WIFI_MGR: Gateway: 192.168.10.1

I (7685) WIFI_MGR: Netmask: 255.255.255.0

I (7695) WIFI_MGR: в Connected to WiFi successfully

I (7695) MAIN: в•ђвввв•ђвввв•ђввввввввввв•ђвввв•ђвввв•ђвввв•ђвввв•ђ

I (7705) MAIN:   WiFi Connected Successfully!

I (7705) MAIN:   IP Address: 192.168.10.72

I (7715) MAIN:   Gateway: 192.168.10.1

I (7715) MAIN:   Netmask: 255.255.255.0

I (7725) MAIN:   Signal Strength: -70 dBm

I (7725) MAIN:   Signal Quality: Fair

I (7725) MAIN: ввввввввв•ђвввв•ђвввв•ђвввв•ђввввввввввв•ђвввв•ђ



I (7745) SETTINGS_STORAGE: Loaded MQTT config: 192.168.10.200:1883

I (7745) MAIN: Initializing SNTP time synchronization (server: 192.168.10.200)...

I (7755) TIME_SYNC: Initializing time sync with NTP server: 192.168.10.200

I (7755) TIME_SYNC: Timezone set: CET-1CEST,M3.5.0,M10.5.0/3

I (7765) TIME_SYNC: NVS time loaded: last_unix_s=1778530264, last_uptime_ms=12210 -> TIME_QUALITY_ESTIMATED

I (7775) TIME_SYNC: SNTP client started (server=192.168.10.200, mode=POLL)

I (7775) TIME_SYNC: Initial time quality: ESTIMATED

I (7785) TIME_SYNC: Waiting up to 5000 ms for SNTP sync...

W (12785) TIME_SYNC: SNTP sync timeout в continuing with quality=ESTIMATED

I (12785) MAIN: Time sync complete. Quality: ESTIMATED

I (12785) MAIN: Initializing MQTT client...

I (12785) MQTT_CLIENT: Initializing MQTT client...

I (12795) MQTT_CLIENT: Device MAC: 00:70:07:25:15:00

I (12795) MQTT_CLIENT:   в Device MAC initialized: 00:70:07:25:15:00

I (12805) MQTT_CLIENT:   в Event group created

I (12805) SETTINGS_STORAGE: Loaded MQTT config: 192.168.10.200:1883

I (12815) MQTT_CLIENT:   в Loaded broker config: mqtt://192.168.10.200:1883

I (12815) MQTT_CLIENT:   в MQTT configuration created

I (12825) MQTT_CLIENT:     Broker: mqtt://192.168.10.200:1883

I (12825) MQTT_CLIENT:     Client ID: 00:70:07:25:15:00

I (12835) MQTT_CLIENT:     LWT Topic: attendance/lighthouse/00:70:07:25:15:00/status

I (12845) MQTT_CLIENT:   в MQTT client initialized

I (12845) MQTT_CLIENT:   в Event handler registered

I (12855) MQTT_CLIENT: Connecting to MQTT broker...

I (12855) MQTT_CLIENT:   в MQTT client started

I (12855) MQTT_CLIENT: Scan batch interval: 150 ms

I (12865) MQTT_CLIENT: MQTT client initialized successfully

I (12865) MQTT_CLIENT: Waiting for connection to broker...

E (13365) esp-tls: [sock=54] select() timeout

E (13365) transport_base: Failed to open a new connection: 32774

E (13365) mqtt_client: Error transport connect

E (13365) MQTT_CLIENT: MQTT Error occurred

E (13365) MQTT_CLIENT: TCP transport error

W (13375) MQTT_CLIENT: Disconnected from MQTT broker

I (14875) wifi:<ba-add>idx:1 (ifx:0, 80:af:ca:c4:30:8d), tid:0, ssn:2, winSize:64

I (14885) TIME_SYNC: Persisted time to NVS: unix_s=1778532269, uptime_ms=14251

I (14885) TIME_SYNC: SNTP sync successful: 2026-05-11 22:44:29 CEST (unix=1778532269)

I (19375) MQTT_CLIENT: Connecting to MQTT broker...

E (19885) esp-tls: [sock=54] select() timeout

E (19885) transport_base: Failed to open a new connection: 32774

E (19885) mqtt_client: Error transport connect

E (19885) MQTT_CLIENT: MQTT Error occurred

E (19885) MQTT_CLIENT: TCP transport error

W (19895) MQTT_CLIENT: Disconnected from MQTT broker

W (22875) MQTT_CLIENT: в MQTT connection timeout

W (22875) MAIN: MQTT connection timeout

W (22875) MAIN: Broker will auto-reconnect when available

W (22875) MAIN: Continuing without MQTT...



I (22875) MAIN: Initializing offline event logger...

I (22885) OFFLINE_LOGGER: Initializing offline event logger...

I (22895) OFFLINE_LOGGER: LittleFS partition mounted at /offline_events

I (22905) OFFLINE_LOGGER: Partition size: 2048 KB, used: 256 KB (87% free)

I (22915) OFFLINE_LOGGER: Events file opened: /offline_events/events.bin

I (22915) OFFLINE_LOGGER: Pointers restored from NVS after power loss: write=143, read=109

I (22915) OFFLINE_LOGGER: Seq counter restored from NVS: 838

I (22925) OFFLINE_LOGGER: Logging task started

I (22925) OFFLINE_LOGGER: в•ђвввв•ђвввв•ђввввввввввв•ђвввв•ђвввв•ђвввв•ђвввв

I (22935) OFFLINE_LOGGER:   Offline Event Logger Ready!

I (22945) OFFLINE_LOGGER:   Max capacity: 43690 events

I (22945) OFFLINE_LOGGER:   Pending events: 34

I (22955) OFFLINE_LOGGER: вв•ђвввв•ђввввввввввв•ђвввв•ђвввв•ђвввв•ђввввввв



I (22965) RFID: Initializing RFID reader...

I (22965) RFID: Power control configured on GPIO5 (initial: OFF)

I (22975) RFID: Power sense configured on GPIO18

I (22975) RFID: RX task started (real-time inventory mode)

I (22985) RFID: Health check task started (interval=60000 ms)

I (22985) RFID: RFID reader initialized (UART2, TX=17, RX=16, Baud=115200)

I (22995) RFID: Powering ON RFID reader (GPIO5 HIGH)...

I (23105) RFID: Performing startup handshake...

I (24635) RFID: Firmware version: 129.3

I (24635) RFID: в Reader handshake successful - firmware v129.3

I (24635) RFID: Correctly performed version handshake

I (25685) RFID: Beeper mode set to 0x00 (persisted to flash)

I (25685) RFID: Correctly set beeper mode

I (25685) RFID: Powering OFF RFID reader (GPIO5 LOW)...

I (25685) RFID: в Reader powered OFF (sleep mode <100ВµA)

I (25785) MAIN: Powering ON RFID reader for initial configuration...

I (25785) RFID: Powering ON RFID reader (GPIO5 HIGH)...

I (25895) MQTT_CLIENT: Connecting to MQTT broker...

I (25915) MQTT_CLIENT: в Connected to MQTT broker

I (25915) MQTT_CLIENT: Published online status to attendance/lighthouse/00:70:07:25:15:00/status

I (25925) MQTT_CLIENT: Subscribed to ACK topic: attendance/lighthouse/00:70:07:25:15:00/ack

I (25925) MQTT_CLIENT: в•ђвввв•ђввввввввввв•ђвввв•ђвввв•ђвввв•ђвввв•ђвввв

I (25935) MQTT_CLIENT:   Network Restored!

I (25945) MQTT_CLIENT:   Found 34 offline events to replay

I (25945) MQTT_CLIENT: вввввввввв•ђвввв•ђвввв•ђвввв•ђввввввввввв•ђввв

I (25955) OFFLINE_LOGGER: Starting replay of 34 events...

I (25965) MQTT_CLIENT: Offline event replay initiated

I (25965) OFFLINE_LOGGER: Replay task started (grace period: 5 seconds)

I (25975) OFFLINE_LOGGER: Waiting 5 seconds before starting replay...

I (25975) MQTT_CLIENT: Subscription acknowledged (msg_id=15422)

I (26285) MAIN: Resetting RFID reader...

I (26285) RFID: Resetting reader module...

I (26285) RFID: Reset sent (module will beep and restart)

I (28285) MAIN: Configuring reader for maximum range...

I (29315) RFID: Power confirmed at 25 dBm

I (29315) MAIN:   в Power set to 25 dBm

I (29515) RFID: Set frequency region=0x01, range=0x07-0x3B

I (29515) MAIN:   в Frequency set to FCC (902-928 MHz)

I (29715) MAIN: Powering OFF RFID reader until scanning requested...

I (29715) RFID: Powering OFF RFID reader (GPIO5 LOW)...

I (29715) RFID: в Reader powered OFF (sleep mode <100ВA)

I (29715) MAIN: Configuration complete!



I (29715) MAIN: System ready!

I (29725) MAIN:   Press BUTTON1 to start/stop scanning

I (29725) MAIN:   Press BUTTON2 to show statistics

I (29735) MAIN:   RFID power control on GPIO5, sense on GPIO22



I (29735) MAIN: Main task started

I (29745) main_task: Returned from app_main()

I (30985) OFFLINE_LOGGER: Starting event replay...

I (30985) MQTT_CLIENT: Published sync/start: 34 events

I (30985) MQTT_CLIENT: Replaying offline event: EPC=E280... (detected @ 257349 ms, rtc_s=0, quality=0)

I (30995) MQTT_CLIENT: Replayed offline event: E28011704000021D53DAB0CB timeBasis=relative ts=257349 (msg_id=15025)

I (31005) OFFLINE_LOGGER: Replayed event seqNo=804 (1/34)

I (31015) MQTT_CLIENT: Replaying offline event: EPC=E280... (detected @ 262274 ms, rtc_s=0, quality=0)

I (31015) MQTT_CLIENT: Replayed offline event: E28011704000021D53DAB0CB timeBasis=relative ts=262274 (msg_id=14821)

I (31025) OFFLINE_LOGGER: Replayed event seqNo=805 (2/34)

I (31035) MQTT_CLIENT: Replaying offline event: EPC=E280... (detected @ 267185 ms, rtc_s=0, quality=0)

I (31035) MQTT_CLIENT: Replayed offline event: E28011704000021D53DAB0CB timeBasis=relative ts=267185 (msg_id=36047)

I (31045) OFFLINE_LOGGER: Replayed event seqNo=806 (3/34)

I (31065) MQTT_CLIENT: Replaying offline event: EPC=E280... (detected @ 272067 ms, rtc_s=0, quality=0)

I (31065) MQTT_CLIENT: Replayed offline event: E28011704000021D53DAB0CB timeBasis=relative ts=272067 (msg_id=19935)

I (31075) OFFLINE_LOGGER: Replayed event seqNo=807 (4/34)

I (31085) MQTT_CLIENT: Replaying offline event: EPC=E280... (detected @ 276712 ms, rtc_s=0, quality=0)

I (31085) MQTT_CLIENT: Replayed offline event: E28011704000021D53DAB0CB timeBasis=relative ts=276712 (msg_id=56324)

I (31095) OFFLINE_LOGGER: Replayed event seqNo=808 (5/34)

I (31115) MQTT_CLIENT: Replaying offline event: EPC=E280... (detected @ 281323 ms, rtc_s=0, quality=0)

I (31115) MQTT_CLIENT: Replayed offline event: E28011704000021D53DAB0CB timeBasis=relative ts=281323 (msg_id=27649)

I (31125) OFFLINE_LOGGER: Replayed event seqNo=809 (6/34)

I (31135) MQTT_CLIENT: Replaying offline event: EPC=E280... (detected @ 286224 ms, rtc_s=0, quality=0)

I (31135) MQTT_CLIENT: Replayed offline event: E28011704000021D53DAB0CB timeBasis=relative ts=286224 (msg_id=10492)

I (31145) OFFLINE_LOGGER: Replayed event seqNo=810 (7/34)

I (31165) MQTT_CLIENT: Replaying offline event: EPC=E280... (detected @ 291133 ms, rtc_s=0, quality=0)

I (31165) MQTT_CLIENT: Replayed offline event: E28011704000021D53DAB0CB timeBasis=relative ts=291133 (msg_id=47522)

I (31175) OFFLINE_LOGGER: Replayed event seqNo=811 (8/34)

I (31185) MQTT_CLIENT: Replaying offline event: EPC=E280... (detected @ 296043 ms, rtc_s=0, quality=0)

I (31185) MQTT_CLIENT: Replayed offline event: E28011704000021D53DAB0CB timeBasis=relative ts=296043 (msg_id=47867)

I (31195) OFFLINE_LOGGER: Replayed event seqNo=812 (9/34)

I (31205) MQTT_CLIENT: Replaying offline event: EPC=E280... (detected @ 300953 ms, rtc_s=0, quality=0)

I (31205) MQTT_CLIENT: Replayed offline event: E28011704000021D53DAB0CB timeBasis=relative ts=300953 (msg_id=21802)

I (31215) OFFLINE_LOGGER: Replayed event seqNo=813 (10/34)

I (31235) MQTT_CLIENT: Replaying offline event: EPC=E280... (detected @ 305844 ms, rtc_s=0, quality=0)

I (31235) MQTT_CLIENT: Replayed offline event: E28011704000021D53DAB0CB timeBasis=relative ts=305844 (msg_id=50398)

I (31245) OFFLINE_LOGGER: Replayed event seqNo=814 (11/34)

I (31255) MQTT_CLIENT: Replaying offline event: EPC=E280... (detected @ 310443 ms, rtc_s=0, quality=0)

I (31255) MQTT_CLIENT: Replayed offline event: E28011704000021D53DAB0CB timeBasis=relative ts=310443 (msg_id=34318)

I (31265) OFFLINE_LOGGER: Replayed event seqNo=815 (12/34)

I (31285) MQTT_CLIENT: Replaying offline event: EPC=E280... (detected @ 315023 ms, rtc_s=0, quality=0)

I (31285) MQTT_CLIENT: Replayed offline event: E28011704000021D53DAB0CB timeBasis=relative ts=315023 (msg_id=3497)

I (31295) OFFLINE_LOGGER: Replayed event seqNo=816 (13/34)

I (31305) MQTT_CLIENT: Replaying offline event: EPC=E280... (detected @ 319892 ms, rtc_s=0, quality=0)

I (31305) MQTT_CLIENT: Replayed offline event: E28011704000021D53DAB0CB timeBasis=relative ts=319892 (msg_id=53284)

I (31315) OFFLINE_LOGGER: Replayed event seqNo=817 (14/34)

I (31335) MQTT_CLIENT: Replaying offline event: EPC=E280... (detected @ 324819 ms, rtc_s=0, quality=0)

I (31335) MQTT_CLIENT: Replayed offline event: E28011704000021D53DAB0CB timeBasis=relative ts=324819 (msg_id=53863)

I (31345) OFFLINE_LOGGER: Replayed event seqNo=818 (15/34)

I (31355) MQTT_CLIENT: Replaying offline event: EPC=E280... (detected @ 329760 ms, rtc_s=0, quality=0)

I (31355) MQTT_CLIENT: Replayed offline event: E28011704000021D53DAB0CB timeBasis=relative ts=329760 (msg_id=2293)

I (31365) OFFLINE_LOGGER: Replayed event seqNo=819 (16/34)

I (31385) MQTT_CLIENT: Replaying offline event: EPC=E280... (detected @ 334692 ms, rtc_s=0, quality=0)

I (31385) MQTT_CLIENT: Replayed offline event: E28011704000021D53DAB0CB timeBasis=relative ts=334692 (msg_id=46925)

I (31395) OFFLINE_LOGGER: Replayed event seqNo=820 (17/34)

I (31405) MQTT_CLIENT: Replaying offline event: EPC=E280... (detected @ 339582 ms, rtc_s=0, quality=0)

I (31405) MQTT_CLIENT: Replayed offline event: E28011704000021D53DAB0CB timeBasis=relative ts=339582 (msg_id=50432)

I (31415) MQTT_CLIENT: Received message on topic: attendance/lighthouse/00:70:07:25:15:00/ack

I (31425) OFFLINE_LOGGER: Replayed event seqNo=821 (18/34)

I (31425) MQTT_CLIENT: Payload: {"ackedSeqNo":804,"ts":"2026-05-11T20:44:45.306Z"}

I (31435) MQTT_CLIENT: Received ACK for seqNo 804

I (31445) MQTT_CLIENT: Replaying offline event: EPC=E280... (detected @ 344202 ms, rtc_s=0, quality=0)

I (31445) MQTT_CLIENT: Replayed offline event: E28011704000021D53DAB0CB timeBasis=relative ts=344202 (msg_id=16909)

I (31455) OFFLINE_LOGGER: Replayed event seqNo=822 (19/34)

I (31475) MQTT_CLIENT: Replaying offline event: EPC=E280... (detected @ 348805 ms, rtc_s=0, quality=0)

I (31475) MQTT_CLIENT: Replayed offline event: E28011704000021D53DAB0CB timeBasis=relative ts=348805 (msg_id=47869)

I (31485) OFFLINE_LOGGER: ACK seqNo=804: advanced 1 entries, 33 remaining

I (31485) OFFLINE_LOGGER: Replayed event seqNo=823 (20/34)

I (31505) MQTT_CLIENT: Replaying offline event: EPC=E280... (detected @ 353712 ms, rtc_s=0, quality=0)

I (31505) MQTT_CLIENT: Replayed offline event: E28011704000021D53DAB0CB timeBasis=relative ts=353712 (msg_id=51388)

I (31515) OFFLINE_LOGGER: Replayed event seqNo=824 (21/34)

I (31525) MQTT_CLIENT: Replaying offline event: EPC=E280... (detected @ 358587 ms, rtc_s=0, quality=0)

I (31525) MQTT_CLIENT: Replayed offline event: E28011704000021D53DAB0CB timeBasis=relative ts=358587 (msg_id=6258)

I (31535) OFFLINE_LOGGER: Replayed event seqNo=825 (22/34)

I (31555) MQTT_CLIENT: Replaying offline event: EPC=E280... (detected @ 363487 ms, rtc_s=0, quality=0)

I (31555) MQTT_CLIENT: Replayed offline event: E28011704000021D53DAB0CB timeBasis=relative ts=363487 (msg_id=60366)

I (31565) OFFLINE_LOGGER: Replayed event seqNo=826 (23/34)

I (31575) MQTT_CLIENT: Replaying offline event: EPC=E280... (detected @ 368387 ms, rtc_s=0, quality=0)

I (31575) MQTT_CLIENT: Replayed offline event: E28011704000021D53DAB0CB timeBasis=relative ts=368387 (msg_id=8355)

I (31585) OFFLINE_LOGGER: Replayed event seqNo=827 (24/34)

I (31605) MQTT_CLIENT: Replaying offline event: EPC=E280... (detected @ 373287 ms, rtc_s=0, quality=0)

I (31605) MQTT_CLIENT: Replayed offline event: E28011704000021D53DAB0CB timeBasis=relative ts=373287 (msg_id=41816)

I (31615) OFFLINE_LOGGER: Replayed event seqNo=828 (25/34)

I (31625) MQTT_CLIENT: Replaying offline event: EPC=E280... (detected @ 377877 ms, rtc_s=0, quality=0)

I (31625) MQTT_CLIENT: Replayed offline event: E28011704000021D53DAB0CB timeBasis=relative ts=377877 (msg_id=65381)

I (31635) OFFLINE_LOGGER: Replayed event seqNo=829 (26/34)

I (31655) MQTT_CLIENT: Replaying offline event: EPC=E280... (detected @ 382457 ms, rtc_s=0, quality=0)

I (31655) MQTT_CLIENT: Replayed offline event: E28011704000021D53DAB0CB timeBasis=relative ts=382457 (msg_id=62545)

I (31655) OFFLINE_LOGGER: Replayed event seqNo=830 (27/34)

I (31675) MQTT_CLIENT: Replaying offline event: EPC=E280... (detected @ 387337 ms, rtc_s=0, quality=0)

I (31675) MQTT_CLIENT: Replayed offline event: E28011704000021D53DAB0CB timeBasis=relative ts=387337 (msg_id=60962)

I (31685) OFFLINE_LOGGER: Replayed event seqNo=831 (28/34)

I (31695) MQTT_CLIENT: Replaying offline event: EPC=E280... (detected @ 392302 ms, rtc_s=0, quality=0)

I (31695) MQTT_CLIENT: Replayed offline event: E28011704000021D53DAB0CB timeBasis=relative ts=392302 (msg_id=11585)

I (31705) OFFLINE_LOGGER: Replayed event seqNo=832 (29/34)

I (31725) MQTT_CLIENT: Replaying offline event: EPC=E280... (detected @ 397197 ms, rtc_s=0, quality=0)

I (31725) MQTT_CLIENT: Replayed offline event: E28011704000021D53DAB0CB timeBasis=relative ts=397197 (msg_id=7608)

I (31735) OFFLINE_LOGGER: Replayed event seqNo=833 (30/34)

I (31745) MQTT_CLIENT: Replaying offline event: EPC=E280... (detected @ 402117 ms, rtc_s=0, quality=0)

I (31755) MQTT_CLIENT: Replayed offline event: E28011704000021D53DAB0CB timeBasis=relative ts=402117 (msg_id=57082)

I (31755) OFFLINE_LOGGER: Replayed event seqNo=834 (31/34)

I (31755) MQTT_CLIENT: Received message on topic: attendance/lighthouse/00:70:07:25:15:00/ack

I (31775) MQTT_CLIENT: Payload: {"ackedSeqNo":805,"ts":"2026-05-11T20:44:45.704Z"}

I (31775) MQTT_CLIENT: Received ACK for seqNo 805

I (31785) MQTT_CLIENT: Replaying offline event: EPC=E280... (detected @ 407007 ms, rtc_s=0, quality=0)

I (31805) MQTT_CLIENT: Replayed offline event: E28011704000021D53DAB0CB timeBasis=relative ts=407007 (msg_id=1409)

I (31805) OFFLINE_LOGGER: Replayed event seqNo=835 (32/34)

I (31805) MQTT_CLIENT: Received message on topic: attendance/lighthouse/00:70:07:25:15:00/ack

I (31815) MQTT_CLIENT: Payload: {"ackedSeqNo":806,"ts":"2026-05-11T20:44:46.017Z"}

I (31825) MQTT_CLIENT: Replaying offline event: EPC=E280... (detected @ 411629 ms, rtc_s=0, quality=0)

I (31825) MQTT_CLIENT: Received ACK for seqNo 806

I (31845) OFFLINE_LOGGER: ACK seqNo=805: advanced 1 entries, 32 remaining

I (31845) OFFLINE_LOGGER: ACK seqNo=806: advanced 1 entries, 31 remaining

I (31845) MQTT_CLIENT: Replayed offline event: E28011704000021D53DAB0CB timeBasis=relative ts=411629 (msg_id=51095)

I (31855) MQTT_CLIENT: Received message on topic: attendance/lighthouse/00:70:07:25:15:00/ack

I (31865) OFFLINE_LOGGER: Replayed event seqNo=836 (33/34)

I (31865) MQTT_CLIENT: Payload: {"ackedSeqNo":807,"ts":"2026-05-11T20:44:46.042Z"}

I (31885) MQTT_CLIENT: Received ACK for seqNo 807

I (31895) MQTT_CLIENT: Replaying offline event: EPC=E280... (detected @ 416207 ms, rtc_s=0, quality=0)

I (31895) MQTT_CLIENT: Received message on topic: attendance/lighthouse/00:70:07:25:15:00/ack

I (31905) OFFLINE_LOGGER: ACK seqNo=807: advanced 1 entries, 30 remaining

I (31905) MQTT_CLIENT: Payload: {"ackedSeqNo":808,"ts":"2026-05-11T20:44:46.061Z"}

I (31915) MQTT_CLIENT: Received ACK for seqNo 808

I (31925) MQTT_CLIENT: Replayed offline event: E28011704000021D53DAB0CB timeBasis=relative ts=416207 (msg_id=44228)

I (31935) OFFLINE_LOGGER: Replayed event seqNo=837 (34/34)

I (31935) MQTT_CLIENT: Received message on topic: attendance/lighthouse/00:70:07:25:15:00/ack

I (31945) MQTT_CLIENT: Payload: {"ackedSeqNo":809,"ts":"2026-05-11T20:44:46.081Z"}

I (31955) OFFLINE_LOGGER: Replay complete! Replayed 34 events in 970 ms

I (31955) MQTT_CLIENT: Received ACK for seqNo 809

I (31975) OFFLINE_LOGGER: ACK seqNo=808: advanced 1 entries, 29 remaining

I (31975) OFFLINE_LOGGER: ACK seqNo=809: advanced 1 entries, 28 remaining

I (32175) MQTT_CLIENT: Received message on topic: attendance/lighthouse/00:70:07:25:15:00/ack

I (32175) MQTT_CLIENT: Payload: {"ackedSeqNo":810,"ts":"2026-05-11T20:44:46.218Z"}

I (32185) MQTT_CLIENT: Received ACK for seqNo 810

I (32195) MQTT_CLIENT: Received message on topic: attendance/lighthouse/00:70:07:25:15:00/ack

I (32195) MQTT_CLIENT: Payload: {"ackedSeqNo":812,"ts":"2026-05-11T20:44:46.226Z"}

I (32205) MQTT_CLIENT: Received ACK for seqNo 812

I (32215) MQTT_CLIENT: Received message on topic: attendance/lighthouse/00:70:07:25:15:00/ack

I (32215) MQTT_CLIENT: Payload: {"ackedSeqNo":811,"ts":"2026-05-11T20:44:46.227Z"}

I (32225) MQTT_CLIENT: Received ACK for seqNo 811

I (32235) OFFLINE_LOGGER: ACK seqNo=810: advanced 1 entries, 27 remaining

I (32235) OFFLINE_LOGGER: ACK seqNo=812: advanced 2 entries, 25 remaining

I (32245) OFFLINE_LOGGER: ACK seqNo=811: advanced 0 entries, 25 remaining

I (32575) MQTT_CLIENT: Received message on topic: attendance/lighthouse/00:70:07:25:15:00/ack

I (32575) MQTT_CLIENT: Payload: {"ackedSeqNo":813,"ts":"2026-05-11T20:44:46.242Z"}

I (32585) MQTT_CLIENT: Received ACK for seqNo 813

I (32595) MQTT_CLIENT: Received message on topic: attendance/lighthouse/00:70:07:25:15:00/ack

I (32595) MQTT_CLIENT: Payload: {"ackedSeqNo":814,"ts":"2026-05-11T20:44:46.248Z"}

I (32605) MQTT_CLIENT: Received ACK for seqNo 814

I (32605) OFFLINE_LOGGER: ACK seqNo=813: advanced 1 entries, 24 remaining

I (32615) OFFLINE_LOGGER: ACK seqNo=814: advanced 1 entries, 23 remaining

I (32655) MQTT_CLIENT: Received message on topic: attendance/lighthouse/00:70:07:25:15:00/ack

I (32655) MQTT_CLIENT: Payload: {"ackedSeqNo":817,"ts":"2026-05-11T20:44:46.532Z"}

I (32655) MQTT_CLIENT: Received ACK for seqNo 817

I (32665) MQTT_CLIENT: Received message on topic: attendance/lighthouse/00:70:07:25:15:00/ack

I (32675) MQTT_CLIENT: Payload: {"ackedSeqNo":819,"ts":"2026-05-11T20:44:46.538Z"}

I (32675) MQTT_CLIENT: Received ACK for seqNo 819

I (32685) MQTT_CLIENT: Received message on topic: attendance/lighthouse/00:70:07:25:15:00/ack

I (32685) MQTT_CLIENT: Payload: {"ackedSeqNo":815,"ts":"2026-05-11T20:44:46.538Z"}

I (32695) MQTT_CLIENT: Received ACK for seqNo 815

I (32705) MQTT_CLIENT: Received message on topic: attendance/lighthouse/00:70:07:25:15:00/ack

I (32705) MQTT_CLIENT: Payload: {"ackedSeqNo":816,"ts":"2026-05-11T20:44:46.538Z"}

I (32715) MQTT_CLIENT: Received ACK for seqNo 816

I (32725) OFFLINE_LOGGER: ACK seqNo=817: advanced 3 entries, 20 remaining

I (32725) MQTT_CLIENT: Received message on topic: attendance/lighthouse/00:70:07:25:15:00/ack

I (32735) OFFLINE_LOGGER: ACK seqNo=819: advanced 2 entries, 18 remaining

I (32735) MQTT_CLIENT: Payload: {"ackedSeqNo":818,"ts":"2026-05-11T20:44:46.545Z"}

I (32745) OFFLINE_LOGGER: ACK seqNo=815: advanced 0 entries, 18 remaining

I (32755) MQTT_CLIENT: Received ACK for seqNo 818

I (32755) OFFLINE_LOGGER: ACK seqNo=816: advanced 0 entries, 18 remaining

I (32765) MQTT_CLIENT: Received message on topic: attendance/lighthouse/00:70:07:25:15:00/ack

I (32765) OFFLINE_LOGGER: ACK seqNo=818: advanced 0 entries, 18 remaining

I (32775) MQTT_CLIENT: Payload: {"ackedSeqNo":820,"ts":"2026-05-11T20:44:46.565Z"}

I (32785) MQTT_CLIENT: Received ACK for seqNo 820

I (32795) MQTT_CLIENT: Received message on topic: attendance/lighthouse/00:70:07:25:15:00/ack

I (32805) MQTT_CLIENT: Payload: {"ackedSeqNo":821,"ts":"2026-05-11T20:44:46.565Z"}

I (32805) MQTT_CLIENT: Received ACK for seqNo 821

I (32835) MQTT_CLIENT: Received message on topic: attendance/lighthouse/00:70:07:25:15:00/ack

I (32835) MQTT_CLIENT: Payload: {"ackedSeqNo":823,"ts":"2026-05-11T20:44:46.870Z"}

I (32835) MQTT_CLIENT: Received ACK for seqNo 823

I (32845) OFFLINE_LOGGER: ACK seqNo=820: advanced 1 entries, 17 remaining

I (32845) MQTT_CLIENT: Received message on topic: attendance/lighthouse/00:70:07:25:15:00/ack

I (32855) OFFLINE_LOGGER: ACK seqNo=821: advanced 1 entries, 16 remaining

I (32855) MQTT_CLIENT: Payload: {"ackedSeqNo":822,"ts":"2026-05-11T20:44:46.872Z"}

I (32875) OFFLINE_LOGGER: ACK seqNo=823: advanced 2 entries, 14 remaining

I (32875) MQTT_CLIENT: Received ACK for seqNo 822

I (32885) MQTT_CLIENT: Received message on topic: attendance/lighthouse/00:70:07:25:15:00/ack

I (32895) MQTT_CLIENT: Payload: {"ackedSeqNo":824,"ts":"2026-05-11T20:44:46.872Z"}

I (32895) MQTT_CLIENT: Received ACK for seqNo 824

I (32905) MQTT_CLIENT: Received message on topic: attendance/lighthouse/00:70:07:25:15:00/ack

I (32915) MQTT_CLIENT: Payload: {"ackedSeqNo":825,"ts":"2026-05-11T20:44:46.872Z"}

I (32915) MQTT_CLIENT: Received ACK for seqNo 825

I (32925) OFFLINE_LOGGER: ACK seqNo=822: advanced 0 entries, 14 remaining

I (32945) OFFLINE_LOGGER: ACK seqNo=824: advanced 1 entries, 13 remaining

I (32945) OFFLINE_LOGGER: ACK seqNo=825: advanced 1 entries, 12 remaining

I (33625) MQTT_CLIENT: Received message on topic: attendance/lighthouse/00:70:07:25:15:00/ack

I (33625) MQTT_CLIENT: Payload: {"ackedSeqNo":827,"ts":"2026-05-11T20:44:46.917Z"}

I (33635) MQTT_CLIENT: Received ACK for seqNo 827

I (33645) MQTT_CLIENT: Received message on topic: attendance/lighthouse/00:70:07:25:15:00/ack

I (33645) MQTT_CLIENT: Payload: {"ackedSeqNo":828,"ts":"2026-05-11T20:44:46.919Z"}

I (33655) OFFLINE_LOGGER: ACK seqNo=827: advanced 2 entries, 10 remaining

I (33655) MQTT_CLIENT: Received ACK for seqNo 828

I (33665) MQTT_CLIENT: Received message on topic: attendance/lighthouse/00:70:07:25:15:00/ack

I (33675) MQTT_CLIENT: Payload: {"ackedSeqNo":826,"ts":"2026-05-11T20:44:46.919Z"}

I (33685) MQTT_CLIENT: Received ACK for seqNo 826

I (33685) MQTT_CLIENT: Received message on topic: attendance/lighthouse/00:70:07:25:15:00/ack

I (33695) MQTT_CLIENT: Payload: {"ackedSeqNo":829,"ts":"2026-05-11T20:44:46.919Z"}

I (33705) MQTT_CLIENT: Received ACK for seqNo 829

I (33705) MQTT_CLIENT: Received message on topic: attendance/lighthouse/00:70:07:25:15:00/ack

I (33715) MQTT_CLIENT: Payload: {"ackedSeqNo":830,"ts":"2026-05-11T20:44:46.919Z"}

I (33725) MQTT_CLIENT: Received ACK for seqNo 830

I (33725) OFFLINE_LOGGER: ACK seqNo=828: advanced 1 entries, 9 remaining

I (33735) OFFLINE_LOGGER: ACK seqNo=826: advanced 0 entries, 9 remaining

I (33735) OFFLINE_LOGGER: ACK seqNo=829: advanced 1 entries, 8 remaining

I (33755) OFFLINE_LOGGER: ACK seqNo=830: advanced 1 entries, 7 remaining

I (33905) MQTT_CLIENT: Received message on topic: attendance/lighthouse/00:70:07:25:15:00/ack

I (33905) MQTT_CLIENT: Payload: {"ackedSeqNo":832,"ts":"2026-05-11T20:44:46.922Z"}

I (33915) MQTT_CLIENT: Received ACK for seqNo 832

I (33925) MQTT_CLIENT: Received message on topic: attendance/lighthouse/00:70:07:25:15:00/ack

I (33925) MQTT_CLIENT: Payload: {"ackedSeqNo":831,"ts":"2026-05-11T20:44:46.923Z"}

I (33935) MQTT_CLIENT: Received ACK for seqNo 831

I (33935) MQTT_CLIENT: Received message on topic: attendance/lighthouse/00:70:07:25:15:00/ack

I (33945) MQTT_CLIENT: Payload: {"ackedSeqNo":833,"ts":"2026-05-11T20:44:46.939Z"}

I (33955) MQTT_CLIENT: Received ACK for seqNo 833

I (33965) OFFLINE_LOGGER: ACK seqNo=832: advanced 2 entries, 5 remaining

I (33965) OFFLINE_LOGGER: ACK seqNo=831: advanced 0 entries, 5 remaining

I (33975) OFFLINE_LOGGER: ACK seqNo=833: advanced 1 entries, 4 remaining

I (34225) MQTT_CLIENT: Received message on topic: attendance/lighthouse/00:70:07:25:15:00/ack

I (34225) MQTT_CLIENT: Payload: {"ackedSeqNo":834,"ts":"2026-05-11T20:44:47.961Z"}

I (34235) MQTT_CLIENT: Received ACK for seqNo 834

I (34245) MQTT_CLIENT: Received message on topic: attendance/lighthouse/00:70:07:25:15:00/ack

I (34245) MQTT_CLIENT: Payload: {"ackedSeqNo":836,"ts":"2026-05-11T20:44:47.962Z"}

I (34255) MQTT_CLIENT: Received ACK for seqNo 836

I (34265) MQTT_CLIENT: Received message on topic: attendance/lighthouse/00:70:07:25:15:00/ack

I (34265) MQTT_CLIENT: Payload: {"ackedSeqNo":822,"ts":"2026-05-11T20:44:47.962Z"}

I (34275) MQTT_CLIENT: Received ACK for seqNo 822

I (34285) MQTT_CLIENT: Received message on topic: attendance/lighthouse/00:70:07:25:15:00/ack

I (34285) OFFLINE_LOGGER: ACK seqNo=834: advanced 1 entries, 3 remaining

I (34285) MQTT_CLIENT: Payload: {"ackedSeqNo":837,"ts":"2026-05-11T20:44:47.962Z"}

I (34295) OFFLINE_LOGGER: ACK seqNo=836: advanced 2 entries, 1 remaining

I (34295) MQTT_CLIENT: Received ACK for seqNo 837

I (34305) OFFLINE_LOGGER: ACK seqNo=822: advanced 0 entries, 1 remaining

I (34315) MQTT_CLIENT: Received message on topic: attendance/lighthouse/00:70:07:25:15:00/ack

I (34325) OFFLINE_LOGGER: ACK seqNo=837: advanced 1 entries, 0 remaining

I (34325) MQTT_CLIENT: Payload: {"ackedSeqNo":835,"ts":"2026-05-11T20:44:47.962Z"}

I (34335) MQTT_CLIENT: Received ACK for seqNo 835

I (34345) MQTT_CLIENT: Published sync/complete (replay-task safety path)

I (34345) OFFLINE_LOGGER: ACK seqNo=835: advanced 0 entries, 0 remaining

I (34605) MQTT_CLIENT: Received message on topic: attendance/lighthouse/00:70:07:25:15:00/ack

I (34615) MQTT_CLIENT: Payload: {"ackedSeqNo":834,"ts":"2026-05-11T20:44:48.571Z"}

I (34615) MQTT_CLIENT: Received ACK for seqNo 834

I (34655) OFFLINE_LOGGER: ACK seqNo=834: advanced 0 entries, 0 remaining

I (34785) BATTERY_MONITOR: Battery: 3947mV (75%), USB: absent, Health: 3

I (39835) BATTERY_MONITOR: Battery: 3919mV (72%), USB: absent, Health: 3

I (44885) BATTERY_MONITOR: Battery: 3943mV (75%), USB: absent, Health: 3

I (49935) BATTERY_MONITOR: Battery: 3943mV (75%), USB: absent, Health: 3

I (54985) BATTERY_MONITOR: Battery: 3919mV (72%), USB: absent, Health: 3

I (60045) BATTERY_MONITOR: Battery: 3923mV (73%), USB: absent, Health: 3

I (65095) BATTERY_MONITOR: Battery: 3949mV (75%), USB: absent, Health: 3

I (70145) BATTERY_MONITOR: Battery: 3945mV (75%), USB: absent, Health: 3

I (75205) BATTERY_MONITOR: Battery: 3947mV (75%), USB: absent, Health: 3

I (78615) IO_CTRL: Attempting to start RFID scan...

I (78615) IO_CTRL: Powering ON RFID reader...

I (78615) RFID: Powering ON RFID reader (GPIO5 HIGH)...

I (79115) IO_CTRL: Performing reader handshake...

I (80125) RFID: Firmware version: 129.3

I (80125) RFID: в Reader handshake successful - firmware v129.3

I (80125) IO_CTRL: в Reader handshake successful

I (80125) RFID: Real-time inventory started (interval=10 ms between rounds)

I (80135) IO_CTRL: вњ“ RFID scanning active

I (81135) MAIN: вввв•ђвввв•ђвввв•ђвввв•ђввввввввввв•ђвввв•ђввв

I (81135) MAIN:   TAG DETECTED!

I (81135) MAIN:   EPC (12 bytes):

    E2 80 11 70 40 00 02 1D 53 DA B0 CB 

I (81135) MAIN:   PC: 34 00

I (81145) MAIN:   RSSI: -85 dBm (raw: 44)

I (81145) MAIN:   Antenna: 0

I (81145) MAIN:   Frequency: 54

I (81155) MAIN:   Time: 80500 ms

I (81155) MAIN: вв•ђввввввввввв•ђвввв•ђвввв•ђвввв•ђввввввввв



I (81165) MAIN:   в Tag event enqueued to MQTT (cached offline: yes)

I (81175) RFID: в Valid tag: EPC_len=12, RSSI=44 (-85 dBm), Ant=0

I (81175) MAIN: вввввв•ђвввв•ђвввв•ђвввв•ђвввв•ђвввв•ђвввввввв

I (81215) MAIN:   TAG DETECTED!

I (81215) MAIN:   EPC (12 bytes):

    E2 80 11 70 40 00 02 1D 53 DA B0 CB 

I (81225) MAIN:   PC: 34 00

I (81225) MAIN:   RSSI: -76 dBm (raw: 53)

I (81225) MAIN:   Antenna: 0

I (81235) MAIN:   Frequency: 21

I (81235) MAIN:   Time: 80540 ms

I (81235) MAIN: вввв•ђвввв•ђвввв•ђвввв•ђввввввввввв•ђвввв•ђввв



I (81245) MAIN:   вњ“ Tag event enqueued to MQTT (cached offline: yes)

I (81255) RFID: вњ“ Valid tag: EPC_len=12, RSSI=53 (-76 dBm), Ant=0

I (81295) MQTT_CLIENT: Published tag event batch: 2 entries (msg_id=28460)

I (81555) MAIN: вввв•ђввввввввввв•ђвввв•ђвввв•ђвввв•ђввввввв

I (81555) MAIN:   TAG DETECTED!

I (81555) MAIN:   EPC (12 bytes):

    E2 80 11 70 40 00 02 1D 53 DA B0 CB 

I (81565) MAIN:   PC: 34 00

I (81565) MAIN:   RSSI: -76 dBm (raw: 53)

I (81565) MAIN:   Antenna: 0

I (81565) MAIN:   Frequency: 40

I (81575) MAIN:   Time: 80920 ms

I (81575) MAIN: в•ђвввв•ђвввв•ђвввв•ђввввввввввввввв•ђвввв•ђвв



I (81585) MAIN:   в Tag event enqueued to MQTT (cached offline: yes)

I (81615) RFID: в Valid tag: EPC_len=12, RSSI=53 (-76 dBm), Ant=0

I (81615) MAIN: ввв•ђвввв•ђвввв•ђвввв•ђвввв•ђввввввввввв•ђвввв•ђ

I (81625) MAIN:   TAG DETECTED!

I (81625) MAIN:   EPC (12 bytes):

    E2 80 11 70 40 00 02 1D 53 DA B0 CB 

I (81635) MAIN:   PC: 34 00

I (81635) MAIN:   RSSI: -77 dBm (raw: 52)

I (81635) MAIN:   Antenna: 0

I (81645) MAIN:   Frequency: 35

I (81645) MAIN:   Time: 80980 ms

I (81645) MAIN: в•ђвввв•ђввввввввввв•ђвввв•ђвввв•ђвввв•ђввввв•ђв



I (81655) MAIN:   в Tag event enqueued to MQTT (cached offline: yes)

I (81685) RFID: вњ“ Valid tag: EPC_len=12, RSSI=52 (-77 dBm), Ant=0

I (81685) MAIN: в•ђвввв•ђвввв•ђвввв•ђввввввввввв•ђвввв•ђвввв•ђвв

I (81695) MAIN:   TAG DETECTED!

I (81695) MAIN:   EPC (12 bytes):

    E2 80 11 70 40 00 02 1D 53 DA B0 CB 

I (81705) MAIN:   PC: 34 00

I (81705) MAIN:   RSSI: -80 dBm (raw: 49)

I (81715) MAIN:   Antenna: 0

I (81715) MAIN:   Frequency: 59

I (81715) MQTT_CLIENT: Published tag event batch: 2 entries (msg_id=12555)

I (81715) MAIN:   Time: 81050 ms

I (81725) MAIN: вввв•ђвввв•ђвввв•ђвввв•ђвв•ђвввв•ђвввв•ђвввввввв



I (81755) MAIN:   в Tag event enqueued to MQTT (cached offline: yes)

I (81755) RFID: в Valid tag: EPC_len=12, RSSI=49 (-80 dBm), Ant=0

I (81755) MAIN: ввввввв•ђвввв•ђвввв•ђвввв•ђввввввввввв•ђвввв•ђ

I (81775) MAIN:   TAG DETECTED!

I (81775) MAIN:   EPC (12 bytes):

    E2 80 11 70 40 00 02 1D 53 DA B0 CB 

I (81775) MAIN:   PC: 34 00

I (81785) MAIN:   RSSI: -80 dBm (raw: 49)

I (81785) MAIN:   Antenna: 0

I (81785) MAIN:   Frequency: 7

I (81795) MAIN:   Time: 81120 ms

I (81795) MAIN: ввввв•ђвввв•ђвввв•ђвввв•ђввввввввввв•ђвввв•ђвв



I (81825) MAIN:   в Tag event enqueued to MQTT (cached offline: yes)

I (81825) RFID: в Valid tag: EPC_len=12, RSSI=49 (-80 dBm), Ant=0

I (81835) MAIN: вв•ђвввв•ђвввв•ђввввввввввв•ђвввв•ђвввв•ђвввв•ђв

I (81845) MAIN:   TAG DETECTED!

I (81845) MAIN:   EPC (12 bytes):

    E2 80 11 70 40 00 02 1D 53 DA B0 CB 

I (81855) MAIN:   PC: 34 00

I (81855) MAIN:   RSSI: -82 dBm (raw: 47)

I (81865) MAIN:   Antenna: 0

I (81865) MAIN:   Frequency: 35

I (81865) MQTT_CLIENT: Published tag event batch: 2 entries (msg_id=46390)

I (81895) MAIN:   Time: 81200 ms

I (81895) MAIN: вввввввввв•ђвввв•ђвввв•ђвввв•ђввввввввввв•ђв



I (81905) MAIN:   в Tag event enqueued to MQTT (cached offline: yes)

I (81905) RFID: в Valid tag: EPC_len=12, RSSI=47 (-82 dBm), Ant=0

I (81915) MAIN: ввв•ђвввв•ђвввв•ђвввв•ђввввввввввв•ђвввв•ђвввв•ђ

I (81925) MAIN:   TAG DETECTED!

I (81925) MAIN:   EPC (12 bytes):

    E2 80 11 70 40 00 02 1D 53 DA B0 CB 

I (81935) MAIN:   PC: 34 00

I (81935) MAIN:   RSSI: -75 dBm (raw: 54)

I (81965) MAIN:   Antenna: 0

I (81965) MAIN:   Frequency: 27

I (81965) MAIN:   Time: 81280 ms

I (81965) MAIN: вввввввв•ђвввв•ђвввв•ђвввв•ђввввввввввв•ђввв



I (81975) MAIN:   в Tag event enqueued to MQTT (cached offline: yes)

I (81985) RFID: вњ“ Valid tag: EPC_len=12, RSSI=54 (-75 dBm), Ant=0

I (81985) MAIN: в•ђвввв•ђвввв•ђвввв•ђввввввввввв•ђвввв•ђвввв•ђвв

I (81995) MAIN:   TAG DETECTED!

I (81995) MAIN:   EPC (12 bytes):

    E2 80 11 70 40 00 02 1D 53 DA B0 CB 

I (82005) MAIN:   PC: 34 00

I (82035) MQTT_CLIENT: Published tag event batch: 2 entries (msg_id=22332)

I (82035) MAIN:   RSSI: -78 dBm (raw: 51)

I (82035) MAIN:   Antenna: 0

I (82035) MAIN:   Frequency: 33

I (82035) MAIN:   Time: 81350 ms

I (82045) MAIN: вввввввв•ђвввв•ђвввв•ђвввв•ђввввввввввв•ђввв



I (82055) MAIN:   в Tag event enqueued to MQTT (cached offline: yes)

I (82055) RFID: вњ“ Valid tag: EPC_len=12, RSSI=51 (-78 dBm), Ant=0

I (82065) MAIN: в•ђвввв•ђвввв•ђвввв•ђввввввввввв•ђвввв•ђвввв•ђвв

I (82075) MAIN:   TAG DETECTED!

I (82075) MAIN:   EPC (12 bytes):

    E2 80 11 70 40 00 02 1D 53 DA B0 CB 

I (82085) MAIN:   PC: 34 00

I (82105) MAIN:   RSSI: -79 dBm (raw: 50)

I (82105) MAIN:   Antenna: 0

I (82105) MAIN:   Frequency: 57

I (82105) MAIN:   Time: 81430 ms

I (82115) MAIN: в•ђвввв•ђввввввввввв•ђвввв•ђвввв•ђвввв•ђвввввв



I (82125) MAIN:   в Tag event enqueued to MQTT (cached offline: yes)

I (82135) RFID: в Valid tag: EPC_len=12, RSSI=50 (-79 dBm), Ant=0

I (82135) MAIN: ввввввввв•ђвввв•ђвввв•ђвввв•ђввввввввввв•ђвв

I (82145) MAIN:   TAG DETECTED!

I (82145) MAIN:   EPC (12 bytes):

    E2 80 11 70 40 00 02 1D 53 DA B0 CB 

I (82155) MAIN:   PC: 34 00

I (82155) MAIN:   RSSI: -76 dBm (raw: 53)

I (82185) MQTT_CLIENT: Published tag event batch: 2 entries (msg_id=1158)

I (82185) MAIN:   Antenna: 0

I (82185) MAIN:   Frequency: 36

I (82195) MAIN:   Time: 81500 ms

I (82195) MAIN: в•ђвввв•ђввввввввввв•ђвввв•ђвввв•ђвввв•ђвввввв



I (82205) MAIN:   в Tag event enqueued to MQTT (cached offline: yes)

I (82215) RFID: в Valid tag: EPC_len=12, RSSI=53 (-76 dBm), Ant=0

I (82215) MAIN: ввввввввв•ђвввв•ђвввв•ђвввв•ђввввввввввв•ђвв

I (82225) MAIN:   TAG DETECTED!

I (82235) MAIN:   EPC (12 bytes):

    E2 80 11 70 40 00 02 1D 53 DA B0 CB 

I (82255) MAIN:   PC: 34 00

I (82255) MAIN:   RSSI: -80 dBm (raw: 49)

I (82255) MAIN:   Antenna: 0

I (82255) MAIN:   Frequency: 34

I (82265) MAIN:   Time: 81580 ms

I (82265) MAIN: ввввв•ђвввв•ђвввв•ђвввв•ђввввввввввв•ђвввв•ђвв



I (82275) MAIN:   в Tag event enqueued to MQTT (cached offline: yes)

I (82285) RFID: в Valid tag: EPC_len=12, RSSI=49 (-80 dBm), Ant=0

W (82295) RFID: Round timeout вЂ” no completion packet after 2000ms, resetting

I (82325) MQTT_CLIENT: Published tag event batch: 2 entries (msg_id=33970)

I (82345) MAIN: вввввв•ђвввв•ђвввв•ђвввв•ђввввввввввв•ђвввв•ђв

I (82345) MAIN:   TAG DETECTED!

I (82345) MAIN:   EPC (12 bytes):

    E2 80 11 70 40 00 02 1D 53 DA B0 CB 

I (82355) MAIN:   PC: 34 00

I (82355) MAIN:   RSSI: -80 dBm (raw: 49)

I (82355) MAIN:   Antenna: 0

I (82355) MAIN:   Frequency: 48

I (82365) MAIN:   Time: 81710 ms

I (82365) MAIN: вввв•ђввввввввввввввв•ђвввв•ђвввв•ђвввв•ђвв•ђв•ђ



I (82415) MAIN:   в Tag event enqueued to MQTT (cached offline: yes)

I (82415) RFID: в Valid tag: EPC_len=12, RSSI=49 (-80 dBm), Ant=0

I (82415) MAIN: вввв•ђвввв•ђвввв•ђввввввввввв•ђвввв•ђвввв•ђввв

I (82425) MAIN:   TAG DETECTED!

I (82435) MAIN:   EPC (12 bytes):

    E2 80 11 70 40 00 02 1D 53 DA B0 CB 

I (82435) MAIN:   PC: 34 00

I (82445) MAIN:   RSSI: -86 dBm (raw: 43)

I (82445) MAIN:   Antenna: 0

I (82445) MAIN:   Frequency: 16

I (82445) MAIN:   Time: 81780 ms

I (82455) MAIN: ввввввввввввв•ђвввв•ђвввв•ђвввв•ђввввввввв



I (82465) MAIN:   в Tag event enqueued to MQTT (cached offline: yes)

I (82465) MQTT_CLIENT: Published tag event batch: 2 entries (msg_id=31474)

I (82475) RFID: в Valid tag: EPC_len=12, RSSI=43 (-86 dBm), Ant=0

I (82505) MAIN: вввв•ђвввв•ђвввв•ђвввв•ђввввввввввв•ђвввв•ђввв

I (82515) MAIN:   TAG DETECTED!

I (82515) MAIN:   EPC (12 bytes):

    E2 80 11 70 40 00 02 1D 53 DA B0 CB 

I (82525) MAIN:   PC: 34 00

I (82525) MAIN:   RSSI: -86 dBm (raw: 43)

I (82525) MAIN:   Antenna: 0

I (82535) MAIN:   Frequency: 25

I (82535) MAIN:   Time: 81870 ms

I (82535) MAIN: вв•ђввввввввввв•ђвввв•ђвввв•ђвввв•ђввввввввв



I (82545) MAIN:   в Tag event enqueued to MQTT (cached offline: yes)

I (82585) RFID: вњ“ Valid tag: EPC_len=12, RSSI=43 (-86 dBm), Ant=0

I (82585) MAIN: в•ђвввв•ђвввв•ђввввввввввв•ђвввв•ђвввв•ђвввв•ђвв

I (82595) MAIN:   TAG DETECTED!

I (82595) MAIN:   EPC (12 bytes):

    E2 80 11 70 40 00 02 1D 53 DA B0 CB 

I (82605) MAIN:   PC: 34 00

I (82605) MAIN:   RSSI: -85 dBm (raw: 44)

I (82615) MAIN:   Antenna: 0

I (82615) MAIN:   Frequency: 42

I (82615) MQTT_CLIENT: Published tag event batch: 1 entries (msg_id=2650)

I (82615) MAIN:   Time: 81950 ms

I (82625) MAIN: вввввввв•ђв•ђвв•ђввввввввввв•ђвввв•ђвввв•ђвввв•ђ



I (82665) MAIN:   в Tag event enqueued to MQTT (cached offline: yes)

I (82665) RFID: в Valid tag: EPC_len=12, RSSI=44 (-85 dBm), Ant=0

I (82765) MQTT_CLIENT: Published tag event batch: 1 entries (msg_id=18657)

W (84325) RFID: Round timeout в no completion packet after 2000ms, resetting

W (85405) BATTERY_MONITOR: Battery sample skipped - RFID reader still active after 2000 ms

W (86405) RFID: Round timeout в no completion packet after 2000ms, resetting

I (88395) IO_CTRL: Stopping RFID scan (manual mode)

I (88395) RFID: Stopping inventory...

I (88475) RFID: Inventory stopped

I (88475) RFID: Powering OFF RFID reader (GPIO5 LOW)...

I (88475) RFID: вњ“ Reader powered OFF (sleep mode <100ВA)

W (88485) RFID: Round timeout в no completion packet after 2000ms, resetting

I (93265) BATTERY_MONITOR: Battery: 3939mV (74%), USB: absent, Health: 3

I (101145) BATTERY_MONITOR: Battery: 3932mV (74%), USB: absent, Health: 3

I (108995) BATTERY_MONITOR: Battery: 3934mV (74%), USB: absent, Health: 3

E (109235) mqtt_client: No PING_RESP, disconnected

W (109245) MQTT_CLIENT: Disconnected from MQTT broker

I (113255) MQTT_CLIENT: Connecting to MQTT broker...

E (113775) esp-tls: [sock=54] select() timeout

E (113775) transport_base: Failed to open a new connection: 32774

E (113775) mqtt_client: Error transport connect

E (113775) MQTT_CLIENT: MQTT Error occurred

E (113775) MQTT_CLIENT: TCP transport error

W (113785) MQTT_CLIENT: Disconnected from MQTT broker

I (116355) BATTERY_MONITOR: Battery: 3941mV (75%), USB: absent, Health: 3

I (117845) MQTT_CLIENT: Connecting to MQTT broker...

E (118355) esp-tls: [sock=54] select() timeout

E (118355) transport_base: Failed to open a new connection: 32774

E (118355) mqtt_client: Error transport connect

E (118355) MQTT_CLIENT: MQTT Error occurred

E (118355) MQTT_CLIENT: TCP transport error

W (118365) MQTT_CLIENT: Disconnected from MQTT broker

I (122385) MQTT_CLIENT: Connecting to MQTT broker...

E (122895) esp-tls: [sock=54] select() timeout

E (122895) transport_base: Failed to open a new connection: 32774

E (122895) mqtt_client: Error transport connect

E (122895) MQTT_CLIENT: MQTT Error occurred

E (122895) MQTT_CLIENT: TCP transport error

W (122905) MQTT_CLIENT: Disconnected from MQTT broker

I (124145) BATTERY_MONITOR: Battery: 3934mV (74%), USB: absent, Health: 3

I (126945) MQTT_CLIENT: Connecting to MQTT broker...

E (127475) esp-tls: [sock=54] select() timeout

E (127475) transport_base: Failed to open a new connection: 32774

E (127475) mqtt_client: Error transport connect

E (127475) MQTT_CLIENT: MQTT Error occurred

E (127485) MQTT_CLIENT: TCP transport error

W (127485) MQTT_CLIENT: Disconnected from MQTT broker

I (131525) MQTT_CLIENT: Connecting to MQTT broker...

I (132015) BATTERY_MONITOR: Battery: 3941mV (75%), USB: absent, Health: 3

E (132045) esp-tls: [sock=54] select() timeout

E (132045) transport_base: Failed to open a new connection: 32774

E (132045) mqtt_client: Error transport connect

E (132045) MQTT_CLIENT: MQTT Error occurred

E (132045) MQTT_CLIENT: TCP transport error

W (132085) MQTT_CLIENT: Disconnected from MQTT broker

I (136105) MQTT_CLIENT: Connecting to MQTT broker...

E (136645) esp-tls: [sock=54] select() timeout

E (136645) transport_base: Failed to open a new connection: 32774

E (136645) mqtt_client: Error transport connect

E (136645) MQTT_CLIENT: MQTT Error occurred

E (136655) MQTT_CLIENT: TCP transport error

W (136655) MQTT_CLIENT: Disconnected from MQTT broker

I (139895) BATTERY_MONITOR: Battery: 3925mV (73%), USB: absent, Health: 3

I (140695) MQTT_CLIENT: Connecting to MQTT broker...

E (141215) esp-tls: [sock=54] select() timeout

E (141215) transport_base: Failed to open a new connection: 32774

E (141215) mqtt_client: Error transport connect

E (141255) MQTT_CLIENT: MQTT Error occurred

E (141255) MQTT_CLIENT: TCP transport error

W (141255) MQTT_CLIENT: Disconnected from MQTT broker

I (143015) RFID: Reader unpowered, powering on to perform handshake

I (143015) RFID: Powering ON RFID reader (GPIO5 HIGH)...

I (144205) RFID: Firmware version: 129.3

I (144205) RFID: в Reader handshake successful - firmware v129.3

I (144205) RFID: Powering off after standalone handshake

I (144215) RFID: Powering OFF RFID reader (GPIO5 LOW)...

I (144215) RFID: в Reader powered OFF (sleep mode <100ВA)

I (147265) MQTT_CLIENT: Connecting to MQTT broker...

I (147665) BATTERY_MONITOR: Battery: 3941mV (75%), USB: absent, Health: 3

E (147775) esp-tls: [sock=54] select() timeout

E (147775) transport_base: Failed to open a new connection: 32774

E (147775) mqtt_client: Error transport connect

E (147775) MQTT_CLIENT: MQTT Error occurred

E (147775) MQTT_CLIENT: TCP transport error

W (147785) MQTT_CLIENT: Disconnected from MQTT broker

I (151825) MQTT_CLIENT: Connecting to MQTT broker...

E (152335) esp-tls: [sock=54] select() timeout

E (152335) transport_base: Failed to open a new connection: 32774

E (152335) mqtt_client: Error transport connect

E (152335) MQTT_CLIENT: MQTT Error occurred

E (152335) MQTT_CLIENT: TCP transport error

W (152345) MQTT_CLIENT: Disconnected from MQTT broker

I (155335) BATTERY_MONITOR: Battery: 3941mV (75%), USB: absent, Health: 3

I (156375) MQTT_CLIENT: Connecting to MQTT broker...

E (156885) esp-tls: [sock=54] select() timeout

E (156885) transport_base: Failed to open a new connection: 32774

E (156885) mqtt_client: Error transport connect

E (156885) MQTT_CLIENT: MQTT Error occurred

E (156895) MQTT_CLIENT: TCP transport error

W (156895) MQTT_CLIENT: Disconnected from MQTT broker

I (161425) BATTERY_MONITOR: Battery: 3919mV (72%), USB: absent, Health: 3

I (162895) MQTT_CLIENT: Connecting to MQTT broker...

E (163405) esp-tls: [sock=54] select() timeout

E (163405) transport_base: Failed to open a new connection: 32774

E (163405) mqtt_client: Error transport connect

E (163405) MQTT_CLIENT: MQTT Error occurred

E (163405) MQTT_CLIENT: TCP transport error

W (163415) MQTT_CLIENT: Disconnected from MQTT broker

I (165495) IO_CTRL: Attempting to start RFID scan...

I (165495) IO_CTRL: Powering ON RFID reader...

I (165495) RFID: Powering ON RFID reader (GPIO5 HIGH)...

I (165995) IO_CTRL: Performing reader handshake...

I (166995) RFID: Firmware version: 129.3

I (166995) RFID: в Reader handshake successful - firmware v129.3

I (166995) IO_CTRL: в Reader handshake successful

I (166995) RFID: Real-time inventory started (interval=10 ms between rounds)

I (167005) IO_CTRL: в RFID scanning active

I (168755) MAIN: ввввввввв•ђвввв•ђвввв•ђвввв•ђввввввввввв•ђвв

I (168755) MAIN:   TAG DETECTED!

I (168755) MAIN:   EPC (12 bytes):

    E2 80 11 70 40 00 02 1D 53 DA B0 CB 

I (168765) MAIN:   PC: 34 00

I (168765) MAIN:   RSSI: -80 dBm (raw: 49)

I (168765) MAIN:   Antenna: 0

I (168765) MAIN:   Frequency: 46

I (168775) MAIN:   Time: 168120 ms

I (168775) MAIN: вввв•ђввввввввввв•ђвввв•ђвввв•ђвввв•ђвввв•ђввв



W (168785) MAIN:   в MQTT not connected - event cached offline (16 pending)

I (168825) RFID: в Valid tag: EPC_len=12, RSSI=49 (-80 dBm), Ant=0

I (168825) MAIN: ввввввввввв•ђвввв•ђвввв•ђвввв•ђввввввввввв•ђ

I (168835) MAIN:   TAG DETECTED!

I (168835) MAIN:   EPC (12 bytes):

    E2 80 11 70 40 00 02 1D 53 DA B0 CB 

I (168845) MAIN:   PC: 34 00

I (168845) MAIN:   RSSI: -85 dBm (raw: 44)

I (168855) MAIN:   Antenna: 0

I (168855) MAIN:   Frequency: 29

I (168855) MAIN:   Time: 168190 ms

I (168855) MAIN: вв•ђвввв•ђввввввввввв•ђвввв•ђвввв•ђвввв•ђвввв•ђв•ђ



W (168905) MAIN:   в MQTT not connected - event cached offline (17 pending)

I (168905) RFID: в Valid tag: EPC_len=12, RSSI=44 (-85 dBm), Ant=0

W (169075) RFID: Round timeout в no completion packet after 2000ms, resetting

I (169415) MQTT_CLIENT: Connecting to MQTT broker...

E (169955) esp-tls: [sock=54] select() timeout

E (169955) transport_base: Failed to open a new connection: 32774

E (169955) mqtt_client: Error transport connect

E (169955) MQTT_CLIENT: MQTT Error occurred

E (169965) MQTT_CLIENT: TCP transport error

W (169965) MQTT_CLIENT: Disconnected from MQTT broker

I (170435) MAIN: ввв•ђвввв•ђввввввввввввввв•ђвввв•ђвввв•ђвввв•ђ

I (170435) MAIN:   TAG DETECTED!

I (170435) MAIN:   EPC (12 bytes):

    E2 80 11 70 40 00 02 1D 53 DA B0 CB 

I (170445) MAIN:   PC: 34 00

I (170445) MAIN:   RSSI: -88 dBm (raw: 41)

I (170445) MAIN:   Antenna: 0

I (170455) MAIN:   Frequency: 43

I (170455) MAIN:   Time: 169800 ms

I (170455) MAIN: ввввв•ђвввв•ђвввв•ђвввв•ђввввввввввв•ђвввв•ђвв



W (170465) MAIN:   в MQTT not connected - event cached offline (17 pending)

I (170475) RFID: в Valid tag: EPC_len=12, RSSI=41 (-88 dBm), Ant=0

I (170515) MAIN: в•ђвввв•ђвввв•ђвввв•ђввввввввввв•ђвввв•ђвввв•ђвв

I (170515) MAIN:   TAG DETECTED!

I (170515) MAIN:   EPC (12 bytes):

    E2 80 11 70 40 00 02 1D 53 DA B0 CB 

I (170525) MAIN:   PC: 34 00

I (170535) MAIN:   RSSI: -85 dBm (raw: 44)

I (170535) MAIN:   Antenna: 0

I (170535) MAIN:   Frequency: 21

I (170535) MAIN:   Time: 169880 ms

I (170545) MAIN: ввввввв•ђвввв•ђвввв•ђвввв•ђввввввввввв•ђвввв•ђ



W (170555) MAIN:   в MQTT not connected - event cached offline (17 pending)

I (170595) RFID: в Valid tag: EPC_len=12, RSSI=44 (-85 dBm), Ant=0

I (170595) MAIN: ввв•ђвввв•ђвввв•ђвввв•ђввввввввввв•ђвввв•ђвввв•ђ

I (170605) MAIN:   TAG DETECTED!

I (170605) MAIN:   EPC (12 bytes):

    E2 80 11 70 40 00 02 1D 53 DA B0 CB 

I (170615) MAIN:   PC: 34 00

I (170615) MAIN:   RSSI: -80 dBm (raw: 49)

I (170615) MAIN:   Antenna: 0

I (170615) MAIN:   Frequency: 15

I (170625) MAIN:   Time: 169960 ms

I (170625) MAIN: ввввввввв•ђвввв•ђвввв•ђвввв•ђввввввввввввв



W (170635) MAIN:   в MQTT not connected - event cached offline (17 pending)

I (170675) RFID: в Valid tag: EPC_len=12, RSSI=49 (-80 dBm), Ant=0

I (170675) MAIN: ввв•ђвввв•ђвввв•ђвввв•ђвввв•ђввввввввввв•ђвввв•ђ

I (170685) MAIN:   TAG DETECTED!

I (170685) MAIN:   EPC (12 bytes):

    E2 80 11 70 40 00 02 1D 53 DA B0 CB 

I (170695) MAIN:   PC: 34 00

I (170695) MAIN:   RSSI: -80 dBm (raw: 49)

I (170705) MAIN:   Antenna: 0

I (170705) MAIN:   Frequency: 53

I (170705) MAIN:   Time: 170040 ms

I (170705) MAIN: вв•ђввввввввввв•ђвввв•ђвввв•ђвввв•ђввввввввв



W (170725) MAIN:   в MQTT not connected - event cached offline (17 pending)

I (170755) RFID: в Valid tag: EPC_len=12, RSSI=49 (-80 dBm), Ant=0

I (170755) MAIN: вввввввввв•ђвввв•ђвввв•ђвввв•ђвввв•ђвввввввв

I (170765) MAIN:   TAG DETECTED!

I (170775) MAIN:   EPC (12 bytes):

    E2 80 11 70 40 00 02 1D 53 DA B0 CB 

I (170775) MAIN:   PC: 34 00

I (170775) MAIN:   RSSI: -85 dBm (raw: 44)

I (170785) MAIN:   Antenna: 0

W (170755) BATTERY_MONITOR: Battery sample skipped - RFID reader still active after 2000 ms

I (170785) MAIN:   Frequency: 21

I (170795) MAIN:   Time: 170120 ms

I (170835) MAIN: ввввввввв•ђвввв•ђвввв•ђвввв•ђвввв•ђввввввввв



W (170835) MAIN:   в MQTT not connected - event cached offline (17 pending)

I (170835) RFID: в Valid tag: EPC_len=12, RSSI=44 (-85 dBm), Ant=0

I (170845) MAIN: ввв•ђвввв•ђвввв•ђввввввввввв•ђвввв•ђвввв•ђвввв•ђ

I (170855) MAIN:   TAG DETECTED!

I (170855) MAIN:   EPC (12 bytes):

    E2 80 11 70 40 00 02 1D 53 DA B0 CB 

I (170865) MAIN:   PC: 34 00

I (170865) MAIN:   RSSI: -86 dBm (raw: 43)

I (170875) MAIN:   Antenna: 0

I (170875) MAIN:   Frequency: 39

I (170915) MAIN:   Time: 170210 ms

I (170915) MAIN: вв•ђвввв•ђвввв•ђвввв•ђввввввввввв•ђвввв•ђвввв•ђв



W (170915) MAIN:   в MQTT not connected - event cached offline (17 pending)

I (170925) RFID: в Valid tag: EPC_len=12, RSSI=43 (-86 dBm), Ant=0

I (170995) MAIN: вввв•ђввввввввввв•ђвввв•ђвввв•ђвввв•ђввввввв

I (170995) MAIN:   TAG DETECTED!

I (170995) MAIN:   EPC (12 bytes):

    E2 80 11 70 40 00 02 1D 53 DA B0 CB 

I (171005) MAIN:   PC: 34 00

I (171005) MAIN:   RSSI: -83 dBm (raw: 46)

I (171005) MAIN:   Antenna: 0

I (171015) MAIN:   Frequency: 31

I (171015) MAIN:   Time: 170360 ms

I (171015) MAIN: вв•ђвввв•ђвввв•ђвввв•ђввввввввввввввв•ђвввв•ђв



W (171025) MAIN:   в MQTT not connected - event cached offline (17 pending)

I (171035) RFID: в Valid tag: EPC_len=12, RSSI=46 (-83 dBm), Ant=0

I (171075) MAIN: ввввввв•ђвввв•ђвввв•ђвввв•ђвввв•ђввввввв•ђвввв•ђ

I (171075) MAIN:   TAG DETECTED!

I (171085) MAIN:   EPC (12 bytes):

    E2 80 11 70 40 00 02 1D 53 DA B0 CB 

I (171085) MAIN:   PC: 34 00

I (171095) MAIN:   RSSI: -82 dBm (raw: 47)

I (171095) MAIN:   Antenna: 0

I (171095) MAIN:   Frequency: 15

I (171095) MAIN:   Time: 170440 ms

I (171105) MAIN: вв•ђввввввввввв•ђвввв•ђвввв•ђвввв•ђвввв•ђввввв



W (171115) MAIN:   в MQTT not connected - event cached offline (17 pending)

I (171155) RFID: вњ“ Valid tag: EPC_len=12, RSSI=47 (-82 dBm), Ant=0

I (171155) MAIN: в•ђввввввввввв•ђвввв•ђвввв•ђвввв•ђвввввввввв

I (171165) MAIN:   TAG DETECTED!

I (171165) MAIN:   EPC (12 bytes):

    E2 80 11 70 40 00 02 1D 53 DA B0 CB 

I (171175) MAIN:   PC: 34 00

I (171175) MAIN:   RSSI: -83 dBm (raw: 46)

I (171175) MAIN:   Antenna: 0

I (171185) MAIN:   Frequency: 53

I (171185) MAIN:   Time: 170520 ms

I (171185) MAIN: ввв•ђвввв•ђввввввввввв•ђвввв•ђвввв•ђввв•ђв•ђвввв•ђ



W (171235) MAIN:   в MQTT not connected - event cached offline (17 pending)

I (171235) RFID: вњ“ Valid tag: EPC_len=12, RSSI=46 (-83 dBm), Ant=0

I (171235) MAIN: в•ђввввввввввв•ђвввв•ђвввв•ђвввв•ђвввввввввв

I (171245) MAIN:   TAG DETECTED!

I (171255) MAIN:   EPC (12 bytes):

    E2 80 11 70 40 00 02 1D 53 DA B0 CB 

I (171255) MAIN:   PC: 34 00

I (171265) MAIN:   RSSI: -82 dBm (raw: 47)

I (171265) MAIN:   Antenna: 0

I (171265) MAIN:   Frequency: 28

I (171275) MAIN:   Time: 170600 ms

I (171275) MAIN: ввв•ђвввв•ђввв•ђввв•ђввввввввввввввв•ђвввв•ђвв



W (171315) MAIN:   в MQTT not connected - event cached offline (17 pending)

I (171315) RFID: в Valid tag: EPC_len=12, RSSI=47 (-82 dBm), Ant=0

I (171325) MAIN: ввв•ђввввввввввв•ђвввв•ђвввв•ђвввв•ђвввв•ђвввв

I (171335) MAIN:   TAG DETECTED!

I (171335) MAIN:   EPC (12 bytes):

    E2 80 11 70 40 00 02 1D 53 DA B0 CB 

I (171345) MAIN:   PC: 34 00

I (171345) MAIN:   RSSI: -86 dBm (raw: 43)

I (171355) MAIN:   Antenna: 0

I (171355) MAIN:   Frequency: 9

I (171355) MAIN:   Time: 170690 ms

I (171395) MAIN: вввв•ђвввв•ђвввв•ђввввввввввв•ђвввввввв•ђввв



W (171395) MAIN:   вљ  MQTT not connected - event cached offline (17 pending)

I (171405) RFID: в Valid tag: EPC_len=12, RSSI=43 (-86 dBm), Ant=0

I (171405) MAIN: вв•ђввввввввввв•ђвввв•ђвввв•ђвввв•ђввввввввв

I (171415) MAIN:   TAG DETECTED!

I (171425) MAIN:   EPC (12 bytes):

    E2 80 11 70 40 00 02 1D 53 DA B0 CB 

I (171425) MAIN:   PC: 34 00

I (171425) MAIN:   RSSI: -78 dBm (raw: 51)

I (171435) MAIN:   Antenna: 0

I (171435) MAIN:   Frequency: 28

I (171475) MAIN:   Time: 170770 ms

I (171475) MAIN: в•ђввввввввввв•ђвввв•ђвввв•ђвввв•ђвввввввввв



W (171475) MAIN:   вљ  MQTT not connected - event cached offline (17 pending)

I (171485) RFID: в Valid tag: EPC_len=12, RSSI=51 (-78 dBm), Ant=0

I (171495) MAIN: вв•ђвввв•ђвввв•ђвввв•ђввввввввввв•ђвввв•ђвввв•ђв

I (171505) MAIN:   TAG DETECTED!

I (171505) MAIN:   EPC (12 bytes):

    E2 80 11 70 40 00 02 1D 53 DA B0 CB 

I (171515) MAIN:   PC: 34 00

I (171515) MAIN:   RSSI: -86 dBm (raw: 43)

I (171555) MAIN:   Antenna: 0

I (171555) MAIN:   Frequency: 51

I (171555) MAIN:   Time: 170860 ms

I (171555) MAIN: вввв•ђввввввввввв•ђвввв•ђвввв•ђвввв•ђввввввв



W (171565) MAIN:   в MQTT not connected - event cached offline (17 pending)

I (171575) RFID: в Valid tag: EPC_len=12, RSSI=43 (-86 dBm), Ant=0

I (171575) MAIN: ввввв•ђвввв•ђвввв•ђвввв•ђввввввввввв•ђвввв•ђвв

I (171585) MAIN:   TAG DETECTED!

I (171595) MAIN:   EPC (12 bytes):

    E2 80 11 70 40 00 02 1D 53 DA B0 CB 

I (171595) MAIN:   PC: 34 00

I (171635) MAIN:   RSSI: -82 dBm (raw: 47)

I (171635) MAIN:   Antenna: 0

I (171635) MAIN:   Frequency: 27

I (171635) MAIN:   Time: 170940 ms

I (171635) MAIN: вввв•ђвввв•ђвввв•ђввввввввввв•ђвввв•ђвввв•ђввв



W (171645) MAIN:   вљ  MQTT not connected - event cached offline (17 pending)

I (171655) RFID: в Valid tag: EPC_len=12, RSSI=47 (-82 dBm), Ant=0

I (171665) MAIN: вв•ђввввввввввв•ђвввв•ђвввв•ђвввв•ђввввввввв

I (171675) MAIN:   TAG DETECTED!

I (171675) MAIN:   EPC (12 bytes):

    E2 80 11 70 40 00 02 1D 53 DA B0 CB 

I (171715) MAIN:   PC: 34 00

I (171715) MAIN:   RSSI: -83 dBm (raw: 46)

I (171715) MAIN:   Antenna: 0

I (171715) MAIN:   Frequency: 56

I (171715) MAIN:   Time: 171030 ms

I (171725) MAIN: ввв•ђвввв•ђввввввввввв•ђвввв•ђвввв•ђвввв•ђвввв



W (171735) MAIN:   в MQTT not connected - event cached offline (17 pending)

I (171735) RFID: вњ“ Valid tag: EPC_len=12, RSSI=46 (-83 dBm), Ant=0

I (171745) MAIN: вввввввв•ђвввв•ђвввв•ђвввв•ђввввввввввв•ђввв

I (171755) MAIN:   TAG DETECTED!

I (171755) MAIN:   EPC (12 bytes):

    E2 80 11 70 40 00 02 1D 53 DA B0 CB 

I (171795) MAIN:   PC: 34 00

I (171795) MAIN:   RSSI: -82 dBm (raw: 47)

I (171795) MAIN:   Antenna: 0

I (171805) MAIN:   Frequency: 25

I (171805) MAIN:   Time: 171110 ms

I (171805) MAIN: вв•ђвввв•ђвввв•ђвввв•ђввввввввввв•ђвввв•ђвввв•ђв



W (171815) MAIN:   в MQTT not connected - event cached offline (17 pending)

I (171825) RFID: в Valid tag: EPC_len=12, RSSI=47 (-82 dBm), Ant=0

I (171835) MAIN: вввв•ђввввввввввв•ђвввв•ђвввв•ђвввв•ђвввв•ђввв

I (171875) MAIN:   TAG DETECTED!

I (171875) MAIN:   EPC (12 bytes):

    E2 80 11 70 40 00 02 1D 53 DA B0 CB 

I (171875) MAIN:   PC: 34 00

I (171875) MAIN:   RSSI: -83 dBm (raw: 46)

I (171885) MAIN:   Antenna: 0

I (171885) MAIN:   Frequency: 52

I (171885) MAIN:   Time: 171200 ms

I (171895) MAIN: вввввв•ђвввв•ђвввв•ђвввв•ђввввввввввв•ђвввв•ђв



W (171905) MAIN:   в MQTT not connected - event cached offline (17 pending)

I (171905) RFID: в Valid tag: EPC_len=12, RSSI=46 (-83 dBm), Ant=0

I (171915) MAIN: вв•ђвввв•ђвввв•ђввввввввввв•ђвввв•ђвввв•ђвввв•ђв

I (171955) MAIN:   TAG DETECTED!

I (171955) MAIN:   EPC (12 bytes):

    E2 80 11 70 40 00 02 1D 53 DA B0 CB 

I (171965) MAIN:   PC: 34 00

I (171965) MAIN:   RSSI: -83 dBm (raw: 46)

I (171975) MAIN:   Antenna: 0

I (171975) MAIN:   Frequency: 47

I (171975) MAIN:   Time: 171280 ms

I (171975) MAIN: вввв•ђвввв•ђвввв•ђвввв•ђвввв•ђввввввввввв•ђввв



W (171985) MAIN:   вљ  MQTT not connected - event cached offline (17 pending)

I (171995) RFID: в Valid tag: EPC_len=12, RSSI=46 (-83 dBm), Ant=0

W (172045) RFID: Round timeout в no completion packet after 2000ms, resetting

I (172115) MAIN: ввввввввввв•ђвввв•ђвввв•ђвввв•ђввввввввввв•ђ

I (172115) MAIN:   TAG DETECTED!

I (172115) MAIN:   EPC (12 bytes):

    E2 80 11 70 40 00 02 1D 53 DA B0 CB 

I (172125) MAIN:   PC: 34 00

I (172125) MAIN:   RSSI: -83 dBm (raw: 46)

I (172135) MAIN:   Antenna: 0

I (172135) MAIN:   Frequency: 27

I (172135) MAIN:   Time: 171480 ms

I (172145) MAIN: вв•ђвввв•ђввввввввввв•ђвввв•ђвввв•ђвввв•ђввввв



W (172155) MAIN:   в MQTT not connected - event cached offline (17 pending)

I (172155) RFID: в Valid tag: EPC_len=12, RSSI=46 (-83 dBm), Ant=0

I (172195) MAIN: вввв•ђввввввввввв•ђвввв•ђвввв•ђвввв•ђвввв•ђввв

I (172195) MAIN:   TAG DETECTED!

I (172205) MAIN:   EPC (12 bytes):

    E2 80 11 70 40 00 02 1D 53 DA B0 CB 

I (172205) MAIN:   PC: 34 00

I (172215) MAIN:   RSSI: -86 dBm (raw: 43)

I (172215) MAIN:   Antenna: 0

I (172215) MAIN:   Frequency: 11

I (172225) MAIN:   Time: 171560 ms

I (172225) MAIN: вв•ђвввв•ђвввв•ђвввв•ђввввввввввв•ђвввв•ђвввв•ђв



W (172235) MAIN:   в MQTT not connected - event cached offline (17 pending)

I (172245) RFID: в Valid tag: EPC_len=12, RSSI=43 (-86 dBm), Ant=0

I (172275) MAIN: вв•ђвввв•ђвввв•ђввввввввввв•ђвввв•ђвввв•ђвввв•ђв

I (172285) MAIN:   TAG DETECTED!

I (172285) MAIN:   EPC (12 bytes):

    E2 80 11 70 40 00 02 1D 53 DA B0 CB 

I (172295) MAIN:   PC: 34 00

I (172295) MAIN:   RSSI: -80 dBm (raw: 49)

I (172295) MAIN:   Antenna: 0

I (172305) MAIN:   Frequency: 52

I (172305) MAIN:   Time: 171640 ms

I (172305) MAIN: вввв•ђвввв•ђвввв•ђвввв•ђввввввввввв•ђвввв•ђввв



W (172315) MAIN:   вљ  MQTT not connected - event cached offline (17 pending)

I (172325) RFID: в Valid tag: EPC_len=12, RSSI=49 (-80 dBm), Ant=0

I (172365) MAIN: вввв•ђввввввввввв•ђвввв•ђвввв•ђвввв•ђввввввв

I (172365) MAIN:   TAG DETECTED!

I (172375) MAIN:   EPC (12 bytes):

    E2 80 11 70 40 00 02 1D 53 DA B0 CB 

I (172375) MAIN:   PC: 34 00

I (172385) MAIN:   RSSI: -77 dBm (raw: 52)

I (172385) MAIN:   Antenna: 0

I (172385) MAIN:   Frequency: 26

I (172385) MAIN:   Time: 171730 ms

I (172395) MAIN: вв•ђвввв•ђвввв•ђввввввввввв•ђвввввввв•ђвввв•ђв



W (172405) MAIN:   в MQTT not connected - event cached offline (17 pending)

I (172445) RFID: в Valid tag: EPC_len=12, RSSI=52 (-77 dBm), Ant=0

I (172445) MAIN: вввв•ђввввввввввв•ђвввв•ђвввв•ђвввв•ђввввввв

I (172455) MAIN:   TAG DETECTED!

I (172455) MAIN:   EPC (12 bytes):

    E2 80 11 70 40 00 02 1D 53 DA B0 CB 

I (172465) MAIN:   PC: 34 00

I (172465) MAIN:   RSSI: -77 dBm (raw: 52)

I (172465) MAIN:   Antenna: 0

I (172475) MAIN:   Frequency: 43

I (172475) MAIN:   Time: 171810 ms

I (172475) MAIN: вв•ђвввв•ђвввв•ђввввввввввв•ђвввв•ђвввв•ђвввв•ђв



W (172525) MAIN:   вљ  MQTT not connected - event cached offline (17 pending)

I (172525) RFID: в Valid tag: EPC_len=12, RSSI=52 (-77 dBm), Ant=0

I (172525) MAIN: вв•ђввввввввввв•ђвввв•ђвввв•ђвввв•ђвввв•ђввввв

I (172535) MAIN:   TAG DETECTED!

I (172545) MAIN:   EPC (12 bytes):

    E2 80 11 70 40 00 02 1D 53 DA B0 CB 

I (172545) MAIN:   PC: 34 00

I (172545) MAIN:   RSSI: -76 dBm (raw: 53)

I (172555) MAIN:   Antenna: 0

I (172555) MAIN:   Frequency: 40

I (172555) MAIN:   Time: 171890 ms

I (172565) MAIN: вввв•ђвввв•ђвввв•ђвв•ђв•ђвввв•ђвввв•ђввввввввввв•ђ



W (172605) MAIN:   в MQTT not connected - event cached offline (17 pending)

I (172605) RFID: в Valid tag: EPC_len=12, RSSI=53 (-76 dBm), Ant=0

I (172615) MAIN: в•ђвввв•ђвввв•ђвввв•ђввввввввввв•ђвввв•ђвввв•ђвв

I (172625) MAIN:   TAG DETECTED!

I (172625) MAIN:   EPC (12 bytes):

    E2 80 11 70 40 00 02 1D 53 DA B0 CB 

I (172635) MAIN:   PC: 34 00

I (172635) MAIN:   RSSI: -83 dBm (raw: 46)

I (172635) MAIN:   Antenna: 0

I (172635) MAIN:   Frequency: 15

I (172645) MAIN:   Time: 171980 ms

I (172645) MAIN: вввв•ђввв•ђвввв•ђввввввв•ђвввв•ђвввв•ђвввв•ђвввв•ђ



W (172685) MAIN:   в MQTT not connected - event cached offline (17 pending)

I (172685) RFID: вњ“ Valid tag: EPC_len=12, RSSI=46 (-83 dBm), Ant=0

I (172695) MAIN: вввввввввввв•ђвввв•ђвввв•ђвввв•ђвввввввввв

I (172705) MAIN:   TAG DETECTED!

I (172705) MAIN:   EPC (12 bytes):

    E2 80 11 70 40 00 02 1D 53 DA B0 CB 

I (172715) MAIN:   PC: 34 00

I (172715) MAIN:   RSSI: -80 dBm (raw: 49)

I (172715) MAIN:   Antenna: 0

I (172725) MAIN:   Frequency: 47

I (172725) MAIN:   Time: 172060 ms

I (172725) MAIN: вввв•ђвввв•ђвввв•ђввввввввввв•ђвввв•ђвввв•ђввв



W (172765) MAIN:   вљ  MQTT not connected - event cached offline (17 pending)

I (172765) RFID: в Valid tag: EPC_len=12, RSSI=49 (-80 dBm), Ant=0

I (172775) MAIN: вв•ђввввввввввв•ђвввв•ђвввв•ђвввв•ђввввввввв

I (172785) MAIN:   TAG DETECTED!

I (172785) MAIN:   EPC (12 bytes):

    E2 80 11 70 40 00 02 1D 53 DA B0 CB 

I (172795) MAIN:   PC: 34 00

I (172795) MAIN:   RSSI: -78 dBm (raw: 51)

I (172805) MAIN:   Antenna: 0

I (172805) MAIN:   Frequency: 17

I (172805) MAIN:   Time: 172140 ms

I (172845) MAIN: ввввввввввввв•ђвввв•ђвввв•ђвввв•ђввввввввв



W (172845) MAIN:   в MQTT not connected - event cached offline (17 pending)

I (172855) RFID: в Valid tag: EPC_len=12, RSSI=51 (-78 dBm), Ant=0

I (172865) MAIN: ввв•ђвввв•ђвввв•ђвввв•ђввввввввввв•ђвввв•ђвввв•ђ

I (172865) MAIN:   TAG DETECTED!

I (172875) MAIN:   EPC (12 bytes):

    E2 80 11 70 40 00 02 1D 53 DA B0 CB 

I (172875) MAIN:   PC: 34 00

I (172885) MAIN:   RSSI: -83 dBm (raw: 46)

I (172885) MAIN:   Antenna: 0

I (172925) MAIN:   Frequency: 17

I (172925) MAIN:   Time: 172220 ms

I (172925) MAIN: ввв•ђвввв•ђввввввввввв•ђвввв•ђвввв•ђвввв•ђвввв



W (172925) MAIN:   в MQTT not connected - event cached offline (17 pending)

I (172935) RFID: вњ“ Valid tag: EPC_len=12, RSSI=46 (-83 dBm), Ant=0

I (174015) MQTT_CLIENT: Connecting to MQTT broker...

W (174115) RFID: Round timeout в no completion packet after 2000ms, resetting

E (174535) esp-tls: [sock=54] select() timeout

E (174535) transport_base: Failed to open a new connection: 32774

E (174535) mqtt_client: Error transport connect

E (174535) MQTT_CLIENT: MQTT Error occurred

E (174535) MQTT_CLIENT: TCP transport error

W (174545) MQTT_CLIENT: Disconnected from MQTT broker

W (176195) RFID: Round timeout в no completion packet after 2000ms, resetting

W (178205) RFID: Round timeout в no completion packet after 2000ms, resetting

I (178565) MQTT_CLIENT: Connecting to MQTT broker...

E (179095) esp-tls: [sock=54] select() timeout

E (179095) transport_base: Failed to open a new connection: 32774

E (179095) mqtt_client: Error transport connect

E (179095) MQTT_CLIENT: MQTT Error occurred

E (179095) MQTT_CLIENT: TCP transport error

W (179105) MQTT_CLIENT: Disconnected from MQTT broker

W (180255) RFID: Round timeout в no completion packet after 2000ms, resetting

W (182315) RFID: Round timeout в no completion packet after 2000ms, resetting

W (182405) BATTERY_MONITOR: Battery sample skipped - RFID reader still active after 2000 ms

I (182805) IO_CTRL: Stopping RFID scan (manual mode)

I (182805) RFID: Stopping inventory...

I (182865) RFID: Inventory stopped

I (182865) RFID: Powering OFF RFID reader (GPIO5 LOW)...

I (182865) RFID: в Reader powered OFF (sleep mode <100ВA)

I (183105) MQTT_CLIENT: Connecting to MQTT broker...

E (183645) esp-tls: [sock=54] select() timeout

E (183645) transport_base: Failed to open a new connection: 32774

E (183645) mqtt_client: Error transport connect

E (183645) MQTT_CLIENT: MQTT Error occurred

E (183645) MQTT_CLIENT: TCP transport error

W (183655) MQTT_CLIENT: Disconnected from MQTT broker

W (184375) RFID: Round timeout в no completion packet after 2000ms, resetting

I (187665) MQTT_CLIENT: Connecting to MQTT broker...

E (188215) esp-tls: [sock=54] select() timeout

E (188215) transport_base: Failed to open a new connection: 32774

E (188215) mqtt_client: Error transport connect

E (188215) MQTT_CLIENT: MQTT Error occurred

E (188225) MQTT_CLIENT: TCP transport error

W (188225) MQTT_CLIENT: Disconnected from MQTT broker

I (190275) BATTERY_MONITOR: Battery: 3912mV (72%), USB: absent, Health: 3

I (192235) MQTT_CLIENT: Connecting to MQTT broker...

E (192765) esp-tls: [sock=54] select() timeout

E (192765) transport_base: Failed to open a new connection: 32774

E (192765) mqtt_client: Error transport connect

E (192765) MQTT_CLIENT: MQTT Error occurred

E (192775) MQTT_CLIENT: TCP transport error

W (192775) MQTT_CLIENT: Disconnected from MQTT broker

I (196805) MQTT_CLIENT: Connecting to MQTT broker...

I (197085) MQTT_CLIENT: в Connected to MQTT broker

I (197125) MQTT_CLIENT: Published online status to attendance/lighthouse/00:70:07:25:15:00/status

I (197135) MQTT_CLIENT: Subscribed to ACK topic: attendance/lighthouse/00:70:07:25:15:00/ack

I (197135) MQTT_CLIENT: вввв•ђвввв•ђввввввввввв•ђвввв•ђвввв•ђвввв•ђввввв

I (197145) MQTT_CLIENT:   Network Restored!

I (197155) MQTT_CLIENT:   Found 22 offline events to replay

I (197155) MQTT_CLIENT: вввввввввввв•ђвввв•ђвввв•ђвввв•ђввввввввввв•ђв

I (197165) OFFLINE_LOGGER: Starting replay of 22 events...

I (197215) MQTT_CLIENT: Offline event replay initiated

I (197215) OFFLINE_LOGGER: Replay task started (grace period: 5 seconds)

I (197215) OFFLINE_LOGGER: Waiting 5 seconds before starting replay...

I (197215) MQTT_CLIENT: Subscription acknowledged (msg_id=45383)

I (197615) BATTERY_MONITOR: Battery: 3928mV (73%), USB: absent, Health: 3

I (202235) OFFLINE_LOGGER: Starting event replay...

I (202235) MQTT_CLIENT: Published sync/start: 23 events

I (202495) MQTT_CLIENT: Replaying offline event: EPC=E280... (detected @ 80542 ms, rtc_s=1778532335, quality=2)

I (202505) MQTT_CLIENT: Replayed offline event: E28011704000021D53DAB0CB timeBasis=synced ts=1778532335000 (msg_id=54696)

I (202545) OFFLINE_LOGGER: Replayed event seqNo=838 (1/23)

I (202725) MQTT_CLIENT: Received message on topic: attendance/lighthouse/00:70:07:25:15:00/ack

I (202725) MQTT_CLIENT: Payload: {"ackedSeqNo":838,"ts":"2026-05-11T20:47:36.944Z"}

I (202725) MQTT_CLIENT: Received ACK for seqNo 838

I (204225) RFID: Reader unpowered, powering on to perform handshake

I (204225) RFID: Powering ON RFID reader (GPIO5 HIGH)...

I (205435) BATTERY_MONITOR: Battery: 3919mV (72%), USB: absent, Health: 3

I (205435) RFID: Firmware version: 129.3

I (205435) RFID: в Reader handshake successful - firmware v129.3

I (205435) RFID: Powering off after standalone handshake

I (205445) RFID: Powering OFF RFID reader (GPIO5 LOW)...

I (205455) RFID: в Reader powered OFF (sleep mode <100ВA)

I (207385) MQTT_CLIENT: Replaying offline event: EPC=E280... (detected @ 85417 ms, rtc_s=1778532340, quality=2)

I (207395) MQTT_CLIENT: Replayed offline event: E28011704000021D53DAB0CB timeBasis=synced ts=1778532340000 (msg_id=11930)

I (207395) OFFLINE_LOGGER: ACK seqNo=838: advanced 1 entries, 23 remaining

I (207405) OFFLINE_LOGGER: Replayed event seqNo=839 (2/23)

I (207885) MQTT_CLIENT: Received message on topic: attendance/lighthouse/00:70:07:25:15:00/ack

I (207925) MQTT_CLIENT: Payload: {"ackedSeqNo":839,"ts":"2026-05-11T20:47:42.139Z"}

I (207935) MQTT_CLIENT: Received ACK for seqNo 839

I (212385) MQTT_CLIENT: Replaying offline event: EPC=E280... (detected @ 90277 ms, rtc_s=1778532345, quality=2)

I (212385) MQTT_CLIENT: Replayed offline event: E28011704000021D53DAB0CB timeBasis=synced ts=1778532345000 (msg_id=64866)

I (212385) OFFLINE_LOGGER: ACK seqNo=839: advanced 1 entries, 23 remaining

I (212405) OFFLINE_LOGGER: Replayed event seqNo=840 (3/23)

I (213085) BATTERY_MONITOR: Battery: 3912mV (72%), USB: absent, Health: 3

I (213435) MQTT_CLIENT: Received message on topic: attendance/lighthouse/00:70:07:25:15:00/ack

I (213435) MQTT_CLIENT: Payload: {"ackedSeqNo":840,"ts":"2026-05-11T20:47:47.364Z"}

I (213445) MQTT_CLIENT: Received ACK for seqNo 840

I (217295) MQTT_CLIENT: Replaying offline event: EPC=E280... (detected @ 95157 ms, rtc_s=1778532350, quality=2)

I (217305) MQTT_CLIENT: Replayed offline event: E28011704000021D53DAB0CB timeBasis=synced ts=1778532350000 (msg_id=7303)

I (217305) OFFLINE_LOGGER: ACK seqNo=840: advanced 1 entries, 23 remaining

I (217315) OFFLINE_LOGGER: Replayed event seqNo=841 (4/23)

I (218185) MQTT_CLIENT: Received message on topic: attendance/lighthouse/00:70:07:25:15:00/ack

I (218185) MQTT_CLIENT: Payload: {"ackedSeqNo":841,"ts":"2026-05-11T20:47:52.215Z"}

I (218195) MQTT_CLIENT: Received ACK for seqNo 841

I (220815) BATTERY_MONITOR: Battery: 3928mV (73%), USB: absent, Health: 3

I (222205) MQTT_CLIENT: Replaying offline event: EPC=E280... (detected @ 100007 ms, rtc_s=1778532354, quality=2)

I (222215) OFFLINE_LOGGER: ACK seqNo=841: advanced 1 entries, 23 remaining

I (222215) MQTT_CLIENT: Replayed offline event: E28011704000021D53DAB0CB timeBasis=synced ts=1778532354000 (msg_id=4970)

I (222255) OFFLINE_LOGGER: Replayed event seqNo=842 (5/23)

I (223175) MQTT_CLIENT: Received message on topic: attendance/lighthouse/00:70:07:25:15:00/ack

I (223175) MQTT_CLIENT: Payload: {"ackedSeqNo":842,"ts":"2026-05-11T20:47:57.152Z"}

I (223185) MQTT_CLIENT: Received ACK for seqNo 842

I (227125) MQTT_CLIENT: Replaying offline event: EPC=E280... (detected @ 104877 ms, rtc_s=1778532359, quality=2)

I (227135) OFFLINE_LOGGER: ACK seqNo=842: advanced 1 entries, 23 remaining

I (227135) MQTT_CLIENT: Replayed offline event: E28011704000021D53DAB0CB timeBasis=synced ts=1778532359000 (msg_id=33880)

I (227175) OFFLINE_LOGGER: Replayed event seqNo=843 (6/23)

I (227685) MQTT_CLIENT: Received message on topic: attendance/lighthouse/00:70:07:25:15:00/ack

I (227685) MQTT_CLIENT: Payload: {"ackedSeqNo":843,"ts":"2026-05-11T20:48:01.560Z"}

I (227695) MQTT_CLIENT: Received ACK for seqNo 843

I (228395) BATTERY_MONITOR: Battery: 3932mV (74%), USB: absent, Health: 3

I (231815) MQTT_CLIENT: Replaying offline event: EPC=E280... (detected @ 109747 ms, rtc_s=1778532364, quality=2)

I (231825) OFFLINE_LOGGER: ACK seqNo=843: advanced 1 entries, 23 remaining

I (231825) MQTT_CLIENT: Replayed offline event: E28011704000021D53DAB0CB timeBasis=synced ts=1778532364000 (msg_id=31955)

I (231865) OFFLINE_LOGGER: Replayed event seqNo=844 (7/23)

I (232865) MQTT_CLIENT: Received message on topic: attendance/lighthouse/00:70:07:25:15:00/ack

I (232875) MQTT_CLIENT: Payload: {"ackedSeqNo":844,"ts":"2026-05-11T20:48:06.410Z"}

I (232875) MQTT_CLIENT: Received ACK for seqNo 844

I (236045) BATTERY_MONITOR: Battery: 3934mV (74%), USB: absent, Health: 3

I (236615) MQTT_CLIENT: Replaying offline event: EPC=E280... (detected @ 114307 ms, rtc_s=1778532369, quality=2)

I (236625) MQTT_CLIENT: Replayed offline event: E28011704000021D53DAB0CB timeBasis=synced ts=1778532369000 (msg_id=30128)

I (236625) OFFLINE_LOGGER: ACK seqNo=844: advanced 1 entries, 23 remaining

I (236635) OFFLINE_LOGGER: Replayed event seqNo=845 (8/23)

I (237685) MQTT_CLIENT: Received message on topic: attendance/lighthouse/00:70:07:25:15:00/ack

I (237685) MQTT_CLIENT: Payload: {"ackedSeqNo":845,"ts":"2026-05-11T20:48:11.290Z"}

I (237685) MQTT_CLIENT: Received ACK for seqNo 845

I (241425) MQTT_CLIENT: Replaying offline event: EPC=E280... (detected @ 118917 ms, rtc_s=1778532373, quality=2)

I (241435) MQTT_CLIENT: Replayed offline event: E28011704000021D53DAB0CB timeBasis=synced ts=1778532373000 (msg_id=17991)

I (241435) OFFLINE_LOGGER: ACK seqNo=845: advanced 1 entries, 23 remaining

I (241445) OFFLINE_LOGGER: Replayed event seqNo=846 (9/23)

I (243525) MQTT_CLIENT: Received message on topic: attendance/lighthouse/00:70:07:25:15:00/ack

I (243525) MQTT_CLIENT: Payload: {"ackedSeqNo":846,"ts":"2026-05-11T20:48:16.241Z"}

I (243535) MQTT_CLIENT: Received ACK for seqNo 846

I (243825) BATTERY_MONITOR: Battery: 3908mV (71%), USB: absent, Health: 3

I (243865) MQTT_CLIENT: Received message on topic: attendance/lighthouse/00:70:07:25:15:00/ack

I (243865) MQTT_CLIENT: Payload: {"ackedSeqNo":846,"ts":"2026-05-11T20:48:17.878Z"}

I (243905) MQTT_CLIENT: Received ACK for seqNo 846

I (246245) MQTT_CLIENT: Replaying offline event: EPC=E280... (detected @ 123777 ms, rtc_s=1778532378, quality=2)

I (246255) MQTT_CLIENT: Replayed offline event: E28011704000021D53DAB0CB timeBasis=synced ts=1778532378000 (msg_id=163)

I (246255) OFFLINE_LOGGER: ACK seqNo=846: advanced 1 entries, 23 remaining

I (246265) OFFLINE_LOGGER: Replayed event seqNo=847 (10/23)

I (246265) OFFLINE_LOGGER: ACK seqNo=846: advanced 0 entries, 23 remaining

I (249705) MQTT_CLIENT: Received message on topic: attendance/lighthouse/00:70:07:25:15:00/ack

I (249705) MQTT_CLIENT: Payload: {"ackedSeqNo":847,"ts":"2026-05-11T20:48:21.667Z"}

I (249715) MQTT_CLIENT: Received ACK for seqNo 847

I (250125) MQTT_CLIENT: Received message on topic: attendance/lighthouse/00:70:07:25:15:00/ack

I (250125) MQTT_CLIENT: Payload: {"ackedSeqNo":847,"ts":"2026-05-11T20:48:23.492Z"}

I (250125) MQTT_CLIENT: Received ACK for seqNo 847

I (250185) MQTT_CLIENT: Received message on topic: attendance/lighthouse/00:70:07:25:15:00/ack

I (250185) MQTT_CLIENT: Payload: {"ackedSeqNo":847,"ts":"2026-05-11T20:48:23.493Z"}

I (250195) MQTT_CLIENT: Received ACK for seqNo 847

I (251095) MQTT_CLIENT: Replaying offline event: EPC=E280... (detected @ 128627 ms, rtc_s=1778532383, quality=2)

I (251105) MQTT_CLIENT: Replayed offline event: E28011704000021D53DAB0CB timeBasis=synced ts=1778532383000 (msg_id=22713)

I (251105) OFFLINE_LOGGER: ACK seqNo=847: advanced 1 entries, 23 remaining

I (251115) OFFLINE_LOGGER: Replayed event seqNo=848 (11/23)

I (251115) OFFLINE_LOGGER: ACK seqNo=847: advanced 0 entries, 23 remaining

I (251125) OFFLINE_LOGGER: ACK seqNo=847: advanced 0 entries, 23 remaining

I (251345) MQTT_CLIENT: Received message on topic: attendance/lighthouse/00:70:07:25:15:00/ack

I (251355) MQTT_CLIENT: Payload: {"ackedSeqNo":848,"ts":"2026-05-11T20:48:25.558Z"}

I (251355) MQTT_CLIENT: Received ACK for seqNo 848

I (251435) BATTERY_MONITOR: Battery: 3912mV (72%), USB: absent, Health: 3

I (255955) MQTT_CLIENT: Replaying offline event: EPC=E280... (detected @ 133497 ms, rtc_s=1778532388, quality=2)

I (255965) MQTT_CLIENT: Replayed offline event: E28011704000021D53DAB0CB timeBasis=synced ts=1778532388000 (msg_id=49905)

I (255965) OFFLINE_LOGGER: ACK seqNo=848: advanced 1 entries, 23 remaining

I (255975) OFFLINE_LOGGER: Replayed event seqNo=849 (12/23)

I (256775) MQTT_CLIENT: Received message on topic: attendance/lighthouse/00:70:07:25:15:00/ack

I (256775) MQTT_CLIENT: Payload: {"ackedSeqNo":849,"ts":"2026-05-11T20:48:30.783Z"}

I (256775) MQTT_CLIENT: Received ACK for seqNo 849

I (258945) BATTERY_MONITOR: Battery: 3930mV (73%), USB: absent, Health: 3

I (260555) MQTT_CLIENT: Replaying offline event: EPC=E280... (detected @ 138357 ms, rtc_s=1778532393, quality=2)

I (260565) MQTT_CLIENT: Replayed offline event: E28011704000021D53DAB0CB timeBasis=synced ts=1778532393000 (msg_id=4302)

I (260565) OFFLINE_LOGGER: ACK seqNo=849: advanced 1 entries, 23 remaining

I (260575) OFFLINE_LOGGER: Replayed event seqNo=850 (13/23)

I (261525) MQTT_CLIENT: Received message on topic: attendance/lighthouse/00:70:07:25:15:00/ack

I (261525) MQTT_CLIENT: Payload: {"ackedSeqNo":850,"ts":"2026-05-11T20:48:35.184Z"}

I (261525) MQTT_CLIENT: Received ACK for seqNo 850

I (265065) MQTT_CLIENT: Replaying offline event: EPC=E280... (detected @ 143227 ms, rtc_s=1778532398, quality=2)

I (265075) MQTT_CLIENT: Replayed offline event: E28011704000021D53DAB0CB timeBasis=synced ts=1778532398000 (msg_id=16143)

I (265075) OFFLINE_LOGGER: ACK seqNo=850: advanced 1 entries, 23 remaining

I (265085) OFFLINE_LOGGER: Replayed event seqNo=851 (14/23)

I (265455) RFID: Reader unpowered, powering on to perform handshake

I (265455) RFID: Powering ON RFID reader (GPIO5 HIGH)...

I (265785) MQTT_CLIENT: Received message on topic: attendance/lighthouse/00:70:07:25:15:00/ack

I (265785) MQTT_CLIENT: Payload: {"ackedSeqNo":851,"ts":"2026-05-11T20:48:39.997Z"}

I (265795) MQTT_CLIENT: Received ACK for seqNo 851

I (266195) BATTERY_MONITOR: Battery: 3884mV (68%), USB: absent, Health: 3

I (266635) RFID: Firmware version: 129.3

I (266635) RFID: в Reader handshake successful - firmware v129.3

I (266635) RFID: Powering off after standalone handshake

I (266635) RFID: Powering OFF RFID reader (GPIO5 LOW)...

I (266645) RFID: в Reader powered OFF (sleep mode <100ВA)

I (269915) MQTT_CLIENT: Replaying offline event: EPC=E280... (detected @ 148097 ms, rtc_s=1778532402, quality=2)

I (269925) MQTT_CLIENT: Replayed offline event: E28011704000021D53DAB0CB timeBasis=synced ts=1778532402000 (msg_id=27468)

I (269925) OFFLINE_LOGGER: ACK seqNo=851: advanced 1 entries, 23 remaining

I (269935) OFFLINE_LOGGER: Replayed event seqNo=852 (15/23)

I (271275) MQTT_CLIENT: Received message on topic: attendance/lighthouse/00:70:07:25:15:00/ack

I (271275) MQTT_CLIENT: Payload: {"ackedSeqNo":852,"ts":"2026-05-11T20:48:45.265Z"}

I (271285) MQTT_CLIENT: Received ACK for seqNo 852

I (273935) BATTERY_MONITOR: Battery: 3934mV (74%), USB: absent, Health: 3

I (274745) MQTT_CLIENT: Replaying offline event: EPC=E280... (detected @ 152837 ms, rtc_s=1778532407, quality=2)

I (274755) MQTT_CLIENT: Replayed offline event: E28011704000021D53DAB0CB timeBasis=synced ts=1778532407000 (msg_id=42000)

I (274755) OFFLINE_LOGGER: ACK seqNo=852: advanced 1 entries, 23 remaining

I (274765) OFFLINE_LOGGER: Replayed event seqNo=853 (16/23)

I (275795) MQTT_CLIENT: Received message on topic: attendance/lighthouse/00:70:07:25:15:00/ack

I (275805) MQTT_CLIENT: Payload: {"ackedSeqNo":853,"ts":"2026-05-11T20:48:50.033Z"}

I (275805) MQTT_CLIENT: Received ACK for seqNo 853

I (279555) MQTT_CLIENT: Replaying offline event: EPC=E280... (detected @ 168164 ms, rtc_s=1778532423, quality=2)

I (279565) OFFLINE_LOGGER: ACK seqNo=853: advanced 1 entries, 23 remaining

I (279565) MQTT_CLIENT: Replayed offline event: E28011704000021D53DAB0CB timeBasis=synced ts=1778532423000 (msg_id=23336)

I (279605) OFFLINE_LOGGER: Replayed event seqNo=854 (17/23)

I (281505) MQTT_CLIENT: Received message on topic: attendance/lighthouse/00:70:07:25:15:00/ack

I (281505) MQTT_CLIENT: Payload: {"ackedSeqNo":854,"ts":"2026-05-11T20:48:54.370Z"}

I (281505) MQTT_CLIENT: Received ACK for seqNo 854

I (281575) MQTT_CLIENT: Received message on topic: attendance/lighthouse/00:70:07:25:15:00/ack

I (281575) MQTT_CLIENT: Payload: {"ackedSeqNo":854,"ts":"2026-05-11T20:48:55.767Z"}

I (281585) MQTT_CLIENT: Received ACK for seqNo 854

I (281605) BATTERY_MONITOR: Battery: 3912mV (72%), USB: absent, Health: 3

I (284405) MQTT_CLIENT: Replaying offline event: EPC=E280... (detected @ 173037 ms, rtc_s=1778532427, quality=2)

I (284415) MQTT_CLIENT: Replayed offline event: E28011704000021D53DAB0CB timeBasis=synced ts=1778532427000 (msg_id=61408)

I (284415) OFFLINE_LOGGER: ACK seqNo=854: advanced 1 entries, 23 remaining

I (284425) OFFLINE_LOGGER: Replayed event seqNo=855 (18/23)

I (284425) OFFLINE_LOGGER: ACK seqNo=854: advanced 0 entries, 23 remaining

I (284815) MQTT_CLIENT: Received message on topic: attendance/lighthouse/00:70:07:25:15:00/ack

I (284815) MQTT_CLIENT: Payload: {"ackedSeqNo":855,"ts":"2026-05-11T20:48:59.048Z"}

I (284825) MQTT_CLIENT: Received ACK for seqNo 855

I (289235) BATTERY_MONITOR: Battery: 3936mV (74%), USB: absent, Health: 3

I (289255) MQTT_CLIENT: Replaying offline event: EPC=E280... (detected @ 177907 ms, rtc_s=1778532432, quality=2)

I (289255) OFFLINE_LOGGER: ACK seqNo=855: advanced 1 entries, 23 remaining

I (289255) MQTT_CLIENT: Replayed offline event: E28011704000021D53DAB0CB timeBasis=synced ts=1778532432000 (msg_id=44601)

I (289305) OFFLINE_LOGGER: Replayed event seqNo=856 (19/23)

I (289985) MQTT_CLIENT: Received message on topic: attendance/lighthouse/00:70:07:25:15:00/ack

I (289985) MQTT_CLIENT: Payload: {"ackedSeqNo":856,"ts":"2026-05-11T20:49:04.230Z"}

I (289995) MQTT_CLIENT: Received ACK for seqNo 856

I (294075) MQTT_CLIENT: Replaying offline event: EPC=E280... (detected @ 182907 ms, rtc_s=1778532437, quality=2)

I (294085) MQTT_CLIENT: Replayed offline event: E28011704000021D53DAB0CB timeBasis=synced ts=1778532437000 (msg_id=38692)

I (294085) OFFLINE_LOGGER: ACK seqNo=856: advanced 1 entries, 23 remaining

I (294095) OFFLINE_LOGGER: Replayed event seqNo=857 (20/23)

I (294635) MQTT_CLIENT: Received message on topic: attendance/lighthouse/00:70:07:25:15:00/ack

I (294635) MQTT_CLIENT: Payload: {"ackedSeqNo":857,"ts":"2026-05-11T20:49:08.464Z"}

I (294635) MQTT_CLIENT: Received ACK for seqNo 857

I (296775) BATTERY_MONITOR: Battery: 3906mV (71%), USB: absent, Health: 3

I (298785) MQTT_CLIENT: Replaying offline event: EPC=E280... (detected @ 187767 ms, rtc_s=1778532442, quality=2)

I (298795) MQTT_CLIENT: Replayed offline event: E28011704000021D53DAB0CB timeBasis=synced ts=1778532442000 (msg_id=5028)

I (298795) OFFLINE_LOGGER: ACK seqNo=857: advanced 1 entries, 23 remaining

I (298805) OFFLINE_LOGGER: Replayed event seqNo=858 (21/23)

I (299835) MQTT_CLIENT: Received message on topic: attendance/lighthouse/00:70:07:25:15:00/ack

I (299845) MQTT_CLIENT: Payload: {"ackedSeqNo":858,"ts":"2026-05-11T20:49:14.027Z"}

I (299845) MQTT_CLIENT: Received ACK for seqNo 858

I (299905) MQTT_CLIENT: Received message on topic: attendance/lighthouse/00:70:07:25:15:00/ack

I (299905) MQTT_CLIENT: Payload: {"ackedSeqNo":858,"ts":"2026-05-11T20:49:14.087Z"}

I (299915) MQTT_CLIENT: Received ACK for seqNo 858

I (303595) MQTT_CLIENT: Replaying offline event: EPC=E280... (detected @ 192419 ms, rtc_s=1778532447, quality=2)

I (303605) MQTT_CLIENT: Replayed offline event: E28011704000021D53DAB0CB timeBasis=synced ts=1778532447000 (msg_id=36668)

I (303605) OFFLINE_LOGGER: ACK seqNo=858: advanced 1 entries, 23 remaining

I (303615) OFFLINE_LOGGER: Replayed event seqNo=859 (22/23)

I (303615) OFFLINE_LOGGER: ACK seqNo=858: advanced 0 entries, 23 remaining

I (304475) BATTERY_MONITOR: Battery: 3908mV (71%), USB: absent, Health: 3

I (304665) MQTT_CLIENT: Received message on topic: attendance/lighthouse/00:70:07:25:15:00/ack

I (304665) MQTT_CLIENT: Payload: {"ackedSeqNo":859,"ts":"2026-05-11T20:49:18.349Z"}

I (304675) MQTT_CLIENT: Received ACK for seqNo 859

I (308415) MQTT_CLIENT: Replaying offline event: EPC=E280... (detected @ 197009 ms, rtc_s=1778532451, quality=2)

I (308425) MQTT_CLIENT: Replayed offline event: E28011704000021D53DAB0CB timeBasis=synced ts=1778532451000 (msg_id=6659)

I (308425) OFFLINE_LOGGER: ACK seqNo=859: advanced 1 entries, 23 remaining

I (308435) OFFLINE_LOGGER: Replayed event seqNo=860 (23/23)

I (308435) MQTT_CLIENT: Published sync/complete (replay-task safety path)

I (308485) OFFLINE_LOGGER: Replay complete! Replayed 23 events in 106253 ms

I (309295) MQTT_CLIENT: Received message on topic: attendance/lighthouse/00:70:07:25:15:00/ack

I (309295) MQTT_CLIENT: Payload: {"ackedSeqNo":860,"ts":"2026-05-11T20:49:23.364Z"}

I (309305) MQTT_CLIENT: Received ACK for seqNo 860

I (312105) BATTERY_MONITOR: Battery: 3912mV (72%), USB: absent, Health: 3

I (313255) OFFLINE_LOGGER: ACK seqNo=860: advanced 1 entries, 23 remaining

I (317545) BATTERY_MONITOR: Battery: 3910mV (71%), USB: absent, Health: 3

I (322595) BATTERY_MONITOR: Battery: 3934mV (74%), USB: absent, Health: 3

I (326645) RFID: Reader unpowered, powering on to perform handshake

I (326645) RFID: Powering ON RFID reader (GPIO5 HIGH)...

I (327655) BATTERY_MONITOR: Battery: 3921mV (73%), USB: absent, Health: 3

I (327825) RFID: Firmware version: 129.3

I (327825) RFID: в Reader handshake successful - firmware v129.3

I (327825) RFID: Powering off after standalone handshake

I (327825) RFID: Powering OFF RFID reader (GPIO5 LOW)...

I (327825) RFID: в Reader powered OFF (sleep mode <100ВA)

_ets Jul 29 2019 12:21:46



rst:0x1 (POWERON_RESET),boot:0x16 (SPI_FAST_FLASH_BOOT)

configsip: 0, SPIWP:0xee

clk_drv:0x00,q_drv:0x00,d_drv:0x00,cs0_drv:0x00,hd_drv:0x00,wp_drv:0x00

mode:DIO, clock div:2

load:0x3fff0040,len:6376

load:0x40078000,len:15900

ho 0 tail 12 room 4

load:0x40080400,len:3920

entry 0x40080644

I (29) boot: ESP-IDF v6.1-dev-1054-g487551888a 2nd stage bootloader

I (29) boot: compile time Mar 22 2026 13:52:25

I (29) boot: Multicore bootloader

I (32) boot: chip revision: v3.1

I (35) boot.esp32: SPI Speed      : 40MHz

I (39) boot.esp32: SPI Mode       : DIO

I (42) boot.esp32: SPI Flash Size : 8MB

I (46) boot: Enabling RNG early entropy source...

I (50) boot: Partition Table:

I (53) boot: ## Label            Usage          Type ST Offset   Length

I (59) boot:  0 nvs              WiFi data        01 02 00009000 00006000

I (66) boot:  1 phy_init         RF data          01 01 0000f000 00001000

I (72) boot:  2 factory          factory app      00 00 00010000 00140000

I (79) boot:  3 offline_events   Unknown data     01 83 00150000 00200000

I (85) boot:  4 nvs_settings     WiFi data        01 02 00350000 00004000

I (92) boot:  5 spiffs           Unknown data     01 82 00360000 00010000

I (98) boot: End of partition table

I (102) esp_image: segment 0: paddr=00010020 vaddr=3f400020 size=2c830h (182320) map

I (174) esp_image: segment 1: paddr=0003c858 vaddr=3ffb0000 size=037c0h ( 14272) load

I (180) esp_image: segment 2: paddr=00040020 vaddr=400d0020 size=cc648h (837192) map

I (479) esp_image: segment 3: paddr=0010c670 vaddr=3ffb37c0 size=00b08h (  2824) load

I (480) esp_image: segment 4: paddr=0010d180 vaddr=40080000 size=17b6ch ( 97132) load

I (522) esp_image: segment 5: paddr=00124cf4 vaddr=50000000 size=000b0h (   176) load

I (534) boot: Loaded app from partition at offset 0x10000

I (534) boot: Disabling RNG early entropy source...

I (545) cpu_start: Multicore app

I (553) cpu_start: GPIO 3 and 1 are used as console UART I/O pins

I (553) cpu_start: Pro cpu start user code

I (553) cpu_start: cpu freq: 160000000 Hz

I (555) app_init: Application information:

I (559) app_init: Project name:     lighthouse

I (563) app_init: App version:      7910d42-dirty

I (567) app_init: Compile time:     May 11 2026 16:57:05

I (572) app_init: ELF file SHA256:  75850364f...

I (577) app_init: ESP-IDF:          v6.1-dev-1054-g487551888a

I (582) efuse_init: Min chip rev:     v0.0

I (586) efuse_init: Max chip rev:     v3.99 

I (590) efuse_init: Chip rev:         v3.1

I (594) heap_init: Initializing. RAM available for dynamic allocation:

I (600) heap_init: At 3FFAE6E0 len 00001920 (6 KiB): DRAM

I (605) heap_init: At 3FFBDA08 len 000225F8 (137 KiB): DRAM

I (611) heap_init: At 3FFE0440 len 00003AE0 (14 KiB): D/IRAM

I (616) heap_init: At 3FFE4350 len 0001BCB0 (111 KiB): D/IRAM

I (621) heap_init: At 40097B6C len 00008494 (33 KiB): IRAM

I (628) spi_flash: detected chip: generic

I (630) spi_flash: flash io: dio

I (635) main_task: Started on CPU0

I (645) main_task: Calling app_main()

I (645) MAIN: вввв•ђвввв•ђввввввввввв•ђвввв•ђвввв•ђвввв•ђвввв•ђв

I (645) MAIN:   ESP32 Attendance System

I (645) MAIN:   with UHF RFID Reader + WiFi

I (655) MAIN: ввв•ђвввв•ђвввв•ђвввв•ђввввввввввв•ђвввв•ђвввв•ђвв



I (665) IO_CTRL: Initializing GPIO...

I (665) IO_CTRL: GPIO initialized

I (675) IO_CTRL:   LED1 (WiFi+MQTT): GPIO 4

I (675) IO_CTRL:   LED2 (IR mode):   GPIO 21

I (675) IO_CTRL:   LED3 (Scanning):  GPIO 26

I (685) IO_CTRL:   LED4 (Activity):  GPIO 25

I (685) IO_CTRL:   IR Sensor: GPIO 19 (burst duration: 5000 ms)

I (695) BATTERY_MONITOR: Initializing battery monitor

I (695) BATTERY_MONITOR: ADC calibration scheme: curve fitting

I (705) BATTERY_MONITOR: Battery monitor initialized

I (705) BATTERY_MONITOR:   Battery ADC: GPIO33 (ADC1_CH5, 12dB attenuation, 16-sample average)

I (715) BATTERY_MONITOR:   USB detect: GPIO32 (digital input)

I (725) BATTERY_MONITOR:   Voltage divider: 100k/120k (ratio 0.545)

I (725) MAIN: Initializing WiFi provisioning system...

I (735) WIFI_PROV: Initializing WiFi provisioning system

I (775) SETTINGS_STORAGE: Initializing WiFi settings storage

I (785) SETTINGS_STORAGE: WiFi settings storage initialized successfully

I (785) SETTINGS_STORAGE: MQTT settings storage initialized successfully

I (785) WIFI_PROV: Boot state: setup_requested=0, is_configured=1

I (795) SETTINGS_STORAGE: Credentials loaded successfully (SSID: Cudy-308D)

I (795) WIFI_PROV: Loaded saved credentials for SSID: Cudy-308D

I (805) WIFI_PROV: Device configured - ready to connect

I (805) WIFI_PROV: WiFi provisioning initialized, state: CONNECTED

I (815) MAIN: Initializing WiFi...

I (815) WIFI_MGR: Initializing WiFi manager...

I (825) WIFI_MGR:   вњ“ NVS flash initialized

I (825) WIFI_MGR:   вњ“ Network interface (lwIP) initialized

I (835) WIFI_MGR:   в Event loop created

I (835) WIFI_MGR:   в WiFi STA interface created

I (855) wifi:wifi driver task: 3ffc6010, prio:23, stack:6656, core=0

I (865) wifi:wifi firmware version: ea01844

I (875) wifi:wifi certification version: v7.0

I (875) wifi:config NVS flash: enabled

I (875) wifi:config nano formatting: disabled

I (875) wifi:Init data frame dynamic rx buffer num: 32

I (885) wifi:Init static rx mgmt buffer num: 5

I (885) wifi:Init management short buffer num: 32

I (885) wifi:Init dynamic tx buffer num: 32

I (895) wifi:Init static rx buffer size: 1600

I (895) wifi:Init static rx buffer num: 10

I (905) wifi:Init dynamic rx buffer num: 32

I (905) wifi_init: rx ba win: 6

I (905) wifi_init: accept mbox: 6

I (915) wifi_init: tcpip mbox: 32

I (915) wifi_init: udp mbox: 6

I (915) wifi_init: tcp mbox: 6

I (915) wifi_init: tcp tx win: 5760

I (925) wifi_init: tcp rx win: 5760

I (925) wifi_init: tcp mss: 1440

I (925) wifi_init: WiFi IRAM OP enabled

I (935) wifi_init: WiFi RX IRAM OP enabled

I (935) WIFI_MGR:   в WiFi driver initialized

I (935) WIFI_MGR:   в Event group created

I (945) WIFI_MGR:   в Event handlers registered

I (945) WIFI_MGR:   в WiFi mode set to STA (Station)

I (955) SETTINGS_STORAGE: Credentials loaded successfully (SSID: Cudy-308D)

I (955) WIFI_MGR:   в Using saved WiFi credentials: Cudy-308D

I (965) WIFI_MGR:   вњ“ WiFi credentials configured

I (975) phy_init: phy_version 4863,a3a4459,Oct 28 2025,14:30:06

I (1055) wifi:mode : sta (68:fe:71:0d:d0:74)

I (1055) wifi:enable tsf

I (1055) WIFI_MGR:   в WiFi driver started

W (1055) wifi:Haven't to connect to a suitable AP now!

I (1055) WIFI_MGR: WiFi driver started, connecting to AP...

E (1065) wifi:sta is connecting, return error

I (1065) WIFI_MGR: WiFi manager initialized successfully

I (1075) wifi:new:<11,0>, old:<1,0>, ap:<255,255>, sta:<11,0>, prof:6, snd_ch_cfg:0x0

I (1085) wifi:state: init -> auth (0xb0)

I (1085) WIFI_MGR: Waiting for connection...

I (1085) wifi:state: auth -> init (0x100)

I (1105) wifi:new:<11,0>, old:<11,0>, ap:<255,255>, sta:<11,0>, prof:6, snd_ch_cfg:0x0

W (1105) WIFI_MGR: Disconnected from AP (reason: 202)

I (1105) WIFI_MGR: Retrying connection (1/5)...

W (3525) WIFI_MGR: Disconnected from AP (reason: 205)

I (3525) WIFI_MGR: Retrying connection (2/5)...

I (3655) wifi:new:<11,0>, old:<11,0>, ap:<255,255>, sta:<11,0>, prof:6, snd_ch_cfg:0x0

I (3655) wifi:state: init -> auth (0xb0)

I (3665) wifi:state: auth -> assoc (0x0)

I (3675) wifi:state: assoc -> run (0x10)

I (3995) wifi:connected with Cudy-308D, aid = 2, channel 11, BW20, bssid = 80:af:ca:c4:30:8d

I (3995) wifi:security: WPA2-PSK, phy: bgn, rssi: -58

I (4005) wifi:pm start, type: 1



I (4005) wifi:dp: 1, bi: 102400, li: 3, scale listen interval from 307200 us to 307200 us

I (4015) WIFI_MGR: Connected to AP: Cudy-308D (channel 11)

I (4075) wifi:AP's beacon interval = 102400 us, DTIM period = 3

ets Jul 29 2019 12:21:46



rst:0x1 (POWERON_RESET),boot:0x6 (DOWNLOAD_BOOT(UART0/UART1/SDIO_REI_FEO_V2))

waiting for download

