I (456505) BATTERY_MONITOR: Battery: 4038mV (84%), USB: absent, Health: 3
E (457265) esp-tls: [sock=54] select() timeout
E (457265) transport_base: Failed to open a new connection: 32774
E (457265) mqtt_client: Error transport connect
E (457265) MQTT_CLIENT: MQTT Error occurred
E (457265) MQTT_CLIENT: TCP transport error
W (457275) MQTT_CLIENT: Disconnected from MQTT broker
I (461555) BATTERY_MONITOR: Battery: 4035mV (84%), USB: absent, Health: 3
I (463275) MQTT_CLIENT: Connecting to MQTT broker...
I (466605) BATTERY_MONITOR: Battery: 4038mV (84%), USB: absent, Health: 3
E (468285) esp-tls: [sock=54] select() timeout
E (468285) transport_base: Failed to open a new connection: 32774
E (468285) mqtt_client: Error transport connect
E (468285) MQTT_CLIENT: MQTT Error occurred
E (468285) MQTT_CLIENT: TCP transport error
W (468295) MQTT_CLIENT: Disconnected from MQTT broker
I (471655) BATTERY_MONITOR: Battery: 4033mV (84%), USB: absent, Health: 3
I (474295) MQTT_CLIENT: Connecting to MQTT broker...
I (474355) MQTT_CLIENT: вњ“ Connected to MQTT broker
I (474355) MQTT_CLIENT: Published online status to attendance/lighthouse/00:70:07:25:15:00/status
I (474365) MQTT_CLIENT: Re-subscribed to config topics: attendance/lighthouse/00:70:07:25:15:00/config/+
I (474375) MQTT_CLIENT: Subscribed to ACK topic: attendance/lighthouse/00:70:07:25:15:00/ack
I (474375) MQTT_CLIENT: вв•ђвввв•ђвввв•ђвввв•ђввввввввввв•ђвввв•ђвввв•ђввв
I (474385) MQTT_CLIENT:   Network Restored!
I (474395) MQTT_CLIENT:   Found 83 offline events to replay
I (474395) MQTT_CLIENT: ввв•ђввввввввввввввв•ђвввв•ђвввв•ђвввв•ђвввввв
I (474405) OFFLINE_LOGGER: Starting replay of 83 events...
I (474415) MQTT_CLIENT: Offline event replay initiated
I (474415) OFFLINE_LOGGER: Replay task started (grace period: 5 seconds)
I (474425) OFFLINE_LOGGER: Waiting 5 seconds before starting replay...
I (474425) MQTT_CLIENT: Subscription acknowledged (msg_id=95)
I (474445) MQTT_CLIENT: Subscription acknowledged (msg_id=16159)
I (476705) BATTERY_MONITOR: Battery: 4037mV (84%), USB: absent, Health: 3
I (479445) OFFLINE_LOGGER: Starting event replay...
I (479445) MQTT_CLIENT: Published sync/start: 83 events
I (479455) MQTT_CLIENT: Replaying offline event: EPC=E280... (detected @ 27083 ms, rtc_s=1778525428, quality=2)
I (479465) MQTT_CLIENT: Replayed offline event: E28011704000021D53DAB0CB timeBasis=synced ts=1778525428000 (msg_id=46114)
I (479465) OFFLINE_LOGGER: Replayed event seqNo=460 (1/83)
I (479475) MQTT_CLIENT: Replaying offline event: EPC=E280... (detected @ 31907 ms, rtc_s=1778525432, quality=2)
I (479485) MQTT_CLIENT: Received message on topic: attendance/lighthouse/00:70:07:25:15:00/ack
I (479485) MQTT_CLIENT: Payload: {"ackedSeqNo":460,"ts":"2026-05-11T18:57:59.842Z"}
I (479495) MQTT_CLIENT: Received ACK for seqNo 460
I (479515) OFFLINE_LOGGER: ACK seqNo=460: advanced 1 entries, 82 remaining
I (479515) MQTT_CLIENT: Replayed offline event: E28011704000021D53DAB0CB timeBasis=synced ts=1778525432000 (msg_id=61767)
I (479525) OFFLINE_LOGGER: Replayed event seqNo=461 (2/83)
I (479535) MQTT_CLIENT: Replaying offline event: EPC=E280... (detected @ 36497 ms, rtc_s=1778525437, quality=2)
I (479535) MQTT_CLIENT: Replayed offline event: E28011704000021D53DAB0CB timeBasis=synced ts=1778525437000 (msg_id=36207)
I (479545) OFFLINE_LOGGER: Replayed event seqNo=462 (3/83)
I (479565) MQTT_CLIENT: Replaying offline event: EPC=E280... (detected @ 41077 ms, rtc_s=1778525442, quality=2)
I (479565) MQTT_CLIENT: Replayed offline event: E28011704000021D53DAB0CB timeBasis=synced ts=1778525442000 (msg_id=27851)
I (479575) OFFLINE_LOGGER: Replayed event seqNo=463 (4/83)
I (479585) MQTT_CLIENT: Replaying offline event: EPC=E280... (detected @ 45657 ms, rtc_s=1778525446, quality=2)
I (479595) MQTT_CLIENT: Received message on topic: attendance/lighthouse/00:70:07:25:15:00/ack
I (479595) MQTT_CLIENT: Payload: {"ackedSeqNo":461,"ts":"2026-05-11T18:57:59.939Z"}
I (479605) MQTT_CLIENT: Received ACK for seqNo 461
I (479615) OFFLINE_LOGGER: ACK seqNo=461: advanced 1 entries, 81 remaining
I (479625) MQTT_CLIENT: Received message on topic: attendance/lighthouse/00:70:07:25:15:00/ack
I (479625) MQTT_CLIENT: Payload: {"ackedSeqNo":463,"ts":"2026-05-11T18:57:59.952Z"}
I (479635) MQTT_CLIENT: Replayed offline event: E28011704000021D53DAB0CB timeBasis=synced ts=1778525446000 (msg_id=51148)
I (479635) MQTT_CLIENT: Received ACK for seqNo 463
I (479655) OFFLINE_LOGGER: Replayed event seqNo=464 (5/83)
I (479665) OFFLINE_LOGGER: ACK seqNo=463: advanced 2 entries, 79 remaining
I (479665) MQTT_CLIENT: Replaying offline event: EPC=E280... (detected @ 50167 ms, rtc_s=1778525451, quality=2)
I (479675) MQTT_CLIENT: Received message on topic: attendance/lighthouse/00:70:07:25:15:00/ack
I (479675) MQTT_CLIENT: Payload: {"ackedSeqNo":462,"ts":"2026-05-11T18:57:59.956Z"}
I (479685) MQTT_CLIENT: Received ACK for seqNo 462
I (479695) OFFLINE_LOGGER: ACK seqNo=462: advanced 0 entries, 79 remaining
I (479705) MQTT_CLIENT: Replayed offline event: E28011704000021D53DAB0CB timeBasis=synced ts=1778525451000 (msg_id=12845)
I (479705) OFFLINE_LOGGER: Replayed event seqNo=465 (6/83)
I (479715) MQTT_CLIENT: Received message on topic: attendance/lighthouse/00:70:07:25:15:00/ack
I (479725) MQTT_CLIENT: Payload: {"ackedSeqNo":464,"ts":"2026-05-11T18:58:00.039Z"}
I (479725) MQTT_CLIENT: Received ACK for seqNo 464
I (479735) MQTT_CLIENT: Replaying offline event: EPC=E280... (detected @ 54347 ms, rtc_s=1778525455, quality=2)
I (479745) OFFLINE_LOGGER: ACK seqNo=464: advanced 1 entries, 78 remaining
I (479765) MQTT_CLIENT: Replayed offline event: E28011704000021D53DAB0CB timeBasis=synced ts=1778525455000 (msg_id=1938)
I (479765) OFFLINE_LOGGER: Replayed event seqNo=466 (7/83)
I (479765) MQTT_CLIENT: Received message on topic: attendance/lighthouse/00:70:07:25:15:00/ack
I (479775) MQTT_CLIENT: Payload: {"ackedSeqNo":465,"ts":"2026-05-11T18:58:00.120Z"}
I (479785) MQTT_CLIENT: Replaying offline event: EPC=E280... (detected @ 58978 ms, rtc_s=1778525459, quality=2)
I (479785) MQTT_CLIENT: Received ACK for seqNo 465
I (479805) OFFLINE_LOGGER: ACK seqNo=465: advanced 1 entries, 77 remaining
I (479825) MQTT_CLIENT: Replayed offline event: E28011704000021D53DAB0CB timeBasis=synced ts=1778525459000 (msg_id=5069)
I (479825) MQTT_CLIENT: Received message on topic: attendance/lighthouse/00:70:07:25:15:00/ack
I (479825) MQTT_CLIENT: Payload: {"ackedSeqNo":466,"ts":"2026-05-11T18:58:00.178Z"}
I (479835) OFFLINE_LOGGER: Replayed event seqNo=467 (8/83)
I (479835) MQTT_CLIENT: Received ACK for seqNo 466
I (479855) OFFLINE_LOGGER: ACK seqNo=466: advanced 1 entries, 76 remaining
I (479855) MQTT_CLIENT: Replaying offline event: EPC=E280... (detected @ 63547 ms, rtc_s=1778525464, quality=2)
I (479865) MQTT_CLIENT: Received message on topic: attendance/lighthouse/00:70:07:25:15:00/ack
I (479875) MQTT_CLIENT: Payload: {"ackedSeqNo":467,"ts":"2026-05-11T18:58:00.231Z"}
I (479875) MQTT_CLIENT: Received ACK for seqNo 467
I (479895) OFFLINE_LOGGER: ACK seqNo=467: advanced 1 entries, 75 remaining
I (479905) MQTT_CLIENT: Replayed offline event: E28011704000021D53DAB0CB timeBasis=synced ts=1778525464000 (msg_id=63151)
I (479905) OFFLINE_LOGGER: Replayed event seqNo=468 (9/83)
I (479915) MQTT_CLIENT: Replaying offline event: EPC=E280... (detected @ 68097 ms, rtc_s=1778525469, quality=2)
I (479925) MQTT_CLIENT: Replayed offline event: E28011704000021D53DAB0CB timeBasis=synced ts=1778525469000 (msg_id=17213)
I (479925) OFFLINE_LOGGER: Replayed event seqNo=469 (10/83)
I (479945) MQTT_CLIENT: Replaying offline event: EPC=E280... (detected @ 72677 ms, rtc_s=1778525473, quality=2)
I (479955) MQTT_CLIENT: Replayed offline event: E28011704000021D53DAB0CB timeBasis=synced ts=1778525473000 (msg_id=38864)
I (479965) OFFLINE_LOGGER: Replayed event seqNo=470 (11/83)
I (479965) MQTT_CLIENT: Received message on topic: attendance/lighthouse/00:70:07:25:15:00/ack
I (479975) MQTT_CLIENT: Replaying offline event: EPC=E280... (detected @ 77238 ms, rtc_s=1778525478, quality=2)
I (479975) MQTT_CLIENT: Payload: {"ackedSeqNo":469,"ts":"2026-05-11T18:58:00.319Z"}
I (479995) MQTT_CLIENT: Received ACK for seqNo 469
I (480005) OFFLINE_LOGGER: ACK seqNo=469: advanced 2 entries, 73 remaining
I (480015) MQTT_CLIENT: Replayed offline event: E28011704000021D53DAB0CB timeBasis=synced ts=1778525478000 (msg_id=22031)
I (480015) OFFLINE_LOGGER: Replayed event seqNo=471 (12/83)
I (480015) MQTT_CLIENT: Received message on topic: attendance/lighthouse/00:70:07:25:15:00/ack
I (480025) MQTT_CLIENT: Payload: {"ackedSeqNo":468,"ts":"2026-05-11T18:58:00.319Z"}
I (480035) MQTT_CLIENT: Replaying offline event: EPC=E280... (detected @ 81827 ms, rtc_s=1778525482, quality=2)
I (480035) MQTT_CLIENT: Received ACK for seqNo 468
I (480045) OFFLINE_LOGGER: ACK seqNo=468: advanced 0 entries, 73 remaining
I (480075) MQTT_CLIENT: Replayed offline event: E28011704000021D53DAB0CB timeBasis=synced ts=1778525482000 (msg_id=2153)
I (480075) OFFLINE_LOGGER: Replayed event seqNo=472 (13/83)
I (480075) MQTT_CLIENT: Received message on topic: attendance/lighthouse/00:70:07:25:15:00/ack
I (480085) MQTT_CLIENT: Payload: {"ackedSeqNo":470,"ts":"2026-05-11T18:58:00.333Z"}
I (480095) MQTT_CLIENT: Replaying offline event: EPC=E280... (detected @ 86457 ms, rtc_s=1778525487, quality=2)
I (480095) MQTT_CLIENT: Received ACK for seqNo 470
I (480115) OFFLINE_LOGGER: ACK seqNo=470: advanced 1 entries, 72 remaining
I (480125) MQTT_CLIENT: Replayed offline event: E28011704000021D53DAB0CB timeBasis=synced ts=1778525487000 (msg_id=40442)
I (480125) OFFLINE_LOGGER: Replayed event seqNo=473 (14/83)
I (480125) MQTT_CLIENT: Received message on topic: attendance/lighthouse/00:70:07:25:15:00/ack
I (480135) MQTT_CLIENT: Payload: {"ackedSeqNo":471,"ts":"2026-05-11T18:58:00.425Z"}
I (480145) MQTT_CLIENT: Replaying offline event: EPC=E280... (detected @ 90988 ms, rtc_s=1778525491, quality=2)
I (480145) MQTT_CLIENT: Received ACK for seqNo 471
I (480175) OFFLINE_LOGGER: ACK seqNo=471: advanced 1 entries, 71 remaining
I (480185) MQTT_CLIENT: Replayed offline event: E28011704000021D53DAB0CB timeBasis=synced ts=1778525491000 (msg_id=5661)
I (480185) OFFLINE_LOGGER: Replayed event seqNo=474 (15/83)
I (480185) MQTT_CLIENT: Received message on topic: attendance/lighthouse/00:70:07:25:15:00/ack
I (480195) MQTT_CLIENT: Replaying offline event: EPC=E280... (detected @ 95207 ms, rtc_s=1778525496, quality=2)
I (480195) MQTT_CLIENT: Payload: {"ackedSeqNo":472,"ts":"2026-05-11T18:58:00.479Z"}
I (480215) MQTT_CLIENT: Received ACK for seqNo 472
I (480225) OFFLINE_LOGGER: ACK seqNo=472: advanced 1 entries, 70 remaining
I (480235) MQTT_CLIENT: Replayed offline event: E28011704000021D53DAB0CB timeBasis=synced ts=1778525496000 (msg_id=43850)
I (480235) OFFLINE_LOGGER: Replayed event seqNo=475 (16/83)
I (480235) MQTT_CLIENT: Received message on topic: attendance/lighthouse/00:70:07:25:15:00/ack
I (480245) MQTT_CLIENT: Payload: {"ackedSeqNo":473,"ts":"2026-05-11T18:58:00.536Z"}
I (480255) MQTT_CLIENT: Replaying offline event: EPC=E280... (detected @ 99737 ms, rtc_s=1778525500, quality=2)
I (480255) MQTT_CLIENT: Received ACK for seqNo 473
I (480285) OFFLINE_LOGGER: ACK seqNo=473: advanced 1 entries, 69 remaining
I (480285) MQTT_CLIENT: Replayed offline event: E28011704000021D53DAB0CB timeBasis=synced ts=1778525500000 (msg_id=19780)
I (480285) OFFLINE_LOGGER: Replayed event seqNo=476 (17/83)
I (480305) MQTT_CLIENT: Replaying offline event: EPC=E280... (detected @ 104307 ms, rtc_s=1778525505, quality=2)
I (480305) MQTT_CLIENT: Replayed offline event: E28011704000021D53DAB0CB timeBasis=synced ts=1778525505000 (msg_id=18634)
I (480315) OFFLINE_LOGGER: Replayed event seqNo=477 (18/83)
I (480325) MQTT_CLIENT: Replaying offline event: EPC=E280... (detected @ 108998 ms, rtc_s=1778525509, quality=2)
I (480335) MQTT_CLIENT: Replayed offline event: E28011704000021D53DAB0CB timeBasis=synced ts=1778525509000 (msg_id=2427)
I (480345) OFFLINE_LOGGER: Replayed event seqNo=478 (19/83)
I (480355) MQTT_CLIENT: Replaying offline event: EPC=E280... (detected @ 113690 ms, rtc_s=1778525514, quality=2)
I (480355) MQTT_CLIENT: Replayed offline event: E28011704000021D53DAB0CB timeBasis=synced ts=1778525514000 (msg_id=58635)
I (480365) OFFLINE_LOGGER: Replayed event seqNo=479 (20/83)
I (480385) MQTT_CLIENT: Replaying offline event: EPC=E280... (detected @ 118299 ms, rtc_s=1778525519, quality=2)
I (480385) MQTT_CLIENT: Replayed offline event: E28011704000021D53DAB0CB timeBasis=synced ts=1778525519000 (msg_id=60781)
I (480395) OFFLINE_LOGGER: Replayed event seqNo=480 (21/83)
I (480405) MQTT_CLIENT: Replaying offline event: EPC=E280... (detected @ 122767 ms, rtc_s=1778525523, quality=2)
I (480425) MQTT_CLIENT: Replayed offline event: E28011704000021D53DAB0CB timeBasis=synced ts=1778525523000 (msg_id=32286)
I (480425) OFFLINE_LOGGER: Replayed event seqNo=481 (22/83)
I (480445) MQTT_CLIENT: Replaying offline event: EPC=E280... (detected @ 127387 ms, rtc_s=1778525528, quality=2)
I (480445) MQTT_CLIENT: Received message on topic: attendance/lighthouse/00:70:07:25:15:00/ack
I (480455) MQTT_CLIENT: Payload: {"ackedSeqNo":474,"ts":"2026-05-11T18:58:00.738Z"}
I (480455) MQTT_CLIENT: Received ACK for seqNo 474
I (480475) OFFLINE_LOGGER: ACK seqNo=474: advanced 1 entries, 68 remaining
I (480475) MQTT_CLIENT: Replayed offline event: E28011704000021D53DAB0CB timeBasis=synced ts=1778525528000 (msg_id=9509)
I (480485) OFFLINE_LOGGER: Replayed event seqNo=482 (23/83)
I (480485) MQTT_CLIENT: Received message on topic: attendance/lighthouse/00:70:07:25:15:00/ack
I (480495) MQTT_CLIENT: Payload: {"ackedSeqNo":475,"ts":"2026-05-11T18:58:00.742Z"}
I (480505) MQTT_CLIENT: Replaying offline event: EPC=E280... (detected @ 131928 ms, rtc_s=1778525532, quality=2)
I (480505) MQTT_CLIENT: Received ACK for seqNo 475
I (480535) OFFLINE_LOGGER: ACK seqNo=475: advanced 1 entries, 67 remaining
I (480545) MQTT_CLIENT: Replayed offline event: E28011704000021D53DAB0CB timeBasis=synced ts=1778525532000 (msg_id=39724)
I (480545) MQTT_CLIENT: Received message on topic: attendance/lighthouse/00:70:07:25:15:00/ack
I (480545) MQTT_CLIENT: Payload: {"ackedSeqNo":477,"ts":"2026-05-11T18:58:00.758Z"}
I (480555) OFFLINE_LOGGER: Replayed event seqNo=483 (24/83)
I (480555) MQTT_CLIENT: Received ACK for seqNo 477
I (480575) MQTT_CLIENT: Replaying offline event: EPC=E280... (detected @ 136508 ms, rtc_s=1778525537, quality=2)
I (480575) OFFLINE_LOGGER: ACK seqNo=477: advanced 2 entries, 65 remaining
I (480595) MQTT_CLIENT: Replayed offline event: E28011704000021D53DAB0CB timeBasis=synced ts=1778525537000 (msg_id=8490)
I (480595) MQTT_CLIENT: Received message on topic: attendance/lighthouse/00:70:07:25:15:00/ack
I (480605) OFFLINE_LOGGER: Replayed event seqNo=484 (25/83)
I (480605) MQTT_CLIENT: Payload: {"ackedSeqNo":476,"ts":"2026-05-11T18:58:00.759Z"}
I (480615) MQTT_CLIENT: Replaying offline event: EPC=E280... (detected @ 141078 ms, rtc_s=1778525542, quality=2)
I (480615) MQTT_CLIENT: Received ACK for seqNo 476
I (480635) OFFLINE_LOGGER: ACK seqNo=476: advanced 0 entries, 65 remaining
I (480645) MQTT_CLIENT: Replayed offline event: E28011704000021D53DAB0CB timeBasis=synced ts=1778525542000 (msg_id=42791)
I (480645) MQTT_CLIENT: Received message on topic: attendance/lighthouse/00:70:07:25:15:00/ack
I (480655) OFFLINE_LOGGER: Replayed event seqNo=485 (26/83)
I (480655) MQTT_CLIENT: Payload: {"ackedSeqNo":478,"ts":"2026-05-11T18:58:00.760Z"}
I (480665) MQTT_CLIENT: Received ACK for seqNo 478
I (480675) MQTT_CLIENT: Replaying offline event: EPC=E280... (detected @ 145697 ms, rtc_s=1778525546, quality=2)
I (480685) OFFLINE_LOGGER: ACK seqNo=478: advanced 1 entries, 64 remaining
I (480705) MQTT_CLIENT: Replayed offline event: E28011704000021D53DAB0CB timeBasis=synced ts=1778525546000 (msg_id=11142)
I (480705) OFFLINE_LOGGER: Replayed event seqNo=486 (27/83)
I (480715) MQTT_CLIENT: Replaying offline event: EPC=E280... (detected @ 150279 ms, rtc_s=1778525551, quality=2)
I (480725) MQTT_CLIENT: Replayed offline event: E28011704000021D53DAB0CB timeBasis=synced ts=1778525551000 (msg_id=8411)
I (480725) OFFLINE_LOGGER: Replayed event seqNo=487 (28/83)
I (480745) MQTT_CLIENT: Replaying offline event: EPC=E280... (detected @ 154737 ms, rtc_s=1778525555, quality=2)
I (480745) MQTT_CLIENT: Replayed offline event: E28011704000021D53DAB0CB timeBasis=synced ts=1778525555000 (msg_id=14844)
I (480755) OFFLINE_LOGGER: Replayed event seqNo=488 (29/83)
I (480765) MQTT_CLIENT: Replaying offline event: EPC=E280... (detected @ 159082 ms, rtc_s=1778525560, quality=2)
I (480775) MQTT_CLIENT: Replayed offline event: E28011704000021D53DAB0CB timeBasis=synced ts=1778525560000 (msg_id=33673)
I (480775) OFFLINE_LOGGER: Replayed event seqNo=489 (30/83)
I (480795) MQTT_CLIENT: Replaying offline event: EPC=E280... (detected @ 163627 ms, rtc_s=1778525564, quality=2)
I (480795) MQTT_CLIENT: Replayed offline event: E28011704000021D53DAB0CB timeBasis=synced ts=1778525564000 (msg_id=33049)
I (480805) OFFLINE_LOGGER: Replayed event seqNo=490 (31/83)
I (480825) MQTT_CLIENT: Replaying offline event: EPC=E280... (detected @ 168177 ms, rtc_s=1778525569, quality=2)
I (480825) MQTT_CLIENT: Replayed offline event: E28011704000021D53DAB0CB timeBasis=synced ts=1778525569000 (msg_id=30774)
I (480835) OFFLINE_LOGGER: Replayed event seqNo=491 (32/83)
I (480845) MQTT_CLIENT: Replaying offline event: EPC=E280... (detected @ 172757 ms, rtc_s=1778525573, quality=2)
I (480845) MQTT_CLIENT: Replayed offline event: E28011704000021D53DAB0CB timeBasis=synced ts=1778525573000 (msg_id=48174)
I (480855) OFFLINE_LOGGER: Replayed event seqNo=492 (33/83)
I (480875) MQTT_CLIENT: Replaying offline event: EPC=E280... (detected @ 177358 ms, rtc_s=1778525578, quality=2)
I (480885) MQTT_CLIENT: Replayed offline event: E28011704000021D53DAB0CB timeBasis=synced ts=1778525578000 (msg_id=33594)
I (480885) OFFLINE_LOGGER: Replayed event seqNo=493 (34/83)
I (480885) MQTT_CLIENT: Received message on topic: attendance/lighthouse/00:70:07:25:15:00/ack
I (480895) MQTT_CLIENT: Payload: {"ackedSeqNo":479,"ts":"2026-05-11T18:58:00.796Z"}
I (480905) MQTT_CLIENT: Replaying offline event: EPC=E280... (detected @ 181967 ms, rtc_s=1778525582, quality=2)
I (480905) MQTT_CLIENT: Received ACK for seqNo 479
I (480935) OFFLINE_LOGGER: ACK seqNo=479: advanced 1 entries, 63 remaining
I (480945) MQTT_CLIENT: Received message on topic: attendance/lighthouse/00:70:07:25:15:00/ack
I (480945) MQTT_CLIENT: Payload: {"ackedSeqNo":480,"ts":"2026-05-11T18:58:00.796Z"}
I (480945) MQTT_CLIENT: Received ACK for seqNo 480
I (480955) MQTT_CLIENT: Replayed offline event: E28011704000021D53DAB0CB timeBasis=synced ts=1778525582000 (msg_id=63513)
I (480965) OFFLINE_LOGGER: ACK seqNo=480: advanced 1 entries, 62 remaining
I (480975) OFFLINE_LOGGER: Replayed event seqNo=494 (35/83)
I (480975) MQTT_CLIENT: Received message on topic: attendance/lighthouse/00:70:07:25:15:00/ack
I (480985) MQTT_CLIENT: Replaying offline event: EPC=E280... (detected @ 186407 ms, rtc_s=1778525587, quality=2)
I (480985) MQTT_CLIENT: Payload: {"ackedSeqNo":481,"ts":"2026-05-11T18:58:00.802Z"}
I (481005) MQTT_CLIENT: Received ACK for seqNo 481
I (481015) OFFLINE_LOGGER: ACK seqNo=481: advanced 1 entries, 61 remaining
I (481025) MQTT_CLIENT: Replayed offline event: E28011704000021D53DAB0CB timeBasis=synced ts=1778525587000 (msg_id=25767)
I (481025) OFFLINE_LOGGER: Replayed event seqNo=495 (36/83)
I (481035) MQTT_CLIENT: Replaying offline event: EPC=E280... (detected @ 190978 ms, rtc_s=1778525591, quality=2)
I (481045) MQTT_CLIENT: Received message on topic: attendance/lighthouse/00:70:07:25:15:00/ack
I (481045) MQTT_CLIENT: Payload: {"ackedSeqNo":483,"ts":"2026-05-11T18:58:01.099Z"}
I (481055) MQTT_CLIENT: Received ACK for seqNo 483
I (481075) OFFLINE_LOGGER: ACK seqNo=483: advanced 2 entries, 59 remaining
I (481085) MQTT_CLIENT: Replayed offline event: E28011704000021D53DAB0CB timeBasis=synced ts=1778525591000 (msg_id=33634)
I (481085) OFFLINE_LOGGER: Replayed event seqNo=496 (37/83)
I (481085) MQTT_CLIENT: Received message on topic: attendance/lighthouse/00:70:07:25:15:00/ack
I (481095) MQTT_CLIENT: Payload: {"ackedSeqNo":484,"ts":"2026-05-11T18:58:01.100Z"}
I (481105) MQTT_CLIENT: Replaying offline event: EPC=E280... (detected @ 195547 ms, rtc_s=1778525596, quality=2)
I (481105) MQTT_CLIENT: Received ACK for seqNo 484
I (481135) OFFLINE_LOGGER: ACK seqNo=484: advanced 1 entries, 58 remaining
I (481145) MQTT_CLIENT: Replayed offline event: E28011704000021D53DAB0CB timeBasis=synced ts=1778525596000 (msg_id=49402)
I (481145) OFFLINE_LOGGER: Replayed event seqNo=497 (38/83)
I (481145) MQTT_CLIENT: Received message on topic: attendance/lighthouse/00:70:07:25:15:00/ack
I (481155) MQTT_CLIENT: Payload: {"ackedSeqNo":486,"ts":"2026-05-11T18:58:01.100Z"}
I (481165) MQTT_CLIENT: Replaying offline event: EPC=E280... (detected @ 200107 ms, rtc_s=1778525601, quality=2)
I (481165) MQTT_CLIENT: Received ACK for seqNo 486
I (481185) OFFLINE_LOGGER: ACK seqNo=486: advanced 2 entries, 56 remaining
I (481195) MQTT_CLIENT: Replayed offline event: E28011704000021D53DAB0CB timeBasis=synced ts=1778525601000 (msg_id=12105)
I (481195) OFFLINE_LOGGER: Replayed event seqNo=498 (39/83)
I (481195) MQTT_CLIENT: Received message on topic: attendance/lighthouse/00:70:07:25:15:00/ack
I (481205) MQTT_CLIENT: Payload: {"ackedSeqNo":482,"ts":"2026-05-11T18:58:01.100Z"}
I (481215) MQTT_CLIENT: Replaying offline event: EPC=E280... (detected @ 204648 ms, rtc_s=1778525605, quality=2)
I (481215) MQTT_CLIENT: Received ACK for seqNo 482
I (481235) OFFLINE_LOGGER: ACK seqNo=482: advanced 0 entries, 56 remaining
I (481245) MQTT_CLIENT: Received message on topic: attendance/lighthouse/00:70:07:25:15:00/ack
I (481245) MQTT_CLIENT: Payload: {"ackedSeqNo":485,"ts":"2026-05-11T18:58:01.101Z"}
I (481245) MQTT_CLIENT: Replayed offline event: E28011704000021D53DAB0CB timeBasis=synced ts=1778525605000 (msg_id=32402)
I (481255) MQTT_CLIENT: Received ACK for seqNo 485
I (481265) OFFLINE_LOGGER: ACK seqNo=485: advanced 0 entries, 56 remaining
I (481275) OFFLINE_LOGGER: Replayed event seqNo=499 (40/83)
I (481295) MQTT_CLIENT: Replaying offline event: EPC=E280... (detected @ 209238 ms, rtc_s=1778525610, quality=2)
I (481305) MQTT_CLIENT: Replayed offline event: E28011704000021D53DAB0CB timeBasis=synced ts=1778525610000 (msg_id=738)
I (481305) OFFLINE_LOGGER: Replayed event seqNo=500 (41/83)
I (481315) MQTT_CLIENT: Replaying offline event: EPC=E280... (detected @ 213858 ms, rtc_s=1778525614, quality=2)
I (481315) MQTT_CLIENT: Received message on topic: attendance/lighthouse/00:70:07:25:15:00/ack
I (481325) MQTT_CLIENT: Payload: {"ackedSeqNo":487,"ts":"2026-05-11T18:58:01.278Z"}
I (481335) MQTT_CLIENT: Received ACK for seqNo 487
I (481355) OFFLINE_LOGGER: ACK seqNo=487: advanced 1 entries, 55 remaining
I (481355) MQTT_CLIENT: Replayed offline event: E28011704000021D53DAB0CB timeBasis=synced ts=1778525614000 (msg_id=26396)
I (481355) OFFLINE_LOGGER: Replayed event seqNo=501 (42/83)
I (481365) MQTT_CLIENT: Received message on topic: attendance/lighthouse/00:70:07:25:15:00/ack
I (481375) MQTT_CLIENT: Payload: {"ackedSeqNo":491,"ts":"2026-05-11T18:58:01.279Z"}
I (481375) MQTT_CLIENT: Received ACK for seqNo 491
I (481385) MQTT_CLIENT: Replaying offline event: EPC=E280... (detected @ 218397 ms, rtc_s=1778525619, quality=2)
I (481395) OFFLINE_LOGGER: ACK seqNo=491: advanced 4 entries, 51 remaining
I (481415) MQTT_CLIENT: Received message on topic: attendance/lighthouse/00:70:07:25:15:00/ack
I (481415) MQTT_CLIENT: Payload: {"ackedSeqNo":488,"ts":"2026-05-11T18:58:01.279Z"}
I (481415) MQTT_CLIENT: Received ACK for seqNo 488
I (481415) MQTT_CLIENT: Replayed offline event: E28011704000021D53DAB0CB timeBasis=synced ts=1778525619000 (msg_id=12812)
I (481425) OFFLINE_LOGGER: ACK seqNo=488: advanced 0 entries, 51 remaining
I (481445) OFFLINE_LOGGER: Replayed event seqNo=502 (43/83)
I (481445) MQTT_CLIENT: Received message on topic: attendance/lighthouse/00:70:07:25:15:00/ack
I (481455) MQTT_CLIENT: Payload: {"ackedSeqNo":489,"ts":"2026-05-11T18:58:01.279Z"}
I (481455) MQTT_CLIENT: Replaying offline event: EPC=E280... (detected @ 222609 ms, rtc_s=1778525623, quality=2)
I (481455) MQTT_CLIENT: Received ACK for seqNo 489
I (481475) OFFLINE_LOGGER: ACK seqNo=489: advanced 0 entries, 51 remaining
I (481485) MQTT_CLIENT: Received message on topic: attendance/lighthouse/00:70:07:25:15:00/ack
I (481485) MQTT_CLIENT: Payload: {"ackedSeqNo":490,"ts":"2026-05-11T18:58:01.279Z"}
I (481495) MQTT_CLIENT: Replayed offline event: E28011704000021D53DAB0CB timeBasis=synced ts=1778525623000 (msg_id=33491)
I (481495) MQTT_CLIENT: Received ACK for seqNo 490
I (481505) OFFLINE_LOGGER: Replayed event seqNo=503 (44/83)
I (481515) OFFLINE_LOGGER: ACK seqNo=490: advanced 0 entries, 51 remaining
I (481535) MQTT_CLIENT: Received message on topic: attendance/lighthouse/00:70:07:25:15:00/ack
I (481535) MQTT_CLIENT: Payload: {"ackedSeqNo":493,"ts":"2026-05-11T18:58:01.293Z"}
I (481535) MQTT_CLIENT: Replaying offline event: EPC=E280... (detected @ 227168 ms, rtc_s=1778525628, quality=2)
I (481535) MQTT_CLIENT: Received ACK for seqNo 493
I (481565) OFFLINE_LOGGER: ACK seqNo=493: advanced 2 entries, 49 remaining
I (481575) MQTT_CLIENT: Replayed offline event: E28011704000021D53DAB0CB timeBasis=synced ts=1778525628000 (msg_id=47700)
I (481575) OFFLINE_LOGGER: Replayed event seqNo=504 (45/83)
I (481575) MQTT_CLIENT: Received message on topic: attendance/lighthouse/00:70:07:25:15:00/ack
I (481585) MQTT_CLIENT: Payload: {"ackedSeqNo":492,"ts":"2026-05-11T18:58:01.295Z"}
I (481595) MQTT_CLIENT: Replaying offline event: EPC=E280... (detected @ 231717 ms, rtc_s=1778525632, quality=2)
I (481595) MQTT_CLIENT: Received ACK for seqNo 492
I (481605) OFFLINE_LOGGER: ACK seqNo=492: advanced 0 entries, 49 remaining
I (481625) MQTT_CLIENT: Replayed offline event: E28011704000021D53DAB0CB timeBasis=synced ts=1778525632000 (msg_id=42485)
I (481625) OFFLINE_LOGGER: Replayed event seqNo=505 (46/83)
I (481645) MQTT_CLIENT: Received message on topic: attendance/lighthouse/00:70:07:25:15:00/ack
I (481645) MQTT_CLIENT: Payload: {"ackedSeqNo":494,"ts":"2026-05-11T18:58:01.461Z"}
I (481645) MQTT_CLIENT: Replaying offline event: EPC=E280... (detected @ 236278 ms, rtc_s=1778525637, quality=2)
I (481645) MQTT_CLIENT: Received ACK for seqNo 494
I (481675) OFFLINE_LOGGER: ACK seqNo=494: advanced 1 entries, 48 remaining
I (481685) MQTT_CLIENT: Replayed offline event: E28011704000021D53DAB0CB timeBasis=synced ts=1778525637000 (msg_id=2366)
I (481685) MQTT_CLIENT: Received message on topic: attendance/lighthouse/00:70:07:25:15:00/ack
I (481685) OFFLINE_LOGGER: Replayed event seqNo=506 (47/83)
I (481695) MQTT_CLIENT: Payload: {"ackedSeqNo":495,"ts":"2026-05-11T18:58:01.466Z"}
I (481705) MQTT_CLIENT: Received ACK for seqNo 495
I (481715) OFFLINE_LOGGER: ACK seqNo=495: advanced 1 entries, 47 remaining
I (481715) MQTT_CLIENT: Replaying offline event: EPC=E280... (detected @ 240888 ms, rtc_s=1778525641, quality=2)
I (481725) MQTT_CLIENT: Received message on topic: attendance/lighthouse/00:70:07:25:15:00/ack
I (481735) MQTT_CLIENT: Payload: {"ackedSeqNo":496,"ts":"2026-05-11T18:58:01.466Z"}
I (481745) MQTT_CLIENT: Received ACK for seqNo 496
I (481755) BATTERY_MONITOR: Battery: 4033mV (84%), USB: absent, Health: 3
I (481755) OFFLINE_LOGGER: ACK seqNo=496: advanced 1 entries, 46 remaining
I (481775) MQTT_CLIENT: Replayed offline event: E28011704000021D53DAB0CB timeBasis=synced ts=1778525641000 (msg_id=28034)
I (481775) OFFLINE_LOGGER: Replayed event seqNo=507 (48/83)
I (481775) MQTT_CLIENT: Received message on topic: attendance/lighthouse/00:70:07:25:15:00/ack
I (481785) MQTT_CLIENT: Payload: {"ackedSeqNo":497,"ts":"2026-05-11T18:58:01.563Z"}
I (481795) MQTT_CLIENT: Replaying offline event: EPC=E280... (detected @ 245518 ms, rtc_s=1778525646, quality=2)
I (481795) MQTT_CLIENT: Received ACK for seqNo 497
I (481815) OFFLINE_LOGGER: ACK seqNo=497: advanced 1 entries, 45 remaining
I (481825) MQTT_CLIENT: Replayed offline event: E28011704000021D53DAB0CB timeBasis=synced ts=1778525646000 (msg_id=22895)
I (481825) MQTT_CLIENT: Received message on topic: attendance/lighthouse/00:70:07:25:15:00/ack
I (481835) OFFLINE_LOGGER: Replayed event seqNo=508 (49/83)
I (481835) MQTT_CLIENT: Payload: {"ackedSeqNo":498,"ts":"2026-05-11T18:58:01.566Z"}
I (481845) MQTT_CLIENT: Received ACK for seqNo 498
I (481855) MQTT_CLIENT: Replaying offline event: EPC=E280... (detected @ 249937 ms, rtc_s=1778525650, quality=2)
I (481865) OFFLINE_LOGGER: ACK seqNo=498: advanced 1 entries, 44 remaining
I (481875) MQTT_CLIENT: Replayed offline event: E28011704000021D53DAB0CB timeBasis=synced ts=1778525650000 (msg_id=52427)
I (481875) OFFLINE_LOGGER: Replayed event seqNo=509 (50/83)
I (481895) MQTT_CLIENT: Replaying offline event: EPC=E280... (detected @ 254527 ms, rtc_s=1778525655, quality=2)
I (481905) MQTT_CLIENT: Replayed offline event: E28011704000021D53DAB0CB timeBasis=synced ts=1778525655000 (msg_id=59094)
I (481905) OFFLINE_LOGGER: Replayed event seqNo=510 (51/83)
I (481905) MQTT_CLIENT: Received message on topic: attendance/lighthouse/00:70:07:25:15:00/ack
I (481915) MQTT_CLIENT: Payload: {"ackedSeqNo":500,"ts":"2026-05-11T18:58:01.920Z"}
I (481925) MQTT_CLIENT: Replaying offline event: EPC=E280... (detected @ 259067 ms, rtc_s=1778525660, quality=2)
I (481925) MQTT_CLIENT: Received ACK for seqNo 500
I (481955) OFFLINE_LOGGER: ACK seqNo=500: advanced 2 entries, 42 remaining
I (481965) MQTT_CLIENT: Received message on topic: attendance/lighthouse/00:70:07:25:15:00/ack
I (481965) MQTT_CLIENT: Payload: {"ackedSeqNo":503,"ts":"2026-05-11T18:58:01.921Z"}
I (481975) MQTT_CLIENT: Replayed offline event: E28011704000021D53DAB0CB timeBasis=synced ts=1778525660000 (msg_id=46710)
I (481975) MQTT_CLIENT: Received ACK for seqNo 503
I (481985) OFFLINE_LOGGER: Replayed event seqNo=511 (52/83)
I (481995) OFFLINE_LOGGER: ACK seqNo=503: advanced 3 entries, 39 remaining
I (482005) MQTT_CLIENT: Replaying offline event: EPC=E280... (detected @ 263670 ms, rtc_s=1778525664, quality=2)
I (482005) MQTT_CLIENT: Received message on topic: attendance/lighthouse/00:70:07:25:15:00/ack
I (482015) MQTT_CLIENT: Payload: {"ackedSeqNo":502,"ts":"2026-05-11T18:58:01.921Z"}
I (482025) MQTT_CLIENT: Received ACK for seqNo 502
I (482035) OFFLINE_LOGGER: ACK seqNo=502: advanced 0 entries, 39 remaining
I (482045) MQTT_CLIENT: Received message on topic: attendance/lighthouse/00:70:07:25:15:00/ack
I (482045) MQTT_CLIENT: Payload: {"ackedSeqNo":501,"ts":"2026-05-11T18:58:01.921Z"}
I (482055) MQTT_CLIENT: Replayed offline event: E28011704000021D53DAB0CB timeBasis=synced ts=1778525664000 (msg_id=1330)
I (482055) MQTT_CLIENT: Received ACK for seqNo 501
I (482065) OFFLINE_LOGGER: ACK seqNo=501: advanced 0 entries, 39 remaining
I (482075) OFFLINE_LOGGER: Replayed event seqNo=512 (53/83)
I (482075) MQTT_CLIENT: Received message on topic: attendance/lighthouse/00:70:07:25:15:00/ack
I (482085) MQTT_CLIENT: Payload: {"ackedSeqNo":499,"ts":"2026-05-11T18:58:01.922Z"}
I (482085) MQTT_CLIENT: Replaying offline event: EPC=E280... (detected @ 268258 ms, rtc_s=1778525669, quality=2)
I (482095) MQTT_CLIENT: Received ACK for seqNo 499
I (482115) OFFLINE_LOGGER: ACK seqNo=499: advanced 0 entries, 39 remaining
I (482125) MQTT_CLIENT: Replayed offline event: E28011704000021D53DAB0CB timeBasis=synced ts=1778525669000 (msg_id=41253)
I (482125) OFFLINE_LOGGER: Replayed event seqNo=513 (54/83)
I (482135) MQTT_CLIENT: Received message on topic: attendance/lighthouse/00:70:07:25:15:00/ack
I (482145) MQTT_CLIENT: Payload: {"ackedSeqNo":504,"ts":"2026-05-11T18:58:01.995Z"}
I (482145) MQTT_CLIENT: Replaying offline event: EPC=E280... (detected @ 272737 ms, rtc_s=1778525673, quality=2)
I (482145) MQTT_CLIENT: Received ACK for seqNo 504
I (482175) OFFLINE_LOGGER: ACK seqNo=504: advanced 1 entries, 38 remaining
I (482185) MQTT_CLIENT: Replayed offline event: E28011704000021D53DAB0CB timeBasis=synced ts=1778525673000 (msg_id=218)
I (482185) OFFLINE_LOGGER: Replayed event seqNo=514 (55/83)
I (482185) MQTT_CLIENT: Received message on topic: attendance/lighthouse/00:70:07:25:15:00/ack
I (482195) MQTT_CLIENT: Replaying offline event: EPC=E280... (detected @ 277247 ms, rtc_s=1778525678, quality=2)
I (482195) MQTT_CLIENT: Payload: {"ackedSeqNo":505,"ts":"2026-05-11T18:58:02.001Z"}
I (482215) MQTT_CLIENT: Received ACK for seqNo 505
I (482235) OFFLINE_LOGGER: ACK seqNo=505: advanced 1 entries, 37 remaining
I (482245) MQTT_CLIENT: Replayed offline event: E28011704000021D53DAB0CB timeBasis=synced ts=1778525678000 (msg_id=24226)
I (482245) OFFLINE_LOGGER: Replayed event seqNo=515 (56/83)
I (482255) MQTT_CLIENT: Replaying offline event: EPC=E280... (detected @ 281718 ms, rtc_s=1778525682, quality=2)
I (482255) MQTT_CLIENT: Received message on topic: attendance/lighthouse/00:70:07:25:15:00/ack
I (482265) MQTT_CLIENT: Payload: {"ackedSeqNo":507,"ts":"2026-05-11T18:58:02.265Z"}
I (482275) MQTT_CLIENT: Received ACK for seqNo 507
I (482285) OFFLINE_LOGGER: ACK seqNo=507: advanced 2 entries, 35 remaining
I (482295) MQTT_CLIENT: Replayed offline event: E28011704000021D53DAB0CB timeBasis=synced ts=1778525682000 (msg_id=27487)
I (482295) OFFLINE_LOGGER: Replayed event seqNo=516 (57/83)
I (482295) MQTT_CLIENT: Received message on topic: attendance/lighthouse/00:70:07:25:15:00/ack
I (482305) MQTT_CLIENT: Payload: {"ackedSeqNo":506,"ts":"2026-05-11T18:58:02.266Z"}
I (482315) MQTT_CLIENT: Replaying offline event: EPC=E280... (detected @ 285817 ms, rtc_s=1778525686, quality=2)
I (482315) MQTT_CLIENT: Received ACK for seqNo 506
I (482335) OFFLINE_LOGGER: ACK seqNo=506: advanced 0 entries, 35 remaining
I (482345) MQTT_CLIENT: Replayed offline event: E28011704000021D53DAB0CB timeBasis=synced ts=1778525686000 (msg_id=17701)
I (482345) MQTT_CLIENT: Received message on topic: attendance/lighthouse/00:70:07:25:15:00/ack
I (482345) OFFLINE_LOGGER: Replayed event seqNo=517 (58/83)
I (482355) MQTT_CLIENT: Payload: {"ackedSeqNo":508,"ts":"2026-05-11T18:58:02.266Z"}
I (482365) MQTT_CLIENT: Received ACK for seqNo 508
I (482375) MQTT_CLIENT: Replaying offline event: EPC=E280... (detected @ 290287 ms, rtc_s=1778525691, quality=2)
I (482385) OFFLINE_LOGGER: ACK seqNo=508: advanced 1 entries, 34 remaining
I (482405) MQTT_CLIENT: Replayed offline event: E28011704000021D53DAB0CB timeBasis=synced ts=1778525691000 (msg_id=61921)
I (482405) OFFLINE_LOGGER: Replayed event seqNo=518 (59/83)
I (482405) MQTT_CLIENT: Received message on topic: attendance/lighthouse/00:70:07:25:15:00/ack
I (482415) MQTT_CLIENT: Payload: {"ackedSeqNo":510,"ts":"2026-05-11T18:58:02.312Z"}
I (482425) MQTT_CLIENT: Replaying offline event: EPC=E280... (detected @ 294777 ms, rtc_s=1778525695, quality=2)
I (482425) MQTT_CLIENT: Received ACK for seqNo 510
I (482445) OFFLINE_LOGGER: ACK seqNo=510: advanced 2 entries, 32 remaining
I (482455) MQTT_CLIENT: Replayed offline event: E28011704000021D53DAB0CB timeBasis=synced ts=1778525695000 (msg_id=7621)
I (482455) MQTT_CLIENT: Received message on topic: attendance/lighthouse/00:70:07:25:15:00/ack
I (482465) OFFLINE_LOGGER: Replayed event seqNo=519 (60/83)
I (482465) MQTT_CLIENT: Payload: {"ackedSeqNo":509,"ts":"2026-05-11T18:58:02.313Z"}
I (482475) MQTT_CLIENT: Received ACK for seqNo 509
I (482475) OFFLINE_LOGGER: ACK seqNo=509: advanced 0 entries, 32 remaining
I (482485) MQTT_CLIENT: Replaying offline event: EPC=E280... (detected @ 299257 ms, rtc_s=1778525700, quality=2)
I (482495) MQTT_CLIENT: Received message on topic: attendance/lighthouse/00:70:07:25:15:00/ack
I (482505) MQTT_CLIENT: Payload: {"ackedSeqNo":511,"ts":"2026-05-11T18:58:02.380Z"}
I (482515) MQTT_CLIENT: Received ACK for seqNo 511
I (482525) OFFLINE_LOGGER: ACK seqNo=511: advanced 1 entries, 31 remaining
I (482535) MQTT_CLIENT: Replayed offline event: E28011704000021D53DAB0CB timeBasis=synced ts=1778525700000 (msg_id=12248)
I (482535) OFFLINE_LOGGER: Replayed event seqNo=520 (61/83)
I (482535) MQTT_CLIENT: Received message on topic: attendance/lighthouse/00:70:07:25:15:00/ack
I (482545) MQTT_CLIENT: Payload: {"ackedSeqNo":512,"ts":"2026-05-11T18:58:02.462Z"}
I (482555) MQTT_CLIENT: Replaying offline event: EPC=E280... (detected @ 303852 ms, rtc_s=1778525704, quality=2)
I (482555) MQTT_CLIENT: Received ACK for seqNo 512
I (482585) OFFLINE_LOGGER: ACK seqNo=512: advanced 1 entries, 30 remaining
I (482595) MQTT_CLIENT: Replayed offline event: E28011704000021D53DAB0CB timeBasis=synced ts=1778525704000 (msg_id=44456)
I (482595) OFFLINE_LOGGER: Replayed event seqNo=521 (62/83)
I (482595) MQTT_CLIENT: Received message on topic: attendance/lighthouse/00:70:07:25:15:00/ack
I (482605) MQTT_CLIENT: Payload: {"ackedSeqNo":513,"ts":"2026-05-11T18:58:02.547Z"}
I (482615) MQTT_CLIENT: Replaying offline event: EPC=E280... (detected @ 308377 ms, rtc_s=1778525709, quality=2)
I (482615) MQTT_CLIENT: Received ACK for seqNo 513
I (482635) OFFLINE_LOGGER: ACK seqNo=513: advanced 1 entries, 29 remaining
I (482645) MQTT_CLIENT: Replayed offline event: E28011704000021D53DAB0CB timeBasis=synced ts=1778525709000 (msg_id=30086)
I (482645) OFFLINE_LOGGER: Replayed event seqNo=522 (63/83)
I (482655) MQTT_CLIENT: Received message on topic: attendance/lighthouse/00:70:07:25:15:00/ack
I (482655) MQTT_CLIENT: Payload: {"ackedSeqNo":514,"ts":"2026-05-11T18:58:02.603Z"}
I (482665) MQTT_CLIENT: Received ACK for seqNo 514
I (482675) MQTT_CLIENT: Replaying offline event: EPC=E280... (detected @ 312749 ms, rtc_s=1778525713, quality=2)
I (482685) OFFLINE_LOGGER: ACK seqNo=514: advanced 1 entries, 28 remaining
I (482695) MQTT_CLIENT: Replayed offline event: E28011704000021D53DAB0CB timeBasis=synced ts=1778525713000 (msg_id=22473)
I (482695) OFFLINE_LOGGER: Replayed event seqNo=523 (64/83)
I (482705) MQTT_CLIENT: Received message on topic: attendance/lighthouse/00:70:07:25:15:00/ack
I (482715) MQTT_CLIENT: Replaying offline event: EPC=E280... (detected @ 317219 ms, rtc_s=1778525718, quality=2)
I (482715) MQTT_CLIENT: Payload: {"ackedSeqNo":515,"ts":"2026-05-11T18:58:02.659Z"}
I (482725) MQTT_CLIENT: Received ACK for seqNo 515
I (482745) OFFLINE_LOGGER: ACK seqNo=515: advanced 1 entries, 27 remaining
I (482755) MQTT_CLIENT: Replayed offline event: E28011704000021D53DAB0CB timeBasis=synced ts=1778525718000 (msg_id=32094)
I (482755) OFFLINE_LOGGER: Replayed event seqNo=524 (65/83)
I (482755) MQTT_CLIENT: Received message on topic: attendance/lighthouse/00:70:07:25:15:00/ack
I (482765) MQTT_CLIENT: Payload: {"ackedSeqNo":516,"ts":"2026-05-11T18:58:02.666Z"}
I (482775) MQTT_CLIENT: Replaying offline event: EPC=E280... (detected @ 321688 ms, rtc_s=1778525722, quality=2)
I (482775) MQTT_CLIENT: Received ACK for seqNo 516
I (482795) OFFLINE_LOGGER: ACK seqNo=516: advanced 1 entries, 26 remaining
I (482795) MQTT_CLIENT: Replayed offline event: E28011704000021D53DAB0CB timeBasis=synced ts=1778525722000 (msg_id=60108)
I (482805) OFFLINE_LOGGER: Replayed event seqNo=525 (66/83)
I (482815) MQTT_CLIENT: Replaying offline event: EPC=E280... (detected @ 326157 ms, rtc_s=1778525727, quality=2)
I (482825) MQTT_CLIENT: Replayed offline event: E28011704000021D53DAB0CB timeBasis=synced ts=1778525727000 (msg_id=53733)
I (482825) OFFLINE_LOGGER: Replayed event seqNo=526 (67/83)
I (482845) MQTT_CLIENT: Replaying offline event: EPC=E280... (detected @ 330628 ms, rtc_s=1778525731, quality=2)
I (482845) MQTT_CLIENT: Replayed offline event: E28011704000021D53DAB0CB timeBasis=synced ts=1778525731000 (msg_id=13278)
I (482855) OFFLINE_LOGGER: Replayed event seqNo=527 (68/83)
I (482875) MQTT_CLIENT: Replaying offline event: EPC=E280... (detected @ 335107 ms, rtc_s=1778525736, quality=2)
I (482875) MQTT_CLIENT: Replayed offline event: E28011704000021D53DAB0CB timeBasis=synced ts=1778525736000 (msg_id=54706)
I (482885) OFFLINE_LOGGER: Replayed event seqNo=528 (69/83)
I (482895) MQTT_CLIENT: Replaying offline event: EPC=E280... (detected @ 339617 ms, rtc_s=1778525740, quality=2)
I (482915) MQTT_CLIENT: Replayed offline event: E28011704000021D53DAB0CB timeBasis=synced ts=1778525740000 (msg_id=13390)
I (482915) OFFLINE_LOGGER: Replayed event seqNo=529 (70/83)
I (482925) MQTT_CLIENT: Replaying offline event: EPC=E280... (detected @ 344077 ms, rtc_s=1778525745, quality=2)
I (482935) MQTT_CLIENT: Received message on topic: attendance/lighthouse/00:70:07:25:15:00/ack
I (482935) MQTT_CLIENT: Payload: {"ackedSeqNo":519,"ts":"2026-05-11T18:58:03.091Z"}
I (482945) MQTT_CLIENT: Received ACK for seqNo 519
I (482965) OFFLINE_LOGGER: ACK seqNo=519: advanced 3 entries, 23 remaining
I (482975) MQTT_CLIENT: Replayed offline event: E28011704000021D53DAB0CB timeBasis=synced ts=1778525745000 (msg_id=30675)
I (482975) OFFLINE_LOGGER: Replayed event seqNo=530 (71/83)
I (482975) MQTT_CLIENT: Received message on topic: attendance/lighthouse/00:70:07:25:15:00/ack
I (482985) MQTT_CLIENT: Payload: {"ackedSeqNo":520,"ts":"2026-05-11T18:58:03.091Z"}
I (482995) MQTT_CLIENT: Replaying offline event: EPC=E280... (detected @ 348188 ms, rtc_s=1778525749, quality=2)
I (482995) MQTT_CLIENT: Received ACK for seqNo 520
I (483015) OFFLINE_LOGGER: ACK seqNo=520: advanced 1 entries, 22 remaining
I (483025) MQTT_CLIENT: Replayed offline event: E28011704000021D53DAB0CB timeBasis=synced ts=1778525749000 (msg_id=18413)
I (483025) OFFLINE_LOGGER: Replayed event seqNo=531 (72/83)
I (483025) MQTT_CLIENT: Received message on topic: attendance/lighthouse/00:70:07:25:15:00/ack
I (483035) MQTT_CLIENT: Payload: {"ackedSeqNo":521,"ts":"2026-05-11T18:58:03.092Z"}
I (483045) MQTT_CLIENT: Replaying offline event: EPC=E280... (detected @ 352468 ms, rtc_s=1778525753, quality=2)
I (483045) MQTT_CLIENT: Received ACK for seqNo 521
I (483075) OFFLINE_LOGGER: ACK seqNo=521: advanced 1 entries, 21 remaining
I (483085) MQTT_CLIENT: Replayed offline event: E28011704000021D53DAB0CB timeBasis=synced ts=1778525753000 (msg_id=16038)
I (483085) MQTT_CLIENT: Received message on topic: attendance/lighthouse/00:70:07:25:15:00/ack
I (483085) MQTT_CLIENT: Payload: {"ackedSeqNo":517,"ts":"2026-05-11T18:58:03.092Z"}
I (483095) OFFLINE_LOGGER: Replayed event seqNo=532 (73/83)
I (483095) MQTT_CLIENT: Received ACK for seqNo 517
I (483105) OFFLINE_LOGGER: ACK seqNo=517: advanced 0 entries, 21 remaining
I (483115) MQTT_CLIENT: Received message on topic: attendance/lighthouse/00:70:07:25:15:00/ack
I (483125) MQTT_CLIENT: Replaying offline event: EPC=E280... (detected @ 356957 ms, rtc_s=1778525757, quality=2)
I (483125) MQTT_CLIENT: Payload: {"ackedSeqNo":518,"ts":"2026-05-11T18:58:03.093Z"}
I (483135) MQTT_CLIENT: Received ACK for seqNo 518
I (483145) OFFLINE_LOGGER: ACK seqNo=518: advanced 0 entries, 21 remaining
I (483155) MQTT_CLIENT: Replayed offline event: E28011704000021D53DAB0CB timeBasis=synced ts=1778525757000 (msg_id=9962)
I (483165) OFFLINE_LOGGER: Replayed event seqNo=533 (74/83)
I (483175) MQTT_CLIENT: Replaying offline event: EPC=E280... (detected @ 361427 ms, rtc_s=1778525762, quality=2)
I (483185) MQTT_CLIENT: Received message on topic: attendance/lighthouse/00:70:07:25:15:00/ack
I (483185) MQTT_CLIENT: Payload: {"ackedSeqNo":524,"ts":"2026-05-11T18:58:03.276Z"}
I (483195) MQTT_CLIENT: Replayed offline event: E28011704000021D53DAB0CB timeBasis=synced ts=1778525762000 (msg_id=44887)
I (483195) MQTT_CLIENT: Received ACK for seqNo 524
I (483205) OFFLINE_LOGGER: Replayed event seqNo=534 (75/83)
I (483225) MQTT_CLIENT: Replaying offline event: EPC=E280... (detected @ 365908 ms, rtc_s=1778525766, quality=2)
I (483225) OFFLINE_LOGGER: ACK seqNo=524: advanced 3 entries, 18 remaining
I (483235) MQTT_CLIENT: Received message on topic: attendance/lighthouse/00:70:07:25:15:00/ack
I (483235) MQTT_CLIENT: Payload: {"ackedSeqNo":522,"ts":"2026-05-11T18:58:03.276Z"}
I (483245) MQTT_CLIENT: Replayed offline event: E28011704000021D53DAB0CB timeBasis=synced ts=1778525766000 (msg_id=1074)
I (483245) MQTT_CLIENT: Received ACK for seqNo 522
I (483255) OFFLINE_LOGGER: Replayed event seqNo=535 (76/83)
I (483265) OFFLINE_LOGGER: ACK seqNo=522: advanced 0 entries, 18 remaining
I (483275) MQTT_CLIENT: Replaying offline event: EPC=E280... (detected @ 370377 ms, rtc_s=1778525771, quality=2)
I (483285) MQTT_CLIENT: Received message on topic: attendance/lighthouse/00:70:07:25:15:00/ack
I (483295) MQTT_CLIENT: Payload: {"ackedSeqNo":527,"ts":"2026-05-11T18:58:03.277Z"}
I (483295) MQTT_CLIENT: Received ACK for seqNo 527
I (483315) OFFLINE_LOGGER: ACK seqNo=527: advanced 3 entries, 15 remaining
I (483325) MQTT_CLIENT: Received message on topic: attendance/lighthouse/00:70:07:25:15:00/ack
I (483325) MQTT_CLIENT: Payload: {"ackedSeqNo":523,"ts":"2026-05-11T18:58:03.279Z"}
I (483325) MQTT_CLIENT: Received ACK for seqNo 523
I (483335) MQTT_CLIENT: Replayed offline event: E28011704000021D53DAB0CB timeBasis=synced ts=1778525771000 (msg_id=61170)
I (483335) OFFLINE_LOGGER: ACK seqNo=523: advanced 0 entries, 15 remaining
I (483355) OFFLINE_LOGGER: Replayed event seqNo=536 (77/83)
I (483355) MQTT_CLIENT: Received message on topic: attendance/lighthouse/00:70:07:25:15:00/ack
I (483365) MQTT_CLIENT: Replaying offline event: EPC=E280... (detected @ 374918 ms, rtc_s=1778525775, quality=2)
I (483365) MQTT_CLIENT: Payload: {"ackedSeqNo":526,"ts":"2026-05-11T18:58:03.279Z"}
I (483385) MQTT_CLIENT: Received ACK for seqNo 526
I (483385) OFFLINE_LOGGER: ACK seqNo=526: advanced 0 entries, 15 remaining
I (483405) MQTT_CLIENT: Replayed offline event: E28011704000021D53DAB0CB timeBasis=synced ts=1778525775000 (msg_id=13705)
I (483405) OFFLINE_LOGGER: Replayed event seqNo=537 (78/83)
I (483405) MQTT_CLIENT: Received message on topic: attendance/lighthouse/00:70:07:25:15:00/ack
I (483415) MQTT_CLIENT: Payload: {"ackedSeqNo":525,"ts":"2026-05-11T18:58:03.279Z"}
I (483425) MQTT_CLIENT: Replaying offline event: EPC=E280... (detected @ 379397 ms, rtc_s=1778525780, quality=2)
I (483425) MQTT_CLIENT: Received ACK for seqNo 525
I (483435) OFFLINE_LOGGER: ACK seqNo=525: advanced 0 entries, 15 remaining
I (483455) MQTT_CLIENT: Replayed offline event: E28011704000021D53DAB0CB timeBasis=synced ts=1778525780000 (msg_id=52004)
I (483455) OFFLINE_LOGGER: Replayed event seqNo=538 (79/83)
I (483465) MQTT_CLIENT: Received message on topic: attendance/lighthouse/00:70:07:25:15:00/ack
I (483465) MQTT_CLIENT: Payload: {"ackedSeqNo":528,"ts":"2026-05-11T18:58:03.281Z"}
I (483475) MQTT_CLIENT: Replaying offline event: EPC=E280... (detected @ 383497 ms, rtc_s=1778525784, quality=2)
I (483475) MQTT_CLIENT: Received ACK for seqNo 528
I (483505) OFFLINE_LOGGER: ACK seqNo=528: advanced 1 entries, 14 remaining
I (483515) MQTT_CLIENT: Replayed offline event: E28011704000021D53DAB0CB timeBasis=synced ts=1778525784000 (msg_id=14175)
I (483515) OFFLINE_LOGGER: Replayed event seqNo=539 (80/83)
I (483515) MQTT_CLIENT: Received message on topic: attendance/lighthouse/00:70:07:25:15:00/ack
I (483525) MQTT_CLIENT: Payload: {"ackedSeqNo":529,"ts":"2026-05-11T18:58:03.284Z"}
I (483535) MQTT_CLIENT: Replaying offline event: EPC=E280... (detected @ 387978 ms, rtc_s=1778525788, quality=2)
I (483535) MQTT_CLIENT: Received ACK for seqNo 529
I (483555) OFFLINE_LOGGER: ACK seqNo=529: advanced 1 entries, 13 remaining
I (483565) MQTT_CLIENT: Replayed offline event: E28011704000021D53DAB0CB timeBasis=synced ts=1778525788000 (msg_id=21716)
I (483565) OFFLINE_LOGGER: Replayed event seqNo=540 (81/83)
I (483575) MQTT_CLIENT: Received message on topic: attendance/lighthouse/00:70:07:25:15:00/ack
I (483575) MQTT_CLIENT: Payload: {"ackedSeqNo":530,"ts":"2026-05-11T18:58:03.388Z"}
I (483585) MQTT_CLIENT: Replaying offline event: EPC=E280... (detected @ 392457 ms, rtc_s=1778525793, quality=2)
I (483585) MQTT_CLIENT: Received ACK for seqNo 530
I (483615) OFFLINE_LOGGER: ACK seqNo=530: advanced 1 entries, 12 remaining
I (483625) MQTT_CLIENT: Replayed offline event: E28011704000021D53DAB0CB timeBasis=synced ts=1778525793000 (msg_id=3351)
I (483625) OFFLINE_LOGGER: Replayed event seqNo=541 (82/83)
I (483635) MQTT_CLIENT: Replaying offline event: EPC=E280... (detected @ 396931 ms, rtc_s=1778525797, quality=2)
I (483645) MQTT_CLIENT: Replayed offline event: E28011704000021D53DAB0CB timeBasis=synced ts=1778525797000 (msg_id=63940)
I (483645) OFFLINE_LOGGER: Replayed event seqNo=542 (83/83)
I (483655) MQTT_CLIENT: Received message on topic: attendance/lighthouse/00:70:07:25:15:00/ack
I (483665) OFFLINE_LOGGER: Replay complete! Replayed 83 events in 4221 ms
I (483665) MQTT_CLIENT: Payload: {"ackedSeqNo":534,"ts":"2026-05-11T18:58:03.647Z"}
I (483675) MQTT_CLIENT: Received ACK for seqNo 534
I (483695) OFFLINE_LOGGER: ACK seqNo=534: advanced 4 entries, 8 remaining
I (483705) MQTT_CLIENT: Received message on topic: attendance/lighthouse/00:70:07:25:15:00/ack
I (483705) MQTT_CLIENT: Payload: {"ackedSeqNo":531,"ts":"2026-05-11T18:58:03.648Z"}
I (483705) MQTT_CLIENT: Received ACK for seqNo 531
I (483715) OFFLINE_LOGGER: ACK seqNo=531: advanced 0 entries, 8 remaining
I (483725) MQTT_CLIENT: Received message on topic: attendance/lighthouse/00:70:07:25:15:00/ack
I (483725) MQTT_CLIENT: Payload: {"ackedSeqNo":533,"ts":"2026-05-11T18:58:03.648Z"}
I (483735) MQTT_CLIENT: Received ACK for seqNo 533
I (483735) OFFLINE_LOGGER: ACK seqNo=533: advanced 0 entries, 8 remaining
I (483755) MQTT_CLIENT: Received message on topic: attendance/lighthouse/00:70:07:25:15:00/ack
I (483755) MQTT_CLIENT: Payload: {"ackedSeqNo":532,"ts":"2026-05-11T18:58:03.648Z"}
I (483765) MQTT_CLIENT: Received ACK for seqNo 532
I (483765) OFFLINE_LOGGER: ACK seqNo=532: advanced 0 entries, 8 remaining
I (483785) MQTT_CLIENT: Received message on topic: attendance/lighthouse/00:70:07:25:15:00/ack
I (483785) MQTT_CLIENT: Payload: {"ackedSeqNo":535,"ts":"2026-05-11T18:58:03.648Z"}
I (483785) MQTT_CLIENT: Received ACK for seqNo 535
I (483805) OFFLINE_LOGGER: ACK seqNo=535: advanced 1 entries, 7 remaining
I (483815) MQTT_CLIENT: Received message on topic: attendance/lighthouse/00:70:07:25:15:00/ack
I (483815) MQTT_CLIENT: Payload: {"ackedSeqNo":536,"ts":"2026-05-11T18:58:03.748Z"}
I (483825) MQTT_CLIENT: Received ACK for seqNo 536
I (483885) OFFLINE_LOGGER: ACK seqNo=536: advanced 1 entries, 6 remaining
I (483905) MQTT_CLIENT: Received message on topic: attendance/lighthouse/00:70:07:25:15:00/ack
I (483905) MQTT_CLIENT: Payload: {"ackedSeqNo":537,"ts":"2026-05-11T18:58:03.837Z"}
I (483905) MQTT_CLIENT: Received ACK for seqNo 537
I (483925) OFFLINE_LOGGER: ACK seqNo=537: advanced 1 entries, 5 remaining
I (483935) MQTT_CLIENT: Received message on topic: attendance/lighthouse/00:70:07:25:15:00/ack
I (483935) MQTT_CLIENT: Payload: {"ackedSeqNo":538,"ts":"2026-05-11T18:58:03.838Z"}
I (483945) MQTT_CLIENT: Received ACK for seqNo 538
I (483955) OFFLINE_LOGGER: ACK seqNo=538: advanced 1 entries, 4 remaining
I (483965) MQTT_CLIENT: Received message on topic: attendance/lighthouse/00:70:07:25:15:00/ack
I (483965) MQTT_CLIENT: Payload: {"ackedSeqNo":539,"ts":"2026-05-11T18:58:03.941Z"}
I (483975) MQTT_CLIENT: Received ACK for seqNo 539
I (483985) OFFLINE_LOGGER: ACK seqNo=539: advanced 1 entries, 3 remaining
I (483995) MQTT_CLIENT: Received message on topic: attendance/lighthouse/00:70:07:25:15:00/ack
I (483995) MQTT_CLIENT: Payload: {"ackedSeqNo":540,"ts":"2026-05-11T18:58:03.950Z"}
I (484005) MQTT_CLIENT: Received ACK for seqNo 540
I (484015) OFFLINE_LOGGER: ACK seqNo=540: advanced 1 entries, 2 remaining
I (484025) MQTT_CLIENT: Received message on topic: attendance/lighthouse/00:70:07:25:15:00/ack
I (484025) MQTT_CLIENT: Payload: {"ackedSeqNo":541,"ts":"2026-05-11T18:58:03.999Z"}
I (484035) MQTT_CLIENT: Received ACK for seqNo 541
I (484045) OFFLINE_LOGGER: ACK seqNo=541: advanced 1 entries, 1 remaining
I (484055) MQTT_CLIENT: Received message on topic: attendance/lighthouse/00:70:07:25:15:00/ack
I (484055) MQTT_CLIENT: Payload: {"ackedSeqNo":542,"ts":"2026-05-11T18:58:04.019Z"}
I (484065) MQTT_CLIENT: Received ACK for seqNo 542
I (484075) OFFLINE_LOGGER: ACK seqNo=542: advanced 1 entries, 0 remaining
I (484085) MQTT_CLIENT: Published sync/complete (replay-task safety path)
I (486845) BATTERY_MONITOR: Battery: 4037mV (84%), USB: absent, Health: 3
I (491905) BATTERY_MONITOR: Battery: 4038mV (84%), USB: absent, Health: 3
ets Jul 29 2019 12:21:46

rst:0x1 (POWERON_RESET),boot:0x16 (SPI_FAST_FLASH_BOOT)
configsip: 0, SPIWP:0xee
clk_drv:0x00,q_drv:0x00,d_drv:0x00,cs0_drv:0x00,hd_drv:0x00,wp_drv:0x00
mode:DIO, clock div:2
load:0x3fff0040,len:6376
load:0x40078000,len:15900
ho 0 tail 12 room 4
load:0x40080400,len:3920
entry 0x40080644
I (29) boot: ESP-IDF v6.1-dev-1054-g487551888a 2nd stage bootloader
I (29) boot: compile time May 11 2026 20:42:55
I (29) boot: Multicore bootloader
I (32) boot: chip revision: v3.1
I (35) boot.esp32: SPI Speed      : 40MHz
I (39) boot.esp32: SPI Mode       : DIO
I (42) boot.esp32: SPI Flash Size : 4MB
I (46) boot: Enabling RNG early entropy source...
I (50) boot: Partition Table:
I (53) boot: ## Label            Usage          Type ST Offset   Length
I (59) boot:  0 nvs              WiFi data        01 02 00009000 00006000
I (66) boot:  1 phy_init         RF data          01 01 0000f000 00001000
I (72) boot:  2 factory          factory app      00 00 00010000 00140000
I (79) boot:  3 offline_events   Unknown data     01 83 00150000 00200000
I (85) boot:  4 nvs_settings     WiFi data        01 02 00350000 00004000
I (92) boot:  5 spiffs           Unknown data     01 82 00360000 00010000
I (98) boot: End of partition table
I (102) esp_image: segment 0: paddr=00010020 vaddr=3f400020 size=2c970h (182640) map
I (174) esp_image: segment 1: paddr=0003c998 vaddr=3ffb0000 size=03680h ( 13952) load
I (180) esp_image: segment 2: paddr=00040020 vaddr=400d0020 size=cc83ch (837692) map
I (479) esp_image: segment 3: paddr=0010c864 vaddr=3ffb3680 size=00c48h (  3144) load
I (480) esp_image: segment 4: paddr=0010d4b4 vaddr=40080000 size=17b6ch ( 97132) load
I (522) esp_image: segment 5: paddr=00125028 vaddr=50000000 size=000b0h (   176) load
I (534) boot: Loaded app from partition at offset 0x10000
I (534) boot: Disabling RNG early entropy source...
I (545) cpu_start: Multicore app
I (553) cpu_start: GPIO 3 and 1 are used as console UART I/O pins
I (553) cpu_start: Pro cpu start user code
I (553) cpu_start: cpu freq: 160000000 Hz
I (555) app_init: Application information:
I (559) app_init: Project name:     lighthouse
I (563) app_init: App version:      06670cf-dirty
I (568) app_init: Compile time:     May 11 2026 20:43:23
I (573) app_init: ELF file SHA256:  02a017b99...
I (577) app_init: ESP-IDF:          v6.1-dev-1054-g487551888a
I (583) efuse_init: Min chip rev:     v0.0
I (586) efuse_init: Max chip rev:     v3.99 
I (590) efuse_init: Chip rev:         v3.1
I (594) heap_init: Initializing. RAM available for dynamic allocation:
I (601) heap_init: At 3FFAE6E0 len 00001920 (6 KiB): DRAM
I (606) heap_init: At 3FFBDA10 len 000225F0 (137 KiB): DRAM
I (611) heap_init: At 3FFE0440 len 00003AE0 (14 KiB): D/IRAM
I (616) heap_init: At 3FFE4350 len 0001BCB0 (111 KiB): D/IRAM
I (622) heap_init: At 40097B6C len 00008494 (33 KiB): IRAM
I (628) spi_flash: detected chip: boya
I (630) spi_flash: flash io: dio
I (635) main_task: Started on CPU0
I (645) main_task: Calling app_main()
I (645) MAIN: вв•ђввввввввввв•ђвввв•ђвввв•ђвввв•ђввввввввввв•ђ
I (645) MAIN:   ESP32 Attendance System
I (645) MAIN:   with UHF RFID Reader + WiFi
I (655) MAIN: в•ђвввв•ђввввввввввв•ђвввв•ђвввв•ђвввв•ђвввввввв

I (665) IO_CTRL: Initializing GPIO...
I (665) IO_CTRL: GPIO initialized
I (675) IO_CTRL:   LED1 (WiFi+MQTT): GPIO 4
I (675) IO_CTRL:   LED2 (IR mode):   GPIO 21
I (675) IO_CTRL:   LED3 (Scanning):  GPIO 26
I (685) IO_CTRL:   LED4 (Activity):  GPIO 25
I (685) IO_CTRL:   IR Sensor: GPIO 19 (burst duration: 5000 ms)
I (695) BATTERY_MONITOR: Initializing battery monitor
I (695) BATTERY_MONITOR: ADC calibration scheme: curve fitting
I (705) BATTERY_MONITOR: Battery monitor initialized
I (705) BATTERY_MONITOR:   Battery ADC: GPIO33 (ADC1_CH5, 12dB attenuation, 16-sample average)
I (715) BATTERY_MONITOR:   USB detect: GPIO32 (digital input)
I (725) BATTERY_MONITOR:   Voltage divider: 100k/120k (ratio 0.545)
I (725) MAIN: Initializing WiFi provisioning system...
I (735) WIFI_PROV: Initializing WiFi provisioning system
I (775) SETTINGS_STORAGE: Initializing WiFi settings storage
I (785) SETTINGS_STORAGE: WiFi settings storage initialized successfully
I (785) SETTINGS_STORAGE: MQTT settings storage initialized successfully
I (795) WIFI_PROV: Boot state: setup_requested=0, is_configured=1
I (795) SETTINGS_STORAGE: Credentials loaded successfully (SSID: Cudy-308D)
I (805) WIFI_PROV: Loaded saved credentials for SSID: Cudy-308D
I (805) WIFI_PROV: Device configured - ready to connect
I (815) WIFI_PROV: WiFi provisioning initialized, state: CONNECTED
I (815) MAIN: Initializing WiFi...
I (825) WIFI_MGR: Initializing WiFi manager...
I (825) WIFI_MGR:   вњ“ NVS flash initialized
I (835) WIFI_MGR:   в Network interface (lwIP) initialized
I (835) WIFI_MGR:   в Event loop created
I (845) WIFI_MGR:   в WiFi STA interface created
I (855) wifi:wifi driver task: 3ffc6018, prio:23, stack:6656, core=0
I (875) wifi:wifi firmware version: ea01844
I (875) wifi:wifi certification version: v7.0
I (875) wifi:config NVS flash: enabled
I (875) wifi:config nano formatting: disabled
I (875) wifi:Init data frame dynamic rx buffer num: 32
I (885) wifi:Init static rx mgmt buffer num: 5
I (885) wifi:Init management short buffer num: 32
I (885) wifi:Init dynamic tx buffer num: 32
I (895) wifi:Init static rx buffer size: 1600
I (895) wifi:Init static rx buffer num: 10
I (905) wifi:Init dynamic rx buffer num: 32
I (905) wifi_init: rx ba win: 6
I (905) wifi_init: accept mbox: 6
I (915) wifi_init: tcpip mbox: 32
I (915) wifi_init: udp mbox: 6
I (915) wifi_init: tcp mbox: 6
I (915) wifi_init: tcp tx win: 5760
I (925) wifi_init: tcp rx win: 5760
I (925) wifi_init: tcp mss: 1440
I (925) wifi_init: WiFi IRAM OP enabled
I (935) wifi_init: WiFi RX IRAM OP enabled
I (935) WIFI_MGR:   в WiFi driver initialized
I (945) WIFI_MGR:   в Event group created
I (945) WIFI_MGR:   вњ“ Event handlers registered
I (945) WIFI_MGR:   в WiFi mode set to STA (Station)
I (955) SETTINGS_STORAGE: Credentials loaded successfully (SSID: Cudy-308D)
I (965) WIFI_MGR:   вњ“ Using saved WiFi credentials: Cudy-308D
I (965) WIFI_MGR:   в WiFi credentials configured
I (975) phy_init: phy_version 4863,a3a4459,Oct 28 2025,14:30:06
I (1055) wifi:mode : sta (00:70:07:25:15:00)
I (1055) wifi:enable tsf
I (1065) WIFI_MGR:   в WiFi driver started
W (1065) wifi:Haven't to connect to a suitable AP now!
I (1065) WIFI_MGR: WiFi driver started, connecting to AP...
E (1075) wifi:sta is connecting, return error
I (1075) WIFI_MGR: WiFi manager initialized successfully
I (1075) wifi:new:<11,0>, old:<1,0>, ap:<255,255>, sta:<11,0>, prof:6, snd_ch_cfg:0x0
I (1085) wifi:state: init -> auth (0xb0)
I (1095) WIFI_MGR: Waiting for connection...
I (1115) wifi:state: auth -> init (0x100)
I (1125) wifi:new:<11,0>, old:<11,0>, ap:<255,255>, sta:<11,0>, prof:6, snd_ch_cfg:0x0
W (1125) WIFI_MGR: Disconnected from AP (reason: 202)
I (1125) WIFI_MGR: Retrying connection (1/5)...
W (3545) WIFI_MGR: Disconnected from AP (reason: 201)
I (3545) WIFI_MGR: Retrying connection (2/5)...
I (3555) wifi:new:<11,0>, old:<11,0>, ap:<255,255>, sta:<11,0>, prof:6, snd_ch_cfg:0x0
I (3555) wifi:state: init -> auth (0xb0)
I (3565) wifi:state: auth -> assoc (0x0)
I (3575) wifi:state: assoc -> run (0x10)
I (3675) wifi:connected with Cudy-308D, aid = 1, channel 11, BW20, bssid = 80:af:ca:c4:30:8d
I (3675) wifi:security: WPA2-PSK, phy: bgn, rssi: -59
I (3685) wifi:pm start, type: 1

I (3685) wifi:dp: 1, bi: 102400, li: 3, scale listen interval from 307200 us to 307200 us
I (3685) wifi:AP's beacon interval = 102400 us, DTIM period = 3
I (3695) WIFI_MGR: Connected to AP: Cudy-308D (channel 11)
I (3755) wifi:<ba-add>idx:0 (ifx:0, 80:af:ca:c4:30:8d), tid:6, ssn:1, winSize:64
I (4755) esp_netif_handlers: sta ip: 192.168.10.72, mask: 255.255.255.0, gw: 192.168.10.1
I (4755) WIFI_MGR: Got IP address: 192.168.10.72
I (4755) WIFI_MGR: Gateway: 192.168.10.1
I (4755) WIFI_MGR: Netmask: 255.255.255.0
I (4765) WIFI_MGR: в Connected to WiFi successfully
I (4765) MAIN: вв•ђвввв•ђвввв•ђввввввввввв•ђвввв•ђвввв•ђвввв•ђввв
I (4775) MAIN:   WiFi Connected Successfully!
I (4775) MAIN:   IP Address: 192.168.10.72
I (4785) MAIN:   Gateway: 192.168.10.1
I (4785) MAIN:   Netmask: 255.255.255.0
I (4795) MAIN:   Signal Strength: -60 dBm
I (4795) MAIN:   Signal Quality: Good
I (4795) MAIN: вввввв•ђвввв•ђвввв•ђвввв•ђввввввввввв•ђвввв•ђввв

I (4805) SETTINGS_STORAGE: Loaded MQTT config: 192.168.10.200:1883
I (4815) MAIN: Initializing SNTP time synchronization (server: 192.168.10.200)...
I (4825) TIME_SYNC: Initializing time sync with NTP server: 192.168.10.200
I (4825) TIME_SYNC: Timezone set: CET-1CEST,M3.5.0,M10.5.0/3
I (4835) TIME_SYNC: NVS time loaded: last_unix_s=1778525410, last_uptime_ms=9033 -> TIME_QUALITY_ESTIMATED
I (4845) TIME_SYNC: SNTP client started (server=192.168.10.200, mode=POLL)
I (4845) TIME_SYNC: Initial time quality: ESTIMATED
I (4855) TIME_SYNC: Waiting up to 5000 ms for SNTP sync...
I (8885) wifi:<ba-add>idx:1 (ifx:0, 80:af:ca:c4:30:8d), tid:0, ssn:2, winSize:64
I (8955) TIME_SYNC: Persisted time to NVS: unix_s=1778525907, uptime_ms=8318
I (8955) TIME_SYNC: SNTP sync successful: 2026-05-11 20:58:27 CEST (unix=1778525907)
I (8955) TIME_SYNC: SNTP sync achieved within timeout
I (8965) MAIN: Time sync complete. Quality: SYNCED
I (8965) MAIN: Initializing MQTT client...
I (8965) MQTT_CLIENT: Initializing MQTT client...
I (8975) MQTT_CLIENT: Device MAC: 00:70:07:25:15:00
I (8975) MQTT_CLIENT:   в Device MAC initialized: 00:70:07:25:15:00
I (8985) MQTT_CLIENT:   в Event group created
I (8995) SETTINGS_STORAGE: Loaded MQTT config: 192.168.10.200:1883
I (8995) MQTT_CLIENT:   в Loaded broker config: mqtt://192.168.10.200:1883
I (9005) MQTT_CLIENT:   в MQTT configuration created
I (9005) MQTT_CLIENT:     Broker: mqtt://192.168.10.200:1883
I (9015) MQTT_CLIENT:     Client ID: 00:70:07:25:15:00
I (9015) MQTT_CLIENT:     LWT Topic: attendance/lighthouse/00:70:07:25:15:00/status
I (9025) MQTT_CLIENT:   в MQTT client initialized
I (9025) MQTT_CLIENT:   в Event handler registered
I (9035) MQTT_CLIENT: Connecting to MQTT broker...
I (9045) MQTT_CLIENT:   вњ“ MQTT client started
I (9045) MQTT_CLIENT: Scan batch interval: 150 ms
I (9045) MQTT_CLIENT: MQTT client initialized successfully
I (9055) MQTT_CLIENT: Waiting for connection to broker...
I (9105) MQTT_CLIENT: вњ“ Connected to MQTT broker
I (9105) MQTT_CLIENT: в MQTT connection established
I (9105) MQTT_CLIENT: Published online status to attendance/lighthouse/00:70:07:25:15:00/status
I (9105) MAIN: в•ђвввв•ђввввввввввв•ђвввв•ђвввв•ђвввв•ђвввввввв
I (9115) MQTT_CLIENT: Subscribed to ACK topic: attendance/lighthouse/00:70:07:25:15:00/ack
I (9135) MQTT_CLIENT: Subscription acknowledged (msg_id=30075)
I (9135) MAIN:   MQTT Connected Successfully!
I (9135) MAIN: ввв•ђвввв•ђввввввввввв•ђвввв•ђвввв•ђвввв•ђвввв•ђвв

I (9155) MQTT_CLIENT: Subscribed to config topics: attendance/lighthouse/00:70:07:25:15:00/config/+
I (9155) MQTT_CLIENT: Subscription acknowledged (msg_id=36410)
I (9165) MAIN: Subscribed to configuration topics
I (9175) MAIN: Initializing offline event logger...
I (9175) OFFLINE_LOGGER: Initializing offline event logger...
I (9185) OFFLINE_LOGGER: LittleFS partition mounted at /offline_events
I (9195) OFFLINE_LOGGER: Partition size: 2048 KB, used: 256 KB (87% free)
I (9215) OFFLINE_LOGGER: Events file opened: /offline_events/events.bin
I (9215) OFFLINE_LOGGER: Pointers restored from NVS after power loss: write=542, read=542
I (9215) OFFLINE_LOGGER: Seq counter restored from NVS: 543
I (9225) OFFLINE_LOGGER: Logging task started
I (9225) OFFLINE_LOGGER: вввв•ђввввввввввв•ђвввв•ђвввв•ђвввв•ђввввввввв
I (9235) OFFLINE_LOGGER:   Offline Event Logger Ready!
I (9245) OFFLINE_LOGGER:   Max capacity: 43690 events
I (9245) OFFLINE_LOGGER:   Pending events: 0
I (9245) OFFLINE_LOGGER: вввввв•ђвввв•ђвввв•ђвввв•ђввввввввввв•ђвввв•ђввв

I (9265) RFID: Initializing RFID reader...
I (9265) RFID: Power control configured on GPIO5 (initial: OFF)
I (9275) RFID: Power sense configured on GPIO18
I (9275) RFID: RX task started (real-time inventory mode)
I (9275) RFID: Health check task started (interval=60000 ms)
I (9285) RFID: RFID reader initialized (UART2, TX=17, RX=16, Baud=115200)
I (9295) RFID: Powering ON RFID reader (GPIO5 HIGH)...
I (9395) RFID: Performing startup handshake...
I (10925) RFID: Firmware version: 129.3
I (10925) RFID: в Reader handshake successful - firmware v129.3
I (10925) RFID: Correctly performed version handshake
I (11975) RFID: Beeper mode set to 0x00 (persisted to flash)
I (11975) RFID: Correctly set beeper mode
I (11975) RFID: Powering OFF RFID reader (GPIO5 LOW)...
I (11975) RFID: в Reader powered OFF (sleep mode <100ВµA)
I (12075) MAIN: Powering ON RFID reader for initial configuration...
I (12075) RFID: Powering ON RFID reader (GPIO5 HIGH)...
I (12575) MAIN: Resetting RFID reader...
I (12575) RFID: Resetting reader module...
I (12575) RFID: Reset sent (module will beep and restart)
I (14575) MAIN: Configuring reader for maximum range...
I (15605) RFID: Power confirmed at 25 dBm
I (15605) MAIN:   в Power set to 25 dBm
I (15805) RFID: Set frequency region=0x01, range=0x07-0x3B
I (15805) MAIN:   в Frequency set to FCC (902-928 MHz)
I (16005) MAIN: Powering OFF RFID reader until scanning requested...
I (16005) RFID: Powering OFF RFID reader (GPIO5 LOW)...
I (16005) RFID: в Reader powered OFF (sleep mode <100ВA)
I (16005) MAIN: Configuration complete!

I (16005) MAIN: System ready!
I (16015) MAIN:   Press BUTTON1 to start/stop scanning
I (16015) MAIN:   Press BUTTON2 to show statistics
I (16025) MAIN:   RFID power control on GPIO5, sense on GPIO22

I (16025) MAIN: Main task started
I (16035) RFID: Powering ON RFID reader (GPIO5 HIGH)...
I (16235) main_task: Returned from app_main()
E (18035) IO_CTRL: IR trigger: power rail timeout after 2000 ms в aborting scan
I (18035) RFID: Powering OFF RFID reader (GPIO5 LOW)...
I (18035) RFID: в Reader powered OFF (sleep mode <100ВA)
I (18265) RFID: Powering ON RFID reader (GPIO5 HIGH)...
I (18265) IO_CTRL: IR trigger: power rail HIGH after 0 ms
I (18465) RFID: Real-time inventory started (interval=10 ms between rounds)
I (18465) IO_CTRL: IR trigger: scan started
W (20545) RFID: Round timeout в no completion packet after 2000ms, resetting
W (22585) RFID: Round timeout в no completion packet after 2000ms, resetting
I (22905) RFID: Stopping inventory...
I (22955) RFID: Inventory stopped
I (22955) RFID: Powering OFF RFID reader (GPIO5 LOW)...
I (22955) RFID: вњ“ Reader powered OFF (sleep mode <100ВA)
I (22955) IO_CTRL: RFID stopped for mode transition
I (22955) IO_CTRL: Scan mode: Manual
I (23345) BATTERY_MONITOR: Battery: 4029mV (83%), USB: absent, Health: 3
W (24625) RFID: Round timeout в no completion packet after 2000ms, resetting
I (28395) BATTERY_MONITOR: Battery: 4031mV (84%), USB: absent, Health: 3
I (33445) BATTERY_MONITOR: Battery: 4031mV (84%), USB: absent, Health: 3
I (38495) BATTERY_MONITOR: Battery: 4031mV (84%), USB: absent, Health: 3
I (43545) BATTERY_MONITOR: Battery: 4033mV (84%), USB: absent, Health: 3
I (48605) BATTERY_MONITOR: Battery: 4037mV (84%), USB: absent, Health: 3
I (53655) BATTERY_MONITOR: Battery: 4031mV (84%), USB: absent, Health: 3
I (58705) BATTERY_MONITOR: Battery: 4035mV (84%), USB: absent, Health: 3
I (62105) IO_CTRL: Attempting to start RFID scan...
I (62105) IO_CTRL: Powering ON RFID reader...
I (62105) RFID: Powering ON RFID reader (GPIO5 HIGH)...
I (62605) IO_CTRL: Performing reader handshake...
I (63655) RFID: Firmware version: 129.3
I (63655) RFID: в Reader handshake successful - firmware v129.3
I (63655) IO_CTRL: в Reader handshake successful
I (63655) RFID: Real-time inventory started (interval=10 ms between rounds)
I (63665) IO_CTRL: вњ“ RFID scanning active
W (65755) RFID: Round timeout в no completion packet after 2000ms, resetting
W (67265) BATTERY_MONITOR: Battery sample skipped - RFID reader still active after 2000 ms
W (67795) RFID: Round timeout в no completion packet after 2000ms, resetting
W (69835) RFID: Round timeout в no completion packet after 2000ms, resetting
W (71875) RFID: Round timeout в no completion packet after 2000ms, resetting
W (73915) RFID: Round timeout в no completion packet after 2000ms, resetting
W (74265) BATTERY_MONITOR: Battery sample skipped - RFID reader still active after 2000 ms
I (74815) IO_CTRL: Stopping RFID scan (manual mode)
I (74815) RFID: Stopping inventory...
I (74865) RFID: Inventory stopped
I (74865) RFID: Powering OFF RFID reader (GPIO5 LOW)...
I (74865) RFID: в Reader powered OFF (sleep mode <100ВA)
W (75955) RFID: Round timeout в no completion packet after 2000ms, resetting
I (79365) BATTERY_MONITOR: Battery: 4024mV (83%), USB: absent, Health: 3
I (84415) BATTERY_MONITOR: Battery: 4026mV (83%), USB: absent, Health: 3
I (89465) BATTERY_MONITOR: Battery: 4027mV (83%), USB: absent, Health: 3
I (94515) BATTERY_MONITOR: Battery: 4027mV (83%), USB: absent, Health: 3
I (99565) BATTERY_MONITOR: Battery: 4007mV (81%), USB: absent, Health: 3
I (104615) BATTERY_MONITOR: Battery: 4027mV (83%), USB: absent, Health: 3
I (109665) BATTERY_MONITOR: Battery: 4009mV (81%), USB: absent, Health: 3
I (114715) BATTERY_MONITOR: Battery: 4029mV (83%), USB: absent, Health: 3
I (119765) BATTERY_MONITOR: Battery: 4031mV (84%), USB: absent, Health: 3
I (123945) IO_CTRL: Attempting to start RFID scan...
I (123945) IO_CTRL: Powering ON RFID reader...
I (123945) RFID: Powering ON RFID reader (GPIO5 HIGH)...
I (124445) IO_CTRL: Performing reader handshake...
I (125485) RFID: Firmware version: 129.3
I (125485) RFID: в Reader handshake successful - firmware v129.3
I (125485) IO_CTRL: в Reader handshake successful
I (125485) RFID: Real-time inventory started (interval=10 ms between rounds)
I (125495) IO_CTRL: вњ“ RFID scanning active
W (127585) RFID: Round timeout в no completion packet after 2000ms, resetting
W (128315) BATTERY_MONITOR: Battery sample skipped - RFID reader still active after 2000 ms
I (129035) MAIN: вв•ђвввв•ђввввввввввв•ђвввв•ђвввв•ђввввввввв
I (129035) MAIN:   TAG DETECTED!
I (129035) MAIN:   EPC (12 bytes):
    E2 80 11 70 40 00 02 1D 53 DA B0 CB 
I (129035) MAIN:   PC: 34 00
I (129045) MAIN:   RSSI: -86 dBm (raw: 43)
I (129045) MAIN:   Antenna: 0
I (129045) MAIN:   Frequency: 50
I (129055) MAIN:   Time: 128400 ms
I (129055) MAIN: вввв•ђвввв•ђвввв•ђввввввввввв•ђвввв•ђвввв•ђввв

I (129065) MAIN:   вњ“ Tag event enqueued to MQTT (cached offline: yes)
I (129075) RFID: в Valid tag: EPC_len=12, RSSI=43 (-86 dBm), Ant=0
I (129075) MAIN: ввв•ђвв•ђвввв•ђввввввввввв•ђвввв•ђвввв•ђвввв•ђвв
I (129115) MAIN:   TAG DETECTED!
I (129115) MAIN:   EPC (12 bytes):
    E2 80 11 70 40 00 02 1D 53 DA B0 CB 
I (129125) MAIN:   PC: 34 00
I (129125) MAIN:   RSSI: -80 dBm (raw: 49)
I (129125) MAIN:   Antenna: 0
I (129135) MAIN:   Frequency: 9
I (129135) MAIN:   Time: 128440 ms
I (129135) MAIN: ввввввввввв•ђвввв•ђвввв•ђвввв•ђввввввввввв

I (129145) MAIN:   в Tag event enqueued to MQTT (cached offline: yes)
I (129155) RFID: в Valid tag: EPC_len=12, RSSI=49 (-80 dBm), Ant=0
I (129195) MQTT_CLIENT: Published tag event batch: 2 entries (msg_id=38118)
I (129375) MAIN: вв•ђвввв•ђвввв•ђвввв•ђввввввввввв•ђвввв•ђвввв•ђв
I (129375) MAIN:   TAG DETECTED!
I (129375) MAIN:   EPC (12 bytes):
    E2 80 11 70 40 00 02 1D 53 DA B0 CB 
I (129385) MAIN:   PC: 34 00
I (129385) MAIN:   RSSI: -80 dBm (raw: 49)
I (129385) MAIN:   Antenna: 0
I (129385) MAIN:   Frequency: 28
I (129395) MAIN:   Time: 128740 ms
I (129395) MAIN: вввввввв•ђвввв•ђвввв•ђвввв•ђввввввввввв•ђввв

I (129405) MAIN:   вњ“ Tag event enqueued to MQTT (cached offline: yes)
I (129445) RFID: в Valid tag: EPC_len=12, RSSI=49 (-80 dBm), Ant=0
I (129445) MAIN: ввв•ђввввввввввв•ђвввв•ђвввв•ђвввв•ђвввв•ђвввв
I (129455) MAIN:   TAG DETECTED!
I (129455) MAIN:   EPC (12 bytes):
    E2 80 11 70 40 00 02 1D 53 DA B0 CB 
I (129465) MAIN:   PC: 34 00
I (129465) MAIN:   RSSI: -89 dBm (raw: 40)
I (129475) MAIN:   Antenna: 0
I (129475) MAIN:   Frequency: 18
I (129475) MAIN:   Time: 128810 ms
I (129475) MAIN: в•ђвввв•ђвввв•ђвввв•ђввввввввввв•ђвввв•ђвввв•ђвв

I (129495) MAIN:   вњ“ Tag event enqueued to MQTT (cached offline: yes)
I (129525) RFID: в Valid tag: EPC_len=12, RSSI=40 (-89 dBm), Ant=0
I (129525) MAIN: вввв•ђввввввввввв•ђвввв•ђвввв•ђвввв•ђввввввв
I (129525) MQTT_CLIENT: Published tag event batch: 2 entries (msg_id=20150)
I (129535) MAIN:   TAG DETECTED!
I (129545) MAIN:   EPC (12 bytes):
    E2 80 11 70 40 00 02 1D 53 DA B0 CB 
I (129555) MAIN:   PC: 34 00
I (129555) MAIN:   RSSI: -80 dBm (raw: 49)
I (129565) MAIN:   Antenna: 0
I (129565) MAIN:   Frequency: 24
I (129565) MAIN:   Time: 128890 ms
I (129565) MAIN: ввв•ђвввв•ђвввв•ђвввв•ђввввввввввв•ђвввв•ђвввв•ђ

I (129585) MAIN:   вњ“ Tag event enqueued to MQTT (cached offline: yes)
I (129615) RFID: в Valid tag: EPC_len=12, RSSI=49 (-80 dBm), Ant=0
I (129615) MAIN: ввввв•ђвввв•ђвввв•ђвввв•ђвввв•ђввввввввввв•ђвв
I (129625) MAIN:   TAG DETECTED!
I (129635) MAIN:   EPC (12 bytes):
    E2 80 11 70 40 00 02 1D 53 DA B0 CB 
I (129645) MAIN:   PC: 34 00
I (129645) MAIN:   RSSI: -85 dBm (raw: 44)
I (129645) MAIN:   Antenna: 0
I (129645) MAIN:   Frequency: 51
I (129645) MQTT_CLIENT: Published tag event batch: 1 entries (msg_id=39374)
I (129645) MAIN:   Time: 128980 ms
I (129655) MAIN: в•ђвввв•ђвввв•ђвввв•ђввввввввввв•ђвввв•ђвввв•ђвв

I (129695) MAIN:   в Tag event enqueued to MQTT (cached offline: yes)
I (129705) RFID: вњ“ Valid tag: EPC_len=12, RSSI=44 (-85 dBm), Ant=0
I (129715) MAIN: в•ђвввв•ђввввввввввв•ђвввв•ђвввв•ђвввв•ђвввввв
I (129725) MAIN:   TAG DETECTED!
I (129725) MAIN:   EPC (12 bytes):
    E2 80 11 70 40 00 02 1D 53 DA B0 CB 
I (129735) MAIN:   PC: 34 00
I (129735) MAIN:   RSSI: -77 dBm (raw: 52)
I (129775) MAIN:   Antenna: 0
I (129775) MAIN:   Frequency: 20
I (129775) MAIN:   Time: 129080 ms
I (129775) MAIN: в•ђвввв•ђвввв•ђввввввввввв•ђвввв•ђвввв•ђвввв•ђвв

I (129785) MAIN:   в Tag event enqueued to MQTT (cached offline: yes)
I (129785) RFID: вњ“ Valid tag: EPC_len=12, RSSI=52 (-77 dBm), Ant=0
I (129795) MAIN: в•ђввввввввввв•ђвввв•ђвввв•ђвввв•ђвввввввввв
I (129805) MQTT_CLIENT: Published tag event batch: 2 entries (msg_id=31053)
I (129815) MAIN:   TAG DETECTED!
I (129815) MAIN:   EPC (12 bytes):
    E2 80 11 70 40 00 02 1D 53 DA B0 CB 
I (129825) MAIN:   PC: 34 00
I (129865) MAIN:   RSSI: -76 dBm (raw: 53)
I (129865) MAIN:   Antenna: 0
I (129865) MAIN:   Frequency: 24
I (129865) MAIN:   Time: 129160 ms
I (129865) MAIN: вввв•ђвввв•ђвввв•ђвввв•ђввввввв•ђвввв•ђвввв•ђввв

I (129875) MAIN:   вњ“ Tag event enqueued to MQTT (cached offline: yes)
I (129885) RFID: в Valid tag: EPC_len=12, RSSI=53 (-76 dBm), Ant=0
I (129885) MAIN: вввв•ђввввввввввв•ђвввв•ђвввв•ђвввв•ђвввв•ђввв
I (129895) MAIN:   TAG DETECTED!
I (129895) MAIN:   EPC (12 bytes):
    E2 80 11 70 40 00 02 1D 53 DA B0 CB 
I (129905) MAIN:   PC: 34 00
I (129905) MAIN:   RSSI: -74 dBm (raw: 55)
I (129915) MAIN:   Antenna: 0
I (129915) MAIN:   Frequency: 43
I (129915) MAIN:   Time: 129250 ms
I (129955) MAIN: в•ђввввввв•ђвввв•ђвввв•ђвввв•ђвввв•ђвввввввввв

I (129955) MAIN:   вњ“ Tag event enqueued to MQTT (cached offline: yes)
I (129965) MQTT_CLIENT: Published tag event batch: 2 entries (msg_id=59188)
I (129965) RFID: в Valid tag: EPC_len=12, RSSI=55 (-74 dBm), Ant=0
I (129975) MAIN: ввввввввв•ђвввв•ђвввв•ђвввв•ђввввввввввв•ђвв
I (129985) MAIN:   TAG DETECTED!
I (129985) MAIN:   EPC (12 bytes):
    E2 80 11 70 40 00 02 1D 53 DA B0 CB 
I (129995) MAIN:   PC: 34 00
I (129995) MAIN:   RSSI: -74 dBm (raw: 55)
I (130005) MAIN:   Antenna: 0
I (130005) MAIN:   Frequency: 14
I (130005) MAIN:   Time: 129340 ms
I (130015) MAIN: вввв•ђввввввввввв•ђвввв•ђвввв•ђввввввввв•ђвв

I (130055) MAIN:   в Tag event enqueued to MQTT (cached offline: yes)
I (130055) RFID: в Valid tag: EPC_len=12, RSSI=55 (-74 dBm), Ant=0
W (130075) RFID: Round timeout в no completion packet after 2000ms, resetting
I (130095) MQTT_CLIENT: Published tag event batch: 1 entries (msg_id=9019)
I (130135) MAIN: в•ђвввв•ђвввв•ђввввввввввввввв•ђвввв•ђвввв•ђвв
I (130135) MAIN:   TAG DETECTED!
I (130145) MAIN:   EPC (12 bytes):
    E2 80 11 70 40 00 02 1D 53 DA B0 CB 
I (130145) MAIN:   PC: 34 00
I (130155) MAIN:   RSSI: -74 dBm (raw: 55)
I (130155) MAIN:   Antenna: 0
I (130155) MAIN:   Frequency: 33
I (130165) MAIN:   Time: 129500 ms
I (130165) MAIN: ввввввв•ђвввв•ђвввв•ђвввв•ђввввввввввв•ђвввв•ђ

I (130175) MAIN:   в Tag event enqueued to MQTT (cached offline: yes)
I (130185) RFID: в Valid tag: EPC_len=12, RSSI=55 (-74 dBm), Ant=0
I (130185) MAIN: в•ђвв•ђвввв•ђвввв•ђввввввв•ђвввв•ђвввв•ђвввв•ђвввв•ђ
I (130225) MAIN:   TAG DETECTED!
I (130225) MAIN:   EPC (12 bytes):
    E2 80 11 70 40 00 02 1D 53 DA B0 CB 
I (130235) MAIN:   PC: 34 00
I (130235) MAIN:   RSSI: -76 dBm (raw: 53)
I (130245) MAIN:   Antenna: 0
I (130245) MAIN:   Frequency: 39
I (130245) MAIN:   Time: 129550 ms
I (130255) MQTT_CLIENT: Published tag event batch: 1 entries (msg_id=51520)
I (130255) MAIN: вввввввввв•ђвввв•ђвввв•ђвввв•ђввввввввввв•ђв

I (130265) MAIN:   в Tag event enqueued to MQTT (cached offline: yes)
I (130305) RFID: вњ“ Valid tag: EPC_len=12, RSSI=53 (-76 dBm), Ant=0
I (130305) MAIN: вввввввв•ђвввв•ђвввв•ђвввв•ђввввввввввв•ђввв
I (130315) MAIN:   TAG DETECTED!
I (130315) MAIN:   EPC (12 bytes):
    E2 80 11 70 40 00 02 1D 53 DA B0 CB 
I (130325) MAIN:   PC: 34 00
I (130325) MAIN:   RSSI: -79 dBm (raw: 50)
I (130325) MAIN:   Antenna: 0
I (130335) MAIN:   Frequency: 19
I (130335) MAIN:   Time: 129670 ms
I (130335) MAIN: ввв•ђввввввввввв•ђвввв•ђвввв•ђвввв•ђвввв•ђв•ђввв•ђ

I (130385) MAIN:   в Tag event enqueued to MQTT (cached offline: yes)
I (130385) RFID: в Valid tag: EPC_len=12, RSSI=50 (-79 dBm), Ant=0
I (130385) MAIN: ввв•ђввввввввввв•ђвввв•ђвввв•ђвввв•ђвввв•ђвввв
I (130405) MQTT_CLIENT: Published tag event batch: 2 entries (msg_id=3129)
I (130405) MAIN:   TAG DETECTED!
I (130405) MAIN:   EPC (12 bytes):
    E2 80 11 70 40 00 02 1D 53 DA B0 CB 
I (130415) MAIN:   PC: 34 00
I (130415) MAIN:   RSSI: -76 dBm (raw: 53)
I (130425) MAIN:   Antenna: 0
I (130425) MAIN:   Frequency: 11
I (130425) MAIN:   Time: 129750 ms
I (130465) MAIN: вввв•ђвввв•ђвввв•ђввввввввввв•ђвввв•ђвввв•ђввв

I (130465) MAIN:   вњ“ Tag event enqueued to MQTT (cached offline: yes)
I (130475) RFID: в Valid tag: EPC_len=12, RSSI=53 (-76 dBm), Ant=0
I (130485) MAIN: вввв•ђввввввввввв•ђвввв•ђвввв•ђвввв•ђввввввв
I (130495) MAIN:   TAG DETECTED!
I (130495) MAIN:   EPC (12 bytes):
    E2 80 11 70 40 00 02 1D 53 DA B0 CB 
I (130495) MAIN:   PC: 34 00
I (130505) MAIN:   RSSI: -79 dBm (raw: 50)
I (130505) MAIN:   Antenna: 0
I (130515) MAIN:   Frequency: 48
I (130515) MAIN:   Time: 129850 ms
I (130555) MQTT_CLIENT: Published tag event batch: 1 entries (msg_id=60069)
I (130555) MAIN: вввв•ђвввв•ђвввв•ђввввввв•ђвввв•ђвввв•ђвввв•ђввв

I (130555) MAIN:   вњ“ Tag event enqueued to MQTT (cached offline: yes)
I (130565) RFID: в Valid tag: EPC_len=12, RSSI=50 (-79 dBm), Ant=0
I (130575) MAIN: ввввввввввввввв•ђвввв•ђвввв•ђвввв•ђввввввв
I (130585) MAIN:   TAG DETECTED!
I (130585) MAIN:   EPC (12 bytes):
    E2 80 11 70 40 00 02 1D 53 DA B0 CB 
I (130595) MAIN:   PC: 34 00
I (130595) MAIN:   RSSI: -79 dBm (raw: 50)
I (130605) MAIN:   Antenna: 0
I (130605) MAIN:   Frequency: 33
I (130605) MAIN:   Time: 129940 ms
I (130605) MAIN: вв•ђвввв•ђвввв•ђввввввввввв•ђвввв•ђвввв•ђвввв•ђв

I (130615) MAIN:   в Tag event enqueued to MQTT (cached offline: yes)
I (130655) RFID: в Valid tag: EPC_len=12, RSSI=50 (-79 dBm), Ant=0
I (130655) MAIN: ввв•ђвввв•ђвввв•ђвввв•ђввввввввввв•ђвввв•ђвввв•ђ
I (130665) MAIN:   TAG DETECTED!
I (130675) MAIN:   EPC (12 bytes):
    E2 80 11 70 40 00 02 1D 53 DA B0 CB 
I (130675) MAIN:   PC: 34 00
I (130675) MAIN:   RSSI: -83 dBm (raw: 46)
I (130685) MAIN:   Antenna: 0
I (130685) MAIN:   Frequency: 43
I (130685) MAIN:   Time: 130020 ms
I (130695) MAIN: ввввввввв•ђвввв•ђвввв•ђвввв•ђввввввввввввв•ђ

I (130695) MQTT_CLIENT: Published tag event batch: 2 entries (msg_id=56527)
I (130745) MAIN:   в Tag event enqueued to MQTT (cached offline: yes)
I (130745) RFID: в Valid tag: EPC_len=12, RSSI=46 (-83 dBm), Ant=0
I (130745) MAIN: ввввввв•ђвввв•ђвввв•ђвввв•ђввввввввввввввв•ђ
I (130755) MAIN:   TAG DETECTED!
I (130765) MAIN:   EPC (12 bytes):
    E2 80 11 70 40 00 02 1D 53 DA B0 CB 
I (130765) MAIN:   PC: 34 00
I (130775) MAIN:   RSSI: -74 dBm (raw: 55)
I (130775) MAIN:   Antenna: 0
I (130775) MAIN:   Frequency: 56
I (130785) MAIN:   Time: 130110 ms
I (130785) MAIN: вв•ђвввв•ђввввввввввв•ђвввв•ђввв•ђввв•ђвввв•ђввв

I (130825) MAIN:   вњ“ Tag event enqueued to MQTT (cached offline: yes)
I (130825) RFID: в Valid tag: EPC_len=12, RSSI=55 (-74 dBm), Ant=0
I (130835) MAIN: ввввввввввв•ђвввв•ђвввв•ђвввв•ђвввв•ђввввввв
I (130845) MAIN:   TAG DETECTED!
I (130845) MAIN:   EPC (12 bytes):
I (130845) MQTT_CLIENT: Published tag event batch: 2 entries (msg_id=63625)
    E2 80 11 70 40 00 02 1D 53 DA B0 CB 
I (130855) MAIN:   PC: 34 00
I (130865) MAIN:   RSSI: -82 dBm (raw: 47)
I (130865) MAIN:   Antenna: 0
I (130865) MAIN:   Frequency: 57
I (130875) MAIN:   Time: 130200 ms
I (130875) MAIN: вввв•ђвввв•ђвввв•ђвввв•ђввввввввввв•ђвввв•ђввв

I (130905) MAIN:   вњ“ Tag event enqueued to MQTT (cached offline: yes)
I (130915) RFID: в Valid tag: EPC_len=12, RSSI=47 (-82 dBm), Ant=0
I (130995) MQTT_CLIENT: Published tag event batch: 1 entries (msg_id=62023)
W (132145) RFID: Round timeout в no completion packet after 2000ms, resetting
W (134215) RFID: Round timeout в no completion packet after 2000ms, resetting
W (136235) RFID: Round timeout в no completion packet after 2000ms, resetting
W (138285) RFID: Round timeout в no completion packet after 2000ms, resetting
W (138765) BATTERY_MONITOR: Battery sample skipped - RFID reader still active after 2000 ms
W (140325) RFID: Round timeout в no completion packet after 2000ms, resetting
W (142405) RFID: Round timeout в no completion packet after 2000ms, resetting
W (144485) RFID: Round timeout в no completion packet after 2000ms, resetting
I (146005) MAIN: ввв•ђвввв•ђвввв•ђвввв•ђввввввввввв•ђвввв•ђвввв•ђ
I (146005) MAIN:   TAG DETECTED!
I (146005) MAIN:   EPC (12 bytes):
    E2 80 11 70 40 00 02 1D 53 DA B0 CB 
I (146015) MAIN:   PC: 34 00
I (146015) MAIN:   RSSI: -67 dBm (raw: 62)
I (146015) MAIN:   Antenna: 0
I (146025) MAIN:   Frequency: 9
I (146025) MAIN:   Time: 145370 ms
I (146025) MAIN: вв•ђвввв•ђввввввввввввввв•ђвввв•ђвввв•ђвввв•ђв

I (146035) MAIN:   в Tag event enqueued to MQTT (cached offline: yes)
I (146045) RFID: в Valid tag: EPC_len=12, RSSI=62 (-67 dBm), Ant=0
I (146055) MAIN: вв•ђввввввввввв•ђвввв•ђвввв•ђвввв•ђввввввввв
I (146095) MAIN:   TAG DETECTED!
I (146095) MAIN:   EPC (12 bytes):
    E2 80 11 70 40 00 02 1D 53 DA B0 CB 
I (146115) MAIN:   PC: 34 00
I (146115) MAIN:   RSSI: -69 dBm (raw: 60)
I (146115) MAIN:   Antenna: 0
I (146115) MAIN:   Frequency: 48
I (146115) MAIN:   Time: 145420 ms
I (146115) MAIN: ввввввввв•ђвввв•ђвввв•ђвввв•ђвввв•ђввввввввв

I (146125) MAIN:   в Tag event enqueued to MQTT (cached offline: yes)
I (146135) RFID: в Valid tag: EPC_len=12, RSSI=60 (-69 dBm), Ant=0
I (146145) MAIN: вв•ђввв•ђвввв•ђвввв•ђввв•ђввввввв•ђвввв•ђвввв•ђввв
I (146145) MAIN:   TAG DETECTED!
I (146185) MAIN:   EPC (12 bytes):
    E2 80 11 70 40 00 02 1D 53 DA B0 CB 
I (146185) MQTT_CLIENT: Published tag event batch: 2 entries (msg_id=11269)
I (146185) MAIN:   PC: 34 00
I (146195) MAIN:   RSSI: -62 dBm (raw: 67)
I (146195) MAIN:   Antenna: 0
I (146205) MAIN:   Frequency: 38
I (146205) MAIN:   Time: 145510 ms
I (146205) MAIN: ввввввввввв•ђвввв•ђвввв•ђвввв•ђввввввввввв

I (146215) MAIN:   в Tag event enqueued to MQTT (cached offline: yes)
I (146225) RFID: в Valid tag: EPC_len=12, RSSI=67 (-62 dBm), Ant=0
I (146295) MQTT_CLIENT: Published tag event batch: 1 entries (msg_id=61947)
I (146315) MAIN: ввввввв•ђвввв•ђвввв•ђвввв•ђввввввввввв•ђвввв•ђ
I (146345) MAIN:   TAG DETECTED!
I (146345) MAIN:   EPC (12 bytes):
    E2 80 11 70 40 00 02 1D 53 DA B0 CB 
I (146355) MAIN:   PC: 34 00
I (146355) MAIN:   RSSI: -62 dBm (raw: 67)
I (146365) MAIN:   Antenna: 0
I (146365) MAIN:   Frequency: 33
I (146365) MAIN:   Time: 145680 ms
I (146375) MAIN: вв•ђввввввввввв•ђвввв•ђвввв•ђвввв•ђвввв•ђввввв

I (146385) MAIN:   в Tag event enqueued to MQTT (cached offline: yes)
I (146425) RFID: в Valid tag: EPC_len=12, RSSI=67 (-62 dBm), Ant=0
I (146455) MQTT_CLIENT: Published tag event batch: 1 entries (msg_id=48593)
I (146605) MAIN: вввв•ђввввввввввв•ђвввв•ђвввв•ђвввв•ђввввввв
I (146605) MAIN:   TAG DETECTED!
I (146605) MAIN:   EPC (12 bytes):
    E2 80 11 70 40 00 02 1D 53 DA B0 CB 
I (146615) MAIN:   PC: 34 00
I (146615) MAIN:   RSSI: -67 dBm (raw: 62)
I (146615) MAIN:   Antenna: 0
I (146625) MAIN:   Frequency: 37
I (146625) MAIN:   Time: 145970 ms
I (146625) MAIN: вв•ђвввв•ђвввв•ђвввв•ђввввввввввв•ђвввв•ђвввв•ђв

I (146635) MAIN:   в Tag event enqueued to MQTT (cached offline: yes)
I (146645) RFID: в Valid tag: EPC_len=12, RSSI=62 (-67 dBm), Ant=0
I (146655) MAIN: вв•ђввв•ђвввввввввввввв•ђвввв•ђвввв•ђввввввв
I (146685) MAIN:   TAG DETECTED!
I (146685) MAIN:   EPC (12 bytes):
    E2 80 11 70 40 00 02 1D 53 DA B0 CB 
I (146695) MAIN:   PC: 34 00
I (146695) MAIN:   RSSI: -69 dBm (raw: 60)
I (146705) MAIN:   Antenna: 0
I (146705) MAIN:   Frequency: 17
I (146705) MAIN:   Time: 146020 ms
I (146705) MAIN: вв•ђвввв•ђвввв•ђвввв•ђввввввввввв•ђвввв•ђвввв•ђв

I (146715) MAIN:   в Tag event enqueued to MQTT (cached offline: yes)
I (146725) RFID: в Valid tag: EPC_len=12, RSSI=60 (-69 dBm), Ant=0
I (146765) MAIN: ввввв•ђвввв•ђвввв•ђвввв•ђввввввввввв•ђвввв•ђвв
I (146765) MQTT_CLIENT: Published tag event batch: 2 entries (msg_id=46440)
I (146765) MAIN:   TAG DETECTED!
I (146775) MAIN:   EPC (12 bytes):
    E2 80 11 70 40 00 02 1D 53 DA B0 CB 
I (146785) MAIN:   PC: 34 00
I (146785) MAIN:   RSSI: -71 dBm (raw: 58)
I (146795) MAIN:   Antenna: 0
I (146795) MAIN:   Frequency: 32
I (146795) MAIN:   Time: 146130 ms
I (146805) MAIN: в•ђвввв•ђввввввввввв•ђвввв•ђвввв•ђвввв•ђвввв•ђвв

I (146845) MAIN:   вњ“ Tag event enqueued to MQTT (cached offline: yes)
I (146845) RFID: в Valid tag: EPC_len=12, RSSI=58 (-71 dBm), Ant=0
I (146845) MAIN: ввввввввввввввв•ђвввв•ђвввв•ђвввв•ђввввввв
I (146865) MAIN:   TAG DETECTED!
I (146865) MAIN:   EPC (12 bytes):
    E2 80 11 70 40 00 02 1D 53 DA B0 CB 
I (146865) MAIN:   PC: 34 00
I (146875) MAIN:   RSSI: -64 dBm (raw: 65)
I (146875) MAIN:   Antenna: 0
I (146875) MAIN:   Frequency: 19
I (146885) MAIN:   Time: 146210 ms
I (146885) MAIN: вв•ђвввв•ђв•ђвввв•ђвввв•ђвввв•ђввввввввввввввв•ђ

I (146925) MQTT_CLIENT: Published tag event batch: 1 entries (msg_id=53149)
I (146925) MAIN:   в Tag event enqueued to MQTT (cached offline: yes)
I (146935) RFID: вњ“ Valid tag: EPC_len=12, RSSI=65 (-64 dBm), Ant=0
W (146955) RFID: Round timeout в no completion packet after 2000ms, resetting
I (147015) MAIN: вввв•ђвввв•ђввввввввввв•ђвввв•ђвввв•ђвввв•ђввв
I (147015) MAIN:   TAG DETECTED!
I (147015) MAIN:   EPC (12 bytes):
    E2 80 11 70 40 00 02 1D 53 DA B0 CB 
I (147015) MAIN:   PC: 34 00
I (147025) MAIN:   RSSI: -61 dBm (raw: 68)
I (147025) MAIN:   Antenna: 0
I (147025) MAIN:   Frequency: 38
I (147035) MAIN:   Time: 146380 ms
I (147035) MAIN: вв•ђвввв•ђвввв•ђвввв•ђввввввввввв•ђвввв•ђвввв•ђв

I (147045) MAIN:   в Tag event enqueued to MQTT (cached offline: yes)
I (147045) MQTT_CLIENT: Published tag event batch: 2 entries (msg_id=45264)
I (147095) RFID: вњ“ Valid tag: EPC_len=12, RSSI=68 (-61 dBm), Ant=0
I (147095) MAIN: вввв•ђвввв•ђвввв•ђвввв•ђввввввввввввввв•ђввв
I (147105) MAIN:   TAG DETECTED!
I (147105) MAIN:   EPC (12 bytes):
    E2 80 11 70 40 00 02 1D 53 DA B0 CB 
I (147115) MAIN:   PC: 34 00
I (147115) MAIN:   RSSI: -65 dBm (raw: 64)
I (147115) MAIN:   Antenna: 0
I (147125) MAIN:   Frequency: 9
I (147125) MAIN:   Time: 146460 ms
I (147125) MAIN: ввв•ђвввв•ђвввв•ђввввввввввв•ђвввв•ђвввв•ђвввв•ђ

I (147135) MAIN:   в Tag event enqueued to MQTT (cached offline: yes)
I (147185) RFID: в Valid tag: EPC_len=12, RSSI=64 (-65 dBm), Ant=0
I (147195) MQTT_CLIENT: Published tag event batch: 1 entries (msg_id=40019)
W (149035) RFID: Round timeout в no completion packet after 2000ms, resetting
W (149305) BATTERY_MONITOR: Battery sample skipped - RFID reader still active after 2000 ms
W (151045) RFID: Round timeout в no completion packet after 2000ms, resetting
W (153095) RFID: Round timeout в no completion packet after 2000ms, resetting
W (155155) RFID: Round timeout вЂ” no completion packet after 2000ms, resetting
W (157185) RFID: Round timeout в no completion packet after 2000ms, resetting
I (158605) MAIN: вввввввввв•ђвввв•ђвввв•ђвввв•ђвввв•ђвввввввв
I (158605) MAIN:   TAG DETECTED!
I (158605) MAIN:   EPC (12 bytes):
    E2 80 11 70 40 00 02 1D 53 DA B0 CB 
I (158615) MAIN:   PC: 34 00
I (158615) MAIN:   RSSI: -89 dBm (raw: 40)
I (158615) MAIN:   Antenna: 0
I (158625) MAIN:   Frequency: 36
I (158625) MAIN:   Time: 157970 ms
I (158625) MAIN: в•ђвввв•ђвввв•ђввввввввввв•ђвввв•ђвввв•ђвввв•ђвв

I (158635) MAIN:   в Tag event enqueued to MQTT (cached offline: yes)
I (158635) RFID: в Valid tag: EPC_len=12, RSSI=40 (-89 dBm), Ant=0
I (158765) MQTT_CLIENT: Published tag event batch: 1 entries (msg_id=9491)
I (158865) MAIN: вв•ђвввв•ђвввв•ђвввв•ђввввввввввв•ђвввв•ђвввв•ђв
I (158865) MAIN:   TAG DETECTED!
I (158865) MAIN:   EPC (12 bytes):
    E2 80 11 70 40 00 02 1D 53 DA B0 CB 
I (158875) MAIN:   PC: 34 00
I (158875) MAIN:   RSSI: -86 dBm (raw: 43)
I (158875) MAIN:   Antenna: 0
I (158875) MAIN:   Frequency: 39
I (158885) MAIN:   Time: 158230 ms
I (158885) MAIN: в•ђввввввв•ђвввв•ђвввв•ђвввв•ђвввв•ђвввввввввв

I (158895) MQTT_CLIENT: Published tag event batch: 1 entries (msg_id=36602)
I (158895) MAIN:   в Tag event enqueued to MQTT (cached offline: yes)
I (158945) RFID: в Valid tag: EPC_len=12, RSSI=43 (-86 dBm), Ant=0
I (158945) MAIN: вввввв•ђвввв•ђвввв•ђвввв•ђввввввввввв•ђвввв•ђв
I (158955) MAIN:   TAG DETECTED!
I (158955) MAIN:   EPC (12 bytes):
    E2 80 11 70 40 00 02 1D 53 DA B0 CB 
I (158965) MAIN:   PC: 34 00
I (158965) MAIN:   RSSI: -86 dBm (raw: 43)
I (158975) MAIN:   Antenna: 0
I (158975) MAIN:   Frequency: 19
I (158975) MAIN:   Time: 158310 ms
I (158985) MAIN: в•ђввввввввввввввв•ђвввв•ђвввв•ђвввв•ђв•ђвввв•ђв

I (159025) MAIN:   в Tag event enqueued to MQTT (cached offline: yes)
I (159025) RFID: в Valid tag: EPC_len=12, RSSI=43 (-86 dBm), Ant=0
I (159025) MAIN: вв•ђвввв•ђвввв•ђввввввввввв•ђвввв•ђвввв•ђвввв•ђв
I (159045) MAIN:   TAG DETECTED!
I (159045) MAIN:   EPC (12 bytes):
    E2 80 11 70 40 00 02 1D 53 DA B0 CB 
I (159045) MQTT_CLIENT: Published tag event batch: 1 entries (msg_id=13513)
I (159055) MAIN:   PC: 34 00
I (159055) MAIN:   RSSI: -79 dBm (raw: 50)
I (159065) MAIN:   Antenna: 0
I (159065) MAIN:   Frequency: 54
I (159075) MAIN:   Time: 158390 ms
I (159105) MAIN: ввввввв•ђвввв•ђвввв•ђвввв•ђвввв•ђввввввв•ђвввв•ђ

I (159105) MAIN:   в Tag event enqueued to MQTT (cached offline: yes)
I (159115) RFID: в Valid tag: EPC_len=12, RSSI=50 (-79 dBm), Ant=0
I (159125) MAIN: ввв•ђвввв•ђвввв•ђввввввввввв•ђвввв•ђвввв•ђвввв•ђ
I (159135) MAIN:   TAG DETECTED!
I (159135) MAIN:   EPC (12 bytes):
    E2 80 11 70 40 00 02 1D 53 DA B0 CB 
I (159135) MAIN:   PC: 34 00
I (159145) MAIN:   RSSI: -76 dBm (raw: 53)
I (159145) MAIN:   Antenna: 0
I (159185) MAIN:   Frequency: 15
I (159185) MAIN:   Time: 158490 ms
I (159185) MAIN: вв•ђвввв•ђввввввввввв•ђвввв•ђвввв•ђвввв•ђввввв

I (159195) MAIN:   в Tag event enqueued to MQTT (cached offline: yes)
I (159195) RFID: в Valid tag: EPC_len=12, RSSI=53 (-76 dBm), Ant=0
I (159195) MQTT_CLIENT: Published tag event batch: 2 entries (msg_id=6027)
I (159205) MAIN: ввв•ђвввв•ђвввв•ђввввввввввв•ђвввв•ђвввв•ђвввв•ђ
I (159225) MAIN:   TAG DETECTED!
I (159225) MAIN:   EPC (12 bytes):
    E2 80 11 70 40 00 02 1D 53 DA B0 CB 
I (159225) MAIN:   PC: 34 00
I (159265) MAIN:   RSSI: -85 dBm (raw: 44)
I (159265) MAIN:   Antenna: 0
I (159265) MAIN:   Frequency: 23
I (159265) MAIN:   Time: 158570 ms
I (159265) MAIN: ввввввввввв•ђвввв•ђвввв•ђвввв•ђввввввввввв

I (159285) MAIN:   в Tag event enqueued to MQTT (cached offline: yes)
I (159285) RFID: в Valid tag: EPC_len=12, RSSI=44 (-85 dBm), Ant=0
I (159295) MAIN: ввв•ђвввв•ђвввв•ђвввв•ђввввввввввв•ђвввв•ђвввв•ђ
I (159305) MAIN:   TAG DETECTED!
I (159305) MAIN:   EPC (12 bytes):
    E2 80 11 70 40 00 02 1D 53 DA B0 CB 
I (159345) MAIN:   PC: 34 00
I (159345) MAIN:   RSSI: -74 dBm (raw: 55)
I (159345) MAIN:   Antenna: 0
I (159345) MAIN:   Frequency: 9
I (159345) MAIN:   Time: 158660 ms
I (159345) MQTT_CLIENT: Published tag event batch: 1 entries (msg_id=10349)
I (159355) MAIN: вввввввв•ђвввв•ђвввв•ђвввв•ђввввввввввв•ђввв

I (159365) MAIN:   вњ“ Tag event enqueued to MQTT (cached offline: yes)
I (159375) RFID: в Valid tag: EPC_len=12, RSSI=55 (-74 dBm), Ant=0
W (159385) RFID: Round timeout в no completion packet after 2000ms, resetting
I (159425) MAIN: ввв•ђвввв•ђввввввввввв•ђвввв•ђвввв•ђвввв•ђвввв
I (159425) MAIN:   TAG DETECTED!
I (159435) MAIN:   EPC (12 bytes):
    E2 80 11 70 40 00 02 1D 53 DA B0 CB 
I (159435) MAIN:   PC: 34 00
I (159435) MAIN:   RSSI: -78 dBm (raw: 51)
I (159445) MAIN:   Antenna: 0
I (159445) MAIN:   Frequency: 21
I (159445) MAIN:   Time: 158790 ms
I (159455) MAIN: в•ђвввв•ђвввв•ђвввв•ђвввв•ђввввввввввв•ђвввв•ђвв

I (159465) MAIN:   в Tag event enqueued to MQTT (cached offline: yes)
I (159475) RFID: вњ“ Valid tag: EPC_len=12, RSSI=51 (-78 dBm), Ant=0
I (159505) MQTT_CLIENT: Published tag event batch: 2 entries (msg_id=28862)
I (159505) MAIN: вв•ђвввв•ђвввв•ђвввв•ђвввввввв•ђввв•ђвввв•ђвввв•ђв
I (159525) MAIN:   TAG DETECTED!
I (159525) MAIN:   EPC (12 bytes):
    E2 80 11 70 40 00 02 1D 53 DA B0 CB 
I (159525) MAIN:   PC: 34 00
I (159535) MAIN:   RSSI: -83 dBm (raw: 46)
W (159465) BATTERY_MONITOR: Battery sample skipped - RFID reader still active after 2000 ms
I (159535) MAIN:   Antenna: 0
I (159545) MAIN:   Frequency: 42
I (159585) MAIN:   Time: 158870 ms
I (159585) MAIN: вв•ђвввв•ђвввв•ђввввввввввввввв•ђвввв•ђвввв•ђв

I (159585) MAIN:   в Tag event enqueued to MQTT (cached offline: yes)
I (159595) RFID: в Valid tag: EPC_len=12, RSSI=46 (-83 dBm), Ant=0
I (159595) MAIN: вв•ђввввввввввв•ђвввв•ђвввв•ђвввв•ђвввв•ђввввв
I (159605) MAIN:   TAG DETECTED!
I (159615) MAIN:   EPC (12 bytes):
    E2 80 11 70 40 00 02 1D 53 DA B0 CB 
I (159615) MAIN:   PC: 34 00
I (159625) MAIN:   RSSI: -75 dBm (raw: 54)
I (159625) MAIN:   Antenna: 0
I (159625) MAIN:   Frequency: 15
I (159635) MAIN:   Time: 158960 ms
I (159665) MAIN: ввввввв•ђвввв•ђвввв•ђвввв•ђввввввввввв•ђвввв•ђ

I (159675) MQTT_CLIENT: Published tag event batch: 1 entries (msg_id=12889)
I (159675) MAIN:   вњ“ Tag event enqueued to MQTT (cached offline: yes)
I (159685) RFID: вњ“ Valid tag: EPC_len=12, RSSI=54 (-75 dBm), Ant=0
I (159695) MAIN: вввв•ђвввв•ђвввв•ђвввв•ђввввввввввв•ђвввв•ђввв
I (159705) MAIN:   TAG DETECTED!
I (159705) MAIN:   EPC (12 bytes):
    E2 80 11 70 40 00 02 1D 53 DA B0 CB 
I (159715) MAIN:   PC: 34 00
I (159745) MAIN:   RSSI: -76 dBm (raw: 53)
I (159745) MAIN:   Antenna: 0
I (159745) MAIN:   Frequency: 30
I (159745) MAIN:   Time: 159060 ms
I (159745) MAIN: вв•ђвввв•ђввввввввввв•ђвввв•ђвввв•ђвввв•ђввввв

I (159765) MAIN:   в Tag event enqueued to MQTT (cached offline: yes)
I (159765) RFID: в Valid tag: EPC_len=12, RSSI=53 (-76 dBm), Ant=0
I (159775) MAIN: ввввввввв•ђвввв•ђвввв•ђвввв•ђввввввввввв•ђвв
I (159785) MAIN:   TAG DETECTED!
I (159785) MAIN:   EPC (12 bytes):
I (159825) MQTT_CLIENT: Published tag event batch: 2 entries (msg_id=35407)
    E2 80 11 70 40 00 02 1D 53 DA B0 CB 
I (159825) MAIN:   PC: 34 00
I (159825) MAIN:   RSSI: -69 dBm (raw: 60)
I (159835) MAIN:   Antenna: 0
I (159835) MAIN:   Frequency: 59
I (159835) MAIN:   Time: 159140 ms
I (159845) MAIN: вввввввв•ђвввв•ђвввв•ђвввв•ђввввввввввв•ђввв

I (159855) MAIN:   вњ“ Tag event enqueued to MQTT (cached offline: yes)
I (159855) RFID: в Valid tag: EPC_len=12, RSSI=60 (-69 dBm), Ant=0
I (159865) MAIN: вввв•ђвввв•ђвввв•ђвввввввввв•ђвв•ђвввв•ђвввв•ђвв
I (159905) MAIN:   TAG DETECTED!
I (159905) MAIN:   EPC (12 bytes):
    E2 80 11 70 40 00 02 1D 53 DA B0 CB 
I (159915) MAIN:   PC: 34 00
I (159915) MAIN:   RSSI: -75 dBm (raw: 54)
I (159915) MAIN:   Antenna: 0
I (159925) MAIN:   Frequency: 52
I (159925) MAIN:   Time: 159230 ms
I (159925) MAIN: ввввввв•ђвввв•ђвввв•ђвввв•ђввввввввввв•ђвввв•ђ

I (159935) MAIN:   в Tag event enqueued to MQTT (cached offline: yes)
I (159945) RFID: в Valid tag: EPC_len=12, RSSI=54 (-75 dBm), Ant=0
I (159945) MQTT_CLIENT: Published tag event batch: 2 entries (msg_id=48905)
I (159945) MAIN: вввв•ђвввв•ђвввв•ђввввввввввв•ђвввв•ђвввв•ђввв
I (159995) MAIN:   TAG DETECTED!
I (159995) MAIN:   EPC (12 bytes):
    E2 80 11 70 40 00 02 1D 53 DA B0 CB 
I (160005) MAIN:   PC: 34 00
I (160005) MAIN:   RSSI: -71 dBm (raw: 58)
I (160005) MAIN:   Antenna: 0
I (160015) MAIN:   Frequency: 53
I (160015) MAIN:   Time: 159310 ms
I (160015) MAIN: вввввввввв•ђвввв•ђвввв•ђвввв•ђввввввввввв•ђв

I (160025) MAIN:   в Tag event enqueued to MQTT (cached offline: yes)
I (160035) RFID: в Valid tag: EPC_len=12, RSSI=58 (-71 dBm), Ant=0
I (160045) MAIN: вв•ђввв•ђвв•ђввввввв•ђвввв•ђвввв•ђвввв•ђввввввв•ђв
I (160075) MAIN:   TAG DETECTED!
I (160075) MAIN:   EPC (12 bytes):
    E2 80 11 70 40 00 02 1D 53 DA B0 CB 
I (160085) MAIN:   PC: 34 00
I (160085) MAIN:   RSSI: -69 dBm (raw: 60)
I (160095) MAIN:   Antenna: 0
I (160095) MAIN:   Frequency: 32
I (160095) MAIN:   Time: 159410 ms
I (160095) MQTT_CLIENT: Published tag event batch: 1 entries (msg_id=40524)
I (160105) MAIN: вв•ђвввв•ђвввв•ђвввв•ђввввввввввв•ђвввв•ђвввв•ђв

I (160115) MAIN:   в Tag event enqueued to MQTT (cached offline: yes)
I (160125) RFID: в Valid tag: EPC_len=12, RSSI=60 (-69 dBm), Ant=0
I (160165) MAIN: вв•ђвввв•ђввввввввввввввв•ђвввв•ђвввв•ђвввв•ђв
I (160165) MAIN:   TAG DETECTED!
I (160165) MAIN:   EPC (12 bytes):
    E2 80 11 70 40 00 02 1D 53 DA B0 CB 
I (160175) MAIN:   PC: 34 00
I (160175) MAIN:   RSSI: -72 dBm (raw: 57)
I (160185) MAIN:   Antenna: 0
I (160185) MAIN:   Frequency: 43
I (160225) MAIN:   Time: 159530 ms
I (160225) MAIN: в•ђвввв•ђввввввввввв•ђвввв•ђвввв•ђвввв•ђвввввв

I (160225) MAIN:   в Tag event enqueued to MQTT (cached offline: yes)
I (160235) RFID: вњ“ Valid tag: EPC_len=12, RSSI=57 (-72 dBm), Ant=0
I (160235) MAIN: вввввввв•ђвввв•ђвввв•ђвввв•ђввввввввввв•ђввв
I (160245) MAIN:   TAG DETECTED!
I (160245) MQTT_CLIENT: Published tag event batch: 2 entries (msg_id=40731)
I (160255) MAIN:   EPC (12 bytes):
    E2 80 11 70 40 00 02 1D 53 DA B0 CB 
I (160265) MAIN:   PC: 34 00
I (160265) MAIN:   RSSI: -78 dBm (raw: 51)
I (160275) MAIN:   Antenna: 0
I (160305) MAIN:   Frequency: 27
I (160305) MAIN:   Time: 159600 ms
I (160305) MAIN: вв•ђвввв•ђвввв•ђввввввввввв•ђвввв•ђвввв•ђвввв•ђв

I (160315) MAIN:   в Tag event enqueued to MQTT (cached offline: yes)
I (160325) RFID: в Valid tag: EPC_len=12, RSSI=51 (-78 dBm), Ant=0
I (160325) MAIN: вв•ђввввввввввв•ђвввв•ђвввв•ђвввв•ђввввввввв
I (160335) MAIN:   TAG DETECTED!
I (160345) MAIN:   EPC (12 bytes):
    E2 80 11 70 40 00 02 1D 53 DA B0 CB 
I (160345) MAIN:   PC: 34 00
I (160385) MAIN:   RSSI: -71 dBm (raw: 58)
I (160385) MAIN:   Antenna: 0
I (160385) MAIN:   Frequency: 59
I (160385) MAIN:   Time: 159690 ms
I (160385) MAIN: в•ђвввв•ђвввв•ђвввв•ђввввввввввв•ђвввв•ђвввв•ђвв

I (160395) MAIN:   в Tag event enqueued to MQTT (cached offline: yes)
I (160395) MQTT_CLIENT: Published tag event batch: 1 entries (msg_id=20838)
I (160405) RFID: в Valid tag: EPC_len=12, RSSI=58 (-71 dBm), Ant=0
I (160415) MAIN: вв•ђвввв•ђвввв•ђввввввввввв•ђвввв•ђвввв•ђвввв•ђв
I (160435) MAIN:   TAG DETECTED!
I (160475) MAIN:   EPC (12 bytes):
    E2 80 11 70 40 00 02 1D 53 DA B0 CB 
I (160475) MAIN:   PC: 34 00
I (160475) MAIN:   RSSI: -71 dBm (raw: 58)
I (160475) MAIN:   Antenna: 0
I (160485) MAIN:   Frequency: 54
I (160485) MAIN:   Time: 159780 ms
I (160485) MAIN: вввв•ђвввв•ђввввввввввв•ђвввв•ђвввв•ђвввв•ђввв

I (160495) MAIN:   в Tag event enqueued to MQTT (cached offline: yes)
I (160505) RFID: в Valid tag: EPC_len=12, RSSI=58 (-71 dBm), Ant=0
I (160515) MAIN: ввввввввввв•ђвввв•ђвввв•ђвввв•ђввввввввввв•ђ
I (160525) MAIN:   TAG DETECTED!
I (160565) MAIN:   EPC (12 bytes):
    E2 80 11 70 40 00 02 1D 53 DA B0 CB 
I (160565) MAIN:   PC: 34 00
I (160565) MAIN:   RSSI: -71 dBm (raw: 58)
I (160565) MQTT_CLIENT: Published tag event batch: 2 entries (msg_id=48264)
I (160565) MAIN:   Antenna: 0
I (160575) MAIN:   Frequency: 27
I (160575) MAIN:   Time: 159880 ms
I (160575) MAIN: вввв•ђвввв•ђвввв•ђвввв•ђввввввввввв•ђвввв•ђввв

I (160595) MAIN:   вњ“ Tag event enqueued to MQTT (cached offline: yes)
I (160595) RFID: в Valid tag: EPC_len=12, RSSI=58 (-71 dBm), Ant=0
I (160605) MAIN: вввв•ђвввв•ђввввввввввв•ђвввв•ђвввв•ђвввв•ђввв
I (160615) MAIN:   TAG DETECTED!
I (160645) MAIN:   EPC (12 bytes):
    E2 80 11 70 40 00 02 1D 53 DA B0 CB 
I (160645) MAIN:   PC: 34 00
I (160645) MAIN:   RSSI: -71 dBm (raw: 58)
I (160655) MAIN:   Antenna: 0
I (160655) MAIN:   Frequency: 26
I (160655) MAIN:   Time: 159970 ms
I (160665) MAIN: ввввввввв•ђвввв•ђвввв•ђвввв•ђввввввввввв•ђвв

I (160675) MAIN:   в Tag event enqueued to MQTT (cached offline: yes)
I (160675) RFID: в Valid tag: EPC_len=12, RSSI=58 (-71 dBm), Ant=0
I (160685) MAIN: в•ђвввв•ђвввв•ђвввв•ђвввв•ђввввввввввв•ђвввв•ђвв
I (160725) MAIN:   TAG DETECTED!
I (160725) MAIN:   EPC (12 bytes):
I (160725) MQTT_CLIENT: Published tag event batch: 2 entries (msg_id=31295)
    E2 80 11 70 40 00 02 1D 53 DA B0 CB 
I (160735) MAIN:   PC: 34 00
I (160735) MAIN:   RSSI: -69 dBm (raw: 60)
I (160745) MAIN:   Antenna: 0
I (160745) MAIN:   Frequency: 7
I (160745) MAIN:   Time: 160050 ms
I (160755) MAIN: в•ђвввв•ђвввв•ђвввв•ђввввввввввв•ђвввв•ђвввв•ђвв

I (160765) MAIN:   в Tag event enqueued to MQTT (cached offline: yes)
I (160765) RFID: вњ“ Valid tag: EPC_len=12, RSSI=60 (-69 dBm), Ant=0
I (160805) MAIN: ввв•ђвввв•ђввввввввввв•ђвввв•ђвввв•ђвввв•ђвввв
I (160805) MAIN:   TAG DETECTED!
I (160815) MAIN:   EPC (12 bytes):
    E2 80 11 70 40 00 02 1D 53 DA B0 CB 
I (160825) MAIN:   PC: 34 00
I (160825) MAIN:   RSSI: -69 dBm (raw: 60)
I (160825) MAIN:   Antenna: 0
I (160825) MAIN:   Frequency: 17
I (160835) MAIN:   Time: 160170 ms
I (160835) MAIN: ввввв•ђвввв•ђвввв•ђвввв•ђввввввввввв•ђвввв•ђвв

I (160845) MAIN:   в Tag event enqueued to MQTT (cached offline: yes)
I (160885) MQTT_CLIENT: Published tag event batch: 2 entries (msg_id=49105)
I (160885) RFID: в Valid tag: EPC_len=12, RSSI=60 (-69 dBm), Ant=0
I (160885) MAIN: ввввв•ђвввв•ђвввв•ђвввв•ђвввв•ђввввввввввв•ђвв
I (160895) MAIN:   TAG DETECTED!
I (160905) MAIN:   EPC (12 bytes):
    E2 80 11 70 40 00 02 1D 53 DA B0 CB 
I (160905) MAIN:   PC: 34 00
I (160915) MAIN:   RSSI: -72 dBm (raw: 57)
I (160915) MAIN:   Antenna: 0
I (160915) MAIN:   Frequency: 53
I (160925) MAIN:   Time: 160250 ms
I (160925) MAIN: вввв•ђвввввввв•ђв•ђвввв•ђвввв•ђвввв•ђввввввввв

I (160965) MAIN:   в Tag event enqueued to MQTT (cached offline: yes)
I (160965) RFID: в Valid tag: EPC_len=12, RSSI=57 (-72 dBm), Ant=0
I (160975) MAIN: ввввв•ђвввв•ђвввв•ђвввв•ђввввввввввв•ђвввв•ђвв
I (160985) MAIN:   TAG DETECTED!
I (160985) MAIN:   EPC (12 bytes):
    E2 80 11 70 40 00 02 1D 53 DA B0 CB 
I (160995) MAIN:   PC: 34 00
I (160995) MAIN:   RSSI: -69 dBm (raw: 60)
I (160995) MQTT_CLIENT: Published tag event batch: 1 entries (msg_id=49001)
I (161005) MAIN:   Antenna: 0
I (161005) MAIN:   Frequency: 23
I (161015) MAIN:   Time: 160340 ms
I (161045) MAIN: в•ђввввввввввв•ђвввв•ђвввв•ђвввв•ђвввв•ђвввввв

I (161045) MAIN:   вњ“ Tag event enqueued to MQTT (cached offline: yes)
I (161055) RFID: вњ“ Valid tag: EPC_len=12, RSSI=60 (-69 dBm), Ant=0
I (161065) MAIN: вввв•ђвввв•ђвввв•ђвввв•ђввввввввввв•ђвввв•ђввв
I (161075) MAIN:   TAG DETECTED!
I (161075) MAIN:   EPC (12 bytes):
    E2 80 11 70 40 00 02 1D 53 DA B0 CB 
I (161085) MAIN:   PC: 34 00
I (161085) MAIN:   RSSI: -72 dBm (raw: 57)
I (161085) MAIN:   Antenna: 0
I (161125) MAIN:   Frequency: 12
I (161125) MAIN:   Time: 160430 ms
I (161125) MAIN: в•ђввввввввввв•ђвввв•ђвввв•ђвввв•ђвввввввввв

I (161135) MAIN:   в Tag event enqueued to MQTT (cached offline: yes)
I (161145) RFID: вњ“ Valid tag: EPC_len=12, RSSI=57 (-72 dBm), Ant=0
I (161145) MAIN: вввв•ђвввв•ђвввв•ђвввв•ђввввввввввв•ђвввв•ђввв
I (161145) MQTT_CLIENT: Published tag event batch: 2 entries (msg_id=54385)
I (161165) MAIN:   TAG DETECTED!
I (161165) MAIN:   EPC (12 bytes):
    E2 80 11 70 40 00 02 1D 53 DA B0 CB 
I (161205) MAIN:   PC: 34 00
I (161205) MAIN:   RSSI: -69 dBm (raw: 60)
I (161205) MAIN:   Antenna: 0
I (161205) MAIN:   Frequency: 9
I (161205) MAIN:   Time: 160510 ms
I (161215) MAIN: ввввв•ђвввв•ђвввв•ђвввв•ђввввввввввв•ђвввв•ђвв

I (161225) MAIN:   в Tag event enqueued to MQTT (cached offline: yes)
I (161235) RFID: в Valid tag: EPC_len=12, RSSI=60 (-69 dBm), Ant=0
I (161235) MAIN: в•ђвввв•ђвввв•ђввввввввввв•ђвввв•ђвввв•ђвввв•ђвв
I (161245) MAIN:   TAG DETECTED!
I (161255) MAIN:   EPC (12 bytes):
    E2 80 11 70 40 00 02 1D 53 DA B0 CB 
I (161285) MAIN:   PC: 34 00
I (161285) MAIN:   RSSI: -68 dBm (raw: 61)
I (161285) MAIN:   Antenna: 0
I (161295) MAIN:   Frequency: 37
I (161295) MAIN:   Time: 160600 ms
I (161295) MQTT_CLIENT: Published tag event batch: 1 entries (msg_id=52353)
I (161305) MAIN: вв•ђвввв•ђвввв•ђввввввввввввввв•ђвввв•ђвввв•ђв

I (161315) MAIN:   в Tag event enqueued to MQTT (cached offline: yes)
I (161325) RFID: в Valid tag: EPC_len=12, RSSI=61 (-68 dBm), Ant=0
I (161325) MAIN: вввв•ђвввв•ђвввв•ђввввввввввв•ђвввв•ђвввв•ђввв
I (161345) MAIN:   TAG DETECTED!
I (161365) MAIN:   EPC (12 bytes):
    E2 80 11 70 40 00 02 1D 53 DA B0 CB 
I (161375) MAIN:   PC: 34 00
I (161375) MAIN:   RSSI: -68 dBm (raw: 61)
I (161375) MAIN:   Antenna: 0
I (161385) MAIN:   Frequency: 48
I (161385) MAIN:   Time: 160690 ms
I (161385) MAIN: вввввв•ђвввв•ђвввв•ђвввв•ђввввввввввв•ђвввв•ђв

I (161395) MAIN:   в Tag event enqueued to MQTT (cached offline: yes)
I (161405) RFID: в Valid tag: EPC_len=12, RSSI=61 (-68 dBm), Ant=0
I (161445) MAIN: ввв•ђвввв•ђввввввввввв•ђвввв•ђвввв•ђвввв•ђвввв
I (161445) MAIN:   TAG DETECTED!
I (161445) MQTT_CLIENT: Published tag event batch: 2 entries (msg_id=17654)
I (161455) MAIN:   EPC (12 bytes):
    E2 80 11 70 40 00 02 1D 53 DA B0 CB 
I (161465) MAIN:   PC: 34 00
I (161465) MAIN:   RSSI: -69 dBm (raw: 60)
I (161465) MAIN:   Antenna: 0
I (161465) MAIN:   Frequency: 46
I (161475) MAIN:   Time: 160810 ms
I (161475) MAIN: вввввввввв•ђвввв•ђвввв•ђвввв•ђввввввв•ђвввв•ђв

I (161485) MAIN:   в Tag event enqueued to MQTT (cached offline: yes)
I (161525) RFID: в Valid tag: EPC_len=12, RSSI=60 (-69 dBm), Ant=0
W (161535) RFID: Round timeout в no completion packet after 2000ms, resetting
I (161535) MAIN: вввв•ђввввввввввв•ђвввв•ђвввв•ђвввв•ђввввввв
I (161545) MAIN:   TAG DETECTED!
I (161545) MAIN:   EPC (12 bytes):
    E2 80 11 70 40 00 02 1D 53 DA B0 CB 
I (161555) MAIN:   PC: 34 00
I (161555) MAIN:   RSSI: -72 dBm (raw: 57)
I (161555) MAIN:   Antenna: 0
I (161555) MAIN:   Frequency: 59
I (161565) MAIN:   Time: 160900 ms
I (161565) MAIN: вв•ђвввв•ђвввв•ђвввв•ђвввв•ђвв•ђвввв•ђвввв•ђвввввв

I (161605) MAIN:   в Tag event enqueued to MQTT (cached offline: yes)
I (161615) RFID: вњ“ Valid tag: EPC_len=12, RSSI=57 (-72 dBm), Ant=0
I (161615) MQTT_CLIENT: Published tag event batch: 1 entries (msg_id=43336)
I (161615) MAIN: вв•ђввввввввввв•ђвввв•ђвввв•ђвввв•ђввввввввв
I (161635) MAIN:   TAG DETECTED!
I (161635) MAIN:   EPC (12 bytes):
    E2 80 11 70 40 00 02 1D 53 DA B0 CB 
I (161645) MAIN:   PC: 34 00
I (161645) MAIN:   RSSI: -69 dBm (raw: 60)
I (161645) MAIN:   Antenna: 0
I (161655) MAIN:   Frequency: 56
I (161685) MAIN:   Time: 160980 ms
I (161695) MAIN: вввв•ђввввввввввв•ђвввв•ђвввв•ђвввв•ђввввввв

I (161695) MAIN:   в Tag event enqueued to MQTT (cached offline: yes)
I (161705) RFID: в Valid tag: EPC_len=12, RSSI=60 (-69 dBm), Ant=0
I (161705) MAIN: ввввввв•ђвввв•ђвввв•ђвввв•ђввввввввввв•ђвввв•ђ
I (161715) MAIN:   TAG DETECTED!
I (161725) MAIN:   EPC (12 bytes):
    E2 80 11 70 40 00 02 1D 53 DA B0 CB 
I (161725) MAIN:   PC: 34 00
I (161735) MAIN:   RSSI: -71 dBm (raw: 58)
I (161765) MQTT_CLIENT: Published tag event batch: 2 entries (msg_id=62550)
I (161765) MAIN:   Antenna: 0
I (161765) MAIN:   Frequency: 59
I (161775) MAIN:   Time: 161070 ms
I (161775) MAIN: ввв•ђвввв•ђвввв•ђвввв•ђввввввввввв•ђвввв•ђвввв•ђ

I (161785) MAIN:   в Tag event enqueued to MQTT (cached offline: yes)
I (161795) RFID: в Valid tag: EPC_len=12, RSSI=58 (-71 dBm), Ant=0
I (161795) MAIN: ввв•ђвввв•ђввввввввввв•ђвввв•ђвввв•ђвввв•ђвввв
I (161815) MAIN:   TAG DETECTED!
I (161845) MAIN:   EPC (12 bytes):
    E2 80 11 70 40 00 02 1D 53 DA B0 CB 
I (161845) MAIN:   PC: 34 00
I (161845) MAIN:   RSSI: -68 dBm (raw: 61)
I (161845) MAIN:   Antenna: 0
I (161855) MAIN:   Frequency: 27
I (161855) MAIN:   Time: 161160 ms
I (161855) MAIN: ввв•ђвввв•ђвввв•ђввввввввввв•ђвввв•ђвввв•ђвввв•ђ

I (161875) MAIN:   в Tag event enqueued to MQTT (cached offline: yes)
I (161875) RFID: в Valid tag: EPC_len=12, RSSI=61 (-68 dBm), Ant=0
I (161885) MAIN: ввв•ђввввввввввв•ђвввв•ђвввв•ђвввв•ђвввввввв
I (161895) MAIN:   TAG DETECTED!
I (161895) MAIN:   EPC (12 bytes):
I (161935) MQTT_CLIENT: Published tag event batch: 2 entries (msg_id=16815)
    E2 80 11 70 40 00 02 1D 53 DA B0 CB 
I (161935) MAIN:   PC: 34 00
I (161935) MAIN:   RSSI: -69 dBm (raw: 60)
I (161945) MAIN:   Antenna: 0
I (161945) MAIN:   Frequency: 43
I (161955) MAIN:   Time: 161250 ms
I (161955) MAIN: ввв•ђвввв•ђвввв•ђввввввввввввввв•ђвввв•ђвввв•ђ

I (161965) MAIN:   в Tag event enqueued to MQTT (cached offline: yes)
I (161965) RFID: в Valid tag: EPC_len=12, RSSI=60 (-69 dBm), Ant=0
I (161975) MAIN: ввв•ђввввввввввв•ђвввв•ђвввв•ђвввв•ђвввв•ђвввв
I (161985) MAIN:   TAG DETECTED!
I (162025) MAIN:   EPC (12 bytes):
    E2 80 11 70 40 00 02 1D 53 DA B0 CB 
I (162025) MAIN:   PC: 34 00
I (162025) MAIN:   RSSI: -72 dBm (raw: 57)
I (162025) MAIN:   Antenna: 0
I (162025) MAIN:   Frequency: 45
I (162035) MAIN:   Time: 161340 ms
I (162035) MAIN: вввввввввв•ђвввв•ђвввв•ђвввв•ђвввв•ђвввввввв

I (162045) MAIN:   в Tag event enqueued to MQTT (cached offline: yes)
I (162055) MQTT_CLIENT: Published tag event batch: 2 entries (msg_id=8469)
I (162055) RFID: в Valid tag: EPC_len=12, RSSI=57 (-72 dBm), Ant=0
I (162065) MAIN: вввв•ђвввв•ђввввввввввв•ђв•ђвввввввввввввв
I (162115) MAIN:   TAG DETECTED!
I (162115) MAIN:   EPC (12 bytes):
    E2 80 11 70 40 00 02 1D 53 DA B0 CB 
I (162115) MAIN:   PC: 34 00
I (162115) MAIN:   RSSI: -71 dBm (raw: 58)
I (162115) MAIN:   Antenna: 0
I (162125) MAIN:   Frequency: 32
I (162125) MAIN:   Time: 161430 ms
I (162125) MAIN: ввв•ђвввв•ђввввввввввв•ђвввв•ђвввв•ђвввв•ђвввв

I (162135) MAIN:   в Tag event enqueued to MQTT (cached offline: yes)
I (162145) RFID: в Valid tag: EPC_len=12, RSSI=58 (-71 dBm), Ant=0
I (162155) MAIN: вввввввввв•ђвввв•ђвввв•ђвввв•ђввввввввввв•ђв•ђ
I (162205) MAIN:   TAG DETECTED!
I (162205) MAIN:   EPC (12 bytes):
    E2 80 11 70 40 00 02 1D 53 DA B0 CB 
I (162205) MAIN:   PC: 34 00
I (162205) MQTT_CLIENT: Published tag event batch: 1 entries (msg_id=31308)
I (162205) MAIN:   RSSI: -71 dBm (raw: 58)
I (162215) MAIN:   Antenna: 0
I (162215) MAIN:   Frequency: 52
I (162225) MAIN:   Time: 161520 ms
I (162225) MAIN: вввввввввв•ђвввв•ђвввв•ђвввв•ђввввввввввв•ђв

I (162235) MAIN:   в Tag event enqueued to MQTT (cached offline: yes)
I (162235) RFID: в Valid tag: EPC_len=12, RSSI=58 (-71 dBm), Ant=0
I (162245) MAIN: вв•ђвввв•ђвввв•ђвввв•ђввввв•ђвввв•ђвввв•ђввввввв
I (162285) MAIN:   TAG DETECTED!
I (162285) MAIN:   EPC (12 bytes):
    E2 80 11 70 40 00 02 1D 53 DA B0 CB 
I (162285) MAIN:   PC: 34 00
I (162295) MAIN:   RSSI: -72 dBm (raw: 57)
I (162295) MAIN:   Antenna: 0
I (162295) MAIN:   Frequency: 24
I (162305) MAIN:   Time: 161610 ms
I (162305) MAIN: вв•ђвввв•ђвввв•ђввввввввввввввв•ђвввв•ђвввв•ђв

I (162315) MAIN:   в Tag event enqueued to MQTT (cached offline: yes)
I (162325) RFID: в Valid tag: EPC_len=12, RSSI=57 (-72 dBm), Ant=0
I (162365) MQTT_CLIENT: Published tag event batch: 2 entries (msg_id=5172)
I (162365) MAIN: ввв•ђвввв•ђвввв•ђвввв•ђввввввввввввввв•ђвввв•ђ
I (162375) MAIN:   TAG DETECTED!
I (162375) MAIN:   EPC (12 bytes):
    E2 80 11 70 40 00 02 1D 53 DA B0 CB 
I (162385) MAIN:   PC: 34 00
I (162385) MAIN:   RSSI: -72 dBm (raw: 57)
I (162385) MAIN:   Antenna: 0
I (162395) MAIN:   Frequency: 24
I (162395) MAIN:   Time: 161730 ms
I (162395) MAIN: вв•ђввввввввввв•ђвввв•ђвввв•ђвввв•ђввввввввв

I (162405) MAIN:   в Tag event enqueued to MQTT (cached offline: yes)
I (162415) RFID: в Valid tag: EPC_len=12, RSSI=57 (-72 dBm), Ant=0
I (162455) MAIN: вв•ђвввв•ђвввв•ђвввв•ђввввввввввв•ђвввв•ђвввв•ђв
I (162455) MAIN:   TAG DETECTED!
I (162465) MAIN:   EPC (12 bytes):
    E2 80 11 70 40 00 02 1D 53 DA B0 CB 
I (162465) MAIN:   PC: 34 00
I (162475) MAIN:   RSSI: -69 dBm (raw: 60)
I (162475) MAIN:   Antenna: 0
I (162475) MAIN:   Frequency: 39
I (162485) MAIN:   Time: 161820 ms
I (162485) MAIN: вввввввв•ђвввв•ђвввв•ђвввв•ђввввввввввв•ђввв

I (162495) MAIN:   вњ“ Tag event enqueued to MQTT (cached offline: yes)
I (162495) MQTT_CLIENT: Published tag event batch: 2 entries (msg_id=15473)
I (162535) RFID: в Valid tag: EPC_len=12, RSSI=60 (-69 dBm), Ant=0
I (162545) MAIN: ввввввв•ђвввв•ђвввв•ђввввввввввввввв•ђвввв•ђ
I (162545) MAIN:   TAG DETECTED!
I (162555) MAIN:   EPC (12 bytes):
    E2 80 11 70 40 00 02 1D 53 DA B0 CB 
I (162555) MAIN:   PC: 34 00
I (162555) MAIN:   RSSI: -71 dBm (raw: 58)
I (162565) MAIN:   Antenna: 0
I (162565) MAIN:   Frequency: 19
I (162565) MAIN:   Time: 161910 ms
I (162575) MAIN: вв•ђввввввввввв•ђвввв•ђвввв•ђвввв•ђввввввввв

I (162615) MAIN:   в Tag event enqueued to MQTT (cached offline: yes)
I (162615) RFID: в Valid tag: EPC_len=12, RSSI=58 (-71 dBm), Ant=0
I (162625) MAIN: ввввв•ђвввв•ђвввв•ђвввв•ђввввввввввв•ђвввв•ђвв
I (162635) MAIN:   TAG DETECTED!
I (162635) MAIN:   EPC (12 bytes):
    E2 80 11 70 40 00 02 1D 53 DA B0 CB 
I (162645) MAIN:   PC: 34 00
I (162645) MAIN:   RSSI: -71 dBm (raw: 58)
I (162645) MAIN:   Antenna: 0
I (162645) MQTT_CLIENT: Published tag event batch: 1 entries (msg_id=45935)
I (162645) MAIN:   Frequency: 31
I (162655) MAIN:   Time: 161990 ms
I (162665) MAIN: в•ђвввв•ђвввв•ђввввввввввв•ђвввв•ђвввв•ђвввв•ђвв

I (162675) MAIN:   в Tag event enqueued to MQTT (cached offline: yes)
I (162675) RFID: вњ“ Valid tag: EPC_len=12, RSSI=58 (-71 dBm), Ant=0
I (162725) MAIN: ввввв•ђвввв•ђвввв•ђвввв•ђввввввввввв•ђвввв•ђвв
I (162725) MAIN:   TAG DETECTED!
I (162725) MAIN:   EPC (12 bytes):
    E2 80 11 70 40 00 02 1D 53 DA B0 CB 
I (162735) MAIN:   PC: 34 00
I (162735) MAIN:   RSSI: -71 dBm (raw: 58)
I (162745) MAIN:   Antenna: 0
I (162745) MAIN:   Frequency: 35
I (162745) MAIN:   Time: 162090 ms
I (162745) MAIN: ввввввввввв•ђвввв•ђвввв•ђвввв•ђвввв•ђввввввв

W (162765) OFFLINE_LOGGER: Event queue full! Dropping event
E (162765) MAIN:   в Failed to store event offline
I (162775) MAIN:   вњ“ Tag event enqueued to MQTT (cached offline: no)
I (162805) MQTT_CLIENT: Published tag event batch: 2 entries (msg_id=62862)
I (162805) RFID: вњ“ Valid tag: EPC_len=12, RSSI=58 (-71 dBm), Ant=0
I (162815) MAIN: в•ђввввввввввв•ђвввв•ђвввв•ђвввв•ђвввввввввв
I (162825) MAIN:   TAG DETECTED!
I (162835) MAIN:   EPC (12 bytes):
    E2 80 11 70 40 00 02 1D 53 DA B0 CB 
I (162835) MAIN:   PC: 34 00
I (162835) MAIN:   RSSI: -72 dBm (raw: 57)
I (162845) MAIN:   Antenna: 0
I (162845) MAIN:   Frequency: 14
I (162845) MAIN:   Time: 162180 ms
I (162855) MAIN: вввв•ђввввввввввв•ђвввв•ђвввв•ђвввв•ђввввввв

W (162885) OFFLINE_LOGGER: Event queue full! Dropping event
E (162895) MAIN:   в Failed to store event offline
I (162895) MAIN:   в Tag event enqueued to MQTT (cached offline: no)
I (162905) RFID: в Valid tag: EPC_len=12, RSSI=57 (-72 dBm), Ant=0
I (162905) MAIN: вввв•ђввввввввввв•ђвввв•ђвввв•ђвввв•ђввввввв
I (162915) MAIN:   TAG DETECTED!
I (162925) MAIN:   EPC (12 bytes):
    E2 80 11 70 40 00 02 1D 53 DA B0 CB 
I (162925) MAIN:   PC: 34 00
I (162965) MQTT_CLIENT: Published tag event batch: 1 entries (msg_id=27981)
I (162965) MAIN:   RSSI: -71 dBm (raw: 58)
I (162965) MAIN:   Antenna: 0
I (162965) MAIN:   Frequency: 16
I (162965) MAIN:   Time: 162270 ms
I (162975) MAIN: ввввв•ђвввв•ђвввв•ђвввв•ђввввввввввв•ђвввв•ђвв

W (162985) OFFLINE_LOGGER: Event queue full! Dropping event
E (162985) MAIN:   вњ— Failed to store event offline
I (162995) MAIN:   в Tag event enqueued to MQTT (cached offline: no)
I (162995) RFID: в Valid tag: EPC_len=12, RSSI=58 (-71 dBm), Ant=0
I (163005) MAIN: ввввв•ђвввв•ђвввв•ђввв•ђвв•ђввввввввввв•ђвввв•ђв
I (163055) MAIN:   TAG DETECTED!
I (163055) MAIN:   EPC (12 bytes):
    E2 80 11 70 40 00 02 1D 53 DA B0 CB 
I (163055) MAIN:   PC: 34 00
I (163055) MAIN:   RSSI: -72 dBm (raw: 57)
I (163065) MAIN:   Antenna: 0
I (163065) MAIN:   Frequency: 25
I (163065) MAIN:   Time: 162370 ms
I (163065) MAIN: в•ђввввввввввв•ђвввв•ђвввв•ђвввв•ђвввввввввв

W (163085) OFFLINE_LOGGER: Event queue full! Dropping event
E (163085) MAIN:   в Failed to store event offline
I (163085) MAIN:   в Tag event enqueued to MQTT (cached offline: no)
I (163095) RFID: вњ“ Valid tag: EPC_len=12, RSSI=57 (-72 dBm), Ant=0
I (163095) MQTT_CLIENT: Published tag event batch: 2 entries (msg_id=19550)
I (163105) MAIN: вввв•ђвввв•ђвввв•ђвввв•ђввввввввввв•ђвввв•ђввв
I (163145) MAIN:   TAG DETECTED!
I (163145) MAIN:   EPC (12 bytes):
    E2 80 11 70 40 00 02 1D 53 DA B0 CB 
I (163155) MAIN:   PC: 34 00
I (163155) MAIN:   RSSI: -71 dBm (raw: 58)
I (163165) MAIN:   Antenna: 0
I (163165) MAIN:   Frequency: 40
I (163165) MAIN:   Time: 162470 ms
I (163165) MAIN: вввввввввв•ђвввв•ђвввв•ђвввв•ђвввввввввввв

W (163175) OFFLINE_LOGGER: Event queue full! Dropping event
E (163185) MAIN:   в Failed to store event offline
I (163195) MAIN:   в Tag event enqueued to MQTT (cached offline: no)
I (163225) RFID: в Valid tag: EPC_len=12, RSSI=58 (-71 dBm), Ant=0
I (163225) MAIN: вввв•ђвввв•ђвввв•ђввввввввввв•ђвввв•ђвввв•ђввв
I (163235) MAIN:   TAG DETECTED!
I (163245) MAIN:   EPC (12 bytes):
    E2 80 11 70 40 00 02 1D 53 DA B0 CB 
I (163245) MAIN:   PC: 34 00
I (163245) MQTT_CLIENT: Published tag event batch: 1 entries (msg_id=40484)
I (163255) MAIN:   RSSI: -72 dBm (raw: 57)
I (163255) MAIN:   Antenna: 0
I (163265) MAIN:   Frequency: 38
I (163265) MAIN:   Time: 162590 ms
I (163305) MAIN: ввввввввввввввв•ђвввв•ђвввв•ђввввввввввв•ђ

W (163305) OFFLINE_LOGGER: Event queue full! Dropping event
E (163305) MAIN:   в Failed to store event offline
I (163315) MAIN:   в Tag event enqueued to MQTT (cached offline: no)
I (163325) RFID: в Valid tag: EPC_len=12, RSSI=57 (-72 dBm), Ant=0
I (163325) MAIN: ввввввввввввввв•ђвввв•ђвввв•ђвввв•ђввввввв
I (163335) MAIN:   TAG DETECTED!
I (163335) MAIN:   EPC (12 bytes):
    E2 80 11 70 40 00 02 1D 53 DA B0 CB 
I (163345) MAIN:   PC: 34 00
I (163385) MAIN:   RSSI: -71 dBm (raw: 58)
I (163385) MAIN:   Antenna: 0
I (163385) MAIN:   Frequency: 11
I (163385) MAIN:   Time: 162690 ms
I (163385) MAIN: ввввввввввв•ђвввв•ђвввв•ђвввв•ђвввв•ђввввввв

W (163395) OFFLINE_LOGGER: Event queue full! Dropping event
I (163395) MQTT_CLIENT: Published tag event batch: 1 entries (msg_id=20278)
E (163405) MAIN:   в Failed to store event offline
I (163415) MAIN:   в Tag event enqueued to MQTT (cached offline: no)
I (163415) RFID: в Valid tag: EPC_len=12, RSSI=58 (-71 dBm), Ant=0
I (163425) MAIN: в•ђвввв•ђвввввв•ђвввв•ђвввв•ђвввв•ђввввввввввв•ђ
I (163465) MAIN:   TAG DETECTED!
I (163465) MAIN:   EPC (12 bytes):
    E2 80 11 70 40 00 02 1D 53 DA B0 CB 
I (163475) MAIN:   PC: 34 00
I (163475) MAIN:   RSSI: -69 dBm (raw: 60)
I (163485) MAIN:   Antenna: 0
I (163485) MAIN:   Frequency: 19
I (163485) MAIN:   Time: 162790 ms
I (163485) MAIN: вв•ђвввв•ђвввв•ђввввввввввв•ђвввв•ђвввв•ђвввв•ђв

W (163495) OFFLINE_LOGGER: Event queue full! Dropping event
E (163505) MAIN:   в Failed to store event offline
I (163505) MAIN:   в Tag event enqueued to MQTT (cached offline: no)
I (163545) MQTT_CLIENT: Published tag event batch: 2 entries (msg_id=761)
I (163545) RFID: в Valid tag: EPC_len=12, RSSI=60 (-69 dBm), Ant=0
I (163555) MAIN: ввввввввввв•ђвввв•ђвввв•ђвввв•ђввввввввввв•ђ
I (163565) MAIN:   TAG DETECTED!
I (163565) MAIN:   EPC (12 bytes):
    E2 80 11 70 40 00 02 1D 53 DA B0 CB 
I (163575) MAIN:   PC: 34 00
I (163575) MAIN:   RSSI: -71 dBm (raw: 58)
I (163585) MAIN:   Antenna: 0
I (163585) MAIN:   Frequency: 14
I (163585) MAIN:   Time: 162920 ms
I (163595) MAIN: вв•ђвввв•ђвв•ђвввв•ђвввв•ђввввввввввв•ђвввв•ђввв

W (163625) OFFLINE_LOGGER: Event queue full! Dropping event
E (163625) MAIN:   в Failed to store event offline
I (163635) MAIN:   вњ“ Tag event enqueued to MQTT (cached offline: no)
I (163645) RFID: вњ“ Valid tag: EPC_len=12, RSSI=58 (-71 dBm), Ant=0
W (163655) RFID: Round timeout в no completion packet after 2000ms, resetting
I (163655) MAIN: вввв•ђвввв•ђвввв•ђввввввввввв•ђвввв•ђвввв•ђввв
I (163665) MAIN:   TAG DETECTED!
I (163665) MAIN:   EPC (12 bytes):
I (163705) MQTT_CLIENT: Published tag event batch: 1 entries (msg_id=18230)
    E2 80 11 70 40 00 02 1D 53 DA B0 CB 
I (163705) MAIN:   PC: 34 00
I (163705) MAIN:   RSSI: -72 dBm (raw: 57)
I (163715) MAIN:   Antenna: 0
I (163715) MAIN:   Frequency: 15
I (163715) MAIN:   Time: 163020 ms
I (163725) MAIN: ввввввввв•ђвввв•ђвввв•ђвввв•ђвввв•ђввввввввв

W (163735) OFFLINE_LOGGER: Event queue full! Dropping event
E (163735) MAIN:   вњ— Failed to store event offline
I (163745) MAIN:   в Tag event enqueued to MQTT (cached offline: no)
I (163745) RFID: в Valid tag: EPC_len=12, RSSI=57 (-72 dBm), Ant=0
I (163785) MAIN: ввв•ђвввв•ђвввв•ђвввв•ђввввввв•ђвввв•ђвввв•ђвввв•ђ
I (163785) MAIN:   TAG DETECTED!
I (163795) MAIN:   EPC (12 bytes):
    E2 80 11 70 40 00 02 1D 53 DA B0 CB 
I (163805) MAIN:   PC: 34 00
I (163805) MAIN:   RSSI: -71 dBm (raw: 58)
I (163805) MAIN:   Antenna: 0
I (163815) MAIN:   Frequency: 30
I (163815) MAIN:   Time: 163150 ms
I (163815) MAIN: ввввввввв•ђвввв•ђвввв•ђвввв•ђввввввввввв•ђвв

W (163825) OFFLINE_LOGGER: Event queue full! Dropping event
E (163865) MAIN:   в Failed to store event offline
I (163865) MAIN:   в Tag event enqueued to MQTT (cached offline: no)
I (163865) RFID: вњ“ Valid tag: EPC_len=12, RSSI=58 (-71 dBm), Ant=0
I (163875) MQTT_CLIENT: Published tag event batch: 1 entries (msg_id=51030)
I (163875) MAIN: вв•ђвввв•ђвввв•ђввввввввввввввв•ђвввв•ђвввв•ђв
I (163885) MAIN:   TAG DETECTED!
I (163895) MAIN:   EPC (12 bytes):
    E2 80 11 70 40 00 02 1D 53 DA B0 CB 
I (163895) MAIN:   PC: 34 00
I (163905) MAIN:   RSSI: -71 dBm (raw: 58)
I (163905) MAIN:   Antenna: 0
I (163905) MAIN:   Frequency: 57
I (163915) MAIN:   Time: 163240 ms
I (163915) MAIN: вввввввв•ђвввв•ђвввв•ђвввв•ђввв•ђвввввввв•ђввв

W (163955) OFFLINE_LOGGER: Event queue full! Dropping event
E (163955) MAIN:   в Failed to store event offline
I (163955) MAIN:   вњ“ Tag event enqueued to MQTT (cached offline: no)
I (163965) RFID: вњ“ Valid tag: EPC_len=12, RSSI=58 (-71 dBm), Ant=0
I (163975) MAIN: вввввввв•ђвввв•ђвввв•ђвввв•ђввввввввввв•ђввв
I (163985) MAIN:   TAG DETECTED!
I (163985) MAIN:   EPC (12 bytes):
    E2 80 11 70 40 00 02 1D 53 DA B0 CB 
I (163995) MAIN:   PC: 34 00
I (163995) MAIN:   RSSI: -71 dBm (raw: 58)
I (163995) MAIN:   Antenna: 0
I (163995) MQTT_CLIENT: Published tag event batch: 2 entries (msg_id=17942)
I (164005) MAIN:   Frequency: 8
I (164035) MAIN:   Time: 163340 ms
I (164035) MAIN: в•ђвввв•ђвввв•ђвввв•ђвввв•ђввввввввввв•ђвввв•ђвв

W (164045) OFFLINE_LOGGER: Event queue full! Dropping event
E (164055) MAIN:   вњ— Failed to store event offline
I (164055) MAIN:   в Tag event enqueued to MQTT (cached offline: no)
I (164065) RFID: в Valid tag: EPC_len=12, RSSI=58 (-71 dBm), Ant=0
I (164075) MAIN: ввввв•ђвввв•ђвввв•ђвввв•ђввввввввввв•ђвввв•ђвв
I (164085) MAIN:   TAG DETECTED!
I (164085) MAIN:   EPC (12 bytes):
    E2 80 11 70 40 00 02 1D 53 DA B0 CB 
I (164095) MAIN:   PC: 34 00
I (164095) MAIN:   RSSI: -68 dBm (raw: 61)
I (164095) MAIN:   Antenna: 0
I (164095) MAIN:   Frequency: 41
I (164105) MAIN:   Time: 163440 ms
I (164105) MAIN: ввввввввввв•ђвввв•ђв•ђв•ђввввввввввв•ђвввв•ђвв

W (164145) OFFLINE_LOGGER: Event queue full! Dropping event
I (164145) MQTT_CLIENT: Published tag event batch: 1 entries (msg_id=9538)
E (164145) MAIN:   в Failed to store event offline
I (164155) MAIN:   в Tag event enqueued to MQTT (cached offline: no)
I (164165) RFID: в Valid tag: EPC_len=12, RSSI=61 (-68 dBm), Ant=0
I (164175) MAIN: ввв•ђвввв•ђввввввввввв•ђвввв•ђвввв•ђвввв•ђвввв•ђ
I (164185) MAIN:   TAG DETECTED!
I (164185) MAIN:   EPC (12 bytes):
    E2 80 11 70 40 00 02 1D 53 DA B0 CB 
I (164225) MAIN:   PC: 34 00
I (164235) MAIN:   RSSI: -71 dBm (raw: 58)
I (164235) MAIN:   Antenna: 0
I (164235) MAIN:   Frequency: 19
I (164235) MAIN:   Time: 163540 ms
I (164235) MAIN: вввв•ђвввв•ђввввввввввв•ђвввв•ђвввв•ђвввв•ђввв

W (164245) OFFLINE_LOGGER: Event queue full! Dropping event
E (164255) MAIN:   в Failed to store event offline
I (164255) MAIN:   вњ“ Tag event enqueued to MQTT (cached offline: no)
I (164265) RFID: в Valid tag: EPC_len=12, RSSI=58 (-71 dBm), Ant=0
I (164265) MAIN: вввв•ђвввв•ђвввв•ђввввввввввв•ђвввв•ђвввв•ђввв
I (164315) MQTT_CLIENT: Published tag event batch: 2 entries (msg_id=56699)
I (164315) MAIN:   TAG DETECTED!
I (164315) MAIN:   EPC (12 bytes):
    E2 80 11 70 40 00 02 1D 53 DA B0 CB 
I (164315) MAIN:   PC: 34 00
I (164325) MAIN:   RSSI: -69 dBm (raw: 60)
I (164325) MAIN:   Antenna: 0
I (164325) MAIN:   Frequency: 14
I (164335) MAIN:   Time: 163630 ms
I (164335) MAIN: вввв•ђвввв•ђввввввввввв•ђвввв•ђвввв•ђвввв•ђввв

W (164345) OFFLINE_LOGGER: Event queue full! Dropping event
E (164355) MAIN:   в Failed to store event offline
I (164355) MAIN:   в Tag event enqueued to MQTT (cached offline: no)
I (164395) RFID: в Valid tag: EPC_len=12, RSSI=60 (-69 dBm), Ant=0
I (164395) MAIN: вввввв•ђвввв•ђвввв•ђвввв•ђввввввввввв•ђвввв•ђв
I (164405) MAIN:   TAG DETECTED!
I (164415) MAIN:   EPC (12 bytes):
    E2 80 11 70 40 00 02 1D 53 DA B0 CB 
I (164415) MAIN:   PC: 34 00
I (164425) MAIN:   RSSI: -69 dBm (raw: 60)
I (164425) MAIN:   Antenna: 0
I (164425) MAIN:   Frequency: 12
I (164425) MAIN:   Time: 163760 ms
I (164435) MAIN: в•ђвввв•ђввввввввввв•ђвввв•ђвввв•ђвввввввввв

W (164445) OFFLINE_LOGGER: Event queue full! Dropping event
E (164455) MAIN:   в Failed to store event offline
I (164455) MAIN:   в Tag event enqueued to MQTT (cached offline: no)
I (164455) MQTT_CLIENT: Published tag event batch: 1 entries (msg_id=9190)
I (164455) RFID: в Valid tag: EPC_len=12, RSSI=60 (-69 dBm), Ant=0
I (164495) MAIN: вввввввввв•ђвввв•ђвввв•ђвввв•ђввввввввввв•ђв
I (164515) MAIN:   TAG DETECTED!
I (164515) MAIN:   EPC (12 bytes):
    E2 80 11 70 40 00 02 1D 53 DA B0 CB 
I (164515) MAIN:   PC: 34 00
I (164525) MAIN:   RSSI: -72 dBm (raw: 57)
I (164525) MAIN:   Antenna: 0
I (164525) MAIN:   Frequency: 44
I (164535) MAIN:   Time: 163860 ms
I (164535) MAIN: в•ђвввв•ђввввввввввввввв•ђвввв•ђвввв•ђвввв•ђвв

W (164545) OFFLINE_LOGGER: Event queue full! Dropping event
E (164555) MAIN:   в Failed to store event offline
I (164585) MAIN:   в Tag event enqueued to MQTT (cached offline: no)
I (164585) RFID: в Valid tag: EPC_len=12, RSSI=57 (-72 dBm), Ant=0
I (164595) MAIN: вввв•ђввввввввввв•ђвввв•ђвввв•ђвввв•ђввввввв
I (164605) MAIN:   TAG DETECTED!
I (164595) MQTT_CLIENT: Published tag event batch: 2 entries (msg_id=55648)
I (164605) MAIN:   EPC (12 bytes):
    E2 80 11 70 40 00 02 1D 53 DA B0 CB 
I (164615) MAIN:   PC: 34 00
I (164625) MAIN:   RSSI: -71 dBm (raw: 58)
I (164625) MAIN:   Antenna: 0
I (164625) MAIN:   Frequency: 26
I (164635) MAIN:   Time: 163960 ms
I (164635) MAIN: ввввввв•ђвввв•ђвввв•ђвввв•ђввввввввввв•ђвввв•ђ

W (164645) OFFLINE_LOGGER: Event queue full! Dropping event
E (164685) MAIN:   вњ— Failed to store event offline
I (164685) MAIN:   в Tag event enqueued to MQTT (cached offline: no)
I (164685) RFID: в Valid tag: EPC_len=12, RSSI=58 (-71 dBm), Ant=0
I (164695) MAIN: ввввв•ђвввв•ђвввв•ђвввв•ђвввв•ђввввввввввв•ђвв
I (164705) MAIN:   TAG DETECTED!
I (164705) MAIN:   EPC (12 bytes):
    E2 80 11 70 40 00 02 1D 53 DA B0 CB 
I (164715) MAIN:   PC: 34 00
I (164715) MAIN:   RSSI: -69 dBm (raw: 60)
I (164715) MAIN:   Antenna: 0
I (164725) MAIN:   Frequency: 57
I (164725) MAIN:   Time: 164060 ms
I (164725) MAIN: вввв•ђввв•ђвввв•ђвввв•ђввввввв•ђвввв•ђвввв•ђвввв•ђ

W (164765) OFFLINE_LOGGER: Event queue full! Dropping event
I (164765) MQTT_CLIENT: Published tag event batch: 1 entries (msg_id=38371)
E (164765) MAIN:   в Failed to store event offline
I (164785) MAIN:   вњ“ Tag event enqueued to MQTT (cached offline: no)
I (164785) RFID: вњ“ Valid tag: EPC_len=12, RSSI=60 (-69 dBm), Ant=0
I (164855) MAIN: ввв•ђввввввввввв•ђвввв•ђвввв•ђвввв•ђвввввввв
I (164855) MAIN:   TAG DETECTED!
I (164855) MAIN:   EPC (12 bytes):
    E2 80 11 70 40 00 02 1D 53 DA B0 CB 
I (164865) MAIN:   PC: 34 00
I (164865) MAIN:   RSSI: -81 dBm (raw: 48)
I (164875) MAIN:   Antenna: 0
I (164875) MAIN:   Frequency: 36
I (164875) MAIN:   Time: 164220 ms
I (164885) MAIN: в•ђвввв•ђвввв•ђвввв•ђввввввввввв•ђвввв•ђв•ђввввв

I (164925) MQTT_CLIENT: Published tag event batch: 1 entries (msg_id=53521)
I (164925) MAIN:   в Tag event enqueued to MQTT (cached offline: yes)
I (164935) RFID: в Valid tag: EPC_len=12, RSSI=48 (-81 dBm), Ant=0
I (164935) MAIN: вввввввввв•ђвввв•ђвввв•ђвввв•ђввввввввввв•ђв
I (164945) MAIN:   TAG DETECTED!
I (164955) MAIN:   EPC (12 bytes):
    E2 80 11 70 40 00 02 1D 53 DA B0 CB 
I (164955) MAIN:   PC: 34 00
I (164955) MAIN:   RSSI: -84 dBm (raw: 45)
I (164965) MAIN:   Antenna: 0
I (164965) MAIN:   Frequency: 23
I (164965) MAIN:   Time: 164300 ms
I (165005) MAIN: вввв•ђввввввввввв•ђвввв•ђвввв•ђвввв•ђвввв•ђввв

W (165005) OFFLINE_LOGGER: Event queue full! Dropping event
E (165015) MAIN:   в Failed to store event offline
I (165015) MAIN:   в Tag event enqueued to MQTT (cached offline: no)
I (165025) RFID: в Valid tag: EPC_len=12, RSSI=45 (-84 dBm), Ant=0
I (165045) MQTT_CLIENT: Published tag event batch: 2 entries (msg_id=3773)
W (165695) RFID: Round timeout в no completion packet after 2000ms, resetting
W (167755) RFID: Round timeout в no completion packet after 2000ms, resetting
W (169805) RFID: Round timeout в no completion packet after 2000ms, resetting
W (171585) BATTERY_MONITOR: Battery sample skipped - RFID reader still active after 2000 ms
W (171815) RFID: Round timeout в no completion packet after 2000ms, resetting
W (173855) RFID: Round timeout в no completion packet after 2000ms, resetting
W (175865) RFID: Round timeout в no completion packet after 2000ms, resetting
W (177875) RFID: Round timeout в no completion packet after 2000ms, resetting
W (179955) RFID: Round timeout в no completion packet after 2000ms, resetting
W (181745) BATTERY_MONITOR: Battery sample skipped - RFID reader still active after 2000 ms
W (181965) RFID: Round timeout в no completion packet after 2000ms, resetting
W (184025) RFID: Round timeout в no completion packet after 2000ms, resetting
W (186055) RFID: Round timeout в no completion packet after 2000ms, resetting
W (188065) RFID: Round timeout в no completion packet after 2000ms, resetting
W (190105) RFID: Round timeout в no completion packet after 2000ms, resetting
W (191835) BATTERY_MONITOR: Battery sample skipped - RFID reader still active after 2000 ms
W (192155) RFID: Round timeout в no completion packet after 2000ms, resetting
W (194175) RFID: Round timeout в no completion packet after 2000ms, resetting
W (196185) RFID: Round timeout в no completion packet after 2000ms, resetting
W (198215) RFID: Round timeout в no completion packet after 2000ms, resetting
W (200285) RFID: Round timeout в no completion packet after 2000ms, resetting
W (201795) BATTERY_MONITOR: Battery sample skipped - RFID reader still active after 2000 ms
W (202345) RFID: Round timeout в no completion packet after 2000ms, resetting
W (204425) RFID: Round timeout в no completion packet after 2000ms, resetting
W (206475) RFID: Round timeout в no completion packet after 2000ms, resetting
W (208495) RFID: Round timeout в no completion packet after 2000ms, resetting
W (210555) RFID: Round timeout в no completion packet after 2000ms, resetting
W (211915) BATTERY_MONITOR: Battery sample skipped - RFID reader still active after 2000 ms
W (212635) RFID: Round timeout в no completion packet after 2000ms, resetting
W (214685) RFID: Round timeout в no completion packet after 2000ms, resetting
W (216715) RFID: Round timeout в no completion packet after 2000ms, resetting
W (218725) RFID: Round timeout в no completion packet after 2000ms, resetting
W (220745) RFID: Round timeout в no completion packet after 2000ms, resetting
W (222005) BATTERY_MONITOR: Battery sample skipped - RFID reader still active after 2000 ms
W (222815) RFID: Round timeout в no completion packet after 2000ms, resetting
W (224855) RFID: Round timeout в no completion packet after 2000ms, resetting
I (226605) IO_CTRL: Initializing combo gesture
I (226635) RFID: Stopping inventory...
I (226715) RFID: Inventory stopped
I (226715) RFID: Powering OFF RFID reader (GPIO5 LOW)...
I (226715) RFID: в Reader powered OFF (sleep mode <100ВA)
W (226885) RFID: Round timeout вЂ” no completion packet after 2000ms, resetting
I (229105) IO_CTRL: Combo gesture 1/4
I (231605) IO_CTRL: Combo gesture 2/4
I (234115) IO_CTRL: Combo gesture 3/4
I (236605) IO_CTRL: Combo gesture 4/4
W (237635) OFFLINE_LOGGER: Clearing all stored events!
I (237645) OFFLINE_LOGGER: All events cleared
I (239275) wifi:state: run -> init (0x0)
I (239325) wifi:pm stop, total sleep time: 169566232 us / 235641955 us

I (239325) wifi:<ba-del>idx:1, tid:0
I (239325) wifi:<ba-del>idx:0, tid:6
I (239325) wifi:new:<11,0>, old:<11,0>, ap:<255,255>, sta:<11,0>, prof:6, snd_ch_cfg:0x0
W (239345) WIFI_MGR: Disconnected from AP (reason: 8)
I (239345) WIFI_MGR: Retrying connection (1/5)...
E (239345) transport_base: tcp_read error, errno=Software caused connection abort
E (239355) mqtt_client: esp_mqtt_handle_transport_read_error: transport_read() error: errno=113
E (239395) MQTT_CLIENT: MQTT Error occurred
E (239395) MQTT_CLIENT: TCP transport error
E (239395) mqtt_client: mqtt_process_receive: mqtt_message_receive() returned -2
W (239405) MQTT_CLIENT: Disconnected from MQTT broker
I (239445) wifi:flush txq
I (239475) wifi:stop sw txq
I (239475) wifi:lmac stop hw txq
ets Jul 29 2019 12:21:46

rst:0xc (SW_CPU_RESET),boot:0x16 (SPI_FAST_FLASH_BOOT)
configsip: 0, SPIWP:0xee
clk_drv:0x00,q_drv:0x00,d_drv:0x00,cs0_drv:0x00,hd_drv:0x00,wp_drv:0x00
mode:DIO, clock div:2
load:0x3fff0040,len:6376
load:0x40078000,len:15900
ho 0 tail 12 room 4
load:0x40080400,len:3920
entry 0x40080644
I (29) boot: ESP-IDF v6.1-dev-1054-g487551888a 2nd stage bootloader
I (29) boot: compile time May 11 2026 20:42:55
I (29) boot: Multicore bootloader
I (32) boot: chip revision: v3.1
I (35) boot.esp32: SPI Speed      : 40MHz
I (39) boot.esp32: SPI Mode       : DIO
I (42) boot.esp32: SPI Flash Size : 4MB
I (46) boot: Enabling RNG early entropy source...
I (50) boot: Partition Table:
I (53) boot: ## Label            Usage          Type ST Offset   Length
I (59) boot:  0 nvs              WiFi data        01 02 00009000 00006000
I (66) boot:  1 phy_init         RF data          01 01 0000f000 00001000
I (72) boot:  2 factory          factory app      00 00 00010000 00140000
I (79) boot:  3 offline_events   Unknown data     01 83 00150000 00200000
I (85) boot:  4 nvs_settings     WiFi data        01 02 00350000 00004000
I (92) boot:  5 spiffs           Unknown data     01 82 00360000 00010000
I (98) boot: End of partition table
I (102) esp_image: segment 0: paddr=00010020 vaddr=3f400020 size=2c970h (182640) map
I (174) esp_image: segment 1: paddr=0003c998 vaddr=3ffb0000 size=03680h ( 13952) load
I (180) esp_image: segment 2: paddr=00040020 vaddr=400d0020 size=cc83ch (837692) map
I (479) esp_image: segment 3: paddr=0010c864 vaddr=3ffb3680 size=00c48h (  3144) load
I (480) esp_image: segment 4: paddr=0010d4b4 vaddr=40080000 size=17b6ch ( 97132) load
I (522) esp_image: segment 5: paddr=00125028 vaddr=50000000 size=000b0h (   176) load
I (534) boot: Loaded app from partition at offset 0x10000
I (534) boot: Disabling RNG early entropy source...
I (545) cpu_start: Multicore app
I (553) cpu_start: GPIO 3 and 1 are used as console UART I/O pins
I (553) cpu_start: Pro cpu start user code
I (553) cpu_start: cpu freq: 160000000 Hz
I (555) app_init: Application information:
I (559) app_init: Project name:     lighthouse
I (563) app_init: App version:      06670cf-dirty
I (567) app_init: Compile time:     May 11 2026 20:43:23
I (572) app_init: ELF file SHA256:  02a017b99...
I (577) app_init: ESP-IDF:          v6.1-dev-1054-g487551888a
I (582) efuse_init: Min chip rev:     v0.0
I (586) efuse_init: Max chip rev:     v3.99 
I (590) efuse_init: Chip rev:         v3.1
I (594) heap_init: Initializing. RAM available for dynamic allocation:
I (600) heap_init: At 3FFAE6E0 len 00001920 (6 KiB): DRAM
I (605) heap_init: At 3FFBDA10 len 000225F0 (137 KiB): DRAM
I (611) heap_init: At 3FFE0440 len 00003AE0 (14 KiB): D/IRAM
I (616) heap_init: At 3FFE4350 len 0001BCB0 (111 KiB): D/IRAM
I (621) heap_init: At 40097B6C len 00008494 (33 KiB): IRAM
I (628) spi_flash: detected chip: boya
I (630) spi_flash: flash io: dio
I (635) main_task: Started on CPU0
I (645) main_task: Calling app_main()
I (645) MAIN: вввв•ђввввввввввв•ђвввв•ђвввв•ђвввв•ђввввввввв
I (645) MAIN:   ESP32 Attendance System
I (645) MAIN:   with UHF RFID Reader + WiFi
I (655) MAIN: ввв•ђвввв•ђввввввввввв•ђвввв•ђвввв•ђвввв•ђвввввв

I (665) IO_CTRL: Initializing GPIO...
I (665) IO_CTRL: GPIO initialized
I (675) IO_CTRL:   LED1 (WiFi+MQTT): GPIO 4
I (675) IO_CTRL:   LED2 (IR mode):   GPIO 21
I (675) IO_CTRL:   LED3 (Scanning):  GPIO 26
I (685) IO_CTRL:   LED4 (Activity):  GPIO 25
I (685) IO_CTRL:   IR Sensor: GPIO 19 (burst duration: 5000 ms)
I (695) BATTERY_MONITOR: Initializing battery monitor
I (695) BATTERY_MONITOR: ADC calibration scheme: curve fitting
I (705) BATTERY_MONITOR: Battery monitor initialized
I (705) BATTERY_MONITOR:   Battery ADC: GPIO33 (ADC1_CH5, 12dB attenuation, 16-sample average)
I (715) BATTERY_MONITOR:   USB detect: GPIO32 (digital input)
I (725) BATTERY_MONITOR:   Voltage divider: 100k/120k (ratio 0.545)
I (725) MAIN: Initializing WiFi provisioning system...
I (735) WIFI_PROV: Initializing WiFi provisioning system
I (775) SETTINGS_STORAGE: Initializing WiFi settings storage
I (785) SETTINGS_STORAGE: WiFi settings storage initialized successfully
I (785) SETTINGS_STORAGE: MQTT settings storage initialized successfully
I (795) WIFI_PROV: Boot state: setup_requested=0, is_configured=1
I (795) SETTINGS_STORAGE: Credentials loaded successfully (SSID: Cudy-308D)
I (805) WIFI_PROV: Loaded saved credentials for SSID: Cudy-308D
I (805) WIFI_PROV: Device configured - ready to connect
I (815) WIFI_PROV: WiFi provisioning initialized, state: CONNECTED
I (815) MAIN: Initializing WiFi...
I (825) WIFI_MGR: Initializing WiFi manager...
I (825) WIFI_MGR:   в NVS flash initialized
I (835) WIFI_MGR:   в Network interface (lwIP) initialized
I (835) WIFI_MGR:   вњ“ Event loop created
I (845) WIFI_MGR:   в WiFi STA interface created
I (855) wifi:wifi driver task: 3ffc6018, prio:23, stack:6656, core=0
I (875) wifi:wifi firmware version: ea01844
I (875) wifi:wifi certification version: v7.0
I (875) wifi:config NVS flash: enabled
I (875) wifi:config nano formatting: disabled
I (875) wifi:Init data frame dynamic rx buffer num: 32
I (885) wifi:Init static rx mgmt buffer num: 5
I (885) wifi:Init management short buffer num: 32
I (885) wifi:Init dynamic tx buffer num: 32
I (895) wifi:Init static rx buffer size: 1600
I (895) wifi:Init static rx buffer num: 10
I (905) wifi:Init dynamic rx buffer num: 32
I (905) wifi_init: rx ba win: 6
I (905) wifi_init: accept mbox: 6
I (915) wifi_init: tcpip mbox: 32
I (915) wifi_init: udp mbox: 6
I (915) wifi_init: tcp mbox: 6
I (915) wifi_init: tcp tx win: 5760
I (925) wifi_init: tcp rx win: 5760
I (925) wifi_init: tcp mss: 1440
I (925) wifi_init: WiFi IRAM OP enabled
I (935) wifi_init: WiFi RX IRAM OP enabled
I (935) WIFI_MGR:   в WiFi driver initialized
I (945) WIFI_MGR:   в Event group created
I (945) WIFI_MGR:   в Event handlers registered
I (945) WIFI_MGR:   вњ“ WiFi mode set to STA (Station)
I (955) SETTINGS_STORAGE: Credentials loaded successfully (SSID: Cudy-308D)
I (965) WIFI_MGR:   в Using saved WiFi credentials: Cudy-308D
I (965) WIFI_MGR:   в WiFi credentials configured
I (975) phy_init: phy_version 4863,a3a4459,Oct 28 2025,14:30:06
I (1055) phy_init: Saving new calibration data due to checksum failure or outdated calibration data, mode(0)
I (1145) wifi:mode : sta (00:70:07:25:15:00)
I (1155) wifi:enable tsf
I (1155) WIFI_MGR:   в WiFi driver started
W (1155) wifi:Haven't to connect to a suitable AP now!
I (1155) WIFI_MGR: WiFi driver started, connecting to AP...
E (1165) wifi:sta is connecting, return error
I (1165) WIFI_MGR: WiFi manager initialized successfully
I (1175) wifi:new:<11,0>, old:<1,0>, ap:<255,255>, sta:<11,0>, prof:6, snd_ch_cfg:0x0
I (1175) wifi:state: init -> auth (0xb0)
I (1185) WIFI_MGR: Waiting for connection...
I (1225) wifi:state: auth -> init (0x100)
I (1235) wifi:new:<11,0>, old:<11,0>, ap:<255,255>, sta:<11,0>, prof:6, snd_ch_cfg:0x0
W (1235) WIFI_MGR: Disconnected from AP (reason: 202)
I (1235) WIFI_MGR: Retrying connection (1/5)...
W (3655) WIFI_MGR: Disconnected from AP (reason: 205)
I (3655) WIFI_MGR: Retrying connection (2/5)...
I (3665) wifi:new:<11,0>, old:<11,0>, ap:<255,255>, sta:<11,0>, prof:6, snd_ch_cfg:0x0
I (3675) wifi:state: init -> auth (0xb0)
I (3685) wifi:state: auth -> assoc (0x0)
I (3695) wifi:state: assoc -> run (0x10)
I (3875) wifi:connected with Cudy-308D, aid = 1, channel 11, BW20, bssid = 80:af:ca:c4:30:8d
I (3875) wifi:security: WPA2-PSK, phy: bgn, rssi: -59
I (3885) wifi:pm start, type: 1

I (3885) wifi:dp: 1, bi: 102400, li: 3, scale listen interval from 307200 us to 307200 us
I (3895) WIFI_MGR: Connected to AP: Cudy-308D (channel 11)
I (4215) wifi:AP's beacon interval = 102400 us, DTIM period = 3
I (4525) wifi:<ba-add>idx:0 (ifx:0, 80:af:ca:c4:30:8d), tid:6, ssn:0, winSize:64
I (5525) esp_netif_handlers: sta ip: 192.168.10.72, mask: 255.255.255.0, gw: 192.168.10.1
I (5525) WIFI_MGR: Got IP address: 192.168.10.72
I (5525) WIFI_MGR: Gateway: 192.168.10.1
I (5525) WIFI_MGR: Netmask: 255.255.255.0
I (5535) WIFI_MGR: в Connected to WiFi successfully
I (5535) MAIN: вввв•ђвввв•ђввввввввввв•ђвввв•ђвввв•ђвввв•ђвввв•ђв
I (5545) MAIN:   WiFi Connected Successfully!
I (5545) MAIN:   IP Address: 192.168.10.72
I (5555) MAIN:   Gateway: 192.168.10.1
I (5555) MAIN:   Netmask: 255.255.255.0
I (5565) MAIN:   Signal Strength: -60 dBm
I (5565) MAIN:   Signal Quality: Good
I (5565) MAIN: вввввввв•ђвввв•ђвввв•ђвввв•ђввввввввввв•ђвввв•ђв

I (5575) SETTINGS_STORAGE: Loaded MQTT config: 192.168.10.200:1883
I (5585) MAIN: Initializing SNTP time synchronization (server: 192.168.10.200)...
I (5595) TIME_SYNC: Initializing time sync with NTP server: 192.168.10.200
I (5595) TIME_SYNC: Timezone set: CET-1CEST,M3.5.0,M10.5.0/3
I (5605) TIME_SYNC: NVS time loaded: last_unix_s=1778525907, last_uptime_ms=8318 -> TIME_QUALITY_ESTIMATED
I (5615) TIME_SYNC: SNTP client started (server=192.168.10.200, mode=POLL)
I (5615) TIME_SYNC: Initial time quality: ESTIMATED
I (5625) TIME_SYNC: Waiting up to 5000 ms for SNTP sync...
I (8125) wifi:<ba-add>idx:1 (ifx:0, 80:af:ca:c4:30:8d), tid:0, ssn:6, winSize:64
I (8135) TIME_SYNC: Persisted time to NVS: unix_s=1778526145, uptime_ms=7502
I (8135) TIME_SYNC: SNTP sync successful: 2026-05-11 21:02:25 CEST (unix=1778526145)
I (8135) TIME_SYNC: SNTP sync achieved within timeout
I (8145) MAIN: Time sync complete. Quality: SYNCED
I (8145) MAIN: Initializing MQTT client...
I (8155) MQTT_CLIENT: Initializing MQTT client...
I (8155) MQTT_CLIENT: Device MAC: 00:70:07:25:15:00
I (8155) MQTT_CLIENT:   в Device MAC initialized: 00:70:07:25:15:00
I (8165) MQTT_CLIENT:   в Event group created
I (8175) SETTINGS_STORAGE: Loaded MQTT config: 192.168.10.200:1883
I (8175) MQTT_CLIENT:   в Loaded broker config: mqtt://192.168.10.200:1883
I (8185) MQTT_CLIENT:   в MQTT configuration created
I (8185) MQTT_CLIENT:     Broker: mqtt://192.168.10.200:1883
I (8195) MQTT_CLIENT:     Client ID: 00:70:07:25:15:00
I (8195) MQTT_CLIENT:     LWT Topic: attendance/lighthouse/00:70:07:25:15:00/status
I (8205) MQTT_CLIENT:   в MQTT client initialized
I (8215) MQTT_CLIENT:   в Event handler registered
I (8215) MQTT_CLIENT: Connecting to MQTT broker...
I (8225) MQTT_CLIENT:   в MQTT client started
I (8225) MQTT_CLIENT: Scan batch interval: 150 ms
I (8225) MQTT_CLIENT: MQTT client initialized successfully
I (8235) MQTT_CLIENT: Waiting for connection to broker...
I (8855) MQTT_CLIENT: вњ“ Connected to MQTT broker
I (8855) MQTT_CLIENT: в MQTT connection established
I (8855) MAIN: вввввв•ђвввв•ђвввв•ђвввв•ђввввввввввв•ђвввв•ђввв
I (8865) MQTT_CLIENT: Published online status to attendance/lighthouse/00:70:07:25:15:00/status
I (8875) MAIN:   MQTT Connected Successfully!
I (8875) MQTT_CLIENT: Subscribed to ACK topic: attendance/lighthouse/00:70:07:25:15:00/ack
I (8885) MAIN: в•ђвввв•ђвввв•ђввввввввввввввв•ђвввв•ђвввв•ђвввв•ђ

I (8895) MQTT_CLIENT: Subscription acknowledged (msg_id=46227)
I (8905) MQTT_CLIENT: Subscribed to config topics: attendance/lighthouse/00:70:07:25:15:00/config/+
I (8915) MAIN: Subscribed to configuration topics
I (8925) MAIN: Initializing offline event logger...
I (8925) OFFLINE_LOGGER: Initializing offline event logger...
I (8935) OFFLINE_LOGGER: LittleFS partition mounted at /offline_events
I (8945) OFFLINE_LOGGER: Partition size: 2048 KB, used: 256 KB (87% free)
I (8955) OFFLINE_LOGGER: Events file opened: /offline_events/events.bin
I (8955) OFFLINE_LOGGER: Pointers restored from NVS after power loss: write=0, read=0
I (8955) OFFLINE_LOGGER: Seq counter restored from NVS: 568
I (8965) OFFLINE_LOGGER: Logging task started
I (8965) OFFLINE_LOGGER: в•ђвввв•ђвввв•ђвввв•ђввввввввввв•ђвввв•ђвввв•ђвввв•ђ
I (8975) OFFLINE_LOGGER:   Offline Event Logger Ready!
I (8985) OFFLINE_LOGGER:   Max capacity: 43690 events
I (8985) OFFLINE_LOGGER:   Pending events: 0
I (8995) OFFLINE_LOGGER: вввв•ђввввввввввв•ђвввв•ђвввв•ђвввв•ђввввввввв

I (9005) RFID: Initializing RFID reader...
I (9005) RFID: Power control configured on GPIO5 (initial: OFF)
I (9015) RFID: Power sense configured on GPIO18
I (9015) RFID: RX task started (real-time inventory mode)
I (9025) RFID: Health check task started (interval=60000 ms)
I (9025) RFID: RFID reader initialized (UART2, TX=17, RX=16, Baud=115200)
I (9035) RFID: Powering ON RFID reader (GPIO5 HIGH)...
I (9135) RFID: Performing startup handshake...
I (9205) MQTT_CLIENT: Subscription acknowledged (msg_id=61125)
I (10675) RFID: Firmware version: 129.3
I (10675) RFID: в Reader handshake successful - firmware v129.3
I (10675) RFID: Correctly performed version handshake
I (11725) RFID: Beeper mode set to 0x00 (persisted to flash)
I (11725) RFID: Correctly set beeper mode
I (11725) RFID: Powering OFF RFID reader (GPIO5 LOW)...
I (11725) RFID: в Reader powered OFF (sleep mode <100ВA)
I (11825) MAIN: Powering ON RFID reader for initial configuration...
I (11825) RFID: Powering ON RFID reader (GPIO5 HIGH)...
I (12325) MAIN: Resetting RFID reader...
I (12325) RFID: Resetting reader module...
I (12325) RFID: Reset sent (module will beep and restart)
I (14325) MAIN: Configuring reader for maximum range...
I (15355) RFID: Power confirmed at 25 dBm
I (15355) MAIN:   вњ“ Power set to 25 dBm
I (15555) RFID: Set frequency region=0x01, range=0x07-0x3B
I (15555) MAIN:   в Frequency set to FCC (902-928 MHz)
I (15755) MAIN: Powering OFF RFID reader until scanning requested...
I (15755) RFID: Powering OFF RFID reader (GPIO5 LOW)...
I (15755) RFID: в Reader powered OFF (sleep mode <100ВA)
I (15755) MAIN: Configuration complete!

I (15755) MAIN: System ready!
I (15765) MAIN:   Press BUTTON1 to start/stop scanning
I (15765) MAIN:   Press BUTTON2 to show statistics
I (15775) MAIN:   RFID power control on GPIO5, sense on GPIO22

I (15775) MAIN: Main task started
I (15785) RFID: Powering ON RFID reader (GPIO5 HIGH)...
I (16285) main_task: Returned from app_main()
E (17785) IO_CTRL: IR trigger: power rail timeout after 2000 ms в aborting scan
I (17785) RFID: Powering OFF RFID reader (GPIO5 LOW)...
I (17785) RFID: вњ“ Reader powered OFF (sleep mode <100ВA)
I (21445) IO_CTRL: Scan mode: Manual
I (22835) BATTERY_MONITOR: Battery: 3982mV (79%), USB: absent, Health: 3
I (27885) BATTERY_MONITOR: Battery: 4011mV (82%), USB: absent, Health: 3
I (31705) IO_CTRL: Attempting to start RFID scan...
I (31705) IO_CTRL: Powering ON RFID reader...
I (31705) RFID: Powering ON RFID reader (GPIO5 HIGH)...
I (32205) IO_CTRL: Performing reader handshake...
I (33225) RFID: Firmware version: 129.3
I (33225) RFID: в Reader handshake successful - firmware v129.3
I (33225) IO_CTRL: в Reader handshake successful
I (33225) RFID: Real-time inventory started (interval=10 ms between rounds)
I (33235) IO_CTRL: вњ“ RFID scanning active
W (35325) RFID: Round timeout вЂ” no completion packet after 2000ms, resetting
W (36415) BATTERY_MONITOR: Battery sample skipped - RFID reader still active after 2000 ms
I (36955) MAIN: вв•ђвввв•ђвввв•ђвввв•ђвввв•ђввввввввввв•ђвввв•ђв
I (36955) MAIN:   TAG DETECTED!
I (36955) MAIN:   EPC (12 bytes):
    E2 80 11 70 40 00 02 1D 53 DA B0 CB 
I (36965) MAIN:   PC: 34 00
I (36965) MAIN:   RSSI: -88 dBm (raw: 41)
I (36965) MAIN:   Antenna: 0
I (36965) MAIN:   Frequency: 38
I (36975) MAIN:   Time: 36320 ms
I (36975) MAIN: вввв•ђввввввввввв•ђвввв•ђвввв•ђвввв•ђввввввв

I (36985) MAIN:   вњ“ Tag event enqueued to MQTT (cached offline: yes)
I (36995) RFID: в Valid tag: EPC_len=12, RSSI=41 (-88 dBm), Ant=0
I (37005) MAIN: вввввввв•ђвввв•ђв•ђвввв•ђвввв•ђвввв•ђввввввввв
I (37025) MAIN:   TAG DETECTED!
I (37025) MAIN:   EPC (12 bytes):
    E2 80 11 70 40 00 02 1D 53 DA B0 CB 
I (37035) MAIN:   PC: 34 00
I (37035) MQTT_CLIENT: Published tag event batch: 1 entries (msg_id=62343)
I (37035) MAIN:   RSSI: -79 dBm (raw: 50)
I (37045) MAIN:   Antenna: 0
I (37045) MAIN:   Frequency: 46
I (37055) MAIN:   Time: 36370 ms
I (37055) MAIN: в•ђввввввввввв•ђвввв•ђвввв•ђвввв•ђвввввввввв

I (37065) MAIN:   в Tag event enqueued to MQTT (cached offline: yes)
I (37075) RFID: в Valid tag: EPC_len=12, RSSI=50 (-79 dBm), Ant=0
I (37075) MAIN: ввввв•ђвввв•ђвввв•ђвввв•ђв•ђввв•ђввв•ђвввв•ђвввв•ђвв
I (37115) MAIN:   TAG DETECTED!
I (37115) MAIN:   EPC (12 bytes):
    E2 80 11 70 40 00 02 1D 53 DA B0 CB 
I (37125) MAIN:   PC: 34 00
I (37125) MAIN:   RSSI: -86 dBm (raw: 43)
I (37125) MAIN:   Antenna: 0
I (37135) MAIN:   Frequency: 36
I (37135) MAIN:   Time: 36440 ms
I (37135) MAIN: вввввввввв•ђвввв•ђвввв•ђвввв•ђввввввввввв•ђв

I (37145) MAIN:   в Tag event enqueued to MQTT (cached offline: yes)
I (37155) RFID: в Valid tag: EPC_len=12, RSSI=43 (-86 dBm), Ant=0
I (37205) MQTT_CLIENT: Published tag event batch: 2 entries (msg_id=26461)
I (37245) MAIN: вввввввввв•ђвввв•ђвввв•ђвввв•ђввввввввввв•ђв
I (37245) MAIN:   TAG DETECTED!
I (37245) MAIN:   EPC (12 bytes):
    E2 80 11 70 40 00 02 1D 53 DA B0 CB 
I (37255) MAIN:   PC: 34 00
I (37255) MAIN:   RSSI: -88 dBm (raw: 41)
I (37285) MAIN:   Antenna: 0
I (37285) MAIN:   Frequency: 49
I (37285) MAIN:   Time: 36610 ms
I (37285) MAIN: ввввввввв•ђвввв•ђвввв•ђвввв•ђввввввввввв•ђвв

I (37305) MAIN:   в Tag event enqueued to MQTT (cached offline: yes)
I (37315) RFID: в Valid tag: EPC_len=12, RSSI=41 (-88 dBm), Ant=0
I (37315) MAIN: вв•ђвввв•ђвввв•ђвввв•ђввввввввввв•ђвввв•ђвввв•ђв
I (37325) MAIN:   TAG DETECTED!
I (37325) MAIN:   EPC (12 bytes):
    E2 80 11 70 40 00 02 1D 53 DA B0 CB 
I (37335) MAIN:   PC: 34 00
I (37335) MQTT_CLIENT: Published tag event batch: 1 entries (msg_id=32073)
I (37335) MAIN:   RSSI: -82 dBm (raw: 47)
I (37375) MAIN:   Antenna: 0
I (37375) MAIN:   Frequency: 35
I (37375) MAIN:   Time: 36680 ms
I (37375) MAIN: ввв•ђввввввввввв•ђвввв•ђвввв•ђвввв•ђвввв•ђвввв

I (37395) MAIN:   в Tag event enqueued to MQTT (cached offline: yes)
I (37395) RFID: в Valid tag: EPC_len=12, RSSI=47 (-82 dBm), Ant=0
I (37405) MAIN: ввввввв•ђвввв•ђвввв•ђвввв•ђввввввввввв•ђвввв•ђ
I (37415) MAIN:   TAG DETECTED!
I (37415) MAIN:   EPC (12 bytes):
    E2 80 11 70 40 00 02 1D 53 DA B0 CB 
I (37425) MAIN:   PC: 34 00
I (37445) MAIN:   RSSI: -77 dBm (raw: 52)
I (37445) MAIN:   Antenna: 0
I (37445) MAIN:   Frequency: 59
I (37445) MAIN:   Time: 36770 ms
I (37445) MAIN: ввввв•ђвввв•ђвввв•ђвввв•ђввввввввввв•ђвввв•ђвв

I (37465) MAIN:   в Tag event enqueued to MQTT (cached offline: yes)
I (37465) RFID: в Valid tag: EPC_len=12, RSSI=52 (-77 dBm), Ant=0
I (37475) MAIN: вв•ђвввв•ђвввв•ђввввввввввв•ђвввв•ђвввв•ђвввв•ђв
I (37485) MQTT_CLIENT: Published tag event batch: 2 entries (msg_id=35426)
I (37515) MAIN:   TAG DETECTED!
I (37515) MAIN:   EPC (12 bytes):
    E2 80 11 70 40 00 02 1D 53 DA B0 CB 
I (37515) MAIN:   PC: 34 00
I (37515) MAIN:   RSSI: -74 dBm (raw: 55)
I (37515) MAIN:   Antenna: 0
I (37525) MAIN:   Frequency: 56
I (37525) MAIN:   Time: 36840 ms
I (37525) MAIN: вввв•ђвввв•ђвввв•ђвввв•ђвввввввв•ђввв•ђвввв•ђввв

I (37535) MAIN:   вњ“ Tag event enqueued to MQTT (cached offline: yes)
I (37545) RFID: вњ“ Valid tag: EPC_len=12, RSSI=55 (-74 dBm), Ant=0
I (37555) MAIN: в•ђвввв•ђвввв•ђввввввввввв•ђввв•ђввввввввввв
I (37585) MAIN:   TAG DETECTED!
I (37585) MAIN:   EPC (12 bytes):
    E2 80 11 70 40 00 02 1D 53 DA B0 CB 
I (37585) MAIN:   PC: 34 00
I (37585) MAIN:   RSSI: -74 dBm (raw: 55)
I (37585) MAIN:   Antenna: 0
I (37595) MAIN:   Frequency: 42
I (37595) MAIN:   Time: 36920 ms
I (37595) MAIN: вввв•ђвввв•ђввввввввввв•ђвввв•ђвввв•ђвввв•ђввв

I (37605) MAIN:   вњ“ Tag event enqueued to MQTT (cached offline: yes)
I (37615) RFID: вњ“ Valid tag: EPC_len=12, RSSI=55 (-74 dBm), Ant=0
I (37625) MAIN: в•ђввввввввввв•ђвввв•ђвввв•ђвв•ђввв•ђвввв•ђвввв•ђв
I (37655) MQTT_CLIENT: Published tag event batch: 2 entries (msg_id=62486)
I (37655) MAIN:   TAG DETECTED!
I (37655) MAIN:   EPC (12 bytes):
    E2 80 11 70 40 00 02 1D 53 DA B0 CB 
I (37665) MAIN:   PC: 34 00
I (37665) MAIN:   RSSI: -88 dBm (raw: 41)
I (37665) MAIN:   Antenna: 0
I (37675) MAIN:   Frequency: 52
I (37675) MAIN:   Time: 36990 ms
I (37675) MAIN: в•ђвввв•ђвввв•ђввввввввввв•ђвввв•ђвввв•ђвввв•ђвв

I (37685) MAIN:   в Tag event enqueued to MQTT (cached offline: yes)
I (37695) RFID: в Valid tag: EPC_len=12, RSSI=41 (-88 dBm), Ant=0
W (37725) RFID: Round timeout в no completion packet after 2000ms, resetting
I (37795) MQTT_CLIENT: Published tag event batch: 1 entries (msg_id=41639)
I (37845) MAIN: ввввв•ђвввв•ђвввв•ђвввв•ђввввввв•ђвввв•ђвввв•ђвв
I (37845) MAIN:   TAG DETECTED!
I (37845) MAIN:   EPC (12 bytes):
    E2 80 11 70 40 00 02 1D 53 DA B0 CB 
I (37855) MAIN:   PC: 34 00
I (37855) MAIN:   RSSI: -89 dBm (raw: 40)
I (37875) MAIN:   Antenna: 0
I (37875) MAIN:   Frequency: 13
I (37875) MAIN:   Time: 37210 ms
I (37875) MAIN: вввв•ђвввв•ђввввввввввв•ђвввв•ђвввв•ђвввв•ђввв

I (37895) MAIN:   вњ“ Tag event enqueued to MQTT (cached offline: yes)
I (37895) RFID: вњ“ Valid tag: EPC_len=12, RSSI=40 (-89 dBm), Ant=0
I (37905) MAIN: в•ђввввввввввв•ђвввв•ђвввв•ђвввв•ђвввввввввв
I (37915) MAIN:   TAG DETECTED!
I (37915) MAIN:   EPC (12 bytes):
    E2 80 11 70 40 00 02 1D 53 DA B0 CB 
I (37925) MAIN:   PC: 34 00
I (37925) MAIN:   RSSI: -86 dBm (raw: 43)
I (37955) MQTT_CLIENT: Published tag event batch: 1 entries (msg_id=38518)
I (37955) MAIN:   Antenna: 0
I (37955) MAIN:   Frequency: 44
I (37955) MAIN:   Time: 37270 ms
I (37955) MAIN: ввв•ђвввв•ђввввввввввв•ђвввв•ђвввв•ђвввв•ђвввв

I (37975) MAIN:   в Tag event enqueued to MQTT (cached offline: yes)
I (37975) RFID: в Valid tag: EPC_len=12, RSSI=43 (-86 dBm), Ant=0
I (37985) MAIN: ввввввввввв•ђвввв•ђвввв•ђвввв•ђввввввввввв•ђ
I (37995) MAIN:   TAG DETECTED!
I (37995) MAIN:   EPC (12 bytes):
    E2 80 11 70 40 00 02 1D 53 DA B0 CB 
I (38005) MAIN:   PC: 34 00
I (38025) MAIN:   RSSI: -86 dBm (raw: 43)
I (38025) MAIN:   Antenna: 0
I (38025) MAIN:   Frequency: 35
I (38025) MAIN:   Time: 37350 ms
I (38035) MAIN: ввв•ђвввв•ђввввввввввв•ђвввв•ђвввв•ђвввв•ђвввв

I (38045) MAIN:   в Tag event enqueued to MQTT (cached offline: yes)
I (38045) RFID: в Valid tag: EPC_len=12, RSSI=43 (-86 dBm), Ant=0
I (38055) MAIN: ввввввввввв•ђвввв•ђвввв•ђвввв•ђввввввввввв•ђ
I (38065) MAIN:   TAG DETECTED!
I (38065) MAIN:   EPC (12 bytes):
    E2 80 11 70 40 00 02 1D 53 DA B0 CB I (38095) MQTT_CLIENT: Published tag event batch: 2 entries (msg_id=6633)

I (38095) MAIN:   PC: 34 00
I (38095) MAIN:   RSSI: -88 dBm (raw: 41)
I (38095) MAIN:   Antenna: 0
I (38105) MAIN:   Frequency: 48
I (38105) MAIN:   Time: 37420 ms
I (38105) MAIN: ввв•ђвввв•ђвввв•ђвввв•ђввввввввввв•ђвввв•ђвввв•ђ

I (38115) MAIN:   в Tag event enqueued to MQTT (cached offline: yes)
I (38125) RFID: в Valid tag: EPC_len=12, RSSI=41 (-88 dBm), Ant=0
I (38135) MAIN: вввв•ђвввв•ђввввввввввв•ђвввв•ђвввв•ђвввв•ђввв
I (38145) MAIN:   TAG DETECTED!
I (38165) MAIN:   EPC (12 bytes):
    E2 80 11 70 40 00 02 1D 53 DA B0 CB 
I (38165) MAIN:   PC: 34 00
I (38165) MAIN:   RSSI: -86 dBm (raw: 43)
I (38165) MAIN:   Antenna: 0
I (38175) MAIN:   Frequency: 24
I (38175) MAIN:   Time: 37500 ms
I (38175) MAIN: ввввввввввв•ђвввв•ђвввв•ђвввв•ђввввввввввв

I (38185) MAIN:   вњ“ Tag event enqueued to MQTT (cached offline: yes)
I (38195) RFID: в Valid tag: EPC_len=12, RSSI=43 (-86 dBm), Ant=0
I (38195) MAIN: вввв•ђвввв•ђвввв•ђвввв•ђввввввввв•ђвввв•ђвввв•ђв
I (38245) MAIN:   TAG DETECTED!
I (38245) MAIN:   EPC (12 bytes):
    E2 80 11 70 40 00 02 1D 53 DA B0 CB 
I (38245) MAIN:   PC: 34 00
I (38245) MQTT_CLIENT: Published tag event batch: 2 entries (msg_id=22509)
I (38245) MAIN:   RSSI: -83 dBm (raw: 46)
I (38265) MAIN:   Antenna: 0
I (38265) MAIN:   Frequency: 43
I (38265) MAIN:   Time: 37560 ms
I (38275) MAIN: в•ђвввв•ђвввв•ђвввв•ђввввввввввв•ђвввв•ђвввв•ђвв

I (38275) MAIN:   в Tag event enqueued to MQTT (cached offline: yes)
I (38285) RFID: в Valid tag: EPC_len=12, RSSI=46 (-83 dBm), Ant=0
I (38295) MAIN: вв•ђвввв•ђввввввввввв•ђвввв•ђвввв•ђвввв•ђввввв
I (38305) MAIN:   TAG DETECTED!
I (38345) MAIN:   EPC (12 bytes):
    E2 80 11 70 40 00 02 1D 53 DA B0 CB 
I (38345) MAIN:   PC: 34 00
I (38345) MAIN:   RSSI: -88 dBm (raw: 41)
I (38345) MAIN:   Antenna: 0
I (38345) MAIN:   Frequency: 44
I (38355) MAIN:   Time: 37660 ms
I (38355) MAIN: вввв•ђвввв•ђвввв•ђвввв•ђвввв•ђввввввввввв•ђввв

I (38365) MAIN:   в Tag event enqueued to MQTT (cached offline: yes)
I (38375) RFID: вњ“ Valid tag: EPC_len=12, RSSI=41 (-88 dBm), Ant=0
I (38375) MAIN: в•ђвввв•ђвввв•ђввввввввввввввв•ђвввв•ђвввв•ђвв
I (38385) MQTT_CLIENT: Published tag event batch: 2 entries (msg_id=23348)
I (38395) MAIN:   TAG DETECTED!
I (38425) MAIN:   EPC (12 bytes):
    E2 80 11 70 40 00 02 1D 53 DA B0 CB 
I (38425) MAIN:   PC: 34 00
I (38425) MAIN:   RSSI: -82 dBm (raw: 47)
I (38435) MAIN:   Antenna: 0
I (38435) MAIN:   Frequency: 18
I (38435) MAIN:   Time: 37740 ms
I (38445) MAIN: вв•ђввввввввввв•ђвввв•ђвввв•ђвввв•ђввввввввв

I (38455) MAIN:   в Tag event enqueued to MQTT (cached offline: yes)
I (38455) RFID: в Valid tag: EPC_len=12, RSSI=47 (-82 dBm), Ant=0
I (38465) MAIN: вввввв•ђввв•ђввввввввввввв•ђвввв•ђвввв•ђвввв•ђ
I (38505) MAIN:   TAG DETECTED!
I (38505) MAIN:   EPC (12 bytes):
    E2 80 11 70 40 00 02 1D 53 DA B0 CB 
I (38505) MAIN:   PC: 34 00
I (38515) MAIN:   RSSI: -76 dBm (raw: 53)
I (38515) MAIN:   Antenna: 0
I (38515) MAIN:   Frequency: 31
I (38525) MAIN:   Time: 37830 ms
I (38525) MAIN: вввввввв•ђвввв•ђвввв•ђвввв•ђввввввввввв•ђввв

I (38535) MQTT_CLIENT: Published tag event batch: 1 entries (msg_id=13570)
I (38535) MAIN:   в Tag event enqueued to MQTT (cached offline: yes)
I (38545) RFID: вњ“ Valid tag: EPC_len=12, RSSI=53 (-76 dBm), Ant=0
I (38585) MAIN: в•ђвввв•ђввввввввввв•ђвввв•ђвввв•ђвввв•ђвввввв
I (38585) MAIN:   TAG DETECTED!
I (38585) MAIN:   EPC (12 bytes):
    E2 80 11 70 40 00 02 1D 53 DA B0 CB 
I (38595) MAIN:   PC: 34 00
I (38605) MAIN:   RSSI: -78 dBm (raw: 51)
I (38605) MAIN:   Antenna: 0
I (38605) MAIN:   Frequency: 45
I (38605) MAIN:   Time: 37950 ms
I (38615) MAIN: вввввв•ђвввв•ђвввв•ђвввв•ђввввввввввв•ђвввв•ђв

I (38625) MAIN:   в Tag event enqueued to MQTT (cached offline: yes)
I (38655) RFID: в Valid tag: EPC_len=12, RSSI=51 (-78 dBm), Ant=0
I (38655) MAIN: ввв•ђвввв•ђвввв•ђвввв•ђввввввввввв•ђвввв•ђвввв•ђ
I (38665) MAIN:   TAG DETECTED!
I (38665) MAIN:   EPC (12 bytes):
    E2 80 11 70 40 00 02 1D 53 DA B0 CB 
I (38675) MAIN:   PC: 34 00
I (38675) MAIN:   RSSI: -83 dBm (raw: 46)
I (38675) MAIN:   Antenna: 0
I (38675) MAIN:   Frequency: 58
I (38685) MQTT_CLIENT: Published tag event batch: 2 entries (msg_id=31398)
I (38685) MAIN:   Time: 38020 ms
I (38695) MAIN: вввввв•ђвввв•ђвввв•ђвввв•ђвввввв•ђвввв•ђвввв•ђвв

I (38725) MAIN:   в Tag event enqueued to MQTT (cached offline: yes)
I (38725) RFID: в Valid tag: EPC_len=12, RSSI=46 (-83 dBm), Ant=0
I (38835) MQTT_CLIENT: Published tag event batch: 1 entries (msg_id=30404)
W (39805) RFID: Round timeout вЂ” no completion packet after 2000ms, resetting
W (41825) RFID: Round timeout вЂ” no completion packet after 2000ms, resetting
W (43965) RFID: Round timeout вЂ” no completion packet after 2000ms, resetting
W (46025) RFID: Round timeout вЂ” no completion packet after 2000ms, resetting
W (46965) BATTERY_MONITOR: Battery sample skipped - RFID reader still active after 2000 ms
W (48085) RFID: Round timeout вЂ” no completion packet after 2000ms, resetting
W (50095) RFID: Round timeout вЂ” no completion packet after 2000ms, resetting
W (52165) RFID: Round timeout вЂ” no completion packet after 2000ms, resetting
I (53325) IO_CTRL: Stopping RFID scan (manual mode)
I (53325) RFID: Stopping inventory...
I (53375) RFID: Inventory stopped
I (53375) RFID: Powering OFF RFID reader (GPIO5 LOW)...
I (53375) RFID: в Reader powered OFF (sleep mode <100ВA)
W (54175) RFID: Round timeout вЂ” no completion packet after 2000ms, resetting
I (54345) BATTERY_MONITOR: Battery: 3994mV (80%), USB: absent, Health: 3
I (61615) BATTERY_MONITOR: Battery: 3998mV (80%), USB: absent, Health: 3
I (68845) BATTERY_MONITOR: Battery: 4002mV (81%), USB: absent, Health: 3
I (69025) RFID: Reader unpowered, powering on to perform handshake
I (69025) RFID: Powering ON RFID reader (GPIO5 HIGH)...
I (70215) RFID: Firmware version: 129.3
I (70215) RFID: в Reader handshake successful - firmware v129.3
I (70215) RFID: Powering off after standalone handshake
I (70225) RFID: Powering OFF RFID reader (GPIO5 LOW)...
I (70225) RFID: в Reader powered OFF (sleep mode <100ВA)
I (75945) BATTERY_MONITOR: Battery: 4004mV (81%), USB: absent, Health: 3
I (83455) BATTERY_MONITOR: Battery: 4011mV (82%), USB: absent, Health: 3
I (90835) BATTERY_MONITOR: Battery: 4009mV (81%), USB: absent, Health: 3
I (98155) BATTERY_MONITOR: Battery: 3980mV (78%), USB: absent, Health: 3
I (105555) BATTERY_MONITOR: Battery: 3980mV (78%), USB: absent, Health: 3
I (112955) BATTERY_MONITOR: Battery: 3987mV (79%), USB: absent, Health: 3
I (120465) BATTERY_MONITOR: Battery: 4013mV (82%), USB: absent, Health: 3
I (127105) IO_CTRL: Attempting to start RFID scan...
I (127105) IO_CTRL: Powering ON RFID reader...
I (127105) RFID: Powering ON RFID reader (GPIO5 HIGH)...
I (127615) IO_CTRL: Performing reader handshake...
I (128705) RFID: Firmware version: 129.3
I (128705) RFID: в Reader handshake successful - firmware v129.3
I (128705) IO_CTRL: в Reader handshake successful
I (128705) RFID: Real-time inventory started (interval=10 ms between rounds)
I (128715) IO_CTRL: вњ“ RFID scanning active
I (130095) MAIN: ввв•ђвввв•ђввввввввввв•ђвввв•ђвввв•ђвввв•ђвввв
I (130095) MAIN:   TAG DETECTED!
I (130095) MAIN:   EPC (12 bytes):
    E2 80 11 70 40 00 02 1D 53 DA B0 CB 
I (130105) MAIN:   PC: 34 00
I (130105) MAIN:   RSSI: -86 dBm (raw: 43)
I (130105) MAIN:   Antenna: 0
I (130115) MAIN:   Frequency: 57
I (130115) MAIN:   Time: 129460 ms
I (130115) MAIN: в•ђвввв•ђвввв•ђвввв•ђвввв•ђввввв•ђвввввввввв•ђвв

I (130155) MAIN:   в Tag event enqueued to MQTT (cached offline: yes)
I (130155) RFID: в Valid tag: EPC_len=12, RSSI=43 (-86 dBm), Ant=0
I (130185) MQTT_CLIENT: Published tag event batch: 1 entries (msg_id=53206)
I (130255) MAIN: вввввввввввв•ђвввв•ђвввв•ђвввввввввввввв
I (130255) MAIN:   TAG DETECTED!
I (130255) MAIN:   EPC (12 bytes):
    E2 80 11 70 40 00 02 1D 53 DA B0 CB 
I (130265) MAIN:   PC: 34 00
I (130265) MAIN:   RSSI: -89 dBm (raw: 40)
I (130265) MAIN:   Antenna: 0
I (130265) MAIN:   Frequency: 57
I (130275) MAIN:   Time: 129620 ms
I (130275) MAIN: ввв•ђвввв•ђввввввввввв•ђвввв•ђвввв•ђвввв•ђвввв

I (130285) MAIN:   в Tag event enqueued to MQTT (cached offline: yes)
I (130325) RFID: вњ“ Valid tag: EPC_len=12, RSSI=40 (-89 dBm), Ant=0
I (130335) MQTT_CLIENT: Published tag event batch: 1 entries (msg_id=52234)
I (130415) MAIN: ввввввввввв•ђвввв•ђвввв•ђвввв•ђввввввввввв•ђ
I (130415) MAIN:   TAG DETECTED!
I (130415) MAIN:   EPC (12 bytes):
    E2 80 11 70 40 00 02 1D 53 DA B0 CB 
I (130425) MAIN:   PC: 34 00
I (130425) MAIN:   RSSI: -83 dBm (raw: 46)
I (130425) MAIN:   Antenna: 0
I (130425) MAIN:   Frequency: 11
I (130435) MAIN:   Time: 129780 ms
I (130435) MAIN: вв•ђвввв•ђвввв•ђввввввввввв•ђвввв•ђвввв•ђвввв•ђв

I (130445) MAIN:   вњ“ Tag event enqueued to MQTT (cached offline: yes)
I (130485) RFID: в Valid tag: EPC_len=12, RSSI=46 (-83 dBm), Ant=0
I (130485) MQTT_CLIENT: Published tag event batch: 1 entries (msg_id=57795)
I (130485) MAIN: ввв•ђвввв•ђввввввввввв•ђвввв•ђвввв•ђвввв•ђвввв•ђ
I (130505) MAIN:   TAG DETECTED!
I (130505) MAIN:   EPC (12 bytes):
    E2 80 11 70 40 00 02 1D 53 DA B0 CB 
I (130505) MAIN:   PC: 34 00
I (130515) MAIN:   RSSI: -79 dBm (raw: 50)
I (130515) MAIN:   Antenna: 0
I (130515) MAIN:   Frequency: 36
I (130525) MAIN:   Time: 129850 ms
I (130525) MAIN: ввввв•ђвввв•ђвввв•ђвввв•ђвв•ђвв•ђвввв•ђвввв•ђввввв

I (130565) MAIN:   в Tag event enqueued to MQTT (cached offline: yes)
I (130565) RFID: в Valid tag: EPC_len=12, RSSI=50 (-79 dBm), Ant=0
I (130575) MAIN: ввввввввв•ђвввв•ђвввв•ђвввв•ђввввввввввв•ђвв
I (130585) MAIN:   TAG DETECTED!
I (130585) MAIN:   EPC (12 bytes):
    E2 80 11 70 40 00 02 1D 53 DA B0 CB 
I (130595) MAIN:   PC: 34 00
I (130595) MAIN:   RSSI: -71 dBm (raw: 58)
I (130595) MAIN:   Antenna: 0
I (130595) MAIN:   Frequency: 56
I (130605) MAIN:   Time: 129940 ms
I (130605) MAIN: вв•ђвввв•ђвввв•ђвввв•ђвввв•ђввввввв•ђвввв•ђвввв•ђв

I (130645) MAIN:   в Tag event enqueued to MQTT (cached offline: yes)
I (130645) MQTT_CLIENT: Published tag event batch: 1 entries (msg_id=41289)
I (130645) RFID: в Valid tag: EPC_len=12, RSSI=58 (-71 dBm), Ant=0
I (130725) MAIN: ввв•ђввввввввввв•ђвввв•ђвввв•ђвввв•ђвввввввв
I (130725) MAIN:   TAG DETECTED!
I (130725) MAIN:   EPC (12 bytes):
    E2 80 11 70 40 00 02 1D 53 DA B0 CB 
I (130735) MAIN:   PC: 34 00
I (130735) MAIN:   RSSI: -76 dBm (raw: 53)
I (130735) MAIN:   Antenna: 0
I (130745) MAIN:   Frequency: 24
I (130785) MAIN:   Time: 130090 ms
I (130785) MAIN: вв•ђвввв•ђввввввввввввввв•ђвввв•ђвввв•ђвввв•ђв

I (130785) MQTT_CLIENT: Published tag event batch: 1 entries (msg_id=16281)
I (130785) MAIN:   в Tag event enqueued to MQTT (cached offline: yes)
I (130795) RFID: в Valid tag: EPC_len=12, RSSI=53 (-76 dBm), Ant=0
W (130815) RFID: Round timeout в no completion packet after 2000ms, resetting
I (130945) MQTT_CLIENT: Published tag event batch: 1 entries (msg_id=24359)
I (131145) MAIN: ввв•ђввввввв•ђвввв•ђвввв•ђвввв•ђвввв•ђвввввввв
I (131145) MAIN:   TAG DETECTED!
I (131145) MAIN:   EPC (12 bytes):
    E2 80 11 70 40 00 02 1D 53 DA B0 CB 
I (131145) MAIN:   PC: 34 00
I (131155) MAIN:   RSSI: -86 dBm (raw: 43)
I (131155) MAIN:   Antenna: 0
I (131155) MAIN:   Frequency: 7
I (131195) MAIN:   Time: 130510 ms
I (131195) MAIN: ввввв•ђвввв•ђвввв•ђвввв•ђвввв•ђввввввв•ђвввв•ђвв

I (131205) MAIN:   в Tag event enqueued to MQTT (cached offline: yes)
I (131205) RFID: в Valid tag: EPC_len=12, RSSI=43 (-86 dBm), Ant=0
I (131215) MAIN: в•ђвввв•ђвввв•ђввввввввввв•ђвввв•ђвввв•ђвввв•ђвв
I (131225) MAIN:   TAG DETECTED!
I (131225) MAIN:   EPC (12 bytes):
I (131235) MQTT_CLIENT: Published tag event batch: 1 entries (msg_id=38690)
    E2 80 11 70 40 00 02 1D 53 DA B0 CB 
I (131245) MAIN:   PC: 34 00
I (131245) MAIN:   RSSI: -86 dBm (raw: 43)
I (131245) MAIN:   Antenna: 0
I (131285) MAIN:   Frequency: 34
I (131285) MAIN:   Time: 130580 ms
I (131285) MAIN: вввввв•ђвввв•ђвввв•ђвввв•ђввввввввввв•ђвввв•ђв

I (131295) MAIN:   в Tag event enqueued to MQTT (cached offline: yes)
I (131295) RFID: в Valid tag: EPC_len=12, RSSI=43 (-86 dBm), Ant=0
I (131385) MQTT_CLIENT: Published tag event batch: 1 entries (msg_id=9103)
W (132505) BATTERY_MONITOR: Battery sample skipped - RFID reader still active after 2000 ms
W (132855) RFID: Round timeout в no completion packet after 2000ms, resetting
W (134935) RFID: Round timeout в no completion packet after 2000ms, resetting
I (136165) MAIN: ввв•ђвввв•ђвввв•ђвввв•ђввввввввввв•ђвввв•ђвввв•ђ
I (136165) MAIN:   TAG DETECTED!
I (136165) MAIN:   EPC (12 bytes):
    E2 80 11 70 40 00 02 1D 53 DA B0 CB 
I (136175) MAIN:   PC: 34 00
I (136175) MAIN:   RSSI: -81 dBm (raw: 48)
I (136175) MAIN:   Antenna: 0
I (136175) MAIN:   Frequency: 30
I (136185) MAIN:   Time: 135530 ms
I (136185) MAIN: ввввввввв•ђвввв•ђвввв•ђвввв•ђвввв•ђввввввввв

I (136235) MAIN:   в Tag event enqueued to MQTT (cached offline: yes)
I (136235) RFID: в Valid tag: EPC_len=12, RSSI=48 (-81 dBm), Ant=0
I (136235) MAIN: в•ђвввв•ђвввв•ђввввввввввв•ђвввв•ђвввв•ђвввв•ђвв
I (136245) MAIN:   TAG DETECTED!
I (136255) MAIN:   EPC (12 bytes):
    E2 80 11 70 40 00 02 1D 53 DA B0 CB 
I (136255) MAIN:   PC: 34 00
I (136265) MAIN:   RSSI: -88 dBm (raw: 41)
I (136265) MAIN:   Antenna: 0
I (136265) MAIN:   Frequency: 59
I (136265) MAIN:   Time: 135600 ms
I (136275) MAIN: ввввввв•ђвввв•ђвввв•ђвввв•ђввввввввввв•ђвв•ђвв

I (136315) MAIN:   вњ“ Tag event enqueued to MQTT (cached offline: yes)
I (136315) RFID: в Valid tag: EPC_len=12, RSSI=41 (-88 dBm), Ant=0
I (136315) MAIN: ввввввввввввввв•ђвввв•ђвввв•ђвввв•ђввввввв
I (136335) MQTT_CLIENT: Published tag event batch: 2 entries (msg_id=14347)
I (136335) MAIN:   TAG DETECTED!
I (136335) MAIN:   EPC (12 bytes):
    E2 80 11 70 40 00 02 1D 53 DA B0 CB 
I (136345) MAIN:   PC: 34 00
I (136345) MAIN:   RSSI: -79 dBm (raw: 50)
I (136355) MAIN:   Antenna: 0
I (136355) MAIN:   Frequency: 13
I (136355) MAIN:   Time: 135680 ms
I (136365) MAIN: в•ђвввв•ђвввв•ђвввв•ђввввввввввв•ђвввв•ђвввв•ђвв

I (136395) MAIN:   в Tag event enqueued to MQTT (cached offline: yes)
I (136405) RFID: вњ“ Valid tag: EPC_len=12, RSSI=50 (-79 dBm), Ant=0
I (136415) MAIN: в•ђвввв•ђввввввввввв•ђвввв•ђвввв•ђвввв•ђвввввв
I (136415) MAIN:   TAG DETECTED!
I (136425) MAIN:   EPC (12 bytes):
    E2 80 11 70 40 00 02 1D 53 DA B0 CB 
I (136435) MAIN:   PC: 34 00
I (136435) MAIN:   RSSI: -86 dBm (raw: 43)
I (136435) MAIN:   Antenna: 0
I (136475) MAIN:   Frequency: 39
I (136475) MAIN:   Time: 135780 ms
I (136475) MAIN: вв•ђвввв•ђвввв•ђвввв•ђввввввввввв•ђвввв•ђвввв•ђв

I (136475) MAIN:   в Tag event enqueued to MQTT (cached offline: yes)
I (136485) MQTT_CLIENT: Published tag event batch: 2 entries (msg_id=7033)
I (136495) RFID: в Valid tag: EPC_len=12, RSSI=43 (-86 dBm), Ant=0
I (136565) MAIN: ввв•ђввввввввввв•ђвввв•ђвввв•ђвввв•ђвввввввв
I (136565) MAIN:   TAG DETECTED!
I (136565) MAIN:   EPC (12 bytes):
    E2 80 11 70 40 00 02 1D 53 DA B0 CB 
I (136575) MAIN:   PC: 34 00
I (136575) MAIN:   RSSI: -80 dBm (raw: 49)
I (136575) MAIN:   Antenna: 0
I (136585) MAIN:   Frequency: 37
I (136585) MAIN:   Time: 135930 ms
I (136585) MAIN: в•ђвввв•ђвввв•ђввввввввввв•ђвввв•ђвввв•ђвввв•ђвв

I (136595) MAIN:   в Tag event enqueued to MQTT (cached offline: yes)
I (136605) RFID: вњ“ Valid tag: EPC_len=12, RSSI=49 (-80 dBm), Ant=0
I (136615) MAIN: в•ђвввввввв•ђвввв•ђввввввввввв•ђвввв•ђвввв•ђвв
I (136655) MAIN:   TAG DETECTED!
I (136655) MAIN:   EPC (12 bytes):
    E2 80 11 70 40 00 02 1D 53 DA B0 CB 
I (136655) MAIN:   PC: 34 00
I (136655) MQTT_CLIENT: Published tag event batch: 1 entries (msg_id=56495)
I (136655) MAIN:   RSSI: -82 dBm (raw: 47)
I (136665) MAIN:   Antenna: 0
I (136675) MAIN:   Frequency: 25
I (136675) MAIN:   Time: 135970 ms
I (136675) MAIN: в•ђвввв•ђввввввввввв•ђвввв•ђвввв•ђвввв•ђвввввв

I (136685) MAIN:   в Tag event enqueued to MQTT (cached offline: yes)
I (136695) RFID: вњ“ Valid tag: EPC_len=12, RSSI=47 (-82 dBm), Ant=0
I (136705) MAIN: вввввввв•ђвввв•ђвввв•ђвввв•ђввввввввввв•ђввв
I (136715) MAIN:   TAG DETECTED!
I (136715) MAIN:   EPC (12 bytes):
    E2 80 11 70 40 00 02 1D 53 DA B0 CB 
I (136755) MAIN:   PC: 34 00
I (136755) MAIN:   RSSI: -83 dBm (raw: 46)
I (136755) MAIN:   Antenna: 0
I (136755) MAIN:   Frequency: 13
I (136755) MAIN:   Time: 136070 ms
I (136765) MAIN: в•ђвввв•ђвввв•ђввввввввввв•ђвввв•ђвввв•ђвввв•ђвв

I (136775) MAIN:   в Tag event enqueued to MQTT (cached offline: yes)
I (136775) RFID: вњ“ Valid tag: EPC_len=12, RSSI=46 (-83 dBm), Ant=0
I (136785) MQTT_CLIENT: Published tag event batch: 2 entries (msg_id=24362)
I (136785) MAIN: вв•ђвввв•ђввввввввввв•ђвввв•ђвввв•ђвв•ђвввв•ђввв
I (136835) MAIN:   TAG DETECTED!
I (136835) MAIN:   EPC (12 bytes):
    E2 80 11 70 40 00 02 1D 53 DA B0 CB 
I (136835) MAIN:   PC: 34 00
I (136835) MAIN:   RSSI: -88 dBm (raw: 41)
I (136845) MAIN:   Antenna: 0
I (136845) MAIN:   Frequency: 13
I (136845) MAIN:   Time: 136150 ms
I (136855) MAIN: вввввввввв•ђвввв•ђвввв•ђвввв•ђввввввввввв•ђв

I (136865) MAIN:   в Tag event enqueued to MQTT (cached offline: yes)
I (136865) RFID: в Valid tag: EPC_len=12, RSSI=41 (-88 dBm), Ant=0
I (136875) MAIN: вв•ђвввв•ђвввв•ђв•ђввв•ђввввввввввв•ђвввв•ђвввв•ђв
I (136915) MAIN:   TAG DETECTED!
I (136915) MAIN:   EPC (12 bytes):
    E2 80 11 70 40 00 02 1D 53 DA B0 CB 
I (136925) MAIN:   PC: 34 00
I (136925) MAIN:   RSSI: -86 dBm (raw: 43)
I (136925) MAIN:   Antenna: 0
I (136935) MQTT_CLIENT: Published tag event batch: 1 entries (msg_id=34466)
I (136935) MAIN:   Frequency: 32
I (136935) MAIN:   Time: 136240 ms
I (136945) MAIN: вв•ђвввв•ђввввввввввв•ђвввв•ђвввв•ђвввв•ђввввв

I (136955) MAIN:   в Tag event enqueued to MQTT (cached offline: yes)
I (136995) RFID: в Valid tag: EPC_len=12, RSSI=43 (-86 dBm), Ant=0
I (136995) MAIN: ввввввв•ђвввв•ђвввв•ђвввв•ђввввввввввв•ђвввв•ђ
I (137005) MAIN:   TAG DETECTED!
I (137005) MAIN:   EPC (12 bytes):
    E2 80 11 70 40 00 02 1D 53 DA B0 CB 
I (137015) MAIN:   PC: 34 00
I (137015) MAIN:   RSSI: -81 dBm (raw: 48)
I (137015) MAIN:   Antenna: 0
I (137015) MAIN:   Frequency: 37
I (137025) MAIN:   Time: 136360 ms
I (137025) MAIN: вв•ђввввввввввв•ђвввв•ђвввв•ђвввв•ђвввв•ђввввв

I (137035) MAIN:   вњ“ Tag event enqueued to MQTT (cached offline: yes)
I (137075) RFID: в Valid tag: EPC_len=12, RSSI=48 (-81 dBm), Ant=0
I (137075) MAIN: вввв•ђвввв•ђвввв•ђввввввввввввввв•ђвввв•ђввв
I (137085) MQTT_CLIENT: Published tag event batch: 2 entries (msg_id=20110)
I (137085) MAIN:   TAG DETECTED!
I (137095) MAIN:   EPC (12 bytes):
    E2 80 11 70 40 00 02 1D 53 DA B0 CB 
I (137095) MAIN:   PC: 34 00
I (137105) MAIN:   RSSI: -75 dBm (raw: 54)
I (137105) MAIN:   Antenna: 0
I (137105) MAIN:   Frequency: 26
I (137115) MAIN:   Time: 136440 ms
I (137115) MAIN: вввв•ђввввввввввв•ђвввв•ђвввв•ђввв•ђвввввввв

I (137155) MAIN:   в Tag event enqueued to MQTT (cached offline: yes)
I (137155) RFID: в Valid tag: EPC_len=12, RSSI=54 (-75 dBm), Ant=0
I (137165) MAIN: вв•ђвввв•ђвввв•ђвввв•ђввввввввввв•ђвввв•ђвввв•ђв
I (137175) MAIN:   TAG DETECTED!
I (137175) MAIN:   EPC (12 bytes):
    E2 80 11 70 40 00 02 1D 53 DA B0 CB 
I (137185) MAIN:   PC: 34 00
I (137185) MAIN:   RSSI: -85 dBm (raw: 44)
I (137185) MAIN:   Antenna: 0
I (137195) MAIN:   Frequency: 58
I (137195) MAIN:   Time: 136530 ms
I (137235) MQTT_CLIENT: Published tag event batch: 1 entries (msg_id=62118)
I (137235) MAIN: в•ђввввввввввв•ђвввв•ђвввв•ђвввв•ђвввв•ђвввввв

I (137245) MAIN:   в Tag event enqueued to MQTT (cached offline: yes)
I (137245) RFID: вњ“ Valid tag: EPC_len=12, RSSI=44 (-85 dBm), Ant=0
W (137265) RFID: Round timeout в no completion packet after 2000ms, resetting
I (137315) MAIN: вввввввв•ђвввв•ђвввв•ђвввв•ђввввввввввв•ђввв
I (137315) MAIN:   TAG DETECTED!
I (137315) MAIN:   EPC (12 bytes):
    E2 80 11 70 40 00 02 1D 53 DA B0 CB 
I (137325) MAIN:   PC: 34 00
I (137335) MAIN:   RSSI: -82 dBm (raw: 47)
I (137335) MAIN:   Antenna: 0
I (137335) MAIN:   Frequency: 17
I (137335) MAIN:   Time: 136680 ms
I (137345) MAIN: ввв•ђввввввввввв•ђвввв•ђвввв•ђвввв•ђвввввввв

I (137355) MAIN:   в Tag event enqueued to MQTT (cached offline: yes)
I (137355) RFID: в Valid tag: EPC_len=12, RSSI=47 (-82 dBm), Ant=0
I (137365) MAIN: вввввв•ђвввв•ђвввв•ђвввв•ђввввввввввв•ђвввв•ђв
I (137375) MAIN:   TAG DETECTED!
I (137375) MAIN:   EPC (12 bytes):
I (137385) MQTT_CLIENT: Published tag event batch: 2 entries (msg_id=26355)
    E2 80 11 70 40 00 02 1D 53 DA B0 CB 
I (137415) MAIN:   PC: 34 00
I (137415) MAIN:   RSSI: -78 dBm (raw: 51)
I (137425) MAIN:   Antenna: 0
I (137425) MAIN:   Frequency: 26
I (137425) MAIN:   Time: 136730 ms
I (137435) MAIN: вввввввввв•ђвввв•ђвввв•ђвввв•ђввввввввввв•ђв

I (137445) MAIN:   в Tag event enqueued to MQTT (cached offline: yes)
I (137445) RFID: в Valid tag: EPC_len=12, RSSI=51 (-78 dBm), Ant=0
I (137455) MAIN: вв•ђвввв•ђвввв•ђвввв•ђввввввввввв•ђвввв•ђвввв•ђв
I (137495) MAIN:   TAG DETECTED!
I (137505) MAIN:   EPC (12 bytes):
    E2 80 11 70 40 00 02 1D 53 DA B0 CB 
I (137505) MAIN:   PC: 34 00
I (137505) MAIN:   RSSI: -85 dBm (raw: 44)
I (137505) MAIN:   Antenna: 0
I (137505) MAIN:   Frequency: 33
I (137515) MAIN:   Time: 136820 ms
I (137515) MAIN: ввввввввв•ђвввв•ђвввв•ђвввв•ђввввввввввв•ђвв

I (137525) MAIN:   в Tag event enqueued to MQTT (cached offline: yes)
I (137535) RFID: в Valid tag: EPC_len=12, RSSI=44 (-85 dBm), Ant=0
I (137535) MQTT_CLIENT: Published tag event batch: 2 entries (msg_id=62125)
W (139285) RFID: Round timeout в no completion packet after 2000ms, resetting
W (141315) RFID: Round timeout в no completion packet after 2000ms, resetting
W (142865) BATTERY_MONITOR: Battery sample skipped - RFID reader still active after 2000 ms
W (143365) RFID: Round timeout в no completion packet after 2000ms, resetting
I (144085) IO_CTRL: Stopping RFID scan (manual mode)
I (144085) RFID: Stopping inventory...
I (144135) RFID: Inventory stopped
I (144135) RFID: Powering OFF RFID reader (GPIO5 LOW)...
I (144135) RFID: вњ“ Reader powered OFF (sleep mode <100ВA)
W (145385) RFID: Round timeout в no completion packet after 2000ms, resetting
I (150345) BATTERY_MONITOR: Battery: 4000mV (80%), USB: absent, Health: 3
I (157795) BATTERY_MONITOR: Battery: 4000mV (80%), USB: absent, Health: 3
I (165075) BATTERY_MONITOR: Battery: 4002mV (81%), USB: absent, Health: 3
I (172345) BATTERY_MONITOR: Battery: 4004mV (81%), USB: absent, Health: 3
I (179625) BATTERY_MONITOR: Battery: 3978mV (78%), USB: absent, Health: 3
I (187295) BATTERY_MONITOR: Battery: 4005mV (81%), USB: absent, Health: 3
I (190235) RFID: Reader unpowered, powering on to perform handshake
I (190235) RFID: Powering ON RFID reader (GPIO5 HIGH)...
I (191445) RFID: Firmware version: 129.3
I (191445) RFID: в Reader handshake successful - firmware v129.3
I (191445) RFID: Powering off after standalone handshake
I (191445) RFID: Powering OFF RFID reader (GPIO5 LOW)...
I (191455) RFID: в Reader powered OFF (sleep mode <100ВA)
I (194615) BATTERY_MONITOR: Battery: 3987mV (79%), USB: absent, Health: 3
E (200315) mqtt_client: No PING_RESP, disconnected
W (200325) MQTT_CLIENT: Disconnected from MQTT broker
I (201975) BATTERY_MONITOR: Battery: 3987mV (79%), USB: absent, Health: 3
I (206325) MQTT_CLIENT: Connecting to MQTT broker...
I (209165) BATTERY_MONITOR: Battery: 3983mV (79%), USB: absent, Health: 3
E (211355) esp-tls: [sock=54] select() timeout
E (211355) transport_base: Failed to open a new connection: 32774
E (211355) mqtt_client: Error transport connect
E (211355) MQTT_CLIENT: MQTT Error occurred
E (211355) MQTT_CLIENT: TCP transport error
W (211365) MQTT_CLIENT: Disconnected from MQTT broker
I (215385) MQTT_CLIENT: Connecting to MQTT broker...
I (216285) IO_CTRL: Attempting to start RFID scan...
I (216285) IO_CTRL: Powering ON RFID reader...
I (216285) RFID: Powering ON RFID reader (GPIO5 HIGH)...
I (216815) IO_CTRL: Performing reader handshake...
I (217815) RFID: Firmware version: 129.3
I (217815) RFID: в Reader handshake successful - firmware v129.3
I (217815) IO_CTRL: в Reader handshake successful
I (217815) RFID: Real-time inventory started (interval=10 ms between rounds)
I (217855) IO_CTRL: в RFID scanning active
I (220125) MAIN: вввв•ђвввв•ђвввв•ђвввв•ђвввв•ђввввввввввв•ђввв
I (220125) MAIN:   TAG DETECTED!
I (220125) MAIN:   EPC (12 bytes):
    E2 80 11 70 40 00 02 1D 53 DA B0 CB 
I (220135) MAIN:   PC: 34 00
I (220135) MAIN:   RSSI: -86 dBm (raw: 43)
I (220135) MAIN:   Antenna: 0
I (220135) MAIN:   Frequency: 47
I (220145) MAIN:   Time: 219490 ms
I (220145) MAIN: ввв•ђвв•ђввв•ђвввв•ђвввв•ђввввввв•ђвввв•ђвввв•ђввв

W (220185) MAIN:   вљ  MQTT not connected - event cached offline (38 pending)
I (220185) RFID: в Valid tag: EPC_len=12, RSSI=43 (-86 dBm), Ant=0
I (220195) MAIN: вв•ђввввввввввв•ђвввв•ђвввв•ђвввв•ђввввввввв
I (220205) MAIN:   TAG DETECTED!
I (220205) MAIN:   EPC (12 bytes):
    E2 80 11 70 40 00 02 1D 53 DA B0 CB 
I (220215) MAIN:   PC: 34 00
I (220215) MAIN:   RSSI: -88 dBm (raw: 41)
I (220225) MAIN:   Antenna: 0
I (220225) MAIN:   Frequency: 50
I (220225) MAIN:   Time: 219560 ms
I (220235) MAIN: вв•ђвввв•ђввввввввввв•ђвввв•ђвввв•ђввввввввв

W (220265) MAIN:   в MQTT not connected - event cached offline (38 pending)
I (220275) RFID: в Valid tag: EPC_len=12, RSSI=41 (-88 dBm), Ant=0
I (220275) MAIN: ввв•ђвввв•ђвввв•ђвввв•ђвввв•ђввввввввввв•ђвввв•ђ
I (220285) MAIN:   TAG DETECTED!
I (220295) MAIN:   EPC (12 bytes):
    E2 80 11 70 40 00 02 1D 53 DA B0 CB 
I (220295) MAIN:   PC: 34 00
I (220305) MAIN:   RSSI: -85 dBm (raw: 44)
I (220305) MAIN:   Antenna: 0
I (220305) MAIN:   Frequency: 7
I (220345) MAIN:   Time: 219640 ms
I (220345) MAIN: ввввввввввввввв•ђвввв•ђвввв•ђвввв•ђввввввв

W (220345) MAIN:   в MQTT not connected - event cached offline (38 pending)
I (220355) RFID: в Valid tag: EPC_len=12, RSSI=44 (-85 dBm), Ant=0
I (220365) MAIN: в•ђвввв•ђвввв•ђвввв•ђвввв•ђввввввввввв•ђвввв•ђвв
I (220375) MAIN:   TAG DETECTED!
I (220375) MAIN:   EPC (12 bytes):
    E2 80 11 70 40 00 02 1D 53 DA B0 CB 
I (220385) MAIN:   PC: 34 00
I (220385) MAIN:   RSSI: -85 dBm (raw: 44)
I (220385) MAIN:   Antenna: 0
I (220425) MAIN:   Frequency: 14
I (220425) MAIN:   Time: 219730 ms
I (220425) MAIN: ввв•ђвввв•ђвввв•ђвввв•ђввввввввввв•ђвввв•ђвввв•ђ

W (220435) MAIN:   в MQTT not connected - event cached offline (38 pending)
I (220445) RFID: вњ“ Valid tag: EPC_len=12, RSSI=44 (-85 dBm), Ant=0
I (220445) MAIN: в•ђвввв•ђввввввввввв•ђвввв•ђвввв•ђвввв•ђвввввв
E (220425) esp-tls: [sock=54] select() timeout
I (220455) MAIN:   TAG DETECTED!
E (220465) transport_base: Failed to open a new connection: 32774
E (220505) mqtt_client: Error transport connect
E (220505) MQTT_CLIENT: MQTT Error occurred
E (220505) MQTT_CLIENT: TCP transport error
I (220465) MAIN:   EPC (12 bytes):
W (220505) MQTT_CLIENT: Disconnected from MQTT broker
    E2 80 11 70 40 00 02 1D 53 DA B0 CB 
I (220525) MAIN:   PC: 34 00
I (220525) MAIN:   RSSI: -77 dBm (raw: 52)
I (220525) MAIN:   Antenna: 0
I (220535) MAIN:   Frequency: 54
I (220535) MAIN:   Time: 219810 ms
I (220535) MAIN: ввв•ђввввввввввв•ђвввв•ђвввв•ђвввв•ђвввввввв

W (220545) MAIN:   в MQTT not connected - event cached offline (38 pending)
I (220555) RFID: вњ“ Valid tag: EPC_len=12, RSSI=52 (-77 dBm), Ant=0
I (220595) MAIN: ввввввввв•ђвввв•ђвввв•ђвввв•ђввввввввввввв
I (220595) MAIN:   TAG DETECTED!
I (220595) MAIN:   EPC (12 bytes):
    E2 80 11 70 40 00 02 1D 53 DA B0 CB 
I (220605) MAIN:   PC: 34 00
I (220605) MAIN:   RSSI: -76 dBm (raw: 53)
I (220615) MAIN:   Antenna: 0
I (220615) MAIN:   Frequency: 30
I (220615) MAIN:   Time: 219960 ms
I (220615) MAIN: вввв•ђвввв•ђввввввввввв•ђвввв•ђвввв•ђвввв•ђввв

W (220625) MAIN:   в MQTT not connected - event cached offline (38 pending)
I (220635) RFID: в Valid tag: EPC_len=12, RSSI=53 (-76 dBm), Ant=0
I (220675) MAIN: ввв•ђвввв•ђвввв•ђвввв•ђввввввввввв•ђвввв•ђвввв•ђ
I (220675) MAIN:   TAG DETECTED!
I (220675) MAIN:   EPC (12 bytes):
    E2 80 11 70 40 00 02 1D 53 DA B0 CB 
I (220685) MAIN:   PC: 34 00
I (220695) MAIN:   RSSI: -74 dBm (raw: 55)
I (220695) MAIN:   Antenna: 0
I (220695) MAIN:   Frequency: 25
I (220695) MAIN:   Time: 220040 ms
I (220705) MAIN: ввввввввв•ђвввв•ђвввв•ђвввв•ђввввввввввв•ђвв

W (220715) MAIN:   в MQTT not connected - event cached offline (38 pending)
I (220755) RFID: вњ“ Valid tag: EPC_len=12, RSSI=55 (-74 dBm), Ant=0
W (220765) RFID: Round timeout в no completion packet after 2000ms, resetting
I (220765) MAIN: вввв•ђвввв•ђвввв•ђвввв•ђввввввввввв•ђвввв•ђввв
I (220765) MAIN:   TAG DETECTED!
I (220775) MAIN:   EPC (12 bytes):
    E2 80 11 70 40 00 02 1D 53 DA B0 CB 
I (220775) MAIN:   PC: 34 00
I (220775) MAIN:   RSSI: -73 dBm (raw: 56)
I (220785) MAIN:   Antenna: 0
I (220785) MAIN:   Frequency: 29
I (220785) MAIN:   Time: 220130 ms
I (220795) MAIN: вввввввввв•ђвввв•ђвв•ђввв•ђвввв•ђвввв•ђввввввв

W (220835) MAIN:   в MQTT not connected - event cached offline (38 pending)
I (220835) RFID: в Valid tag: EPC_len=12, RSSI=56 (-73 dBm), Ant=0
I (220845) MAIN: в•ђвввв•ђвввв•ђвввв•ђвввв•ђввввввввввв•ђвввв•ђвв
I (220855) MAIN:   TAG DETECTED!
I (220855) MAIN:   EPC (12 bytes):
    E2 80 11 70 40 00 02 1D 53 DA B0 CB 
I (220865) MAIN:   PC: 34 00
I (220865) MAIN:   RSSI: -74 dBm (raw: 55)
I (220865) MAIN:   Antenna: 0
I (220875) MAIN:   Frequency: 9
I (220875) MAIN:   Time: 220210 ms
I (220875) MAIN: вв•ђввв•ђввввввввввв•ђвввв•ђвввв•ђвввв•ђвввввв

W (220915) MAIN:   в MQTT not connected - event cached offline (38 pending)
I (220915) RFID: в Valid tag: EPC_len=12, RSSI=55 (-74 dBm), Ant=0
I (220925) MAIN: вввввв•ђвввв•ђвввв•ђвввв•ђввввввввввв•ђвввв•ђв
I (220935) MAIN:   TAG DETECTED!
I (220935) MAIN:   EPC (12 bytes):
    E2 80 11 70 40 00 02 1D 53 DA B0 CB 
I (220945) MAIN:   PC: 34 00
I (220945) MAIN:   RSSI: -73 dBm (raw: 56)
I (220955) MAIN:   Antenna: 0
I (220955) MAIN:   Frequency: 53
I (220955) MAIN:   Time: 220290 ms
I (220965) MAIN: в•ђвввввв•ђввввввв•ђвввв•ђвввв•ђвввв•ђвввввввв

W (220995) MAIN:   в MQTT not connected - event cached offline (38 pending)
I (221005) RFID: в Valid tag: EPC_len=12, RSSI=56 (-73 dBm), Ant=0
I (221005) MAIN: вввв•ђвввв•ђвввв•ђвввв•ђввввввввввв•ђвввв•ђввв
I (221015) MAIN:   TAG DETECTED!
I (221025) MAIN:   EPC (12 bytes):
    E2 80 11 70 40 00 02 1D 53 DA B0 CB 
I (221025) MAIN:   PC: 34 00
I (221025) MAIN:   RSSI: -73 dBm (raw: 56)
I (221035) MAIN:   Antenna: 0
I (221035) MAIN:   Frequency: 44
I (221075) MAIN:   Time: 220370 ms
I (221075) MAIN: в•ђвввв•ђвввв•ђввввввввввв•ђвввв•ђвввв•ђвввв•ђвв

W (221075) MAIN:   в MQTT not connected - event cached offline (38 pending)
I (221085) RFID: в Valid tag: EPC_len=12, RSSI=56 (-73 dBm), Ant=0
I (221095) MAIN: вввввввввв•ђвввв•ђвввв•ђвввв•ђввввввввввв•ђв
I (221105) MAIN:   TAG DETECTED!
I (221105) MAIN:   EPC (12 bytes):
    E2 80 11 70 40 00 02 1D 53 DA B0 CB 
I (221115) MAIN:   PC: 34 00
I (221115) MAIN:   RSSI: -73 dBm (raw: 56)
I (221115) MAIN:   Antenna: 0
I (221155) MAIN:   Frequency: 27
I (221155) MAIN:   Time: 220460 ms
I (221155) MAIN: ввввввввввввввв•ђвввв•ђвввв•ђвввв•ђввввввв

W (221165) MAIN:   в MQTT not connected - event cached offline (38 pending)
I (221165) RFID: в Valid tag: EPC_len=12, RSSI=56 (-73 dBm), Ant=0
I (221175) MAIN: в•ђвввв•ђвввв•ђвввв•ђвввв•ђввввввввввв•ђвввв•ђвв
I (221185) MAIN:   TAG DETECTED!
I (221185) MAIN:   EPC (12 bytes):
    E2 80 11 70 40 00 02 1D 53 DA B0 CB 
I (221195) MAIN:   PC: 34 00
I (221195) MAIN:   RSSI: -74 dBm (raw: 55)
I (221235) MAIN:   Antenna: 0
I (221235) MAIN:   Frequency: 51
I (221235) MAIN:   Time: 220540 ms
I (221235) MAIN: ввв•ђвввв•ђвввв•ђввввввввввв•ђвввв•ђвввв•ђвввв•ђ

W (221245) MAIN:   в MQTT not connected - event cached offline (38 pending)
I (221255) RFID: вњ“ Valid tag: EPC_len=12, RSSI=55 (-74 dBm), Ant=0
I (221255) MAIN: в•ђввввввввввв•ђвввв•ђвввв•ђвввв•ђвввв•ђвввввв
I (221265) MAIN:   TAG DETECTED!
I (221275) MAIN:   EPC (12 bytes):
    E2 80 11 70 40 00 02 1D 53 DA B0 CB 
I (221275) MAIN:   PC: 34 00
I (221315) MAIN:   RSSI: -73 dBm (raw: 56)
I (221315) MAIN:   Antenna: 0
I (221315) MAIN:   Frequency: 47
I (221315) MAIN:   Time: 220620 ms
I (221315) MAIN: вввввв•ђвввв•ђвввв•ђвввв•ђввввввввввв•ђвввв•ђв

W (221325) MAIN:   в MQTT not connected - event cached offline (38 pending)
I (221335) RFID: в Valid tag: EPC_len=12, RSSI=56 (-73 dBm), Ant=0
I (221335) MAIN: вввв•ђвввв•ђввввввв•ђвввв•ђвввв•ђвввв•ђвввв•ђввв
I (221345) MAIN:   TAG DETECTED!
I (221355) MAIN:   EPC (12 bytes):
    E2 80 11 70 40 00 02 1D 53 DA B0 CB 
I (221395) MAIN:   PC: 34 00
I (221395) MAIN:   RSSI: -73 dBm (raw: 56)
I (221395) MAIN:   Antenna: 0
I (221395) MAIN:   Frequency: 27
I (221405) MAIN:   Time: 220700 ms
I (221405) MAIN: вввввввввв•ђвввв•ђвввв•ђвввв•ђввввввввввв•ђв

W (221415) MAIN:   в MQTT not connected - event cached offline (38 pending)
I (221425) RFID: в Valid tag: EPC_len=12, RSSI=56 (-73 dBm), Ant=0
I (221425) MAIN: вввв•ђвввв•ђввввввввввввввв•ђвввв•ђвввв•ђввв
I (221435) MAIN:   TAG DETECTED!
I (221475) MAIN:   EPC (12 bytes):
    E2 80 11 70 40 00 02 1D 53 DA B0 CB 
I (221475) MAIN:   PC: 34 00
I (221475) MAIN:   RSSI: -73 dBm (raw: 56)
I (221475) MAIN:   Antenna: 0
I (221485) MAIN:   Frequency: 41
I (221485) MAIN:   Time: 220790 ms
I (221485) MAIN: вв•ђввввввввввв•ђвввв•ђвввв•ђвввв•ђввввввввв

W (221495) MAIN:   в MQTT not connected - event cached offline (38 pending)
I (221505) RFID: в Valid tag: EPC_len=12, RSSI=56 (-73 dBm), Ant=0
I (221515) MAIN: ввв•ђвввв•ђвввв•ђвввв•ђввввввввв•ђвв•ђвввв•ђвввв•ђ
I (221555) MAIN:   TAG DETECTED!
I (221555) MAIN:   EPC (12 bytes):
    E2 80 11 70 40 00 02 1D 53 DA B0 CB 
I (221555) MAIN:   PC: 34 00
I (221555) MAIN:   RSSI: -74 dBm (raw: 55)
I (221565) MAIN:   Antenna: 0
I (221565) MAIN:   Frequency: 57
I (221565) MAIN:   Time: 220880 ms
I (221575) MAIN: ввввв•ђвввв•ђвввв•ђвввв•ђввввввввввв•ђвввв•ђвв

W (221585) MAIN:   в MQTT not connected - event cached offline (38 pending)
I (221585) RFID: в Valid tag: EPC_len=12, RSSI=55 (-74 dBm), Ant=0
I (221595) MAIN: ввв•ђвввв•ђввввв•ђв•ђввввввввввв•ђвввв•ђвввв•ђвв
I (221635) MAIN:   TAG DETECTED!
I (221635) MAIN:   EPC (12 bytes):
    E2 80 11 70 40 00 02 1D 53 DA B0 CB 
I (221645) MAIN:   PC: 34 00
I (221645) MAIN:   RSSI: -74 dBm (raw: 55)
I (221645) MAIN:   Antenna: 0
I (221655) MAIN:   Frequency: 46
I (221655) MAIN:   Time: 220960 ms
I (221655) MAIN: ввввввв•ђвввв•ђвввв•ђвввв•ђвввв•ђввввввввввв•ђ

W (221665) MAIN:   в MQTT not connected - event cached offline (38 pending)
I (221675) RFID: в Valid tag: EPC_len=12, RSSI=55 (-74 dBm), Ant=0
I (221715) MAIN: вввввввввв•ђвввв•ђвввв•ђвввв•ђввввввввввв•ђв
I (221715) MAIN:   TAG DETECTED!
I (221715) MAIN:   EPC (12 bytes):
    E2 80 11 70 40 00 02 1D 53 DA B0 CB 
I (221725) MAIN:   PC: 34 00
I (221725) MAIN:   RSSI: -73 dBm (raw: 56)
I (221735) MAIN:   Antenna: 0
I (221735) MAIN:   Frequency: 24
I (221735) MAIN:   Time: 221080 ms
I (221745) MAIN: в•ђвввв•ђввввввввввв•ђвввв•ђвввв•ђвввв•ђвввв•ђвв

W (221755) MAIN:   в MQTT not connected - event cached offline (38 pending)
I (221795) RFID: вњ“ Valid tag: EPC_len=12, RSSI=56 (-73 dBm), Ant=0
I (221805) MAIN: вввв•ђввввввв•ђвввв•ђвввв•ђвввв•ђвввв•ђввввввв
I (221805) MAIN:   TAG DETECTED!
I (221805) MAIN:   EPC (12 bytes):
    E2 80 11 70 40 00 02 1D 53 DA B0 CB 
I (221815) MAIN:   PC: 34 00
I (221815) MAIN:   RSSI: -74 dBm (raw: 55)
I (221815) MAIN:   Antenna: 0
I (221825) MAIN:   Frequency: 42
I (221825) MAIN:   Time: 221170 ms
I (221825) MAIN: вв•ђвввв•ђвввв•ђввввввввввв•ђвввв•ђвввв•ђвввв•ђв

W (221835) MAIN:   вљ  MQTT not connected - event cached offline (38 pending)
I (221875) RFID: в Valid tag: EPC_len=12, RSSI=55 (-74 dBm), Ant=0
I (221875) MAIN: вв•ђвввв•ђввввввввввввввв•ђвввв•ђвввв•ђвввв•ђв
I (221885) MAIN:   TAG DETECTED!
I (221885) MAIN:   EPC (12 bytes):
    E2 80 11 70 40 00 02 1D 53 DA B0 CB 
I (221895) MAIN:   PC: 34 00
I (221895) MAIN:   RSSI: -74 dBm (raw: 55)
I (221905) MAIN:   Antenna: 0
I (221905) MAIN:   Frequency: 29
W (221875) BATTERY_MONITOR: Battery sample skipped - RFID reader still active after 2000 ms
I (221905) MAIN:   Time: 221240 ms
I (221955) MAIN: вввввввввв•ђвввв•ђвввв•ђвввв•ђввввввввввв•ђв

W (221955) MAIN:   в MQTT not connected - event cached offline (38 pending)
I (221955) RFID: в Valid tag: EPC_len=12, RSSI=55 (-74 dBm), Ant=0
I (221965) MAIN: вввв•ђвввв•ђвввв•ђввввввввввв•ђвввв•ђвввв•ђввв
I (221975) MAIN:   TAG DETECTED!
I (221975) MAIN:   EPC (12 bytes):
    E2 80 11 70 40 00 02 1D 53 DA B0 CB 
I (221985) MAIN:   PC: 34 00
I (221985) MAIN:   RSSI: -74 dBm (raw: 55)
I (221995) MAIN:   Antenna: 0
I (221995) MAIN:   Frequency: 53
I (221995) MAIN:   Time: 221330 ms
I (222005) MAIN: вввв•ђвввв•ђвввв•ђвввв•ђввввввввввв•ђвввв•ђввв

W (222035) MAIN:   вљ  MQTT not connected - event cached offline (38 pending)
I (222045) RFID: в Valid tag: EPC_len=12, RSSI=55 (-74 dBm), Ant=0
I (222045) MAIN: вв•ђвввв•ђввввввввввв•ђвввв•ђвввв•ђвввв•ђввввв
I (222055) MAIN:   TAG DETECTED!
I (222065) MAIN:   EPC (12 bytes):
    E2 80 11 70 40 00 02 1D 53 DA B0 CB 
I (222065) MAIN:   PC: 34 00
I (222075) MAIN:   RSSI: -74 dBm (raw: 55)
I (222075) MAIN:   Antenna: 0
I (222115) MAIN:   Frequency: 45
I (222115) MAIN:   Time: 221410 ms
I (222115) MAIN: вввввв•ђвввв•ђвввв•ђвввв•ђввввввввввв•ђвввв•ђв

W (222115) MAIN:   в MQTT not connected - event cached offline (38 pending)
I (222125) RFID: в Valid tag: EPC_len=12, RSSI=55 (-74 dBm), Ant=0
I (222135) MAIN: вввв•ђвввв•ђввввввввввв•ђвввв•ђвввв•ђвввв•ђввв
I (222145) MAIN:   TAG DETECTED!
I (222145) MAIN:   EPC (12 bytes):
    E2 80 11 70 40 00 02 1D 53 DA B0 CB 
I (222155) MAIN:   PC: 34 00
I (222155) MAIN:   RSSI: -74 dBm (raw: 55)
I (222195) MAIN:   Antenna: 0
I (222195) MAIN:   Frequency: 20
I (222195) MAIN:   Time: 221500 ms
I (222195) MAIN: ввв•ђввввввввввв•ђвввв•ђвввв•ђвввв•ђвввв•ђвввв

W (222205) MAIN:   в MQTT not connected - event cached offline (38 pending)
I (222215) RFID: вњ“ Valid tag: EPC_len=12, RSSI=55 (-74 dBm), Ant=0
I (222215) MAIN: вввв•ђвввв•ђвввв•ђвввв•ђвввв•ђввввввввввв•ђввв
I (222225) MAIN:   TAG DETECTED!
I (222225) MAIN:   EPC (12 bytes):
    E2 80 11 70 40 00 02 1D 53 DA B0 CB 
I (222235) MAIN:   PC: 34 00
I (222235) MAIN:   RSSI: -74 dBm (raw: 55)
I (222245) MAIN:   Antenna: 0
I (222275) MAIN:   Frequency: 57
I (222275) MAIN:   Time: 221580 ms
I (222275) MAIN: вв•ђввввввввввв•ђвввв•ђвввв•ђвввв•ђввввввввв

W (222285) MAIN:   в MQTT not connected - event cached offline (38 pending)
I (222295) RFID: в Valid tag: EPC_len=12, RSSI=55 (-74 dBm), Ant=0
I (222295) MAIN: ввв•ђвввв•ђвввв•ђвввв•ђввввввввввв•ђвввв•ђвввв•ђ
I (222305) MAIN:   TAG DETECTED!
I (222315) MAIN:   EPC (12 bytes):
    E2 80 11 70 40 00 02 1D 53 DA B0 CB 
I (222355) MAIN:   PC: 34 00
I (222355) MAIN:   RSSI: -74 dBm (raw: 55)
I (222355) MAIN:   Antenna: 0
I (222355) MAIN:   Frequency: 43
I (222355) MAIN:   Time: 221660 ms
I (222365) MAIN: вввввввв•ђвввв•ђвввв•ђвввв•ђввввввввввв•ђввв

W (222375) MAIN:   вљ  MQTT not connected - event cached offline (38 pending)
I (222385) RFID: в Valid tag: EPC_len=12, RSSI=55 (-74 dBm), Ant=0
I (222385) MAIN: вв•ђвввв•ђвввв•ђввввввввввв•ђвввв•ђвввв•ђвввв•ђв
I (222395) MAIN:   TAG DETECTED!
I (222435) MAIN:   EPC (12 bytes):
    E2 80 11 70 40 00 02 1D 53 DA B0 CB 
I (222435) MAIN:   PC: 34 00
I (222435) MAIN:   RSSI: -74 dBm (raw: 55)
I (222435) MAIN:   Antenna: 0
I (222445) MAIN:   Frequency: 38
I (222445) MAIN:   Time: 221750 ms
I (222445) MAIN: вввввввв•ђвввв•ђвввв•ђвввв•ђвввввввввввввв

W (222455) MAIN:   вљ  MQTT not connected - event cached offline (38 pending)
I (222465) RFID: в Valid tag: EPC_len=12, RSSI=55 (-74 dBm), Ant=0
I (222475) MAIN: вв•ђвввв•ђвввв•ђвввввввввввв•ђв•ђвввв•ђввввввв
I (222515) MAIN:   TAG DETECTED!
I (222515) MAIN:   EPC (12 bytes):
    E2 80 11 70 40 00 02 1D 53 DA B0 CB 
I (222515) MAIN:   PC: 34 00
I (222515) MAIN:   RSSI: -74 dBm (raw: 55)
I (222525) MAIN:   Antenna: 0
I (222525) MAIN:   Frequency: 23
I (222525) MAIN:   Time: 221840 ms
I (222535) MAIN: вв•ђвввв•ђвввв•ђввввввввввввввв•ђвввв•ђвввв•ђв

W (222545) MAIN:   в MQTT not connected - event cached offline (38 pending)
I (222545) RFID: в Valid tag: EPC_len=12, RSSI=55 (-74 dBm), Ant=0
I (222555) MAIN: ввввввввввв•ђвввввввввв•ђвввв•ђвввв•ђвввв•ђв
I (222595) MAIN:   TAG DETECTED!
I (222595) MAIN:   EPC (12 bytes):
    E2 80 11 70 40 00 02 1D 53 DA B0 CB 
I (222595) MAIN:   PC: 34 00
I (222605) MAIN:   RSSI: -74 dBm (raw: 55)
I (222605) MAIN:   Antenna: 0
I (222605) MAIN:   Frequency: 13
I (222615) MAIN:   Time: 221920 ms
I (222615) MAIN: вввв•ђвввв•ђвввв•ђвввв•ђввввввввввв•ђвввв•ђввв

W (222625) MAIN:   вљ  MQTT not connected - event cached offline (38 pending)
I (222635) RFID: в Valid tag: EPC_len=12, RSSI=55 (-74 dBm), Ant=0
I (222635) MAIN: вввввввв•ђвввв•ђвввв•ђвввв•ђввввввв•ђвввв•ђввв
I (222675) MAIN:   TAG DETECTED!
I (222675) MAIN:   EPC (12 bytes):
    E2 80 11 70 40 00 02 1D 53 DA B0 CB 
I (222685) MAIN:   PC: 34 00
I (222685) MAIN:   RSSI: -74 dBm (raw: 55)
I (222685) MAIN:   Antenna: 0
I (222695) MAIN:   Frequency: 29
I (222695) MAIN:   Time: 222000 ms
I (222695) MAIN: ввв•ђввввввввввв•ђвввв•ђвввв•ђвввв•ђвввввввв

W (222705) MAIN:   в MQTT not connected - event cached offline (38 pending)
I (222715) RFID: в Valid tag: EPC_len=12, RSSI=55 (-74 dBm), Ant=0
I (222835) MAIN: ввв•ђвввв•ђвввв•ђввввввввввв•ђвввв•ђвввв•ђвввв•ђ
I (222835) MAIN:   TAG DETECTED!
I (222835) MAIN:   EPC (12 bytes):
    E2 80 11 70 40 00 02 1D 53 DA B0 CB 
I (222845) MAIN:   PC: 34 00
I (222845) MAIN:   RSSI: -74 dBm (raw: 55)
I (222855) MAIN:   Antenna: 0
I (222855) MAIN:   Frequency: 20
I (222855) MAIN:   Time: 222200 ms
I (222865) MAIN: ввввв•ђвввв•ђвввв•ђвввв•ђввввввввввв•ђвввв•ђвв

W (222875) MAIN:   в MQTT not connected - event cached offline (38 pending)
I (222875) RFID: в Valid tag: EPC_len=12, RSSI=55 (-74 dBm), Ant=0
I (222915) MAIN: вв•ђвввв•ђвввв•ђвввв•ђвввв•ђввввввввввв•ђвввв•ђв
I (222915) MAIN:   TAG DETECTED!
I (222925) MAIN:   EPC (12 bytes):
    E2 80 11 70 40 00 02 1D 53 DA B0 CB 
I (222925) MAIN:   PC: 34 00
I (222935) MAIN:   RSSI: -73 dBm (raw: 56)
I (222935) MAIN:   Antenna: 0
I (222935) MAIN:   Frequency: 49
I (222945) MAIN:   Time: 222280 ms
I (222945) MAIN: в•ђввввввввввв•ђвввв•ђвввв•ђвввв•ђвввввввввв

W (222955) MAIN:   вљ  MQTT not connected - event cached offline (38 pending)
I (222995) RFID: в Valid tag: EPC_len=12, RSSI=56 (-73 dBm), Ant=0
I (222995) MAIN: в•ђвввв•ђвввв•ђввввввввввв•ђвввв•ђвввв•ђвввв•ђвв
I (223005) MAIN:   TAG DETECTED!
I (223005) MAIN:   EPC (12 bytes):
    E2 80 11 70 40 00 02 1D 53 DA B0 CB 
I (223015) MAIN:   PC: 34 00
I (223015) MAIN:   RSSI: -79 dBm (raw: 50)
I (223015) MAIN:   Antenna: 0
I (223025) MAIN:   Frequency: 53
I (223025) MAIN:   Time: 222360 ms
I (223025) MAIN: ввв•ђвввв•ђвввв•ђвввв•ђввввввввввввввв•ђвввв•ђ

W (223075) MAIN:   в MQTT not connected - event cached offline (38 pending)
I (223075) RFID: в Valid tag: EPC_len=12, RSSI=50 (-79 dBm), Ant=0
W (223085) RFID: Round timeout в no completion packet after 2000ms, resetting
I (224515) MQTT_CLIENT: Connecting to MQTT broker...
W (225165) RFID: Round timeout в no completion packet after 2000ms, resetting
W (227185) RFID: Round timeout в no completion packet after 2000ms, resetting
W (229195) RFID: Round timeout в no completion packet after 2000ms, resetting
E (229535) esp-tls: [sock=54] select() timeout
E (229575) transport_base: Failed to open a new connection: 32774
E (229575) mqtt_client: Error transport connect
E (229575) MQTT_CLIENT: MQTT Error occurred
E (229585) MQTT_CLIENT: TCP transport error
W (229585) MQTT_CLIENT: Disconnected from MQTT broker
W (231205) RFID: Round timeout вЂ” no completion packet after 2000ms, resetting
W (232515) BATTERY_MONITOR: Battery sample skipped - RFID reader still active after 2000 ms
W (233225) RFID: Round timeout в no completion packet after 2000ms, resetting
I (233465) IO_CTRL: Stopping RFID scan (manual mode)
I (233465) RFID: Stopping inventory...
I (233535) RFID: Inventory stopped
I (233535) RFID: Powering OFF RFID reader (GPIO5 LOW)...
I (233535) RFID: в Reader powered OFF (sleep mode <100ВA)
I (233615) MQTT_CLIENT: Connecting to MQTT broker...
W (235285) RFID: Round timeout в no completion packet after 2000ms, resetting
E (238655) esp-tls: [sock=54] select() timeout
E (238665) transport_base: Failed to open a new connection: 32774
E (238665) mqtt_client: Error transport connect
E (238665) MQTT_CLIENT: MQTT Error occurred
E (238665) MQTT_CLIENT: TCP transport error
W (238675) MQTT_CLIENT: Disconnected from MQTT broker
I (239995) BATTERY_MONITOR: Battery: 4000mV (80%), USB: absent, Health: 3
I (244675) MQTT_CLIENT: Connecting to MQTT broker...
I (246905) MQTT_CLIENT: в Connected to MQTT broker
I (246905) MQTT_CLIENT: Published online status to attendance/lighthouse/00:70:07:25:15:00/status
I (246905) MQTT_CLIENT: Re-subscribed to config topics: attendance/lighthouse/00:70:07:25:15:00/config/+
I (246915) MQTT_CLIENT: Subscribed to ACK topic: attendance/lighthouse/00:70:07:25:15:00/ack
I (246955) MQTT_CLIENT: вв•ђввввввввввввввв•ђвввв•ђвввв•ђввввввввввв
I (246965) MQTT_CLIENT:   Network Restored!
I (246965) MQTT_CLIENT:   Found 43 offline events to replay
I (246975) MQTT_CLIENT: вввввв•ђвввв•ђвввв•ђвввв•ђввввввввввв•ђвввв•ђввв
I (246985) OFFLINE_LOGGER: Starting replay of 43 events...
I (246985) MQTT_CLIENT: Offline event replay initiated
I (246985) OFFLINE_LOGGER: Replay task started (grace period: 5 seconds)
I (246995) OFFLINE_LOGGER: Waiting 5 seconds before starting replay...
I (247195) MQTT_CLIENT: Subscription acknowledged (msg_id=2832)
I (247205) MQTT_CLIENT: Subscription acknowledged (msg_id=2880)
I (247215) BATTERY_MONITOR: Battery: 3972mV (78%), USB: absent, Health: 3
I (251455) RFID: Reader unpowered, powering on to perform handshake
I (251455) RFID: Powering ON RFID reader (GPIO5 HIGH)...
I (252035) OFFLINE_LOGGER: Starting event replay...
I (252035) MQTT_CLIENT: Published sync/start: 44 events
I (252645) RFID: Firmware version: 129.3
I (252645) RFID: в Reader handshake successful - firmware v129.3
I (252645) RFID: Powering off after standalone handshake
I (252645) RFID: Powering OFF RFID reader (GPIO5 LOW)...
I (252655) RFID: в Reader powered OFF (sleep mode <100ВA)
I (253945) MQTT_CLIENT: Replaying offline event: EPC=E280... (detected @ 36363 ms, rtc_s=1778526174, quality=2)
I (253965) MQTT_CLIENT: Replayed offline event: E28011704000021D53DAB0CB timeBasis=synced ts=1778526174000 (msg_id=31444)
I (253965) OFFLINE_LOGGER: Replayed event seqNo=568 (1/44)
I (254005) MQTT_CLIENT: Replaying offline event: EPC=E280... (detected @ 41298 ms, rtc_s=1778526179, quality=2)
I (254005) MQTT_CLIENT: Replayed offline event: E28011704000021D53DAB0CB timeBasis=synced ts=1778526179000 (msg_id=10088)
I (254055) OFFLINE_LOGGER: Replayed event seqNo=569 (2/44)
I (254585) MQTT_CLIENT: Received message on topic: attendance/lighthouse/00:70:07:25:15:00/ack
I (254585) MQTT_CLIENT: Payload: {"ackedSeqNo":568,"ts":"2026-05-11T19:06:31.822Z"}
I (254625) MQTT_CLIENT: Received ACK for seqNo 568
I (254735) BATTERY_MONITOR: Battery: 4002mV (81%), USB: absent, Health: 3
W (255635) OFFLINE_LOGGER: ack_received: failed to acquire mutex
I (255655) MQTT_CLIENT: Received message on topic: attendance/lighthouse/00:70:07:25:15:00/ack
I (255655) MQTT_CLIENT: Payload: {"ackedSeqNo":569,"ts":"2026-05-11T19:06:32.426Z"}
I (255695) MQTT_CLIENT: Received ACK for seqNo 569
W (256695) OFFLINE_LOGGER: ack_received: failed to acquire mutex
I (256765) MQTT_CLIENT: Received message on topic: attendance/lighthouse/00:70:07:25:15:00/ack
I (256765) MQTT_CLIENT: Payload: {"ackedSeqNo":569,"ts":"2026-05-11T19:06:33.965Z"}
I (256765) MQTT_CLIENT: Received ACK for seqNo 569
W (257775) OFFLINE_LOGGER: ack_received: failed to acquire mutex
I (258985) MQTT_CLIENT: Replaying offline event: EPC=E280... (detected @ 46207 ms, rtc_s=1778526184, quality=2)
I (259025) MQTT_CLIENT: Replayed offline event: E28011704000021D53DAB0CB timeBasis=synced ts=1778526184000 (msg_id=13081)
I (259035) OFFLINE_LOGGER: Replayed event seqNo=570 (3/44)
I (259465) MQTT_CLIENT: Received message on topic: attendance/lighthouse/00:70:07:25:15:00/ack
I (259465) MQTT_CLIENT: Payload: {"ackedSeqNo":570,"ts":"2026-05-11T19:06:36.974Z"}
I (259475) MQTT_CLIENT: Received ACK for seqNo 570
W (260485) OFFLINE_LOGGER: ack_received: failed to acquire mutex
I (262915) BATTERY_MONITOR: Battery: 4002mV (81%), USB: absent, Health: 3
I (263945) MQTT_CLIENT: Replaying offline event: EPC=E280... (detected @ 51168 ms, rtc_s=1778526189, quality=2)
I (264005) MQTT_CLIENT: Replayed offline event: E28011704000021D53DAB0CB timeBasis=synced ts=1778526189000 (msg_id=51403)
I (264005) OFFLINE_LOGGER: Replayed event seqNo=571 (4/44)
I (264405) MQTT_CLIENT: Received message on topic: attendance/lighthouse/00:70:07:25:15:00/ack
I (264405) MQTT_CLIENT: Payload: {"ackedSeqNo":571,"ts":"2026-05-11T19:06:41.954Z"}
I (264405) MQTT_CLIENT: Received ACK for seqNo 571
W (265425) OFFLINE_LOGGER: ack_received: failed to acquire mutex
I (268945) MQTT_CLIENT: Replaying offline event: EPC=E280... (detected @ 56167 ms, rtc_s=1778526194, quality=2)
I (268985) MQTT_CLIENT: Replayed offline event: E28011704000021D53DAB0CB timeBasis=synced ts=1778526194000 (msg_id=57705)
I (268985) OFFLINE_LOGGER: Replayed event seqNo=572 (5/44)
I (269075) MQTT_CLIENT: Received message on topic: attendance/lighthouse/00:70:07:25:15:00/ack
I (269085) MQTT_CLIENT: Payload: {"ackedSeqNo":572,"ts":"2026-05-11T19:06:46.906Z"}
I (269085) MQTT_CLIENT: Received ACK for seqNo 572
W (270115) OFFLINE_LOGGER: ack_received: failed to acquire mutex
I (270215) BATTERY_MONITOR: Battery: 3980mV (78%), USB: absent, Health: 3
I (274065) MQTT_CLIENT: Replaying offline event: EPC=E280... (detected @ 61168 ms, rtc_s=1778526199, quality=2)
I (274105) MQTT_CLIENT: Replayed offline event: E28011704000021D53DAB0CB timeBasis=synced ts=1778526199000 (msg_id=55895)
I (274105) OFFLINE_LOGGER: Replayed event seqNo=573 (6/44)
I (274775) MQTT_CLIENT: Received message on topic: attendance/lighthouse/00:70:07:25:15:00/ack
I (274775) MQTT_CLIENT: Payload: {"ackedSeqNo":573,"ts":"2026-05-11T19:06:51.968Z"}
I (274775) MQTT_CLIENT: Received ACK for seqNo 573
W (275795) OFFLINE_LOGGER: ack_received: failed to acquire mutex
I (277415) BATTERY_MONITOR: Battery: 4002mV (81%), USB: absent, Health: 3
I (278745) MQTT_CLIENT: Replaying offline event: EPC=E280... (detected @ 66177 ms, rtc_s=1778526204, quality=2)
I (278785) MQTT_CLIENT: Replayed offline event: E28011704000021D53DAB0CB timeBasis=synced ts=1778526204000 (msg_id=5565)
I (278795) OFFLINE_LOGGER: Replayed event seqNo=574 (7/44)
I (279405) MQTT_CLIENT: Received message on topic: attendance/lighthouse/00:70:07:25:15:00/ack
I (279405) MQTT_CLIENT: Payload: {"ackedSeqNo":574,"ts":"2026-05-11T19:06:56.700Z"}
I (279415) MQTT_CLIENT: Received ACK for seqNo 574
W (280415) OFFLINE_LOGGER: ack_received: failed to acquire mutex
I (283415) MQTT_CLIENT: Replaying offline event: EPC=E280... (detected @ 70867 ms, rtc_s=1778526209, quality=2)
I (283465) MQTT_CLIENT: Replayed offline event: E28011704000021D53DAB0CB timeBasis=synced ts=1778526209000 (msg_id=13749)
I (283465) OFFLINE_LOGGER: Replayed event seqNo=575 (8/44)
I (283985) MQTT_CLIENT: Received message on topic: attendance/lighthouse/00:70:07:25:15:00/ack
I (283985) MQTT_CLIENT: Payload: {"ackedSeqNo":575,"ts":"2026-05-11T19:07:01.409Z"}
I (283985) MQTT_CLIENT: Received ACK for seqNo 575
I (284685) BATTERY_MONITOR: Battery: 3983mV (79%), USB: absent, Health: 3
W (285005) OFFLINE_LOGGER: ack_received: failed to acquire mutex
I (288435) MQTT_CLIENT: Replaying offline event: EPC=E280... (detected @ 75577 ms, rtc_s=1778526213, quality=2)
I (288485) MQTT_CLIENT: Replayed offline event: E28011704000021D53DAB0CB timeBasis=synced ts=1778526213000 (msg_id=11862)
I (288485) OFFLINE_LOGGER: Replayed event seqNo=576 (9/44)
I (288515) MQTT_CLIENT: Received message on topic: attendance/lighthouse/00:70:07:25:15:00/ack
I (288515) MQTT_CLIENT: Payload: {"ackedSeqNo":576,"ts":"2026-05-11T19:07:06.342Z"}
I (288525) MQTT_CLIENT: Received ACK for seqNo 576
W (289545) OFFLINE_LOGGER: ack_received: failed to acquire mutex
I (292365) BATTERY_MONITOR: Battery: 4015mV (82%), USB: absent, Health: 3
I (293415) MQTT_CLIENT: Replaying offline event: EPC=E280... (detected @ 80538 ms, rtc_s=1778526218, quality=2)
I (293475) MQTT_CLIENT: Replayed offline event: E28011704000021D53DAB0CB timeBasis=synced ts=1778526218000 (msg_id=4573)
I (293475) OFFLINE_LOGGER: Replayed event seqNo=577 (10/44)
I (293545) MQTT_CLIENT: Received message on topic: attendance/lighthouse/00:70:07:25:15:00/ack
I (293545) MQTT_CLIENT: Payload: {"ackedSeqNo":577,"ts":"2026-05-11T19:07:11.344Z"}
I (293555) MQTT_CLIENT: Received ACK for seqNo 577
W (294585) OFFLINE_LOGGER: ack_received: failed to acquire mutex
I (298375) MQTT_CLIENT: Replaying offline event: EPC=E280... (detected @ 85507 ms, rtc_s=1778526223, quality=2)
I (298425) MQTT_CLIENT: Replayed offline event: E28011704000021D53DAB0CB timeBasis=synced ts=1778526223000 (msg_id=16420)
I (298425) OFFLINE_LOGGER: Replayed event seqNo=578 (11/44)
I (298535) MQTT_CLIENT: Received message on topic: attendance/lighthouse/00:70:07:25:15:00/ack
I (298535) MQTT_CLIENT: Payload: {"ackedSeqNo":578,"ts":"2026-05-11T19:07:16.362Z"}
I (298545) MQTT_CLIENT: Received ACK for seqNo 578
W (299565) OFFLINE_LOGGER: ack_received: failed to acquire mutex
I (299655) BATTERY_MONITOR: Battery: 3983mV (79%), USB: absent, Health: 3
I (303385) MQTT_CLIENT: Replaying offline event: EPC=E280... (detected @ 90468 ms, rtc_s=1778526228, quality=2)
I (303435) MQTT_CLIENT: Replayed offline event: E28011704000021D53DAB0CB timeBasis=synced ts=1778526228000 (msg_id=21575)
I (303435) OFFLINE_LOGGER: Replayed event seqNo=579 (12/44)
I (304115) MQTT_CLIENT: Received message on topic: attendance/lighthouse/00:70:07:25:15:00/ack
I (304115) MQTT_CLIENT: Payload: {"ackedSeqNo":579,"ts":"2026-05-11T19:07:21.377Z"}
I (304115) MQTT_CLIENT: Received ACK for seqNo 579
W (305125) OFFLINE_LOGGER: ack_received: failed to acquire mutex
I (306925) BATTERY_MONITOR: Battery: 3989mV (79%), USB: absent, Health: 3
I (308385) MQTT_CLIENT: Replaying offline event: EPC=E280... (detected @ 95457 ms, rtc_s=1778526233, quality=2)
I (308435) MQTT_CLIENT: Replayed offline event: E28011704000021D53DAB0CB timeBasis=synced ts=1778526233000 (msg_id=64553)
I (308435) OFFLINE_LOGGER: Replayed event seqNo=580 (13/44)
I (308715) MQTT_CLIENT: Received message on topic: attendance/lighthouse/00:70:07:25:15:00/ack
I (308715) MQTT_CLIENT: Payload: {"ackedSeqNo":580,"ts":"2026-05-11T19:07:26.396Z"}
I (308725) MQTT_CLIENT: Received ACK for seqNo 580
W (309745) OFFLINE_LOGGER: ack_received: failed to acquire mutex
I (312665) RFID: Reader unpowered, powering on to perform handshake
I (312665) RFID: Powering ON RFID reader (GPIO5 HIGH)...
I (313385) MQTT_CLIENT: Replaying offline event: EPC=E280... (detected @ 100447 ms, rtc_s=1778526238, quality=2)
I (313435) MQTT_CLIENT: Replayed offline event: E28011704000021D53DAB0CB timeBasis=synced ts=1778526238000 (msg_id=48220)
I (313445) OFFLINE_LOGGER: Replayed event seqNo=581 (14/44)
I (313765) MQTT_CLIENT: Received message on topic: attendance/lighthouse/00:70:07:25:15:00/ack
I (313765) MQTT_CLIENT: Payload: {"ackedSeqNo":581,"ts":"2026-05-11T19:07:31.311Z"}
I (313765) MQTT_CLIENT: Received ACK for seqNo 581
I (313845) RFID: Firmware version: 129.3
I (313845) RFID: в Reader handshake successful - firmware v129.3
I (313845) RFID: Powering off after standalone handshake
I (313845) RFID: Powering OFF RFID reader (GPIO5 LOW)...
I (313855) RFID: в Reader powered OFF (sleep mode <100ВA)
I (314145) BATTERY_MONITOR: Battery: 4016mV (82%), USB: absent, Health: 3
W (314795) OFFLINE_LOGGER: ack_received: failed to acquire mutex
I (318205) MQTT_CLIENT: Replaying offline event: EPC=E280... (detected @ 105427 ms, rtc_s=1778526243, quality=2)
I (318255) MQTT_CLIENT: Replayed offline event: E28011704000021D53DAB0CB timeBasis=synced ts=1778526243000 (msg_id=39201)
I (318265) OFFLINE_LOGGER: Replayed event seqNo=582 (15/44)
I (318275) MQTT_CLIENT: Received message on topic: attendance/lighthouse/00:70:07:25:15:00/ack
I (318285) MQTT_CLIENT: Payload: {"ackedSeqNo":582,"ts":"2026-05-11T19:07:36.122Z"}
I (318285) MQTT_CLIENT: Received ACK for seqNo 582
E (319295) OFFLINE_LOGGER: Failed to acquire storage mutex during replay
E (321325) OFFLINE_LOGGER: Failed to acquire storage mutex during replay
I (322185) BATTERY_MONITOR: Battery: 4005mV (81%), USB: absent, Health: 3
I (323165) MQTT_CLIENT: Replaying offline event: EPC=E280... (detected @ 110218 ms, rtc_s=1778526248, quality=2)
I (323175) OFFLINE_LOGGER: ACK seqNo=582: advanced 15 entries, 43 remaining
I (323225) MQTT_CLIENT: Replayed offline event: E28011704000021D53DAB0CB timeBasis=synced ts=1778526248000 (msg_id=31091)
I (323225) OFFLINE_LOGGER: Replayed event seqNo=583 (16/44)
I (324125) MQTT_CLIENT: Received message on topic: attendance/lighthouse/00:70:07:25:15:00/ack
I (324135) MQTT_CLIENT: Payload: {"ackedSeqNo":583,"ts":"2026-05-11T19:07:41.655Z"}
I (324135) MQTT_CLIENT: Received ACK for seqNo 583
W (325155) OFFLINE_LOGGER: ack_received: failed to acquire mutex
I (328135) MQTT_CLIENT: Replaying offline event: EPC=E280... (detected @ 115272 ms, rtc_s=1778526253, quality=2)
I (328175) MQTT_CLIENT: Replayed offline event: E28011704000021D53DAB0CB timeBasis=synced ts=1778526253000 (msg_id=37382)
I (328175) OFFLINE_LOGGER: Replayed event seqNo=584 (17/44)
I (328255) MQTT_CLIENT: Received message on topic: attendance/lighthouse/00:70:07:25:15:00/ack
I (328255) MQTT_CLIENT: Payload: {"ackedSeqNo":584,"ts":"2026-05-11T19:07:46.056Z"}
I (328265) MQTT_CLIENT: Received ACK for seqNo 584
W (329295) OFFLINE_LOGGER: ack_received: failed to acquire mutex
I (330655) BATTERY_MONITOR: Battery: 4005mV (81%), USB: absent, Health: 3
I (333085) MQTT_CLIENT: Replaying offline event: EPC=E280... (detected @ 120218 ms, rtc_s=1778526258, quality=2)
I (333135) MQTT_CLIENT: Replayed offline event: E28011704000021D53DAB0CB timeBasis=synced ts=1778526258000 (msg_id=38353)
I (333135) OFFLINE_LOGGER: Replayed event seqNo=585 (18/44)
I (333245) MQTT_CLIENT: Received message on topic: attendance/lighthouse/00:70:07:25:15:00/ack
I (333245) MQTT_CLIENT: Payload: {"ackedSeqNo":585,"ts":"2026-05-11T19:07:51.073Z"}
I (333255) MQTT_CLIENT: Received ACK for seqNo 585
W (334265) OFFLINE_LOGGER: ack_received: failed to acquire mutex
I (337905) BATTERY_MONITOR: Battery: 4005mV (81%), USB: absent, Health: 3
I (338075) MQTT_CLIENT: Replaying offline event: EPC=E280... (detected @ 125160 ms, rtc_s=1778526263, quality=2)
I (338125) MQTT_CLIENT: Replayed offline event: E28011704000021D53DAB0CB timeBasis=synced ts=1778526263000 (msg_id=27384)
I (338125) OFFLINE_LOGGER: Replayed event seqNo=586 (19/44)
I (338945) MQTT_CLIENT: Received message on topic: attendance/lighthouse/00:70:07:25:15:00/ack
I (338945) MQTT_CLIENT: Payload: {"ackedSeqNo":586,"ts":"2026-05-11T19:07:56.679Z"}
I (338955) MQTT_CLIENT: Received ACK for seqNo 586
W (339955) OFFLINE_LOGGER: ack_received: failed to acquire mutex
I (343125) MQTT_CLIENT: Replaying offline event: EPC=E280... (detected @ 130118 ms, rtc_s=1778526268, quality=2)
I (343175) MQTT_CLIENT: Replayed offline event: E28011704000021D53DAB0CB timeBasis=synced ts=1778526268000 (msg_id=65165)
I (343175) OFFLINE_LOGGER: Replayed event seqNo=587 (20/44)
I (343345) MQTT_CLIENT: Received message on topic: attendance/lighthouse/00:70:07:25:15:00/ack
I (343345) MQTT_CLIENT: Payload: {"ackedSeqNo":587,"ts":"2026-05-11T19:08:01.146Z"}
I (343345) MQTT_CLIENT: Received ACK for seqNo 587
W (344355) OFFLINE_LOGGER: ack_received: failed to acquire mutex
I (345175) BATTERY_MONITOR: Battery: 3980mV (78%), USB: absent, Health: 3
I (347805) MQTT_CLIENT: Replaying offline event: EPC=E280... (detected @ 135157 ms, rtc_s=1778526273, quality=2)
I (347845) MQTT_CLIENT: Replayed offline event: E28011704000021D53DAB0CB timeBasis=synced ts=1778526273000 (msg_id=21632)
I (347855) OFFLINE_LOGGER: Replayed event seqNo=588 (21/44)
I (347985) MQTT_CLIENT: Received message on topic: attendance/lighthouse/00:70:07:25:15:00/ack
I (347985) MQTT_CLIENT: Payload: {"ackedSeqNo":588,"ts":"2026-05-11T19:08:05.755Z"}
I (347995) MQTT_CLIENT: Received ACK for seqNo 588
W (349015) OFFLINE_LOGGER: ack_received: failed to acquire mutex
I (352255) BATTERY_MONITOR: Battery: 4009mV (81%), USB: absent, Health: 3
I (352505) MQTT_CLIENT: Replaying offline event: EPC=E280... (detected @ 139987 ms, rtc_s=1778526278, quality=2)
I (352555) MQTT_CLIENT: Replayed offline event: E28011704000021D53DAB0CB timeBasis=synced ts=1778526278000 (msg_id=15828)
I (352555) OFFLINE_LOGGER: Replayed event seqNo=589 (22/44)
I (353605) MQTT_CLIENT: Received message on topic: attendance/lighthouse/00:70:07:25:15:00/ack
I (353605) MQTT_CLIENT: Payload: {"ackedSeqNo":589,"ts":"2026-05-11T19:08:11.350Z"}
I (353605) MQTT_CLIENT: Received ACK for seqNo 589
W (354615) OFFLINE_LOGGER: ack_received: failed to acquire mutex
I (357505) MQTT_CLIENT: Replaying offline event: EPC=E280... (detected @ 144708 ms, rtc_s=1778526282, quality=2)
I (357545) MQTT_CLIENT: Replayed offline event: E28011704000021D53DAB0CB timeBasis=synced ts=1778526282000 (msg_id=51976)
I (357555) OFFLINE_LOGGER: Replayed event seqNo=590 (23/44)
I (358315) MQTT_CLIENT: Received message on topic: attendance/lighthouse/00:70:07:25:15:00/ack
I (358315) MQTT_CLIENT: Payload: {"ackedSeqNo":590,"ts":"2026-05-11T19:08:15.446Z"}
I (358325) MQTT_CLIENT: Received ACK for seqNo 590
W (359345) OFFLINE_LOGGER: ack_received: failed to acquire mutex
I (359745) BATTERY_MONITOR: Battery: 3987mV (79%), USB: absent, Health: 3
I (362485) MQTT_CLIENT: Replaying offline event: EPC=E280... (detected @ 149678 ms, rtc_s=1778526287, quality=2)
I (362535) MQTT_CLIENT: Replayed offline event: E28011704000021D53DAB0CB timeBasis=synced ts=1778526287000 (msg_id=38228)
I (362535) OFFLINE_LOGGER: Replayed event seqNo=591 (24/44)
I (362705) MQTT_CLIENT: Received message on topic: attendance/lighthouse/00:70:07:25:15:00/ack
I (362705) MQTT_CLIENT: Payload: {"ackedSeqNo":591,"ts":"2026-05-11T19:08:20.462Z"}
I (362715) MQTT_CLIENT: Received ACK for seqNo 591
W (363735) OFFLINE_LOGGER: ack_received: failed to acquire mutex
I (367115) BATTERY_MONITOR: Battery: 4005mV (81%), USB: absent, Health: 3
I (367445) MQTT_CLIENT: Replaying offline event: EPC=E280... (detected @ 154648 ms, rtc_s=1778526292, quality=2)
I (367495) MQTT_CLIENT: Replayed offline event: E28011704000021D53DAB0CB timeBasis=synced ts=1778526292000 (msg_id=46350)
I (367495) OFFLINE_LOGGER: Replayed event seqNo=592 (25/44)
I (368585) MQTT_CLIENT: Received message on topic: attendance/lighthouse/00:70:07:25:15:00/ack
I (368585) MQTT_CLIENT: Payload: {"ackedSeqNo":592,"ts":"2026-05-11T19:08:25.584Z"}
I (368585) MQTT_CLIENT: Received ACK for seqNo 592
W (369615) OFFLINE_LOGGER: ack_received: failed to acquire mutex
I (372485) MQTT_CLIENT: Replaying offline event: EPC=E280... (detected @ 159618 ms, rtc_s=1778526297, quality=2)
I (372525) MQTT_CLIENT: Replayed offline event: E28011704000021D53DAB0CB timeBasis=synced ts=1778526297000 (msg_id=421)
I (372535) OFFLINE_LOGGER: Replayed event seqNo=593 (26/44)
I (373485) MQTT_CLIENT: Received message on topic: attendance/lighthouse/00:70:07:25:15:00/ack
I (373485) MQTT_CLIENT: Payload: {"ackedSeqNo":593,"ts":"2026-05-11T19:08:30.851Z"}
I (373495) MQTT_CLIENT: Received ACK for seqNo 593
I (373855) RFID: Reader unpowered, powering on to perform handshake
I (373855) RFID: Powering ON RFID reader (GPIO5 HIGH)...
I (374385) BATTERY_MONITOR: Battery: 3969mV (77%), USB: absent, Health: 3
W (374495) OFFLINE_LOGGER: ack_received: failed to acquire mutex
I (375065) RFID: Firmware version: 129.3
I (375065) RFID: в Reader handshake successful - firmware v129.3
I (375065) RFID: Powering off after standalone handshake
I (375065) RFID: Powering OFF RFID reader (GPIO5 LOW)...
I (375105) RFID: в Reader powered OFF (sleep mode <100ВA)
I (377455) MQTT_CLIENT: Replaying offline event: EPC=E280... (detected @ 164637 ms, rtc_s=1778526302, quality=2)
I (377505) MQTT_CLIENT: Replayed offline event: E28011704000021D53DAB0CB timeBasis=synced ts=1778526302000 (msg_id=57159)
I (377505) OFFLINE_LOGGER: Replayed event seqNo=594 (27/44)
I (377615) MQTT_CLIENT: Received message on topic: attendance/lighthouse/00:70:07:25:15:00/ack
I (377615) MQTT_CLIENT: Payload: {"ackedSeqNo":594,"ts":"2026-05-11T19:08:35.414Z"}
I (377625) MQTT_CLIENT: Received ACK for seqNo 594
W (378635) OFFLINE_LOGGER: ack_received: failed to acquire mutex
I (381855) BATTERY_MONITOR: Battery: 3983mV (79%), USB: absent, Health: 3
I (382425) MQTT_CLIENT: Replaying offline event: EPC=E280... (detected @ 169657 ms, rtc_s=1778526307, quality=2)
I (382475) MQTT_CLIENT: Replayed offline event: E28011704000021D53DAB0CB timeBasis=synced ts=1778526307000 (msg_id=20538)
I (382475) OFFLINE_LOGGER: Replayed event seqNo=595 (28/44)
I (384465) MQTT_CLIENT: Received message on topic: attendance/lighthouse/00:70:07:25:15:00/ack
I (384475) MQTT_CLIENT: Payload: {"ackedSeqNo":595,"ts":"2026-05-11T19:08:40.431Z"}
I (384475) MQTT_CLIENT: Received ACK for seqNo 595
W (385505) OFFLINE_LOGGER: ack_received: failed to acquire mutex
I (385555) MQTT_CLIENT: Received message on topic: attendance/lighthouse/00:70:07:25:15:00/ack
I (385555) MQTT_CLIENT: Payload: {"ackedSeqNo":595,"ts":"2026-05-11T19:08:42.376Z"}
I (385565) MQTT_CLIENT: Received ACK for seqNo 595
W (386565) OFFLINE_LOGGER: ack_received: failed to acquire mutex
I (387275) MQTT_CLIENT: Replaying offline event: EPC=E280... (detected @ 174638 ms, rtc_s=1778526312, quality=2)
I (387325) MQTT_CLIENT: Replayed offline event: E28011704000021D53DAB0CB timeBasis=synced ts=1778526312000 (msg_id=28798)
I (387325) OFFLINE_LOGGER: Replayed event seqNo=596 (29/44)
I (387415) MQTT_CLIENT: Received message on topic: attendance/lighthouse/00:70:07:25:15:00/ack
I (387415) MQTT_CLIENT: Payload: {"ackedSeqNo":596,"ts":"2026-05-11T19:08:45.182Z"}
I (387425) MQTT_CLIENT: Received ACK for seqNo 596
W (388425) OFFLINE_LOGGER: ack_received: failed to acquire mutex
I (389185) BATTERY_MONITOR: Battery: 4011mV (82%), USB: absent, Health: 3
I (392265) MQTT_CLIENT: Replaying offline event: EPC=E280... (detected @ 179419 ms, rtc_s=1778526317, quality=2)
I (392315) MQTT_CLIENT: Replayed offline event: E28011704000021D53DAB0CB timeBasis=synced ts=1778526317000 (msg_id=7403)
I (392315) OFFLINE_LOGGER: Replayed event seqNo=597 (30/44)
I (392755) MQTT_CLIENT: Received message on topic: attendance/lighthouse/00:70:07:25:15:00/ack
I (392755) MQTT_CLIENT: Payload: {"ackedSeqNo":597,"ts":"2026-05-11T19:08:50.260Z"}
I (392755) MQTT_CLIENT: Received ACK for seqNo 597
W (393765) OFFLINE_LOGGER: ack_received: failed to acquire mutex
I (396675) BATTERY_MONITOR: Battery: 4007mV (81%), USB: absent, Health: 3
I (397245) MQTT_CLIENT: Replaying offline event: EPC=E280... (detected @ 184388 ms, rtc_s=1778526322, quality=2)
I (397305) MQTT_CLIENT: Replayed offline event: E28011704000021D53DAB0CB timeBasis=synced ts=1778526322000 (msg_id=13054)
I (397305) OFFLINE_LOGGER: Replayed event seqNo=598 (31/44)
I (397885) MQTT_CLIENT: Received message on topic: attendance/lighthouse/00:70:07:25:15:00/ack
I (397885) MQTT_CLIENT: Payload: {"ackedSeqNo":598,"ts":"2026-05-11T19:08:55.175Z"}
I (397895) MQTT_CLIENT: Received ACK for seqNo 598
W (398895) OFFLINE_LOGGER: ack_received: failed to acquire mutex
I (402215) MQTT_CLIENT: Replaying offline event: EPC=E280... (detected @ 189337 ms, rtc_s=1778526327, quality=2)
I (402265) MQTT_CLIENT: Replayed offline event: E28011704000021D53DAB0CB timeBasis=synced ts=1778526327000 (msg_id=10018)
I (402265) OFFLINE_LOGGER: Replayed event seqNo=599 (32/44)
I (402385) MQTT_CLIENT: Received message on topic: attendance/lighthouse/00:70:07:25:15:00/ack
I (402385) MQTT_CLIENT: Payload: {"ackedSeqNo":599,"ts":"2026-05-11T19:09:00.229Z"}
I (402435) MQTT_CLIENT: Received ACK for seqNo 599
W (403435) OFFLINE_LOGGER: ack_received: failed to acquire mutex
I (403975) BATTERY_MONITOR: Battery: 4013mV (82%), USB: absent, Health: 3
I (407255) MQTT_CLIENT: Replaying offline event: EPC=E280... (detected @ 194317 ms, rtc_s=1778526332, quality=2)
I (407305) MQTT_CLIENT: Replayed offline event: E28011704000021D53DAB0CB timeBasis=synced ts=1778526332000 (msg_id=52954)
I (407305) OFFLINE_LOGGER: Replayed event seqNo=600 (33/44)
I (407395) MQTT_CLIENT: Received message on topic: attendance/lighthouse/00:70:07:25:15:00/ack
I (407395) MQTT_CLIENT: Payload: {"ackedSeqNo":600,"ts":"2026-05-11T19:09:05.213Z"}
I (407405) MQTT_CLIENT: Received ACK for seqNo 600
W (408405) OFFLINE_LOGGER: ack_received: failed to acquire mutex
I (411215) BATTERY_MONITOR: Battery: 3983mV (79%), USB: absent, Health: 3
I (412315) MQTT_CLIENT: Replaying offline event: EPC=E280... (detected @ 199308 ms, rtc_s=1778526337, quality=2)
I (412325) MQTT_CLIENT: Replayed offline event: E28011704000021D53DAB0CB timeBasis=synced ts=1778526337000 (msg_id=52001)
I (412335) OFFLINE_LOGGER: Replayed event seqNo=601 (34/44)
I (412345) MQTT_CLIENT: Replaying offline event: EPC=E280... (detected @ 204287 ms, rtc_s=1778526342, quality=2)
I (412345) MQTT_CLIENT: Replayed offline event: E28011704000021D53DAB0CB timeBasis=synced ts=1778526342000 (msg_id=8224)
I (412355) OFFLINE_LOGGER: Replayed event seqNo=602 (35/44)
I (412375) MQTT_CLIENT: Replaying offline event: EPC=E280... (detected @ 208957 ms, rtc_s=1778526347, quality=2)
I (412375) MQTT_CLIENT: Replayed offline event: E28011704000021D53DAB0CB timeBasis=synced ts=1778526347000 (msg_id=2868)
I (412385) OFFLINE_LOGGER: Replayed event seqNo=603 (36/44)
I (412395) MQTT_CLIENT: Received message on topic: attendance/lighthouse/00:70:07:25:15:00/ack
I (412395) MQTT_CLIENT: Replaying offline event: EPC=E280... (detected @ 213658 ms, rtc_s=1778526351, quality=2)
I (412395) MQTT_CLIENT: Payload: {"ackedSeqNo":601,"ts":"2026-05-11T19:09:10.229Z"}
I (412415) MQTT_CLIENT: Received ACK for seqNo 601
I (412425) OFFLINE_LOGGER: ACK seqNo=601: advanced 19 entries, 42 remaining
I (412435) MQTT_CLIENT: Replayed offline event: E28011704000021D53DAB0CB timeBasis=synced ts=1778526351000 (msg_id=27315)
I (412435) OFFLINE_LOGGER: Replayed event seqNo=604 (37/44)
I (412445) MQTT_CLIENT: Replaying offline event: EPC=E280... (detected @ 218617 ms, rtc_s=1778526356, quality=2)
I (412445) MQTT_CLIENT: Received message on topic: attendance/lighthouse/00:70:07:25:15:00/ack
I (412455) MQTT_CLIENT: Payload: {"ackedSeqNo":602,"ts":"2026-05-11T19:09:10.247Z"}
I (412465) MQTT_CLIENT: Received ACK for seqNo 602
I (412485) OFFLINE_LOGGER: ACK seqNo=602: advanced 1 entries, 41 remaining
I (412495) MQTT_CLIENT: Replayed offline event: E28011704000021D53DAB0CB timeBasis=synced ts=1778526356000 (msg_id=50550)
I (412495) OFFLINE_LOGGER: Replayed event seqNo=605 (38/44)
I (412495) MQTT_CLIENT: Received message on topic: attendance/lighthouse/00:70:07:25:15:00/ack
I (412505) MQTT_CLIENT: Payload: {"ackedSeqNo":603,"ts":"2026-05-11T19:09:10.248Z"}
I (412515) MQTT_CLIENT: Replaying offline event: EPC=E280... (detected @ 223587 ms, rtc_s=1778526361, quality=2)
I (412515) MQTT_CLIENT: Received ACK for seqNo 603
I (412535) OFFLINE_LOGGER: ACK seqNo=603: advanced 1 entries, 40 remaining
I (412535) MQTT_CLIENT: Replayed offline event: E28011704000021D53DAB0CB timeBasis=synced ts=1778526361000 (msg_id=30614)
I (412545) OFFLINE_LOGGER: Replayed event seqNo=606 (39/44)
I (412555) MQTT_CLIENT: Replaying offline event: EPC=E280... (detected @ 228587 ms, rtc_s=1778526366, quality=2)
I (412565) MQTT_CLIENT: Replayed offline event: E28011704000021D53DAB0CB timeBasis=synced ts=1778526366000 (msg_id=46499)
I (412565) OFFLINE_LOGGER: Replayed event seqNo=607 (40/44)
I (412585) MQTT_CLIENT: Replaying offline event: EPC=E280... (detected @ 233567 ms, rtc_s=1778526371, quality=2)
I (412585) MQTT_CLIENT: Replayed offline event: E28011704000021D53DAB0CB timeBasis=synced ts=1778526371000 (msg_id=9471)
I (412595) OFFLINE_LOGGER: Replayed event seqNo=608 (41/44)
I (412615) MQTT_CLIENT: Replaying offline event: EPC=E280... (detected @ 238537 ms, rtc_s=1778526376, quality=2)
I (412615) MQTT_CLIENT: Replayed offline event: E28011704000021D53DAB0CB timeBasis=synced ts=1778526376000 (msg_id=33444)
I (412625) OFFLINE_LOGGER: Replayed event seqNo=609 (42/44)
I (412635) MQTT_CLIENT: Replaying offline event: EPC=E280... (detected @ 243497 ms, rtc_s=1778526381, quality=2)
I (412635) MQTT_CLIENT: Replayed offline event: E28011704000021D53DAB0CB timeBasis=synced ts=1778526381000 (msg_id=14678)
I (412645) OFFLINE_LOGGER: Replayed event seqNo=610 (43/44)
I (412665) MQTT_CLIENT: Replaying offline event: EPC=E280... (detected @ 248378 ms, rtc_s=1778526386, quality=2)
I (412665) MQTT_CLIENT: Replayed offline event: E28011704000021D53DAB0CB timeBasis=synced ts=1778526386000 (msg_id=40361)
I (412675) OFFLINE_LOGGER: Replayed event seqNo=611 (44/44)
I (412685) OFFLINE_LOGGER: Replay complete! Replayed 44 events in 160648 ms
I (412895) MQTT_CLIENT: Received message on topic: attendance/lighthouse/00:70:07:25:15:00/ack
I (412895) MQTT_CLIENT: Payload: {"ackedSeqNo":604,"ts":"2026-05-11T19:09:10.539Z"}
I (412895) MQTT_CLIENT: Received ACK for seqNo 604
I (412915) OFFLINE_LOGGER: ACK seqNo=604: advanced 1 entries, 39 remaining
I (412925) MQTT_CLIENT: Received message on topic: attendance/lighthouse/00:70:07:25:15:00/ack
I (412925) MQTT_CLIENT: Payload: {"ackedSeqNo":606,"ts":"2026-05-11T19:09:10.539Z"}
I (412935) MQTT_CLIENT: Received ACK for seqNo 606
I (412945) OFFLINE_LOGGER: ACK seqNo=606: advanced 2 entries, 37 remaining
I (412945) MQTT_CLIENT: Received message on topic: attendance/lighthouse/00:70:07:25:15:00/ack
I (412945) MQTT_CLIENT: Payload: {"ackedSeqNo":605,"ts":"2026-05-11T19:09:10.539Z"}
I (412955) MQTT_CLIENT: Received ACK for seqNo 605
I (412965) OFFLINE_LOGGER: ACK seqNo=605: advanced 0 entries, 37 remaining
I (412975) MQTT_CLIENT: Received message on topic: attendance/lighthouse/00:70:07:25:15:00/ack
I (412975) MQTT_CLIENT: Payload: {"ackedSeqNo":608,"ts":"2026-05-11T19:09:10.541Z"}
I (412985) MQTT_CLIENT: Received ACK for seqNo 608
I (412995) OFFLINE_LOGGER: ACK seqNo=608: advanced 2 entries, 35 remaining
I (413005) MQTT_CLIENT: Received message on topic: attendance/lighthouse/00:70:07:25:15:00/ack
I (413005) MQTT_CLIENT: Payload: {"ackedSeqNo":607,"ts":"2026-05-11T19:09:10.542Z"}
I (413015) MQTT_CLIENT: Received ACK for seqNo 607
I (413015) OFFLINE_LOGGER: ACK seqNo=607: advanced 0 entries, 35 remaining
I (413035) MQTT_CLIENT: Received message on topic: attendance/lighthouse/00:70:07:25:15:00/ack
I (413035) MQTT_CLIENT: Payload: {"ackedSeqNo":609,"ts":"2026-05-11T19:09:10.744Z"}
I (413045) MQTT_CLIENT: Received ACK for seqNo 609
I (413055) OFFLINE_LOGGER: ACK seqNo=609: advanced 1 entries, 34 remaining
I (413065) MQTT_CLIENT: Received message on topic: attendance/lighthouse/00:70:07:25:15:00/ack
I (413065) MQTT_CLIENT: Payload: {"ackedSeqNo":611,"ts":"2026-05-11T19:09:10.745Z"}
I (413075) MQTT_CLIENT: Received ACK for seqNo 611
I (413085) OFFLINE_LOGGER: ACK seqNo=611: advanced 2 entries, 32 remaining
I (413335) MQTT_CLIENT: Received message on topic: attendance/lighthouse/00:70:07:25:15:00/ack
I (413335) MQTT_CLIENT: Payload: {"ackedSeqNo":610,"ts":"2026-05-11T19:09:10.745Z"}
I (413335) MQTT_CLIENT: Received ACK for seqNo 610
I (413345) OFFLINE_LOGGER: ACK seqNo=610: advanced 0 entries, 32 remaining
I (416575) BATTERY_MONITOR: Battery: 4011mV (82%), USB: absent, Health: 3
I (421625) BATTERY_MONITOR: Battery: 4013mV (82%), USB: absent, Health: 3
I (426685) BATTERY_MONITOR: Battery: 3987mV (79%), USB: absent, Health: 3
I (431735) BATTERY_MONITOR: Battery: 4011mV (82%), USB: absent, Health: 3
I (435105) RFID: Reader unpowered, powering on to perform handshake
I (435105) RFID: Powering ON RFID reader (GPIO5 HIGH)...
I (436285) RFID: Firmware version: 129.3
I (436285) RFID: вњ“ Reader handshake successful - firmware v129.3
I (436285) RFID: Powering off after standalone handshake
I (436285) RFID: Powering OFF RFID reader (GPIO5 LOW)...
I (436285) RFID: вњ“ Reader powered OFF (sleep mode <100ВA)
I (436785) BATTERY_MONITOR: Battery: 4016mV (82%), USB: absent, Health: 3
I (441835) BATTERY_MONITOR: Battery: 4011mV (82%), USB: absent, Health: 3
I (446895) BATTERY_MONITOR: Battery: 4016mV (82%), USB: absent, Health: 3
I (451955) BATTERY_MONITOR: Battery: 4011mV (82%), USB: absent, Health: 3
I (457005) BATTERY_MONITOR: Battery: 4018mV (82%), USB: absent, Health: 3
I (462055) BATTERY_MONITOR: Battery: 4018mV (82%), USB: absent, Health: 3

