ISO-10303-21;
HEADER;
/* Generated by software containing ST-Developer
 * from STEP Tools, Inc. (www.steptools.com) 
 */
/* OPTION: strings as raw bytes, not using required /X/ escapes */

FILE_DESCRIPTION(
/* description */ ('Unknown'),
/* implementation_level */ '2;1');

FILE_NAME(
/* name */ 'IDCP2218ER101M01',
/* time_stamp */ '2025-03-11T09:46:19+02:00',
/* author */ ('Unknown'),
/* organization */ ('Unknown'),
/* preprocessor_version */ 'ST-DEVELOPER v18.102',
/* originating_system */ 'Solid Edge',
/* authorisation */ 'Unknown');

FILE_SCHEMA (('AUTOMOTIVE_DESIGN {1 0 10303 214 3 1 1}'));
ENDSEC;

DATA;
#10=PROPERTY_DEFINITION_REPRESENTATION(#14,#12);
#11=PROPERTY_DEFINITION_REPRESENTATION(#15,#13);
#12=REPRESENTATION('',(#16),#4275);
#13=REPRESENTATION('',(#17),#4275);
#14=PROPERTY_DEFINITION('pmi validation property','',#4280);
#15=PROPERTY_DEFINITION('pmi validation property','',#4280);
#16=VALUE_REPRESENTATION_ITEM('number of annotations',COUNT_MEASURE(0.));
#17=VALUE_REPRESENTATION_ITEM('number of views',COUNT_MEASURE(0.));
#18=(
BOUNDED_CURVE()
B_SPLINE_CURVE(2,(#2109,#2110,#2111,#2112,#2113,#2114,#2115,#2116,#2117,
#2118,#2119,#2120,#2121,#2122,#2123,#2124,#2125,#2126,#2127,#2128,#2129,
#2130,#2131,#2132,#2133,#2134,#2135,#2136,#2137,#2138,#2139,#2140,#2141,
#2142,#2143,#2144,#2145,#2146,#2147,#2148,#2149,#2150,#2151,#2152,#2153,
#2154,#2155,#2156,#2157,#2158,#2159,#2160,#2161,#2162,#2163,#2164,#2165,
#2166,#2167,#2168,#2169,#2170,#2171,#2172,#2173,#2174,#2175,#2176,#2177,
#2178,#2179,#2180,#2181,#2182,#2183,#2184,#2185,#2186,#2187,#2188,#2189,
#2190,#2191,#2192,#2193,#2194,#2195,#2196,#2197,#2198,#2199,#2200,#2201,
#2202,#2203,#2204,#2205),.UNSPECIFIED.,.F.,.F.)
B_SPLINE_CURVE_WITH_KNOTS((3,2,2,2,2,2,2,2,2,2,2,2,2,2,2,2,2,2,2,2,2,2,
2,2,2,2,2,2,2,2,2,2,2,2,2,2,2,2,2,2,2,2,2,2,2,2,2,2,3),(0.,0.0208333333333333,
0.0416666666666667,0.0625,0.0833333333333333,0.104166666666667,0.125,0.145833333333333,
0.166666666666667,0.1875,0.208333333333333,0.229166666666667,0.25,0.270833333333333,
0.291666666666667,0.3125,0.333333333333333,0.354166666666667,0.375,0.395833333333333,
0.416666666666667,0.4375,0.458333333333333,0.479166666666667,0.5,0.520833333333333,
0.541666666666667,0.5625,0.583333333333333,0.604166666666667,0.625,0.645833333333333,
0.666666666666667,0.6875,0.708333333333333,0.729166666666667,0.75,0.770833333333333,
0.791666666666667,0.8125,0.833333333333333,0.854166666666667,0.875,0.895833333333333,
0.916666666666667,0.9375,0.958333333333333,0.979166666666667,1.),
 .UNSPECIFIED.)
CURVE()
GEOMETRIC_REPRESENTATION_ITEM()
RATIONAL_B_SPLINE_CURVE((1.,0.866025403784439,1.,0.866025403784439,1.,0.866025403784439,
1.,0.866025403784439,1.,0.866025403784439,1.,0.866025403784439,1.,0.866025403784439,
1.,0.866025403784439,1.,0.866025403784439,1.,0.866025403784439,1.,0.866025403784439,
1.,0.866025403784439,1.,0.866025403784439,1.,0.866025403784439,1.,0.866025403784439,
1.,0.866025403784439,1.,0.866025403784439,1.,0.866025403784439,1.,0.866025403784439,
1.,0.866025403784439,1.,0.866025403784439,1.,0.866025403784439,1.,0.866025403784439,
1.,0.866025403784439,1.,0.866025403784439,1.,0.866025403784439,1.,0.866025403784439,
1.,0.866025403784439,1.,0.866025403784439,1.,0.866025403784439,1.,0.866025403784439,
1.,0.866025403784439,1.,0.866025403784439,1.,0.866025403784439,1.,0.866025403784439,
1.,0.866025403784439,1.,0.866025403784439,1.,0.866025403784439,1.,0.866025403784439,
1.,0.866025403784439,1.,0.866025403784439,1.,0.866025403784439,1.,0.866025403784439,
1.,0.866025403784439,1.,0.866025403784439,1.,0.866025403784439,1.,0.866025403784439,
1.,0.866025403784439,1.))
REPRESENTATION_ITEM('')
);
#19=(
BOUNDED_CURVE()
B_SPLINE_CURVE(2,(#2209,#2210,#2211,#2212,#2213,#2214,#2215,#2216,#2217,
#2218,#2219,#2220,#2221,#2222,#2223,#2224,#2225,#2226,#2227,#2228,#2229,
#2230,#2231,#2232,#2233,#2234,#2235,#2236,#2237,#2238,#2239,#2240,#2241,
#2242,#2243,#2244,#2245,#2246,#2247,#2248,#2249,#2250,#2251,#2252,#2253,
#2254,#2255,#2256,#2257,#2258,#2259,#2260,#2261,#2262,#2263,#2264,#2265,
#2266,#2267,#2268,#2269,#2270,#2271,#2272,#2273,#2274,#2275,#2276,#2277,
#2278,#2279,#2280,#2281,#2282,#2283,#2284,#2285,#2286,#2287,#2288,#2289,
#2290,#2291,#2292,#2293,#2294,#2295,#2296,#2297,#2298,#2299,#2300,#2301,
#2302,#2303,#2304,#2305),.UNSPECIFIED.,.F.,.F.)
B_SPLINE_CURVE_WITH_KNOTS((3,2,2,2,2,2,2,2,2,2,2,2,2,2,2,2,2,2,2,2,2,2,
2,2,2,2,2,2,2,2,2,2,2,2,2,2,2,2,2,2,2,2,2,2,2,2,2,2,3),(0.,0.0208333333333333,
0.0416666666666667,0.0625,0.0833333333333333,0.104166666666667,0.125,0.145833333333333,
0.166666666666667,0.1875,0.208333333333333,0.229166666666667,0.25,0.270833333333333,
0.291666666666667,0.3125,0.333333333333333,0.354166666666667,0.375,0.395833333333333,
0.416666666666667,0.4375,0.458333333333333,0.479166666666667,0.5,0.520833333333333,
0.541666666666667,0.5625,0.583333333333333,0.604166666666667,0.625,0.645833333333333,
0.666666666666667,0.6875,0.708333333333333,0.729166666666667,0.75,0.770833333333333,
0.791666666666667,0.8125,0.833333333333333,0.854166666666667,0.875,0.895833333333333,
0.916666666666667,0.9375,0.958333333333333,0.979166666666667,1.),
 .UNSPECIFIED.)
CURVE()
GEOMETRIC_REPRESENTATION_ITEM()
RATIONAL_B_SPLINE_CURVE((1.,0.866025403784439,1.,0.866025403784439,1.,0.866025403784439,
1.,0.866025403784439,1.,0.866025403784439,1.,0.866025403784439,1.,0.866025403784439,
1.,0.866025403784439,1.,0.866025403784439,1.,0.866025403784439,1.,0.866025403784439,
1.,0.866025403784439,1.,0.866025403784439,1.,0.866025403784439,1.,0.866025403784439,
1.,0.866025403784439,1.,0.866025403784439,1.,0.866025403784439,1.,0.866025403784439,
1.,0.866025403784439,1.,0.866025403784439,1.,0.866025403784439,1.,0.866025403784439,
1.,0.866025403784439,1.,0.866025403784439,1.,0.866025403784439,1.,0.866025403784439,
1.,0.866025403784439,1.,0.866025403784439,1.,0.866025403784439,1.,0.866025403784439,
1.,0.866025403784439,1.,0.866025403784439,1.,0.866025403784439,1.,0.866025403784439,
1.,0.866025403784439,1.,0.866025403784439,1.,0.866025403784439,1.,0.866025403784439,
1.,0.866025403784439,1.,0.866025403784439,1.,0.866025403784439,1.,0.866025403784439,
1.,0.866025403784439,1.,0.866025403784439,1.,0.866025403784439,1.,0.866025403784439,
1.,0.866025403784439,1.))
REPRESENTATION_ITEM('')
);
#20=(
BOUNDED_CURVE()
B_SPLINE_CURVE(2,(#2307,#2308,#2309,#2310,#2311,#2312,#2313,#2314,#2315,
#2316,#2317,#2318,#2319,#2320,#2321,#2322,#2323,#2324,#2325,#2326,#2327,
#2328,#2329,#2330,#2331,#2332,#2333,#2334,#2335,#2336,#2337,#2338,#2339,
#2340,#2341,#2342,#2343,#2344,#2345,#2346,#2347,#2348,#2349,#2350,#2351,
#2352,#2353,#2354,#2355,#2356,#2357,#2358,#2359,#2360,#2361,#2362,#2363,
#2364,#2365,#2366,#2367,#2368,#2369,#2370,#2371,#2372,#2373,#2374,#2375,
#2376,#2377,#2378,#2379,#2380,#2381,#2382,#2383,#2384,#2385,#2386,#2387,
#2388,#2389,#2390,#2391,#2392,#2393,#2394,#2395,#2396,#2397,#2398,#2399,
#2400,#2401,#2402,#2403),.UNSPECIFIED.,.F.,.F.)
B_SPLINE_CURVE_WITH_KNOTS((3,2,2,2,2,2,2,2,2,2,2,2,2,2,2,2,2,2,2,2,2,2,
2,2,2,2,2,2,2,2,2,2,2,2,2,2,2,2,2,2,2,2,2,2,2,2,2,2,3),(0.,0.0208333333333333,
0.0416666666666667,0.0625,0.0833333333333333,0.104166666666667,0.125,0.145833333333333,
0.166666666666667,0.1875,0.208333333333333,0.229166666666667,0.25,0.270833333333333,
0.291666666666667,0.3125,0.333333333333333,0.354166666666667,0.375,0.395833333333333,
0.416666666666667,0.4375,0.458333333333333,0.479166666666667,0.5,0.520833333333333,
0.541666666666667,0.5625,0.583333333333333,0.604166666666667,0.625,0.645833333333333,
0.666666666666667,0.6875,0.708333333333333,0.729166666666667,0.75,0.770833333333333,
0.791666666666667,0.8125,0.833333333333333,0.854166666666667,0.875,0.895833333333333,
0.916666666666667,0.9375,0.958333333333333,0.979166666666667,1.),
 .UNSPECIFIED.)
CURVE()
GEOMETRIC_REPRESENTATION_ITEM()
RATIONAL_B_SPLINE_CURVE((1.,0.866025403784439,1.,0.866025403784439,1.,0.866025403784439,
1.,0.866025403784439,1.,0.866025403784439,1.,0.866025403784439,1.,0.866025403784439,
1.,0.866025403784439,1.,0.866025403784439,1.,0.866025403784439,1.,0.866025403784439,
1.,0.866025403784439,1.,0.866025403784439,1.,0.866025403784439,1.,0.866025403784439,
1.,0.866025403784439,1.,0.866025403784439,1.,0.866025403784439,1.,0.866025403784439,
1.,0.866025403784439,1.,0.866025403784439,1.,0.866025403784439,1.,0.866025403784439,
1.,0.866025403784439,1.,0.866025403784439,1.,0.866025403784439,1.,0.866025403784439,
1.,0.866025403784439,1.,0.866025403784439,1.,0.866025403784439,1.,0.866025403784439,
1.,0.866025403784439,1.,0.866025403784439,1.,0.866025403784439,1.,0.866025403784439,
1.,0.866025403784439,1.,0.866025403784439,1.,0.866025403784439,1.,0.866025403784439,
1.,0.866025403784439,1.,0.866025403784439,1.,0.866025403784439,1.,0.866025403784439,
1.,0.866025403784439,1.,0.866025403784439,1.,0.866025403784439,1.,0.866025403784439,
1.,0.866025403784439,1.))
REPRESENTATION_ITEM('')
);
#21=(
BOUNDED_CURVE()
B_SPLINE_CURVE(2,(#2793,#2794,#2795,#2796,#2797,#2798,#2799,#2800,#2801,
#2802,#2803,#2804,#2805,#2806,#2807,#2808,#2809,#2810,#2811,#2812,#2813,
#2814,#2815,#2816,#2817,#2818,#2819,#2820,#2821,#2822,#2823,#2824,#2825,
#2826,#2827,#2828,#2829,#2830,#2831,#2832,#2833,#2834,#2835,#2836,#2837,
#2838,#2839,#2840,#2841,#2842,#2843,#2844,#2845,#2846,#2847,#2848,#2849,
#2850,#2851,#2852,#2853,#2854,#2855,#2856,#2857,#2858,#2859,#2860,#2861,
#2862,#2863,#2864,#2865,#2866,#2867,#2868,#2869,#2870,#2871,#2872,#2873,
#2874,#2875,#2876,#2877,#2878,#2879,#2880,#2881,#2882,#2883,#2884,#2885,
#2886,#2887,#2888,#2889),.UNSPECIFIED.,.F.,.F.)
B_SPLINE_CURVE_WITH_KNOTS((3,2,2,2,2,2,2,2,2,2,2,2,2,2,2,2,2,2,2,2,2,2,
2,2,2,2,2,2,2,2,2,2,2,2,2,2,2,2,2,2,2,2,2,2,2,2,2,2,3),(0.,0.0208333333333333,
0.0416666666666667,0.0625,0.0833333333333333,0.104166666666667,0.125,0.145833333333333,
0.166666666666667,0.1875,0.208333333333333,0.229166666666667,0.25,0.270833333333333,
0.291666666666667,0.3125,0.333333333333333,0.354166666666667,0.375,0.395833333333333,
0.416666666666667,0.4375,0.458333333333333,0.479166666666667,0.5,0.520833333333333,
0.541666666666667,0.5625,0.583333333333333,0.604166666666667,0.625,0.645833333333333,
0.666666666666667,0.6875,0.708333333333333,0.729166666666667,0.75,0.770833333333333,
0.791666666666667,0.8125,0.833333333333333,0.854166666666667,0.875,0.895833333333333,
0.916666666666667,0.9375,0.958333333333333,0.979166666666667,1.),
 .UNSPECIFIED.)
CURVE()
GEOMETRIC_REPRESENTATION_ITEM()
RATIONAL_B_SPLINE_CURVE((1.,0.866025403784439,1.,0.866025403784439,1.,0.866025403784439,
1.,0.866025403784439,1.,0.866025403784439,1.,0.866025403784439,1.,0.866025403784439,
1.,0.866025403784439,1.,0.866025403784439,1.,0.866025403784439,1.,0.866025403784439,
1.,0.866025403784439,1.,0.866025403784439,1.,0.866025403784439,1.,0.866025403784439,
1.,0.866025403784439,1.,0.866025403784439,1.,0.866025403784439,1.,0.866025403784439,
1.,0.866025403784439,1.,0.866025403784439,1.,0.866025403784439,1.,0.866025403784439,
1.,0.866025403784439,1.,0.866025403784439,1.,0.866025403784439,1.,0.866025403784439,
1.,0.866025403784439,1.,0.866025403784439,1.,0.866025403784439,1.,0.866025403784439,
1.,0.866025403784439,1.,0.866025403784439,1.,0.866025403784439,1.,0.866025403784439,
1.,0.866025403784439,1.,0.866025403784439,1.,0.866025403784439,1.,0.866025403784439,
1.,0.866025403784439,1.,0.866025403784439,1.,0.866025403784439,1.,0.866025403784439,
1.,0.866025403784439,1.,0.866025403784439,1.,0.866025403784439,1.,0.866025403784439,
1.,0.866025403784439,1.))
REPRESENTATION_ITEM('')
);
#22=(
BOUNDED_CURVE()
B_SPLINE_CURVE(2,(#3280,#3281,#3282,#3283,#3284,#3285,#3286,#3287,#3288,
#3289,#3290,#3291,#3292,#3293,#3294,#3295,#3296,#3297,#3298,#3299,#3300,
#3301,#3302,#3303,#3304,#3305,#3306,#3307,#3308,#3309,#3310,#3311,#3312,
#3313,#3314,#3315,#3316,#3317,#3318,#3319,#3320,#3321,#3322,#3323,#3324,
#3325,#3326,#3327,#3328,#3329,#3330,#3331,#3332,#3333,#3334,#3335,#3336,
#3337,#3338,#3339,#3340,#3341,#3342,#3343,#3344,#3345,#3346,#3347,#3348,
#3349,#3350,#3351,#3352,#3353,#3354,#3355,#3356,#3357,#3358,#3359,#3360,
#3361,#3362,#3363,#3364,#3365,#3366,#3367,#3368,#3369,#3370,#3371,#3372,
#3373,#3374,#3375,#3376),.UNSPECIFIED.,.F.,.F.)
B_SPLINE_CURVE_WITH_KNOTS((3,2,2,2,2,2,2,2,2,2,2,2,2,2,2,2,2,2,2,2,2,2,
2,2,2,2,2,2,2,2,2,2,2,2,2,2,2,2,2,2,2,2,2,2,2,2,2,2,3),(0.,0.0208333333333333,
0.0416666666666667,0.0625,0.0833333333333333,0.104166666666667,0.125,0.145833333333333,
0.166666666666667,0.1875,0.208333333333333,0.229166666666667,0.25,0.270833333333333,
0.291666666666667,0.3125,0.333333333333333,0.354166666666667,0.375,0.395833333333333,
0.416666666666667,0.4375,0.458333333333333,0.479166666666667,0.5,0.520833333333333,
0.541666666666667,0.5625,0.583333333333333,0.604166666666667,0.625,0.645833333333333,
0.666666666666667,0.6875,0.708333333333333,0.729166666666667,0.75,0.770833333333333,
0.791666666666667,0.8125,0.833333333333333,0.854166666666667,0.875,0.895833333333333,
0.916666666666667,0.9375,0.958333333333333,0.979166666666667,1.),
 .UNSPECIFIED.)
CURVE()
GEOMETRIC_REPRESENTATION_ITEM()
RATIONAL_B_SPLINE_CURVE((1.,0.866025403784439,1.,0.866025403784439,1.,0.866025403784439,
1.,0.866025403784439,1.,0.866025403784439,1.,0.866025403784439,1.,0.866025403784439,
1.,0.866025403784439,1.,0.866025403784439,1.,0.866025403784439,1.,0.866025403784439,
1.,0.866025403784439,1.,0.866025403784439,1.,0.866025403784439,1.,0.866025403784439,
1.,0.866025403784439,1.,0.866025403784439,1.,0.866025403784439,1.,0.866025403784439,
1.,0.866025403784439,1.,0.866025403784439,1.,0.866025403784439,1.,0.866025403784439,
1.,0.866025403784439,1.,0.866025403784439,1.,0.866025403784439,1.,0.866025403784439,
1.,0.866025403784439,1.,0.866025403784439,1.,0.866025403784439,1.,0.866025403784439,
1.,0.866025403784439,1.,0.866025403784439,1.,0.866025403784439,1.,0.866025403784439,
1.,0.866025403784439,1.,0.866025403784439,1.,0.866025403784439,1.,0.866025403784439,
1.,0.866025403784439,1.,0.866025403784439,1.,0.866025403784439,1.,0.866025403784439,
1.,0.866025403784439,1.,0.866025403784439,1.,0.866025403784439,1.,0.866025403784439,
1.,0.866025403784439,1.))
REPRESENTATION_ITEM('')
);
#23=(
BOUNDED_CURVE()
B_SPLINE_CURVE(2,(#3381,#3382,#3383,#3384,#3385,#3386,#3387,#3388,#3389,
#3390,#3391,#3392,#3393,#3394,#3395,#3396,#3397,#3398,#3399,#3400,#3401,
#3402,#3403,#3404,#3405,#3406,#3407,#3408,#3409,#3410,#3411,#3412,#3413,
#3414,#3415,#3416,#3417,#3418,#3419,#3420,#3421,#3422,#3423,#3424,#3425,
#3426,#3427,#3428,#3429,#3430,#3431,#3432,#3433,#3434,#3435,#3436,#3437,
#3438,#3439,#3440,#3441,#3442,#3443,#3444,#3445,#3446,#3447,#3448,#3449,
#3450,#3451,#3452,#3453,#3454,#3455,#3456,#3457,#3458,#3459,#3460,#3461,
#3462,#3463,#3464,#3465,#3466,#3467,#3468,#3469,#3470,#3471,#3472,#3473,
#3474,#3475,#3476,#3477),.UNSPECIFIED.,.F.,.F.)
B_SPLINE_CURVE_WITH_KNOTS((3,2,2,2,2,2,2,2,2,2,2,2,2,2,2,2,2,2,2,2,2,2,
2,2,2,2,2,2,2,2,2,2,2,2,2,2,2,2,2,2,2,2,2,2,2,2,2,2,3),(0.,0.0208333333333333,
0.0416666666666667,0.0625,0.0833333333333333,0.104166666666667,0.125,0.145833333333333,
0.166666666666667,0.1875,0.208333333333333,0.229166666666667,0.25,0.270833333333333,
0.291666666666667,0.3125,0.333333333333333,0.354166666666667,0.375,0.395833333333333,
0.416666666666667,0.4375,0.458333333333333,0.479166666666667,0.5,0.520833333333333,
0.541666666666667,0.5625,0.583333333333333,0.604166666666667,0.625,0.645833333333333,
0.666666666666667,0.6875,0.708333333333333,0.729166666666667,0.75,0.770833333333333,
0.791666666666667,0.8125,0.833333333333333,0.854166666666667,0.875,0.895833333333333,
0.916666666666667,0.9375,0.958333333333333,0.979166666666667,1.),
 .UNSPECIFIED.)
CURVE()
GEOMETRIC_REPRESENTATION_ITEM()
RATIONAL_B_SPLINE_CURVE((1.,0.866025403784439,1.,0.866025403784439,1.,0.866025403784439,
1.,0.866025403784439,1.,0.866025403784439,1.,0.866025403784439,1.,0.866025403784439,
1.,0.866025403784439,1.,0.866025403784439,1.,0.866025403784439,1.,0.866025403784439,
1.,0.866025403784439,1.,0.866025403784439,1.,0.866025403784439,1.,0.866025403784439,
1.,0.866025403784439,1.,0.866025403784439,1.,0.866025403784439,1.,0.866025403784439,
1.,0.866025403784439,1.,0.866025403784439,1.,0.866025403784439,1.,0.866025403784439,
1.,0.866025403784439,1.,0.866025403784439,1.,0.866025403784439,1.,0.866025403784439,
1.,0.866025403784439,1.,0.866025403784439,1.,0.866025403784439,1.,0.866025403784439,
1.,0.866025403784439,1.,0.866025403784439,1.,0.866025403784439,1.,0.866025403784439,
1.,0.866025403784439,1.,0.866025403784439,1.,0.866025403784439,1.,0.866025403784439,
1.,0.866025403784439,1.,0.866025403784439,1.,0.866025403784439,1.,0.866025403784439,
1.,0.866025403784439,1.,0.866025403784439,1.,0.866025403784439,1.,0.866025403784439,
1.,0.866025403784439,1.))
REPRESENTATION_ITEM('')
);
#24=(
BOUNDED_CURVE()
B_SPLINE_CURVE(2,(#3481,#3482,#3483,#3484,#3485,#3486,#3487,#3488,#3489,
#3490,#3491,#3492,#3493,#3494,#3495,#3496,#3497,#3498,#3499,#3500,#3501,
#3502,#3503,#3504,#3505,#3506,#3507,#3508,#3509,#3510,#3511,#3512,#3513,
#3514,#3515,#3516,#3517,#3518,#3519,#3520,#3521,#3522,#3523,#3524,#3525,
#3526,#3527,#3528,#3529,#3530,#3531,#3532,#3533,#3534,#3535,#3536,#3537,
#3538,#3539,#3540,#3541,#3542,#3543,#3544,#3545,#3546,#3547,#3548,#3549,
#3550,#3551,#3552,#3553,#3554,#3555,#3556,#3557,#3558,#3559,#3560,#3561,
#3562,#3563,#3564,#3565,#3566,#3567,#3568,#3569,#3570,#3571,#3572,#3573,
#3574,#3575,#3576,#3577),.UNSPECIFIED.,.F.,.F.)
B_SPLINE_CURVE_WITH_KNOTS((3,2,2,2,2,2,2,2,2,2,2,2,2,2,2,2,2,2,2,2,2,2,
2,2,2,2,2,2,2,2,2,2,2,2,2,2,2,2,2,2,2,2,2,2,2,2,2,2,3),(0.,0.0208333333333333,
0.0416666666666667,0.0625,0.0833333333333333,0.104166666666667,0.125,0.145833333333333,
0.166666666666667,0.1875,0.208333333333333,0.229166666666667,0.25,0.270833333333333,
0.291666666666667,0.3125,0.333333333333333,0.354166666666667,0.375,0.395833333333333,
0.416666666666667,0.4375,0.458333333333333,0.479166666666667,0.5,0.520833333333333,
0.541666666666667,0.5625,0.583333333333333,0.604166666666667,0.625,0.645833333333333,
0.666666666666667,0.6875,0.708333333333333,0.729166666666667,0.75,0.770833333333333,
0.791666666666667,0.8125,0.833333333333333,0.854166666666667,0.875,0.895833333333333,
0.916666666666667,0.9375,0.958333333333333,0.979166666666667,1.),
 .UNSPECIFIED.)
CURVE()
GEOMETRIC_REPRESENTATION_ITEM()
RATIONAL_B_SPLINE_CURVE((1.,0.866025403784439,1.,0.866025403784439,1.,0.866025403784439,
1.,0.866025403784439,1.,0.866025403784439,1.,0.866025403784439,1.,0.866025403784439,
1.,0.866025403784439,1.,0.866025403784439,1.,0.866025403784439,1.,0.866025403784439,
1.,0.866025403784439,1.,0.866025403784439,1.,0.866025403784439,1.,0.866025403784439,
1.,0.866025403784439,1.,0.866025403784439,1.,0.866025403784439,1.,0.866025403784439,
1.,0.866025403784439,1.,0.866025403784439,1.,0.866025403784439,1.,0.866025403784439,
1.,0.866025403784439,1.,0.866025403784439,1.,0.866025403784439,1.,0.866025403784439,
1.,0.866025403784439,1.,0.866025403784439,1.,0.866025403784439,1.,0.866025403784439,
1.,0.866025403784439,1.,0.866025403784439,1.,0.866025403784439,1.,0.866025403784439,
1.,0.866025403784439,1.,0.866025403784439,1.,0.866025403784439,1.,0.866025403784439,
1.,0.866025403784439,1.,0.866025403784439,1.,0.866025403784439,1.,0.866025403784439,
1.,0.866025403784439,1.,0.866025403784439,1.,0.866025403784439,1.,0.866025403784439,
1.,0.866025403784439,1.))
REPRESENTATION_ITEM('')
);
#25=(
BOUNDED_CURVE()
B_SPLINE_CURVE(2,(#3579,#3580,#3581,#3582,#3583,#3584,#3585,#3586,#3587,
#3588,#3589,#3590,#3591,#3592,#3593,#3594,#3595,#3596,#3597,#3598,#3599,
#3600,#3601,#3602,#3603,#3604,#3605,#3606,#3607,#3608,#3609,#3610,#3611,
#3612,#3613,#3614,#3615,#3616,#3617,#3618,#3619,#3620,#3621,#3622,#3623,
#3624,#3625,#3626,#3627,#3628,#3629,#3630,#3631,#3632,#3633,#3634,#3635,
#3636,#3637,#3638,#3639,#3640,#3641,#3642,#3643,#3644,#3645,#3646,#3647,
#3648,#3649,#3650,#3651,#3652,#3653,#3654,#3655,#3656,#3657,#3658,#3659,
#3660,#3661,#3662,#3663,#3664,#3665,#3666,#3667,#3668,#3669,#3670,#3671,
#3672,#3673,#3674,#3675),.UNSPECIFIED.,.F.,.F.)
B_SPLINE_CURVE_WITH_KNOTS((3,2,2,2,2,2,2,2,2,2,2,2,2,2,2,2,2,2,2,2,2,2,
2,2,2,2,2,2,2,2,2,2,2,2,2,2,2,2,2,2,2,2,2,2,2,2,2,2,3),(0.,0.0208333333333333,
0.0416666666666667,0.0625,0.0833333333333333,0.104166666666667,0.125,0.145833333333333,
0.166666666666667,0.1875,0.208333333333333,0.229166666666667,0.25,0.270833333333333,
0.291666666666667,0.3125,0.333333333333333,0.354166666666667,0.375,0.395833333333333,
0.416666666666667,0.4375,0.458333333333333,0.479166666666667,0.5,0.520833333333333,
0.541666666666667,0.5625,0.583333333333333,0.604166666666667,0.625,0.645833333333333,
0.666666666666667,0.6875,0.708333333333333,0.729166666666667,0.75,0.770833333333333,
0.791666666666667,0.8125,0.833333333333333,0.854166666666667,0.875,0.895833333333333,
0.916666666666667,0.9375,0.958333333333333,0.979166666666667,1.),
 .UNSPECIFIED.)
CURVE()
GEOMETRIC_REPRESENTATION_ITEM()
RATIONAL_B_SPLINE_CURVE((1.,0.866025403784439,1.,0.866025403784439,1.,0.866025403784439,
1.,0.866025403784439,1.,0.866025403784439,1.,0.866025403784439,1.,0.866025403784439,
1.,0.866025403784439,1.,0.866025403784439,1.,0.866025403784439,1.,0.866025403784439,
1.,0.866025403784439,1.,0.866025403784439,1.,0.866025403784439,1.,0.866025403784439,
1.,0.866025403784439,1.,0.866025403784439,1.,0.866025403784439,1.,0.866025403784439,
1.,0.866025403784439,1.,0.866025403784439,1.,0.866025403784439,1.,0.866025403784439,
1.,0.866025403784439,1.,0.866025403784439,1.,0.866025403784439,1.,0.866025403784439,
1.,0.866025403784439,1.,0.866025403784439,1.,0.866025403784439,1.,0.866025403784439,
1.,0.866025403784439,1.,0.866025403784439,1.,0.866025403784439,1.,0.866025403784439,
1.,0.866025403784439,1.,0.866025403784439,1.,0.866025403784439,1.,0.866025403784439,
1.,0.866025403784439,1.,0.866025403784439,1.,0.866025403784439,1.,0.866025403784439,
1.,0.866025403784439,1.,0.866025403784439,1.,0.866025403784439,1.,0.866025403784439,
1.,0.866025403784439,1.))
REPRESENTATION_ITEM('')
);
#26=(
BOUNDED_CURVE()
B_SPLINE_CURVE(2,(#4066,#4067,#4068,#4069,#4070,#4071,#4072,#4073,#4074,
#4075,#4076,#4077,#4078,#4079,#4080,#4081,#4082,#4083,#4084,#4085,#4086,
#4087,#4088,#4089,#4090,#4091,#4092,#4093,#4094,#4095,#4096,#4097,#4098,
#4099,#4100,#4101,#4102,#4103,#4104,#4105,#4106,#4107,#4108,#4109,#4110,
#4111,#4112,#4113,#4114,#4115,#4116,#4117,#4118,#4119,#4120,#4121,#4122,
#4123,#4124,#4125,#4126,#4127,#4128,#4129,#4130,#4131,#4132,#4133,#4134,
#4135,#4136,#4137,#4138,#4139,#4140,#4141,#4142,#4143,#4144,#4145,#4146,
#4147,#4148,#4149,#4150,#4151,#4152,#4153,#4154,#4155,#4156,#4157,#4158,
#4159,#4160,#4161,#4162),.UNSPECIFIED.,.F.,.F.)
B_SPLINE_CURVE_WITH_KNOTS((3,2,2,2,2,2,2,2,2,2,2,2,2,2,2,2,2,2,2,2,2,2,
2,2,2,2,2,2,2,2,2,2,2,2,2,2,2,2,2,2,2,2,2,2,2,2,2,2,3),(0.,0.0208333333333333,
0.0416666666666667,0.0625,0.0833333333333333,0.104166666666667,0.125,0.145833333333333,
0.166666666666667,0.1875,0.208333333333333,0.229166666666667,0.25,0.270833333333333,
0.291666666666667,0.3125,0.333333333333333,0.354166666666667,0.375,0.395833333333333,
0.416666666666667,0.4375,0.458333333333333,0.479166666666667,0.5,0.520833333333333,
0.541666666666667,0.5625,0.583333333333333,0.604166666666667,0.625,0.645833333333333,
0.666666666666667,0.6875,0.708333333333333,0.729166666666667,0.75,0.770833333333333,
0.791666666666667,0.8125,0.833333333333333,0.854166666666667,0.875,0.895833333333333,
0.916666666666667,0.9375,0.958333333333333,0.979166666666667,1.),
 .UNSPECIFIED.)
CURVE()
GEOMETRIC_REPRESENTATION_ITEM()
RATIONAL_B_SPLINE_CURVE((1.,0.866025403784439,1.,0.866025403784439,1.,0.866025403784439,
1.,0.866025403784439,1.,0.866025403784439,1.,0.866025403784439,1.,0.866025403784439,
1.,0.866025403784439,1.,0.866025403784439,1.,0.866025403784439,1.,0.866025403784439,
1.,0.866025403784439,1.,0.866025403784439,1.,0.866025403784439,1.,0.866025403784439,
1.,0.866025403784439,1.,0.866025403784439,1.,0.866025403784439,1.,0.866025403784439,
1.,0.866025403784439,1.,0.866025403784439,1.,0.866025403784439,1.,0.866025403784439,
1.,0.866025403784439,1.,0.866025403784439,1.,0.866025403784439,1.,0.866025403784439,
1.,0.866025403784439,1.,0.866025403784439,1.,0.866025403784439,1.,0.866025403784439,
1.,0.866025403784439,1.,0.866025403784439,1.,0.866025403784439,1.,0.866025403784439,
1.,0.866025403784439,1.,0.866025403784439,1.,0.866025403784439,1.,0.866025403784439,
1.,0.866025403784439,1.,0.866025403784439,1.,0.866025403784439,1.,0.866025403784439,
1.,0.866025403784439,1.,0.866025403784439,1.,0.866025403784439,1.,0.866025403784439,
1.,0.866025403784439,1.))
REPRESENTATION_ITEM('')
);
#27=(
BOUNDED_SURFACE()
B_SPLINE_SURFACE(3,2,((#1718,#1719,#1720,#1721,#1722,#1723,#1724,#1725,
#1726,#1727,#1728,#1729,#1730,#1731,#1732,#1733,#1734,#1735,#1736,#1737,
#1738,#1739,#1740,#1741,#1742,#1743,#1744,#1745,#1746,#1747,#1748,#1749,
#1750,#1751,#1752,#1753,#1754,#1755,#1756,#1757,#1758,#1759,#1760,#1761,
#1762,#1763,#1764,#1765,#1766,#1767,#1768,#1769,#1770,#1771,#1772,#1773,
#1774,#1775,#1776,#1777,#1778,#1779,#1780,#1781,#1782,#1783,#1784,#1785,
#1786,#1787,#1788,#1789,#1790,#1791,#1792,#1793,#1794,#1795,#1796,#1797,
#1798,#1799,#1800,#1801,#1802,#1803,#1804,#1805,#1806,#1807,#1808,#1809,
#1810,#1811,#1812,#1813,#1814),(#1815,#1816,#1817,#1818,#1819,#1820,#1821,
#1822,#1823,#1824,#1825,#1826,#1827,#1828,#1829,#1830,#1831,#1832,#1833,
#1834,#1835,#1836,#1837,#1838,#1839,#1840,#1841,#1842,#1843,#1844,#1845,
#1846,#1847,#1848,#1849,#1850,#1851,#1852,#1853,#1854,#1855,#1856,#1857,
#1858,#1859,#1860,#1861,#1862,#1863,#1864,#1865,#1866,#1867,#1868,#1869,
#1870,#1871,#1872,#1873,#1874,#1875,#1876,#1877,#1878,#1879,#1880,#1881,
#1882,#1883,#1884,#1885,#1886,#1887,#1888,#1889,#1890,#1891,#1892,#1893,
#1894,#1895,#1896,#1897,#1898,#1899,#1900,#1901,#1902,#1903,#1904,#1905,
#1906,#1907,#1908,#1909,#1910,#1911),(#1912,#1913,#1914,#1915,#1916,#1917,
#1918,#1919,#1920,#1921,#1922,#1923,#1924,#1925,#1926,#1927,#1928,#1929,
#1930,#1931,#1932,#1933,#1934,#1935,#1936,#1937,#1938,#1939,#1940,#1941,
#1942,#1943,#1944,#1945,#1946,#1947,#1948,#1949,#1950,#1951,#1952,#1953,
#1954,#1955,#1956,#1957,#1958,#1959,#1960,#1961,#1962,#1963,#1964,#1965,
#1966,#1967,#1968,#1969,#1970,#1971,#1972,#1973,#1974,#1975,#1976,#1977,
#1978,#1979,#1980,#1981,#1982,#1983,#1984,#1985,#1986,#1987,#1988,#1989,
#1990,#1991,#1992,#1993,#1994,#1995,#1996,#1997,#1998,#1999,#2000,#2001,
#2002,#2003,#2004,#2005,#2006,#2007,#2008),(#2009,#2010,#2011,#2012,#2013,
#2014,#2015,#2016,#2017,#2018,#2019,#2020,#2021,#2022,#2023,#2024,#2025,
#2026,#2027,#2028,#2029,#2030,#2031,#2032,#2033,#2034,#2035,#2036,#2037,
#2038,#2039,#2040,#2041,#2042,#2043,#2044,#2045,#2046,#2047,#2048,#2049,
#2050,#2051,#2052,#2053,#2054,#2055,#2056,#2057,#2058,#2059,#2060,#2061,
#2062,#2063,#2064,#2065,#2066,#2067,#2068,#2069,#2070,#2071,#2072,#2073,
#2074,#2075,#2076,#2077,#2078,#2079,#2080,#2081,#2082,#2083,#2084,#2085,
#2086,#2087,#2088,#2089,#2090,#2091,#2092,#2093,#2094,#2095,#2096,#2097,
#2098,#2099,#2100,#2101,#2102,#2103,#2104,#2105)),.UNSPECIFIED.,.F.,.F.,
 .F.)
B_SPLINE_SURFACE_WITH_KNOTS((4,4),(3,2,2,2,2,2,2,2,2,2,2,2,2,2,2,2,2,2,
2,2,2,2,2,2,2,2,2,2,2,2,2,2,2,2,2,2,2,2,2,2,2,2,2,2,2,2,2,2,3),(0.,1.),
(0.,0.0208333333333333,0.0416666666666667,0.0625,0.0833333333333333,0.104166666666667,
0.125,0.145833333333333,0.166666666666667,0.1875,0.208333333333333,0.229166666666667,
0.25,0.270833333333333,0.291666666666667,0.3125,0.333333333333333,0.354166666666667,
0.375,0.395833333333333,0.416666666666667,0.4375,0.458333333333333,0.479166666666667,
0.5,0.520833333333333,0.541666666666667,0.5625,0.583333333333333,0.604166666666667,
0.625,0.645833333333333,0.666666666666667,0.6875,0.708333333333333,0.729166666666667,
0.75,0.770833333333333,0.791666666666667,0.8125,0.833333333333333,0.854166666666667,
0.875,0.895833333333333,0.916666666666667,0.9375,0.958333333333333,0.979166666666667,
1.),.UNSPECIFIED.)
GEOMETRIC_REPRESENTATION_ITEM()
RATIONAL_B_SPLINE_SURFACE(((1.,0.866025403784439,1.,0.866025403784439,1.,
0.866025403784439,1.,0.866025403784439,1.,0.866025403784439,1.,0.866025403784439,
1.,0.866025403784439,1.,0.866025403784439,1.,0.866025403784439,1.,0.866025403784439,
1.,0.866025403784439,1.,0.866025403784439,1.,0.866025403784439,1.,0.866025403784439,
1.,0.866025403784439,1.,0.866025403784439,1.,0.866025403784439,1.,0.866025403784439,
1.,0.866025403784439,1.,0.866025403784439,1.,0.866025403784439,1.,0.866025403784439,
1.,0.866025403784439,1.,0.866025403784439,1.,0.866025403784439,1.,0.866025403784439,
1.,0.866025403784439,1.,0.866025403784439,1.,0.866025403784439,1.,0.866025403784439,
1.,0.866025403784439,1.,0.866025403784439,1.,0.866025403784439,1.,0.866025403784439,
1.,0.866025403784439,1.,0.866025403784439,1.,0.866025403784439,1.,0.866025403784439,
1.,0.866025403784439,1.,0.866025403784439,1.,0.866025403784439,1.,0.866025403784439,
1.,0.866025403784439,1.,0.866025403784439,1.,0.866025403784439,1.,0.866025403784439,
1.,0.866025403784439,1.,0.866025403784439,1.),(0.92681428186404,0.80264471268449,
0.92681428186404,0.80264471268449,0.92681428186404,0.80264471268449,0.92681428186404,
0.80264471268449,0.92681428186404,0.80264471268449,0.92681428186404,0.80264471268449,
0.92681428186404,0.80264471268449,0.92681428186404,0.80264471268449,0.92681428186404,
0.80264471268449,0.92681428186404,0.80264471268449,0.92681428186404,0.80264471268449,
0.92681428186404,0.80264471268449,0.92681428186404,0.80264471268449,0.92681428186404,
0.80264471268449,0.92681428186404,0.80264471268449,0.92681428186404,0.80264471268449,
0.92681428186404,0.80264471268449,0.92681428186404,0.80264471268449,0.92681428186404,
0.80264471268449,0.92681428186404,0.80264471268449,0.92681428186404,0.80264471268449,
0.92681428186404,0.80264471268449,0.92681428186404,0.80264471268449,0.92681428186404,
0.80264471268449,0.92681428186404,0.80264471268449,0.92681428186404,0.80264471268449,
0.92681428186404,0.80264471268449,0.92681428186404,0.80264471268449,0.92681428186404,
0.80264471268449,0.92681428186404,0.80264471268449,0.92681428186404,0.80264471268449,
0.92681428186404,0.80264471268449,0.92681428186404,0.80264471268449,0.92681428186404,
0.80264471268449,0.92681428186404,0.80264471268449,0.92681428186404,0.80264471268449,
0.92681428186404,0.80264471268449,0.92681428186404,0.80264471268449,0.92681428186404,
0.80264471268449,0.92681428186404,0.80264471268449,0.92681428186404,0.80264471268449,
0.92681428186404,0.80264471268449,0.92681428186404,0.80264471268449,0.92681428186404,
0.80264471268449,0.92681428186404,0.80264471268449,0.92681428186404,0.80264471268449,
0.92681428186404,0.80264471268449,0.92681428186404,0.80264471268449,0.92681428186404),
(0.92681428186404,0.80264471268449,0.92681428186404,0.80264471268449,0.92681428186404,
0.80264471268449,0.92681428186404,0.80264471268449,0.92681428186404,0.80264471268449,
0.92681428186404,0.80264471268449,0.92681428186404,0.80264471268449,0.92681428186404,
0.80264471268449,0.92681428186404,0.80264471268449,0.92681428186404,0.80264471268449,
0.92681428186404,0.80264471268449,0.92681428186404,0.80264471268449,0.92681428186404,
0.80264471268449,0.92681428186404,0.80264471268449,0.92681428186404,0.80264471268449,
0.92681428186404,0.80264471268449,0.92681428186404,0.80264471268449,0.92681428186404,
0.80264471268449,0.92681428186404,0.80264471268449,0.92681428186404,0.80264471268449,
0.92681428186404,0.80264471268449,0.92681428186404,0.80264471268449,0.92681428186404,
0.80264471268449,0.92681428186404,0.80264471268449,0.92681428186404,0.80264471268449,
0.92681428186404,0.80264471268449,0.92681428186404,0.80264471268449,0.92681428186404,
0.80264471268449,0.92681428186404,0.80264471268449,0.92681428186404,0.80264471268449,
0.92681428186404,0.80264471268449,0.92681428186404,0.80264471268449,0.92681428186404,
0.80264471268449,0.92681428186404,0.80264471268449,0.92681428186404,0.80264471268449,
0.92681428186404,0.80264471268449,0.92681428186404,0.80264471268449,0.92681428186404,
0.80264471268449,0.92681428186404,0.80264471268449,0.92681428186404,0.80264471268449,
0.92681428186404,0.80264471268449,0.92681428186404,0.80264471268449,0.92681428186404,
0.80264471268449,0.92681428186404,0.80264471268449,0.92681428186404,0.80264471268449,
0.92681428186404,0.80264471268449,0.92681428186404,0.80264471268449,0.92681428186404,
0.80264471268449,0.92681428186404),(1.,0.866025403784439,1.,0.866025403784439,
1.,0.866025403784439,1.,0.866025403784439,1.,0.866025403784439,1.,0.866025403784439,
1.,0.866025403784439,1.,0.866025403784439,1.,0.866025403784439,1.,0.866025403784439,
1.,0.866025403784439,1.,0.866025403784439,1.,0.866025403784439,1.,0.866025403784439,
1.,0.866025403784439,1.,0.866025403784439,1.,0.866025403784439,1.,0.866025403784439,
1.,0.866025403784439,1.,0.866025403784439,1.,0.866025403784439,1.,0.866025403784439,
1.,0.866025403784439,1.,0.866025403784439,1.,0.866025403784439,1.,0.866025403784439,
1.,0.866025403784439,1.,0.866025403784439,1.,0.866025403784439,1.,0.866025403784439,
1.,0.866025403784439,1.,0.866025403784439,1.,0.866025403784439,1.,0.866025403784439,
1.,0.866025403784439,1.,0.866025403784439,1.,0.866025403784439,1.,0.866025403784439,
1.,0.866025403784439,1.,0.866025403784439,1.,0.866025403784439,1.,0.866025403784439,
1.,0.866025403784439,1.,0.866025403784439,1.,0.866025403784439,1.,0.866025403784439,
1.,0.866025403784439,1.,0.866025403784439,1.)))
REPRESENTATION_ITEM('')
SURFACE()
);
#28=(
BOUNDED_SURFACE()
B_SPLINE_SURFACE(3,2,((#2404,#2405,#2406,#2407,#2408,#2409,#2410,#2411,
#2412,#2413,#2414,#2415,#2416,#2417,#2418,#2419,#2420,#2421,#2422,#2423,
#2424,#2425,#2426,#2427,#2428,#2429,#2430,#2431,#2432,#2433,#2434,#2435,
#2436,#2437,#2438,#2439,#2440,#2441,#2442,#2443,#2444,#2445,#2446,#2447,
#2448,#2449,#2450,#2451,#2452,#2453,#2454,#2455,#2456,#2457,#2458,#2459,
#2460,#2461,#2462,#2463,#2464,#2465,#2466,#2467,#2468,#2469,#2470,#2471,
#2472,#2473,#2474,#2475,#2476,#2477,#2478,#2479,#2480,#2481,#2482,#2483,
#2484,#2485,#2486,#2487,#2488,#2489,#2490,#2491,#2492,#2493,#2494,#2495,
#2496,#2497,#2498,#2499,#2500),(#2501,#2502,#2503,#2504,#2505,#2506,#2507,
#2508,#2509,#2510,#2511,#2512,#2513,#2514,#2515,#2516,#2517,#2518,#2519,
#2520,#2521,#2522,#2523,#2524,#2525,#2526,#2527,#2528,#2529,#2530,#2531,
#2532,#2533,#2534,#2535,#2536,#2537,#2538,#2539,#2540,#2541,#2542,#2543,
#2544,#2545,#2546,#2547,#2548,#2549,#2550,#2551,#2552,#2553,#2554,#2555,
#2556,#2557,#2558,#2559,#2560,#2561,#2562,#2563,#2564,#2565,#2566,#2567,
#2568,#2569,#2570,#2571,#2572,#2573,#2574,#2575,#2576,#2577,#2578,#2579,
#2580,#2581,#2582,#2583,#2584,#2585,#2586,#2587,#2588,#2589,#2590,#2591,
#2592,#2593,#2594,#2595,#2596,#2597),(#2598,#2599,#2600,#2601,#2602,#2603,
#2604,#2605,#2606,#2607,#2608,#2609,#2610,#2611,#2612,#2613,#2614,#2615,
#2616,#2617,#2618,#2619,#2620,#2621,#2622,#2623,#2624,#2625,#2626,#2627,
#2628,#2629,#2630,#2631,#2632,#2633,#2634,#2635,#2636,#2637,#2638,#2639,
#2640,#2641,#2642,#2643,#2644,#2645,#2646,#2647,#2648,#2649,#2650,#2651,
#2652,#2653,#2654,#2655,#2656,#2657,#2658,#2659,#2660,#2661,#2662,#2663,
#2664,#2665,#2666,#2667,#2668,#2669,#2670,#2671,#2672,#2673,#2674,#2675,
#2676,#2677,#2678,#2679,#2680,#2681,#2682,#2683,#2684,#2685,#2686,#2687,
#2688,#2689,#2690,#2691,#2692,#2693,#2694),(#2695,#2696,#2697,#2698,#2699,
#2700,#2701,#2702,#2703,#2704,#2705,#2706,#2707,#2708,#2709,#2710,#2711,
#2712,#2713,#2714,#2715,#2716,#2717,#2718,#2719,#2720,#2721,#2722,#2723,
#2724,#2725,#2726,#2727,#2728,#2729,#2730,#2731,#2732,#2733,#2734,#2735,
#2736,#2737,#2738,#2739,#2740,#2741,#2742,#2743,#2744,#2745,#2746,#2747,
#2748,#2749,#2750,#2751,#2752,#2753,#2754,#2755,#2756,#2757,#2758,#2759,
#2760,#2761,#2762,#2763,#2764,#2765,#2766,#2767,#2768,#2769,#2770,#2771,
#2772,#2773,#2774,#2775,#2776,#2777,#2778,#2779,#2780,#2781,#2782,#2783,
#2784,#2785,#2786,#2787,#2788,#2789,#2790,#2791)),.UNSPECIFIED.,.F.,.F.,
 .F.)
B_SPLINE_SURFACE_WITH_KNOTS((4,4),(3,2,2,2,2,2,2,2,2,2,2,2,2,2,2,2,2,2,
2,2,2,2,2,2,2,2,2,2,2,2,2,2,2,2,2,2,2,2,2,2,2,2,2,2,2,2,2,2,3),(0.,1.),
(0.,0.0208333333333333,0.0416666666666667,0.0625,0.0833333333333333,0.104166666666667,
0.125,0.145833333333333,0.166666666666667,0.1875,0.208333333333333,0.229166666666667,
0.25,0.270833333333333,0.291666666666667,0.3125,0.333333333333333,0.354166666666667,
0.375,0.395833333333333,0.416666666666667,0.4375,0.458333333333333,0.479166666666667,
0.5,0.520833333333333,0.541666666666667,0.5625,0.583333333333333,0.604166666666667,
0.625,0.645833333333333,0.666666666666667,0.6875,0.708333333333333,0.729166666666667,
0.75,0.770833333333333,0.791666666666667,0.8125,0.833333333333333,0.854166666666667,
0.875,0.895833333333333,0.916666666666667,0.9375,0.958333333333333,0.979166666666667,
1.),.UNSPECIFIED.)
GEOMETRIC_REPRESENTATION_ITEM()
RATIONAL_B_SPLINE_SURFACE(((1.,0.866025403784439,1.,0.866025403784439,1.,
0.866025403784439,1.,0.866025403784439,1.,0.866025403784439,1.,0.866025403784439,
1.,0.866025403784439,1.,0.866025403784439,1.,0.866025403784439,1.,0.866025403784439,
1.,0.866025403784439,1.,0.866025403784439,1.,0.866025403784439,1.,0.866025403784439,
1.,0.866025403784439,1.,0.866025403784439,1.,0.866025403784439,1.,0.866025403784439,
1.,0.866025403784439,1.,0.866025403784439,1.,0.866025403784439,1.,0.866025403784439,
1.,0.866025403784439,1.,0.866025403784439,1.,0.866025403784439,1.,0.866025403784439,
1.,0.866025403784439,1.,0.866025403784439,1.,0.866025403784439,1.,0.866025403784439,
1.,0.866025403784439,1.,0.866025403784439,1.,0.866025403784439,1.,0.866025403784439,
1.,0.866025403784439,1.,0.866025403784439,1.,0.866025403784439,1.,0.866025403784439,
1.,0.866025403784439,1.,0.866025403784439,1.,0.866025403784439,1.,0.866025403784439,
1.,0.866025403784439,1.,0.866025403784439,1.,0.866025403784439,1.,0.866025403784439,
1.,0.866025403784439,1.,0.866025403784439,1.),(0.92681428186404,0.80264471268449,
0.92681428186404,0.80264471268449,0.92681428186404,0.80264471268449,0.92681428186404,
0.80264471268449,0.92681428186404,0.80264471268449,0.92681428186404,0.80264471268449,
0.92681428186404,0.80264471268449,0.92681428186404,0.80264471268449,0.92681428186404,
0.80264471268449,0.92681428186404,0.80264471268449,0.92681428186404,0.80264471268449,
0.92681428186404,0.80264471268449,0.92681428186404,0.80264471268449,0.92681428186404,
0.80264471268449,0.92681428186404,0.80264471268449,0.92681428186404,0.80264471268449,
0.92681428186404,0.80264471268449,0.92681428186404,0.80264471268449,0.92681428186404,
0.80264471268449,0.92681428186404,0.80264471268449,0.92681428186404,0.80264471268449,
0.92681428186404,0.80264471268449,0.92681428186404,0.80264471268449,0.92681428186404,
0.80264471268449,0.92681428186404,0.80264471268449,0.92681428186404,0.80264471268449,
0.92681428186404,0.80264471268449,0.92681428186404,0.80264471268449,0.92681428186404,
0.80264471268449,0.92681428186404,0.80264471268449,0.92681428186404,0.80264471268449,
0.92681428186404,0.80264471268449,0.92681428186404,0.80264471268449,0.92681428186404,
0.80264471268449,0.92681428186404,0.80264471268449,0.92681428186404,0.80264471268449,
0.92681428186404,0.80264471268449,0.92681428186404,0.80264471268449,0.92681428186404,
0.80264471268449,0.92681428186404,0.80264471268449,0.92681428186404,0.80264471268449,
0.92681428186404,0.80264471268449,0.92681428186404,0.80264471268449,0.92681428186404,
0.80264471268449,0.92681428186404,0.80264471268449,0.92681428186404,0.80264471268449,
0.92681428186404,0.80264471268449,0.92681428186404,0.80264471268449,0.92681428186404),
(0.92681428186404,0.80264471268449,0.92681428186404,0.80264471268449,0.92681428186404,
0.80264471268449,0.92681428186404,0.80264471268449,0.92681428186404,0.80264471268449,
0.92681428186404,0.80264471268449,0.92681428186404,0.80264471268449,0.92681428186404,
0.80264471268449,0.92681428186404,0.80264471268449,0.92681428186404,0.80264471268449,
0.92681428186404,0.80264471268449,0.92681428186404,0.80264471268449,0.92681428186404,
0.80264471268449,0.92681428186404,0.80264471268449,0.92681428186404,0.80264471268449,
0.92681428186404,0.80264471268449,0.92681428186404,0.80264471268449,0.92681428186404,
0.80264471268449,0.92681428186404,0.80264471268449,0.92681428186404,0.80264471268449,
0.92681428186404,0.80264471268449,0.92681428186404,0.80264471268449,0.92681428186404,
0.80264471268449,0.92681428186404,0.80264471268449,0.92681428186404,0.80264471268449,
0.92681428186404,0.80264471268449,0.92681428186404,0.80264471268449,0.92681428186404,
0.80264471268449,0.92681428186404,0.80264471268449,0.92681428186404,0.80264471268449,
0.92681428186404,0.80264471268449,0.92681428186404,0.80264471268449,0.92681428186404,
0.80264471268449,0.92681428186404,0.80264471268449,0.92681428186404,0.80264471268449,
0.92681428186404,0.80264471268449,0.92681428186404,0.80264471268449,0.92681428186404,
0.80264471268449,0.92681428186404,0.80264471268449,0.92681428186404,0.80264471268449,
0.92681428186404,0.80264471268449,0.92681428186404,0.80264471268449,0.92681428186404,
0.80264471268449,0.92681428186404,0.80264471268449,0.92681428186404,0.80264471268449,
0.92681428186404,0.80264471268449,0.92681428186404,0.80264471268449,0.92681428186404,
0.80264471268449,0.92681428186404),(1.,0.866025403784439,1.,0.866025403784439,
1.,0.866025403784439,1.,0.866025403784439,1.,0.866025403784439,1.,0.866025403784439,
1.,0.866025403784439,1.,0.866025403784439,1.,0.866025403784439,1.,0.866025403784439,
1.,0.866025403784439,1.,0.866025403784439,1.,0.866025403784439,1.,0.866025403784439,
1.,0.866025403784439,1.,0.866025403784439,1.,0.866025403784439,1.,0.866025403784439,
1.,0.866025403784439,1.,0.866025403784439,1.,0.866025403784439,1.,0.866025403784439,
1.,0.866025403784439,1.,0.866025403784439,1.,0.866025403784439,1.,0.866025403784439,
1.,0.866025403784439,1.,0.866025403784439,1.,0.866025403784439,1.,0.866025403784439,
1.,0.866025403784439,1.,0.866025403784439,1.,0.866025403784439,1.,0.866025403784439,
1.,0.866025403784439,1.,0.866025403784439,1.,0.866025403784439,1.,0.866025403784439,
1.,0.866025403784439,1.,0.866025403784439,1.,0.866025403784439,1.,0.866025403784439,
1.,0.866025403784439,1.,0.866025403784439,1.,0.866025403784439,1.,0.866025403784439,
1.,0.866025403784439,1.,0.866025403784439,1.)))
REPRESENTATION_ITEM('')
SURFACE()
);
#29=(
BOUNDED_SURFACE()
B_SPLINE_SURFACE(3,2,((#2892,#2893,#2894,#2895,#2896,#2897,#2898,#2899,
#2900,#2901,#2902,#2903,#2904,#2905,#2906,#2907,#2908,#2909,#2910,#2911,
#2912,#2913,#2914,#2915,#2916,#2917,#2918,#2919,#2920,#2921,#2922,#2923,
#2924,#2925,#2926,#2927,#2928,#2929,#2930,#2931,#2932,#2933,#2934,#2935,
#2936,#2937,#2938,#2939,#2940,#2941,#2942,#2943,#2944,#2945,#2946,#2947,
#2948,#2949,#2950,#2951,#2952,#2953,#2954,#2955,#2956,#2957,#2958,#2959,
#2960,#2961,#2962,#2963,#2964,#2965,#2966,#2967,#2968,#2969,#2970,#2971,
#2972,#2973,#2974,#2975,#2976,#2977,#2978,#2979,#2980,#2981,#2982,#2983,
#2984,#2985,#2986,#2987,#2988),(#2989,#2990,#2991,#2992,#2993,#2994,#2995,
#2996,#2997,#2998,#2999,#3000,#3001,#3002,#3003,#3004,#3005,#3006,#3007,
#3008,#3009,#3010,#3011,#3012,#3013,#3014,#3015,#3016,#3017,#3018,#3019,
#3020,#3021,#3022,#3023,#3024,#3025,#3026,#3027,#3028,#3029,#3030,#3031,
#3032,#3033,#3034,#3035,#3036,#3037,#3038,#3039,#3040,#3041,#3042,#3043,
#3044,#3045,#3046,#3047,#3048,#3049,#3050,#3051,#3052,#3053,#3054,#3055,
#3056,#3057,#3058,#3059,#3060,#3061,#3062,#3063,#3064,#3065,#3066,#3067,
#3068,#3069,#3070,#3071,#3072,#3073,#3074,#3075,#3076,#3077,#3078,#3079,
#3080,#3081,#3082,#3083,#3084,#3085),(#3086,#3087,#3088,#3089,#3090,#3091,
#3092,#3093,#3094,#3095,#3096,#3097,#3098,#3099,#3100,#3101,#3102,#3103,
#3104,#3105,#3106,#3107,#3108,#3109,#3110,#3111,#3112,#3113,#3114,#3115,
#3116,#3117,#3118,#3119,#3120,#3121,#3122,#3123,#3124,#3125,#3126,#3127,
#3128,#3129,#3130,#3131,#3132,#3133,#3134,#3135,#3136,#3137,#3138,#3139,
#3140,#3141,#3142,#3143,#3144,#3145,#3146,#3147,#3148,#3149,#3150,#3151,
#3152,#3153,#3154,#3155,#3156,#3157,#3158,#3159,#3160,#3161,#3162,#3163,
#3164,#3165,#3166,#3167,#3168,#3169,#3170,#3171,#3172,#3173,#3174,#3175,
#3176,#3177,#3178,#3179,#3180,#3181,#3182),(#3183,#3184,#3185,#3186,#3187,
#3188,#3189,#3190,#3191,#3192,#3193,#3194,#3195,#3196,#3197,#3198,#3199,
#3200,#3201,#3202,#3203,#3204,#3205,#3206,#3207,#3208,#3209,#3210,#3211,
#3212,#3213,#3214,#3215,#3216,#3217,#3218,#3219,#3220,#3221,#3222,#3223,
#3224,#3225,#3226,#3227,#3228,#3229,#3230,#3231,#3232,#3233,#3234,#3235,
#3236,#3237,#3238,#3239,#3240,#3241,#3242,#3243,#3244,#3245,#3246,#3247,
#3248,#3249,#3250,#3251,#3252,#3253,#3254,#3255,#3256,#3257,#3258,#3259,
#3260,#3261,#3262,#3263,#3264,#3265,#3266,#3267,#3268,#3269,#3270,#3271,
#3272,#3273,#3274,#3275,#3276,#3277,#3278,#3279)),.UNSPECIFIED.,.F.,.F.,
 .F.)
B_SPLINE_SURFACE_WITH_KNOTS((4,4),(3,2,2,2,2,2,2,2,2,2,2,2,2,2,2,2,2,2,
2,2,2,2,2,2,2,2,2,2,2,2,2,2,2,2,2,2,2,2,2,2,2,2,2,2,2,2,2,2,3),(0.,1.),
(0.,0.0208333333333333,0.0416666666666667,0.0625,0.0833333333333333,0.104166666666667,
0.125,0.145833333333333,0.166666666666667,0.1875,0.208333333333333,0.229166666666667,
0.25,0.270833333333333,0.291666666666667,0.3125,0.333333333333333,0.354166666666667,
0.375,0.395833333333333,0.416666666666667,0.4375,0.458333333333333,0.479166666666667,
0.5,0.520833333333333,0.541666666666667,0.5625,0.583333333333333,0.604166666666667,
0.625,0.645833333333333,0.666666666666667,0.6875,0.708333333333333,0.729166666666667,
0.75,0.770833333333333,0.791666666666667,0.8125,0.833333333333333,0.854166666666667,
0.875,0.895833333333333,0.916666666666667,0.9375,0.958333333333333,0.979166666666667,
1.),.UNSPECIFIED.)
GEOMETRIC_REPRESENTATION_ITEM()
RATIONAL_B_SPLINE_SURFACE(((1.,0.866025403784439,1.,0.866025403784439,1.,
0.866025403784439,1.,0.866025403784439,1.,0.866025403784439,1.,0.866025403784439,
1.,0.866025403784439,1.,0.866025403784439,1.,0.866025403784439,1.,0.866025403784439,
1.,0.866025403784439,1.,0.866025403784439,1.,0.866025403784439,1.,0.866025403784439,
1.,0.866025403784439,1.,0.866025403784439,1.,0.866025403784439,1.,0.866025403784439,
1.,0.866025403784439,1.,0.866025403784439,1.,0.866025403784439,1.,0.866025403784439,
1.,0.866025403784439,1.,0.866025403784439,1.,0.866025403784439,1.,0.866025403784439,
1.,0.866025403784439,1.,0.866025403784439,1.,0.866025403784439,1.,0.866025403784439,
1.,0.866025403784439,1.,0.866025403784439,1.,0.866025403784439,1.,0.866025403784439,
1.,0.866025403784439,1.,0.866025403784439,1.,0.866025403784439,1.,0.866025403784439,
1.,0.866025403784439,1.,0.866025403784439,1.,0.866025403784439,1.,0.866025403784439,
1.,0.866025403784439,1.,0.866025403784439,1.,0.866025403784439,1.,0.866025403784439,
1.,0.866025403784439,1.,0.866025403784439,1.),(0.92681428186404,0.802644712684489,
0.92681428186404,0.802644712684489,0.92681428186404,0.802644712684489,0.92681428186404,
0.802644712684489,0.92681428186404,0.802644712684489,0.92681428186404,0.802644712684489,
0.92681428186404,0.802644712684489,0.92681428186404,0.802644712684489,0.92681428186404,
0.802644712684489,0.92681428186404,0.802644712684489,0.92681428186404,0.802644712684489,
0.92681428186404,0.802644712684489,0.92681428186404,0.802644712684489,0.92681428186404,
0.802644712684489,0.92681428186404,0.802644712684489,0.92681428186404,0.802644712684489,
0.92681428186404,0.802644712684489,0.92681428186404,0.802644712684489,0.92681428186404,
0.802644712684489,0.92681428186404,0.802644712684489,0.92681428186404,0.802644712684489,
0.92681428186404,0.802644712684489,0.92681428186404,0.802644712684489,0.92681428186404,
0.802644712684489,0.92681428186404,0.802644712684489,0.92681428186404,0.802644712684489,
0.92681428186404,0.802644712684489,0.92681428186404,0.802644712684489,0.92681428186404,
0.802644712684489,0.92681428186404,0.802644712684489,0.92681428186404,0.802644712684489,
0.92681428186404,0.802644712684489,0.92681428186404,0.802644712684489,0.92681428186404,
0.802644712684489,0.92681428186404,0.802644712684489,0.92681428186404,0.802644712684489,
0.92681428186404,0.802644712684489,0.92681428186404,0.802644712684489,0.92681428186404,
0.802644712684489,0.92681428186404,0.802644712684489,0.92681428186404,0.802644712684489,
0.92681428186404,0.802644712684489,0.92681428186404,0.802644712684489,0.92681428186404,
0.802644712684489,0.92681428186404,0.802644712684489,0.92681428186404,0.802644712684489,
0.92681428186404,0.802644712684489,0.92681428186404,0.802644712684489,0.92681428186404),
(0.92681428186404,0.802644712684489,0.92681428186404,0.802644712684489,
0.92681428186404,0.802644712684489,0.92681428186404,0.802644712684489,0.92681428186404,
0.802644712684489,0.92681428186404,0.802644712684489,0.92681428186404,0.802644712684489,
0.92681428186404,0.802644712684489,0.92681428186404,0.802644712684489,0.92681428186404,
0.802644712684489,0.92681428186404,0.802644712684489,0.92681428186404,0.802644712684489,
0.92681428186404,0.802644712684489,0.92681428186404,0.802644712684489,0.92681428186404,
0.802644712684489,0.92681428186404,0.802644712684489,0.92681428186404,0.802644712684489,
0.92681428186404,0.802644712684489,0.92681428186404,0.802644712684489,0.92681428186404,
0.802644712684489,0.92681428186404,0.802644712684489,0.92681428186404,0.802644712684489,
0.92681428186404,0.802644712684489,0.92681428186404,0.802644712684489,0.92681428186404,
0.802644712684489,0.92681428186404,0.802644712684489,0.92681428186404,0.802644712684489,
0.92681428186404,0.802644712684489,0.92681428186404,0.802644712684489,0.92681428186404,
0.802644712684489,0.92681428186404,0.802644712684489,0.92681428186404,0.802644712684489,
0.92681428186404,0.802644712684489,0.92681428186404,0.802644712684489,0.92681428186404,
0.802644712684489,0.92681428186404,0.802644712684489,0.92681428186404,0.802644712684489,
0.92681428186404,0.802644712684489,0.92681428186404,0.802644712684489,0.92681428186404,
0.802644712684489,0.92681428186404,0.802644712684489,0.92681428186404,0.802644712684489,
0.92681428186404,0.802644712684489,0.92681428186404,0.802644712684489,0.92681428186404,
0.802644712684489,0.92681428186404,0.802644712684489,0.92681428186404,0.802644712684489,
0.92681428186404,0.802644712684489,0.92681428186404),(1.,0.866025403784439,
1.,0.866025403784439,1.,0.866025403784439,1.,0.866025403784439,1.,0.866025403784439,
1.,0.866025403784439,1.,0.866025403784439,1.,0.866025403784439,1.,0.866025403784439,
1.,0.866025403784439,1.,0.866025403784439,1.,0.866025403784439,1.,0.866025403784439,
1.,0.866025403784439,1.,0.866025403784439,1.,0.866025403784439,1.,0.866025403784439,
1.,0.866025403784439,1.,0.866025403784439,1.,0.866025403784439,1.,0.866025403784439,
1.,0.866025403784439,1.,0.866025403784439,1.,0.866025403784439,1.,0.866025403784439,
1.,0.866025403784439,1.,0.866025403784439,1.,0.866025403784439,1.,0.866025403784439,
1.,0.866025403784439,1.,0.866025403784439,1.,0.866025403784439,1.,0.866025403784439,
1.,0.866025403784439,1.,0.866025403784439,1.,0.866025403784439,1.,0.866025403784439,
1.,0.866025403784439,1.,0.866025403784439,1.,0.866025403784439,1.,0.866025403784439,
1.,0.866025403784439,1.,0.866025403784439,1.,0.866025403784439,1.,0.866025403784439,
1.,0.866025403784439,1.,0.866025403784439,1.,0.866025403784439,1.)))
REPRESENTATION_ITEM('')
SURFACE()
);
#30=(
BOUNDED_SURFACE()
B_SPLINE_SURFACE(3,2,((#3676,#3677,#3678,#3679,#3680,#3681,#3682,#3683,
#3684,#3685,#3686,#3687,#3688,#3689,#3690,#3691,#3692,#3693,#3694,#3695,
#3696,#3697,#3698,#3699,#3700,#3701,#3702,#3703,#3704,#3705,#3706,#3707,
#3708,#3709,#3710,#3711,#3712,#3713,#3714,#3715,#3716,#3717,#3718,#3719,
#3720,#3721,#3722,#3723,#3724,#3725,#3726,#3727,#3728,#3729,#3730,#3731,
#3732,#3733,#3734,#3735,#3736,#3737,#3738,#3739,#3740,#3741,#3742,#3743,
#3744,#3745,#3746,#3747,#3748,#3749,#3750,#3751,#3752,#3753,#3754,#3755,
#3756,#3757,#3758,#3759,#3760,#3761,#3762,#3763,#3764,#3765,#3766,#3767,
#3768,#3769,#3770,#3771,#3772),(#3773,#3774,#3775,#3776,#3777,#3778,#3779,
#3780,#3781,#3782,#3783,#3784,#3785,#3786,#3787,#3788,#3789,#3790,#3791,
#3792,#3793,#3794,#3795,#3796,#3797,#3798,#3799,#3800,#3801,#3802,#3803,
#3804,#3805,#3806,#3807,#3808,#3809,#3810,#3811,#3812,#3813,#3814,#3815,
#3816,#3817,#3818,#3819,#3820,#3821,#3822,#3823,#3824,#3825,#3826,#3827,
#3828,#3829,#3830,#3831,#3832,#3833,#3834,#3835,#3836,#3837,#3838,#3839,
#3840,#3841,#3842,#3843,#3844,#3845,#3846,#3847,#3848,#3849,#3850,#3851,
#3852,#3853,#3854,#3855,#3856,#3857,#3858,#3859,#3860,#3861,#3862,#3863,
#3864,#3865,#3866,#3867,#3868,#3869),(#3870,#3871,#3872,#3873,#3874,#3875,
#3876,#3877,#3878,#3879,#3880,#3881,#3882,#3883,#3884,#3885,#3886,#3887,
#3888,#3889,#3890,#3891,#3892,#3893,#3894,#3895,#3896,#3897,#3898,#3899,
#3900,#3901,#3902,#3903,#3904,#3905,#3906,#3907,#3908,#3909,#3910,#3911,
#3912,#3913,#3914,#3915,#3916,#3917,#3918,#3919,#3920,#3921,#3922,#3923,
#3924,#3925,#3926,#3927,#3928,#3929,#3930,#3931,#3932,#3933,#3934,#3935,
#3936,#3937,#3938,#3939,#3940,#3941,#3942,#3943,#3944,#3945,#3946,#3947,
#3948,#3949,#3950,#3951,#3952,#3953,#3954,#3955,#3956,#3957,#3958,#3959,
#3960,#3961,#3962,#3963,#3964,#3965,#3966),(#3967,#3968,#3969,#3970,#3971,
#3972,#3973,#3974,#3975,#3976,#3977,#3978,#3979,#3980,#3981,#3982,#3983,
#3984,#3985,#3986,#3987,#3988,#3989,#3990,#3991,#3992,#3993,#3994,#3995,
#3996,#3997,#3998,#3999,#4000,#4001,#4002,#4003,#4004,#4005,#4006,#4007,
#4008,#4009,#4010,#4011,#4012,#4013,#4014,#4015,#4016,#4017,#4018,#4019,
#4020,#4021,#4022,#4023,#4024,#4025,#4026,#4027,#4028,#4029,#4030,#4031,
#4032,#4033,#4034,#4035,#4036,#4037,#4038,#4039,#4040,#4041,#4042,#4043,
#4044,#4045,#4046,#4047,#4048,#4049,#4050,#4051,#4052,#4053,#4054,#4055,
#4056,#4057,#4058,#4059,#4060,#4061,#4062,#4063)),.UNSPECIFIED.,.F.,.F.,
 .F.)
B_SPLINE_SURFACE_WITH_KNOTS((4,4),(3,2,2,2,2,2,2,2,2,2,2,2,2,2,2,2,2,2,
2,2,2,2,2,2,2,2,2,2,2,2,2,2,2,2,2,2,2,2,2,2,2,2,2,2,2,2,2,2,3),(0.,1.),
(0.,0.0208333333333333,0.0416666666666667,0.0625,0.0833333333333333,0.104166666666667,
0.125,0.145833333333333,0.166666666666667,0.1875,0.208333333333333,0.229166666666667,
0.25,0.270833333333333,0.291666666666667,0.3125,0.333333333333333,0.354166666666667,
0.375,0.395833333333333,0.416666666666667,0.4375,0.458333333333333,0.479166666666667,
0.5,0.520833333333333,0.541666666666667,0.5625,0.583333333333333,0.604166666666667,
0.625,0.645833333333333,0.666666666666667,0.6875,0.708333333333333,0.729166666666667,
0.75,0.770833333333333,0.791666666666667,0.8125,0.833333333333333,0.854166666666667,
0.875,0.895833333333333,0.916666666666667,0.9375,0.958333333333333,0.979166666666667,
1.),.UNSPECIFIED.)
GEOMETRIC_REPRESENTATION_ITEM()
RATIONAL_B_SPLINE_SURFACE(((1.,0.866025403784439,1.,0.866025403784439,1.,
0.866025403784439,1.,0.866025403784439,1.,0.866025403784439,1.,0.866025403784439,
1.,0.866025403784439,1.,0.866025403784439,1.,0.866025403784439,1.,0.866025403784439,
1.,0.866025403784439,1.,0.866025403784439,1.,0.866025403784439,1.,0.866025403784439,
1.,0.866025403784439,1.,0.866025403784439,1.,0.866025403784439,1.,0.866025403784439,
1.,0.866025403784439,1.,0.866025403784439,1.,0.866025403784439,1.,0.866025403784439,
1.,0.866025403784439,1.,0.866025403784439,1.,0.866025403784439,1.,0.866025403784439,
1.,0.866025403784439,1.,0.866025403784439,1.,0.866025403784439,1.,0.866025403784439,
1.,0.866025403784439,1.,0.866025403784439,1.,0.866025403784439,1.,0.866025403784439,
1.,0.866025403784439,1.,0.866025403784439,1.,0.866025403784439,1.,0.866025403784439,
1.,0.866025403784439,1.,0.866025403784439,1.,0.866025403784439,1.,0.866025403784439,
1.,0.866025403784439,1.,0.866025403784439,1.,0.866025403784439,1.,0.866025403784439,
1.,0.866025403784439,1.,0.866025403784439,1.),(0.92681428186404,0.802644712684489,
0.92681428186404,0.802644712684489,0.92681428186404,0.802644712684489,0.92681428186404,
0.802644712684489,0.92681428186404,0.802644712684489,0.92681428186404,0.802644712684489,
0.92681428186404,0.802644712684489,0.92681428186404,0.802644712684489,0.92681428186404,
0.802644712684489,0.92681428186404,0.802644712684489,0.92681428186404,0.802644712684489,
0.92681428186404,0.802644712684489,0.92681428186404,0.802644712684489,0.92681428186404,
0.802644712684489,0.92681428186404,0.802644712684489,0.92681428186404,0.802644712684489,
0.92681428186404,0.802644712684489,0.92681428186404,0.802644712684489,0.92681428186404,
0.802644712684489,0.92681428186404,0.802644712684489,0.92681428186404,0.802644712684489,
0.92681428186404,0.802644712684489,0.92681428186404,0.802644712684489,0.92681428186404,
0.802644712684489,0.92681428186404,0.802644712684489,0.92681428186404,0.802644712684489,
0.92681428186404,0.802644712684489,0.92681428186404,0.802644712684489,0.92681428186404,
0.802644712684489,0.92681428186404,0.802644712684489,0.92681428186404,0.802644712684489,
0.92681428186404,0.802644712684489,0.92681428186404,0.802644712684489,0.92681428186404,
0.802644712684489,0.92681428186404,0.802644712684489,0.92681428186404,0.802644712684489,
0.92681428186404,0.802644712684489,0.92681428186404,0.802644712684489,0.92681428186404,
0.802644712684489,0.92681428186404,0.802644712684489,0.92681428186404,0.802644712684489,
0.92681428186404,0.802644712684489,0.92681428186404,0.802644712684489,0.92681428186404,
0.802644712684489,0.92681428186404,0.802644712684489,0.92681428186404,0.802644712684489,
0.92681428186404,0.802644712684489,0.92681428186404,0.802644712684489,0.92681428186404),
(0.92681428186404,0.802644712684489,0.92681428186404,0.802644712684489,
0.92681428186404,0.802644712684489,0.92681428186404,0.802644712684489,0.92681428186404,
0.802644712684489,0.92681428186404,0.802644712684489,0.92681428186404,0.802644712684489,
0.92681428186404,0.802644712684489,0.92681428186404,0.802644712684489,0.92681428186404,
0.802644712684489,0.92681428186404,0.802644712684489,0.92681428186404,0.802644712684489,
0.92681428186404,0.802644712684489,0.92681428186404,0.802644712684489,0.92681428186404,
0.802644712684489,0.92681428186404,0.802644712684489,0.92681428186404,0.802644712684489,
0.92681428186404,0.802644712684489,0.92681428186404,0.802644712684489,0.92681428186404,
0.802644712684489,0.92681428186404,0.802644712684489,0.92681428186404,0.802644712684489,
0.92681428186404,0.802644712684489,0.92681428186404,0.802644712684489,0.92681428186404,
0.802644712684489,0.92681428186404,0.802644712684489,0.92681428186404,0.802644712684489,
0.92681428186404,0.802644712684489,0.92681428186404,0.802644712684489,0.92681428186404,
0.802644712684489,0.92681428186404,0.802644712684489,0.92681428186404,0.802644712684489,
0.92681428186404,0.802644712684489,0.92681428186404,0.802644712684489,0.92681428186404,
0.802644712684489,0.92681428186404,0.802644712684489,0.92681428186404,0.802644712684489,
0.92681428186404,0.802644712684489,0.92681428186404,0.802644712684489,0.92681428186404,
0.802644712684489,0.92681428186404,0.802644712684489,0.92681428186404,0.802644712684489,
0.92681428186404,0.802644712684489,0.92681428186404,0.802644712684489,0.92681428186404,
0.802644712684489,0.92681428186404,0.802644712684489,0.92681428186404,0.802644712684489,
0.92681428186404,0.802644712684489,0.92681428186404),(1.,0.866025403784439,
1.,0.866025403784439,1.,0.866025403784439,1.,0.866025403784439,1.,0.866025403784439,
1.,0.866025403784439,1.,0.866025403784439,1.,0.866025403784439,1.,0.866025403784439,
1.,0.866025403784439,1.,0.866025403784439,1.,0.866025403784439,1.,0.866025403784439,
1.,0.866025403784439,1.,0.866025403784439,1.,0.866025403784439,1.,0.866025403784439,
1.,0.866025403784439,1.,0.866025403784439,1.,0.866025403784439,1.,0.866025403784439,
1.,0.866025403784439,1.,0.866025403784439,1.,0.866025403784439,1.,0.866025403784439,
1.,0.866025403784439,1.,0.866025403784439,1.,0.866025403784439,1.,0.866025403784439,
1.,0.866025403784439,1.,0.866025403784439,1.,0.866025403784439,1.,0.866025403784439,
1.,0.866025403784439,1.,0.866025403784439,1.,0.866025403784439,1.,0.866025403784439,
1.,0.866025403784439,1.,0.866025403784439,1.,0.866025403784439,1.,0.866025403784439,
1.,0.866025403784439,1.,0.866025403784439,1.,0.866025403784439,1.,0.866025403784439,
1.,0.866025403784439,1.,0.866025403784439,1.,0.866025403784439,1.)))
REPRESENTATION_ITEM('')
SURFACE()
);
#31=(
BOUNDED_SURFACE()
B_SPLINE_SURFACE(3,2,((#4164,#4165,#4166,#4167,#4168,#4169,#4170,#4171,
#4172,#4173,#4174,#4175,#4176),(#4177,#4178,#4179,#4180,#4181,#4182,#4183,
#4184,#4185,#4186,#4187,#4188,#4189),(#4190,#4191,#4192,#4193,#4194,#4195,
#4196,#4197,#4198,#4199,#4200,#4201,#4202),(#4203,#4204,#4205,#4206,#4207,
#4208,#4209,#4210,#4211,#4212,#4213,#4214,#4215)),.UNSPECIFIED.,.F.,.F.,
 .F.)
B_SPLINE_SURFACE_WITH_KNOTS((4,4),(3,2,2,2,2,2,3),(0.,1.),(0.,0.166666666666667,
0.333333333333333,0.5,0.666666666666667,0.833333333333333,1.),
 .UNSPECIFIED.)
GEOMETRIC_REPRESENTATION_ITEM()
RATIONAL_B_SPLINE_SURFACE(((1.,0.866025403784439,1.,0.866025403784439,1.,
0.866025403784439,1.,0.866025403784439,1.,0.866025403784439,1.,0.866025403784439,
1.),(0.874027790041572,0.756930269789573,0.874027790041572,0.756930269789573,
0.874027790041572,0.756930269789573,0.874027790041572,0.756930269789573,
0.874027790041572,0.756930269789573,0.874027790041572,0.756930269789573,
0.874027790041572),(0.874027790041572,0.756930269789573,0.874027790041572,
0.756930269789573,0.874027790041572,0.756930269789573,0.874027790041572,
0.756930269789573,0.874027790041572,0.756930269789573,0.874027790041572,
0.756930269789573,0.874027790041572),(1.,0.866025403784439,1.,0.866025403784439,
1.,0.866025403784439,1.,0.866025403784439,1.,0.866025403784439,1.,0.866025403784439,
1.)))
REPRESENTATION_ITEM('')
SURFACE()
);
#32=(
BOUNDED_SURFACE()
B_SPLINE_SURFACE(3,2,((#4218,#4219,#4220,#4221,#4222,#4223,#4224,#4225,
#4226,#4227,#4228,#4229,#4230),(#4231,#4232,#4233,#4234,#4235,#4236,#4237,
#4238,#4239,#4240,#4241,#4242,#4243),(#4244,#4245,#4246,#4247,#4248,#4249,
#4250,#4251,#4252,#4253,#4254,#4255,#4256),(#4257,#4258,#4259,#4260,#4261,
#4262,#4263,#4264,#4265,#4266,#4267,#4268,#4269)),.UNSPECIFIED.,.F.,.F.,
 .F.)
B_SPLINE_SURFACE_WITH_KNOTS((4,4),(3,2,2,2,2,2,3),(0.,1.),(0.,0.166666666666667,
0.333333333333333,0.5,0.666666666666667,0.833333333333333,1.),
 .UNSPECIFIED.)
GEOMETRIC_REPRESENTATION_ITEM()
RATIONAL_B_SPLINE_SURFACE(((1.,0.866025403784439,1.,0.866025403784439,1.,
0.866025403784439,1.,0.866025403784439,1.,0.866025403784439,1.,0.866025403784439,
1.),(0.874027790041572,0.756930269789573,0.874027790041572,0.756930269789573,
0.874027790041572,0.756930269789573,0.874027790041572,0.756930269789573,
0.874027790041572,0.756930269789573,0.874027790041572,0.756930269789573,
0.874027790041572),(0.874027790041572,0.756930269789573,0.874027790041572,
0.756930269789573,0.874027790041572,0.756930269789573,0.874027790041572,
0.756930269789573,0.874027790041572,0.756930269789573,0.874027790041572,
0.756930269789573,0.874027790041572),(1.,0.866025403784439,1.,0.866025403784439,
1.,0.866025403784439,1.,0.866025403784439,1.,0.866025403784439,1.,0.866025403784439,
1.)))
REPRESENTATION_ITEM('')
SURFACE()
);
#33=SHAPE_REPRESENTATION_RELATIONSHIP('','',#1141,#34);
#34=ADVANCED_BREP_SHAPE_REPRESENTATION('',(#1138,#1139),#4275);
#35=TOROIDAL_SURFACE('',#1220,2.7281250275,0.171874972499999);
#36=TOROIDAL_SURFACE('',#1222,2.7281250275,0.171874972499999);
#37=TOROIDAL_SURFACE('',#1223,2.7281250275,0.171874972499999);
#38=TOROIDAL_SURFACE('',#1225,2.7281250275,0.171874972499999);
#39=B_SPLINE_CURVE_WITH_KNOTS('',3,(#1604,#1605,#1606,#1607),
 .UNSPECIFIED.,.F.,.F.,(4,4),(0.,0.000270344688291687),.UNSPECIFIED.);
#40=B_SPLINE_CURVE_WITH_KNOTS('',3,(#1608,#1609,#1610,#1611),
 .UNSPECIFIED.,.F.,.F.,(4,4),(0.,0.000270406029179637),.UNSPECIFIED.);
#41=B_SPLINE_CURVE_WITH_KNOTS('',3,(#1613,#1614,#1615,#1616),
 .UNSPECIFIED.,.F.,.F.,(4,4),(0.,0.000270406029179637),.UNSPECIFIED.);
#42=B_SPLINE_CURVE_WITH_KNOTS('',3,(#1617,#1618,#1619,#1620),
 .UNSPECIFIED.,.F.,.F.,(4,4),(0.,0.000270344688291687),.UNSPECIFIED.);
#43=B_SPLINE_CURVE_WITH_KNOTS('',3,(#1697,#1698,#1699,#1700),
 .UNSPECIFIED.,.F.,.F.,(4,4),(0.,0.000272259462288989),.UNSPECIFIED.);
#44=B_SPLINE_CURVE_WITH_KNOTS('',3,(#1702,#1703,#1704,#1705),
 .UNSPECIFIED.,.F.,.F.,(4,4),(0.,0.000272259462288989),.UNSPECIFIED.);
#45=B_SPLINE_CURVE_WITH_KNOTS('',3,(#1708,#1709,#1710,#1711),
 .UNSPECIFIED.,.F.,.F.,(4,4),(0.,0.00027225946228899),.UNSPECIFIED.);
#46=B_SPLINE_CURVE_WITH_KNOTS('',3,(#1713,#1714,#1715,#1716),
 .UNSPECIFIED.,.F.,.F.,(4,4),(0.,0.000272259462288989),.UNSPECIFIED.);
#47=CIRCLE('',#1146,2.9);
#48=CIRCLE('',#1147,2.9);
#49=CIRCLE('',#1149,2.9);
#50=CIRCLE('',#1150,2.9);
#51=CIRCLE('',#1152,2.9);
#52=CIRCLE('',#1153,2.9);
#53=CIRCLE('',#1155,2.9);
#54=CIRCLE('',#1156,2.9);
#55=CIRCLE('',#1158,0.473235550332022);
#56=CIRCLE('',#1159,0.473235550332022);
#57=CIRCLE('',#1161,2.9);
#58=CIRCLE('',#1162,2.9);
#59=CIRCLE('',#1164,2.9);
#60=CIRCLE('',#1165,2.9);
#61=CIRCLE('',#1167,2.9);
#62=CIRCLE('',#1168,2.9);
#63=CIRCLE('',#1171,2.9);
#64=CIRCLE('',#1172,2.9);
#65=CIRCLE('',#1175,2.7281250275);
#66=CIRCLE('',#1176,0.473235550332022);
#67=CIRCLE('',#1177,2.7281250275);
#68=CIRCLE('',#1178,2.7281250275);
#69=CIRCLE('',#1179,0.473235550332022);
#70=CIRCLE('',#1180,2.7281250275);
#71=CIRCLE('',#1182,0.473235550332022);
#72=CIRCLE('',#1183,0.473235550332022);
#73=CIRCLE('',#1184,1.88292524947461);
#74=CIRCLE('',#1186,1.88292524947461);
#75=CIRCLE('',#1188,0.473235550332022);
#76=CIRCLE('',#1190,0.473235550332022);
#77=CIRCLE('',#1197,2.85);
#78=CIRCLE('',#1198,2.85);
#79=CIRCLE('',#1200,0.523235550332022);
#80=CIRCLE('',#1201,0.523235550332022);
#81=CIRCLE('',#1203,2.85);
#82=CIRCLE('',#1204,2.85);
#83=CIRCLE('',#1209,2.85);
#84=CIRCLE('',#1210,2.85);
#85=CIRCLE('',#1212,0.523235550332022);
#86=CIRCLE('',#1213,0.523235550332022);
#87=CIRCLE('',#1215,2.85);
#88=CIRCLE('',#1216,2.85);
#89=CIRCLE('',#1226,0.220062160953508);
#90=CIRCLE('',#1227,0.220062160953508);
#91=CIRCLE('',#1228,0.220062160953508);
#92=CIRCLE('',#1229,0.220062160953508);
#93=CIRCLE('',#1230,0.220062160953508);
#94=CIRCLE('',#1231,0.220062160953508);
#95=CIRCLE('',#1232,0.220062160953508);
#96=CIRCLE('',#1233,0.220062160953508);
#97=CIRCLE('',#1234,0.220062160953508);
#98=CIRCLE('',#1235,0.220062160953508);
#99=CIRCLE('',#1236,0.220062160953508);
#100=CIRCLE('',#1237,0.220062160953508);
#101=CYLINDRICAL_SURFACE('',#1145,2.9);
#102=CYLINDRICAL_SURFACE('',#1148,2.9);
#103=CYLINDRICAL_SURFACE('',#1151,2.9);
#104=CYLINDRICAL_SURFACE('',#1154,2.9);
#105=CYLINDRICAL_SURFACE('',#1157,0.473235550332022);
#106=CYLINDRICAL_SURFACE('',#1160,2.9);
#107=CYLINDRICAL_SURFACE('',#1163,2.9);
#108=CYLINDRICAL_SURFACE('',#1166,2.9);
#109=CYLINDRICAL_SURFACE('',#1170,2.9);
#110=CYLINDRICAL_SURFACE('',#1185,1.88292524947461);
#111=CYLINDRICAL_SURFACE('',#1189,0.473235550332022);
#112=CYLINDRICAL_SURFACE('',#1191,0.473235550332022);
#113=CYLINDRICAL_SURFACE('',#1192,0.473235550332022);
#114=CYLINDRICAL_SURFACE('',#1196,2.85);
#115=CYLINDRICAL_SURFACE('',#1199,0.523235550332022);
#116=CYLINDRICAL_SURFACE('',#1202,2.85);
#117=CYLINDRICAL_SURFACE('',#1208,2.85);
#118=CYLINDRICAL_SURFACE('',#1211,0.523235550332022);
#119=CYLINDRICAL_SURFACE('',#1214,2.85);
#120=CYLINDRICAL_SURFACE('',#1221,0.171874972499999);
#121=CYLINDRICAL_SURFACE('',#1224,0.171874972499999);
#122=ORIENTED_EDGE('',*,*,#364,.T.);
#123=ORIENTED_EDGE('',*,*,#365,.T.);
#124=ORIENTED_EDGE('',*,*,#366,.F.);
#125=ORIENTED_EDGE('',*,*,#367,.T.);
#126=ORIENTED_EDGE('',*,*,#368,.T.);
#127=ORIENTED_EDGE('',*,*,#369,.T.);
#128=ORIENTED_EDGE('',*,*,#370,.F.);
#129=ORIENTED_EDGE('',*,*,#371,.T.);
#130=ORIENTED_EDGE('',*,*,#370,.T.);
#131=ORIENTED_EDGE('',*,*,#372,.T.);
#132=ORIENTED_EDGE('',*,*,#373,.T.);
#133=ORIENTED_EDGE('',*,*,#374,.F.);
#134=ORIENTED_EDGE('',*,*,#375,.T.);
#135=ORIENTED_EDGE('',*,*,#376,.T.);
#136=ORIENTED_EDGE('',*,*,#364,.F.);
#137=ORIENTED_EDGE('',*,*,#377,.F.);
#138=ORIENTED_EDGE('',*,*,#366,.T.);
#139=ORIENTED_EDGE('',*,*,#378,.T.);
#140=ORIENTED_EDGE('',*,*,#379,.F.);
#141=ORIENTED_EDGE('',*,*,#380,.F.);
#142=ORIENTED_EDGE('',*,*,#381,.F.);
#143=ORIENTED_EDGE('',*,*,#382,.T.);
#144=ORIENTED_EDGE('',*,*,#368,.F.);
#145=ORIENTED_EDGE('',*,*,#383,.F.);
#146=ORIENTED_EDGE('',*,*,#373,.F.);
#147=ORIENTED_EDGE('',*,*,#384,.T.);
#148=ORIENTED_EDGE('',*,*,#375,.F.);
#149=ORIENTED_EDGE('',*,*,#385,.F.);
#150=ORIENTED_EDGE('',*,*,#386,.T.);
#151=ORIENTED_EDGE('',*,*,#387,.T.);
#152=ORIENTED_EDGE('',*,*,#388,.T.);
#153=ORIENTED_EDGE('',*,*,#389,.T.);
#154=ORIENTED_EDGE('',*,*,#390,.F.);
#155=ORIENTED_EDGE('',*,*,#391,.T.);
#156=ORIENTED_EDGE('',*,*,#392,.T.);
#157=ORIENTED_EDGE('',*,*,#393,.T.);
#158=ORIENTED_EDGE('',*,*,#394,.F.);
#159=ORIENTED_EDGE('',*,*,#395,.T.);
#160=ORIENTED_EDGE('',*,*,#396,.T.);
#161=ORIENTED_EDGE('',*,*,#397,.T.);
#162=ORIENTED_EDGE('',*,*,#388,.F.);
#163=ORIENTED_EDGE('',*,*,#398,.T.);
#164=ORIENTED_EDGE('',*,*,#399,.T.);
#165=ORIENTED_EDGE('',*,*,#400,.T.);
#166=ORIENTED_EDGE('',*,*,#399,.F.);
#167=ORIENTED_EDGE('',*,*,#401,.T.);
#168=ORIENTED_EDGE('',*,*,#402,.F.);
#169=ORIENTED_EDGE('',*,*,#403,.T.);
#170=ORIENTED_EDGE('',*,*,#396,.F.);
#171=ORIENTED_EDGE('',*,*,#404,.T.);
#172=ORIENTED_EDGE('',*,*,#390,.T.);
#173=ORIENTED_EDGE('',*,*,#405,.T.);
#174=ORIENTED_EDGE('',*,*,#406,.T.);
#175=ORIENTED_EDGE('',*,*,#407,.T.);
#176=ORIENTED_EDGE('',*,*,#408,.F.);
#177=ORIENTED_EDGE('',*,*,#409,.T.);
#178=ORIENTED_EDGE('',*,*,#410,.T.);
#179=ORIENTED_EDGE('',*,*,#411,.T.);
#180=ORIENTED_EDGE('',*,*,#412,.T.);
#181=ORIENTED_EDGE('',*,*,#413,.T.);
#182=ORIENTED_EDGE('',*,*,#393,.F.);
#183=ORIENTED_EDGE('',*,*,#414,.T.);
#184=ORIENTED_EDGE('',*,*,#389,.F.);
#185=ORIENTED_EDGE('',*,*,#400,.F.);
#186=ORIENTED_EDGE('',*,*,#403,.F.);
#187=ORIENTED_EDGE('',*,*,#415,.F.);
#188=ORIENTED_EDGE('',*,*,#397,.F.);
#189=ORIENTED_EDGE('',*,*,#405,.F.);
#190=ORIENTED_EDGE('',*,*,#416,.T.);
#191=ORIENTED_EDGE('',*,*,#417,.T.);
#192=ORIENTED_EDGE('',*,*,#416,.F.);
#193=ORIENTED_EDGE('',*,*,#374,.T.);
#194=ORIENTED_EDGE('',*,*,#385,.T.);
#195=ORIENTED_EDGE('',*,*,#377,.T.);
#196=ORIENTED_EDGE('',*,*,#367,.F.);
#197=ORIENTED_EDGE('',*,*,#380,.T.);
#198=ORIENTED_EDGE('',*,*,#418,.F.);
#199=ORIENTED_EDGE('',*,*,#383,.T.);
#200=ORIENTED_EDGE('',*,*,#371,.F.);
#201=ORIENTED_EDGE('',*,*,#417,.F.);
#202=ORIENTED_EDGE('',*,*,#379,.T.);
#203=ORIENTED_EDGE('',*,*,#419,.T.);
#204=ORIENTED_EDGE('',*,*,#381,.T.);
#205=ORIENTED_EDGE('',*,*,#418,.T.);
#206=ORIENTED_EDGE('',*,*,#402,.T.);
#207=ORIENTED_EDGE('',*,*,#420,.T.);
#208=ORIENTED_EDGE('',*,*,#412,.F.);
#209=ORIENTED_EDGE('',*,*,#421,.T.);
#210=ORIENTED_EDGE('',*,*,#394,.T.);
#211=ORIENTED_EDGE('',*,*,#415,.T.);
#212=ORIENTED_EDGE('',*,*,#408,.T.);
#213=ORIENTED_EDGE('',*,*,#422,.T.);
#214=ORIENTED_EDGE('',*,*,#386,.F.);
#215=ORIENTED_EDGE('',*,*,#414,.F.);
#216=ORIENTED_EDGE('',*,*,#392,.F.);
#217=ORIENTED_EDGE('',*,*,#423,.T.);
#218=ORIENTED_EDGE('',*,*,#424,.T.);
#219=ORIENTED_EDGE('',*,*,#425,.T.);
#220=ORIENTED_EDGE('',*,*,#426,.T.);
#221=ORIENTED_EDGE('',*,*,#427,.F.);
#222=ORIENTED_EDGE('',*,*,#428,.T.);
#223=ORIENTED_EDGE('',*,*,#427,.T.);
#224=ORIENTED_EDGE('',*,*,#429,.T.);
#225=ORIENTED_EDGE('',*,*,#430,.F.);
#226=ORIENTED_EDGE('',*,*,#431,.T.);
#227=ORIENTED_EDGE('',*,*,#430,.T.);
#228=ORIENTED_EDGE('',*,*,#432,.T.);
#229=ORIENTED_EDGE('',*,*,#433,.F.);
#230=ORIENTED_EDGE('',*,*,#434,.T.);
#231=ORIENTED_EDGE('',*,*,#433,.T.);
#232=ORIENTED_EDGE('',*,*,#435,.T.);
#233=ORIENTED_EDGE('',*,*,#436,.F.);
#234=ORIENTED_EDGE('',*,*,#437,.T.);
#235=ORIENTED_EDGE('',*,*,#436,.T.);
#236=ORIENTED_EDGE('',*,*,#438,.T.);
#237=ORIENTED_EDGE('',*,*,#439,.F.);
#238=ORIENTED_EDGE('',*,*,#440,.T.);
#239=ORIENTED_EDGE('',*,*,#441,.T.);
#240=ORIENTED_EDGE('',*,*,#442,.T.);
#241=ORIENTED_EDGE('',*,*,#443,.F.);
#242=ORIENTED_EDGE('',*,*,#444,.T.);
#243=ORIENTED_EDGE('',*,*,#443,.T.);
#244=ORIENTED_EDGE('',*,*,#445,.T.);
#245=ORIENTED_EDGE('',*,*,#446,.F.);
#246=ORIENTED_EDGE('',*,*,#447,.T.);
#247=ORIENTED_EDGE('',*,*,#446,.T.);
#248=ORIENTED_EDGE('',*,*,#448,.T.);
#249=ORIENTED_EDGE('',*,*,#449,.F.);
#250=ORIENTED_EDGE('',*,*,#450,.T.);
#251=ORIENTED_EDGE('',*,*,#449,.T.);
#252=ORIENTED_EDGE('',*,*,#451,.T.);
#253=ORIENTED_EDGE('',*,*,#452,.F.);
#254=ORIENTED_EDGE('',*,*,#453,.T.);
#255=ORIENTED_EDGE('',*,*,#452,.T.);
#256=ORIENTED_EDGE('',*,*,#454,.T.);
#257=ORIENTED_EDGE('',*,*,#455,.F.);
#258=ORIENTED_EDGE('',*,*,#456,.T.);
#259=ORIENTED_EDGE('',*,*,#455,.T.);
#260=ORIENTED_EDGE('',*,*,#457,.T.);
#261=ORIENTED_EDGE('',*,*,#441,.F.);
#262=ORIENTED_EDGE('',*,*,#458,.T.);
#263=ORIENTED_EDGE('',*,*,#439,.T.);
#264=ORIENTED_EDGE('',*,*,#459,.T.);
#265=ORIENTED_EDGE('',*,*,#425,.F.);
#266=ORIENTED_EDGE('',*,*,#442,.F.);
#267=ORIENTED_EDGE('',*,*,#457,.F.);
#268=ORIENTED_EDGE('',*,*,#454,.F.);
#269=ORIENTED_EDGE('',*,*,#451,.F.);
#270=ORIENTED_EDGE('',*,*,#448,.F.);
#271=ORIENTED_EDGE('',*,*,#445,.F.);
#272=ORIENTED_EDGE('',*,*,#378,.F.);
#273=ORIENTED_EDGE('',*,*,#365,.F.);
#274=ORIENTED_EDGE('',*,*,#376,.F.);
#275=ORIENTED_EDGE('',*,*,#384,.F.);
#276=ORIENTED_EDGE('',*,*,#372,.F.);
#277=ORIENTED_EDGE('',*,*,#369,.F.);
#278=ORIENTED_EDGE('',*,*,#382,.F.);
#279=ORIENTED_EDGE('',*,*,#419,.F.);
#280=ORIENTED_EDGE('',*,*,#426,.F.);
#281=ORIENTED_EDGE('',*,*,#459,.F.);
#282=ORIENTED_EDGE('',*,*,#438,.F.);
#283=ORIENTED_EDGE('',*,*,#435,.F.);
#284=ORIENTED_EDGE('',*,*,#432,.F.);
#285=ORIENTED_EDGE('',*,*,#429,.F.);
#286=ORIENTED_EDGE('',*,*,#440,.F.);
#287=ORIENTED_EDGE('',*,*,#444,.F.);
#288=ORIENTED_EDGE('',*,*,#447,.F.);
#289=ORIENTED_EDGE('',*,*,#450,.F.);
#290=ORIENTED_EDGE('',*,*,#453,.F.);
#291=ORIENTED_EDGE('',*,*,#456,.F.);
#292=ORIENTED_EDGE('',*,*,#424,.F.);
#293=ORIENTED_EDGE('',*,*,#428,.F.);
#294=ORIENTED_EDGE('',*,*,#431,.F.);
#295=ORIENTED_EDGE('',*,*,#434,.F.);
#296=ORIENTED_EDGE('',*,*,#437,.F.);
#297=ORIENTED_EDGE('',*,*,#458,.F.);
#298=ORIENTED_EDGE('',*,*,#421,.F.);
#299=ORIENTED_EDGE('',*,*,#411,.F.);
#300=ORIENTED_EDGE('',*,*,#460,.F.);
#301=ORIENTED_EDGE('',*,*,#395,.F.);
#302=ORIENTED_EDGE('',*,*,#460,.T.);
#303=ORIENTED_EDGE('',*,*,#410,.F.);
#304=ORIENTED_EDGE('',*,*,#461,.F.);
#305=ORIENTED_EDGE('',*,*,#404,.F.);
#306=ORIENTED_EDGE('',*,*,#461,.T.);
#307=ORIENTED_EDGE('',*,*,#409,.F.);
#308=ORIENTED_EDGE('',*,*,#423,.F.);
#309=ORIENTED_EDGE('',*,*,#391,.F.);
#310=ORIENTED_EDGE('',*,*,#420,.F.);
#311=ORIENTED_EDGE('',*,*,#401,.F.);
#312=ORIENTED_EDGE('',*,*,#462,.F.);
#313=ORIENTED_EDGE('',*,*,#413,.F.);
#314=ORIENTED_EDGE('',*,*,#462,.T.);
#315=ORIENTED_EDGE('',*,*,#398,.F.);
#316=ORIENTED_EDGE('',*,*,#463,.F.);
#317=ORIENTED_EDGE('',*,*,#406,.F.);
#318=ORIENTED_EDGE('',*,*,#422,.F.);
#319=ORIENTED_EDGE('',*,*,#407,.F.);
#320=ORIENTED_EDGE('',*,*,#463,.T.);
#321=ORIENTED_EDGE('',*,*,#387,.F.);
#322=ORIENTED_EDGE('',*,*,#464,.F.);
#323=ORIENTED_EDGE('',*,*,#465,.F.);
#324=ORIENTED_EDGE('',*,*,#466,.T.);
#325=ORIENTED_EDGE('',*,*,#467,.T.);
#326=ORIENTED_EDGE('',*,*,#468,.T.);
#327=ORIENTED_EDGE('',*,*,#465,.T.);
#328=ORIENTED_EDGE('',*,*,#469,.F.);
#329=ORIENTED_EDGE('',*,*,#467,.F.);
#330=ORIENTED_EDGE('',*,*,#470,.F.);
#331=ORIENTED_EDGE('',*,*,#471,.T.);
#332=ORIENTED_EDGE('',*,*,#472,.T.);
#333=ORIENTED_EDGE('',*,*,#473,.F.);
#334=ORIENTED_EDGE('',*,*,#474,.F.);
#335=ORIENTED_EDGE('',*,*,#475,.T.);
#336=ORIENTED_EDGE('',*,*,#476,.T.);
#337=ORIENTED_EDGE('',*,*,#477,.T.);
#338=ORIENTED_EDGE('',*,*,#474,.T.);
#339=ORIENTED_EDGE('',*,*,#478,.F.);
#340=ORIENTED_EDGE('',*,*,#479,.F.);
#341=ORIENTED_EDGE('',*,*,#472,.F.);
#342=ORIENTED_EDGE('',*,*,#477,.F.);
#343=ORIENTED_EDGE('',*,*,#480,.T.);
#344=ORIENTED_EDGE('',*,*,#479,.T.);
#345=ORIENTED_EDGE('',*,*,#481,.F.);
#346=ORIENTED_EDGE('',*,*,#468,.F.);
#347=ORIENTED_EDGE('',*,*,#482,.T.);
#348=ORIENTED_EDGE('',*,*,#470,.T.);
#349=ORIENTED_EDGE('',*,*,#483,.F.);
#350=ORIENTED_EDGE('',*,*,#476,.F.);
#351=ORIENTED_EDGE('',*,*,#484,.T.);
#352=ORIENTED_EDGE('',*,*,#482,.F.);
#353=ORIENTED_EDGE('',*,*,#469,.T.);
#354=ORIENTED_EDGE('',*,*,#464,.T.);
#355=ORIENTED_EDGE('',*,*,#481,.T.);
#356=ORIENTED_EDGE('',*,*,#478,.T.);
#357=ORIENTED_EDGE('',*,*,#473,.T.);
#358=ORIENTED_EDGE('',*,*,#480,.F.);
#359=ORIENTED_EDGE('',*,*,#483,.T.);
#360=ORIENTED_EDGE('',*,*,#466,.F.);
#361=ORIENTED_EDGE('',*,*,#471,.F.);
#362=ORIENTED_EDGE('',*,*,#484,.F.);
#363=ORIENTED_EDGE('',*,*,#475,.F.);
#364=EDGE_CURVE('',#485,#486,#564,.T.);
#365=EDGE_CURVE('',#486,#487,#565,.T.);
#366=EDGE_CURVE('',#488,#487,#566,.T.);
#367=EDGE_CURVE('',#488,#485,#567,.T.);
#368=EDGE_CURVE('',#489,#490,#568,.T.);
#369=EDGE_CURVE('',#490,#491,#569,.T.);
#370=EDGE_CURVE('',#492,#491,#570,.T.);
#371=EDGE_CURVE('',#492,#489,#571,.T.);
#372=EDGE_CURVE('',#491,#493,#47,.T.);
#373=EDGE_CURVE('',#493,#494,#572,.F.);
#374=EDGE_CURVE('',#492,#494,#48,.T.);
#375=EDGE_CURVE('',#495,#496,#573,.T.);
#376=EDGE_CURVE('',#496,#486,#49,.T.);
#377=EDGE_CURVE('',#495,#485,#50,.T.);
#378=EDGE_CURVE('',#487,#497,#51,.T.);
#379=EDGE_CURVE('',#498,#497,#574,.T.);
#380=EDGE_CURVE('',#488,#498,#52,.T.);
#381=EDGE_CURVE('',#499,#500,#575,.F.);
#382=EDGE_CURVE('',#499,#490,#53,.T.);
#383=EDGE_CURVE('',#500,#489,#54,.T.);
#384=EDGE_CURVE('',#493,#496,#55,.T.);
#385=EDGE_CURVE('',#494,#495,#56,.F.);
#386=EDGE_CURVE('',#501,#502,#576,.F.);
#387=EDGE_CURVE('',#502,#503,#57,.T.);
#388=EDGE_CURVE('',#503,#504,#577,.T.);
#389=EDGE_CURVE('',#504,#501,#58,.T.);
#390=EDGE_CURVE('',#505,#506,#578,.T.);
#391=EDGE_CURVE('',#505,#507,#59,.T.);
#392=EDGE_CURVE('',#507,#508,#579,.T.);
#393=EDGE_CURVE('',#508,#506,#60,.T.);
#394=EDGE_CURVE('',#509,#510,#580,.T.);
#395=EDGE_CURVE('',#509,#511,#61,.T.);
#396=EDGE_CURVE('',#511,#512,#581,.T.);
#397=EDGE_CURVE('',#512,#510,#62,.T.);
#398=EDGE_CURVE('',#503,#513,#582,.T.);
#399=EDGE_CURVE('',#513,#514,#583,.T.);
#400=EDGE_CURVE('',#514,#504,#584,.T.);
#401=EDGE_CURVE('',#513,#515,#63,.T.);
#402=EDGE_CURVE('',#516,#515,#585,.F.);
#403=EDGE_CURVE('',#516,#514,#64,.T.);
#404=EDGE_CURVE('',#511,#505,#586,.T.);
#405=EDGE_CURVE('',#506,#512,#587,.T.);
#406=EDGE_CURVE('',#517,#518,#588,.F.);
#407=EDGE_CURVE('',#518,#519,#65,.F.);
#408=EDGE_CURVE('',#520,#519,#66,.F.);
#409=EDGE_CURVE('',#520,#521,#67,.F.);
#410=EDGE_CURVE('',#521,#522,#589,.F.);
#411=EDGE_CURVE('',#522,#523,#68,.F.);
#412=EDGE_CURVE('',#523,#524,#69,.T.);
#413=EDGE_CURVE('',#524,#517,#70,.F.);
#414=EDGE_CURVE('',#508,#501,#71,.F.);
#415=EDGE_CURVE('',#510,#516,#72,.T.);
#416=EDGE_CURVE('',#525,#525,#73,.T.);
#417=EDGE_CURVE('',#526,#526,#74,.T.);
#418=EDGE_CURVE('',#500,#498,#75,.T.);
#419=EDGE_CURVE('',#497,#499,#76,.T.);
#420=EDGE_CURVE('',#515,#524,#39,.T.);
#421=EDGE_CURVE('',#523,#509,#40,.T.);
#422=EDGE_CURVE('',#519,#502,#41,.T.);
#423=EDGE_CURVE('',#507,#520,#42,.T.);
#424=EDGE_CURVE('',#527,#528,#590,.T.);
#425=EDGE_CURVE('',#528,#529,#591,.T.);
#426=EDGE_CURVE('',#529,#530,#592,.T.);
#427=EDGE_CURVE('',#527,#530,#593,.T.);
#428=EDGE_CURVE('',#531,#527,#594,.T.);
#429=EDGE_CURVE('',#530,#532,#595,.T.);
#430=EDGE_CURVE('',#531,#532,#596,.T.);
#431=EDGE_CURVE('',#533,#531,#597,.T.);
#432=EDGE_CURVE('',#532,#534,#598,.T.);
#433=EDGE_CURVE('',#533,#534,#599,.T.);
#434=EDGE_CURVE('',#535,#533,#77,.F.);
#435=EDGE_CURVE('',#534,#536,#78,.T.);
#436=EDGE_CURVE('',#535,#536,#600,.T.);
#437=EDGE_CURVE('',#537,#535,#79,.T.);
#438=EDGE_CURVE('',#536,#538,#80,.T.);
#439=EDGE_CURVE('',#537,#538,#601,.T.);
#440=EDGE_CURVE('',#539,#540,#81,.F.);
#441=EDGE_CURVE('',#540,#541,#602,.T.);
#442=EDGE_CURVE('',#541,#542,#82,.T.);
#443=EDGE_CURVE('',#539,#542,#603,.T.);
#444=EDGE_CURVE('',#543,#539,#604,.T.);
#445=EDGE_CURVE('',#542,#544,#605,.T.);
#446=EDGE_CURVE('',#543,#544,#606,.T.);
#447=EDGE_CURVE('',#545,#543,#607,.T.);
#448=EDGE_CURVE('',#544,#546,#608,.T.);
#449=EDGE_CURVE('',#545,#546,#609,.T.);
#450=EDGE_CURVE('',#547,#545,#610,.T.);
#451=EDGE_CURVE('',#546,#548,#611,.T.);
#452=EDGE_CURVE('',#547,#548,#612,.T.);
#453=EDGE_CURVE('',#549,#547,#83,.F.);
#454=EDGE_CURVE('',#548,#550,#84,.T.);
#455=EDGE_CURVE('',#549,#550,#613,.T.);
#456=EDGE_CURVE('',#540,#549,#85,.T.);
#457=EDGE_CURVE('',#550,#541,#86,.T.);
#458=EDGE_CURVE('',#528,#537,#87,.F.);
#459=EDGE_CURVE('',#538,#529,#88,.T.);
#460=EDGE_CURVE('',#511,#522,#43,.T.);
#461=EDGE_CURVE('',#505,#521,#44,.T.);
#462=EDGE_CURVE('',#517,#513,#45,.F.);
#463=EDGE_CURVE('',#518,#503,#46,.F.);
#464=EDGE_CURVE('',#551,#552,#89,.T.);
#465=EDGE_CURVE('',#553,#551,#18,.T.);
#466=EDGE_CURVE('',#553,#554,#90,.T.);
#467=EDGE_CURVE('',#554,#555,#19,.T.);
#468=EDGE_CURVE('',#555,#552,#20,.T.);
#469=EDGE_CURVE('',#555,#551,#91,.T.);
#470=EDGE_CURVE('',#556,#554,#21,.T.);
#471=EDGE_CURVE('',#556,#553,#92,.T.);
#472=EDGE_CURVE('',#557,#558,#22,.T.);
#473=EDGE_CURVE('',#559,#558,#93,.T.);
#474=EDGE_CURVE('',#560,#559,#23,.T.);
#475=EDGE_CURVE('',#560,#561,#94,.T.);
#476=EDGE_CURVE('',#561,#562,#24,.T.);
#477=EDGE_CURVE('',#562,#557,#25,.T.);
#478=EDGE_CURVE('',#563,#559,#95,.T.);
#479=EDGE_CURVE('',#558,#563,#26,.T.);
#480=EDGE_CURVE('',#562,#560,#96,.T.);
#481=EDGE_CURVE('',#552,#563,#97,.T.);
#482=EDGE_CURVE('',#555,#558,#98,.T.);
#483=EDGE_CURVE('',#562,#554,#99,.T.);
#484=EDGE_CURVE('',#561,#556,#100,.T.);
#485=VERTEX_POINT('',#1489);
#486=VERTEX_POINT('',#1490);
#487=VERTEX_POINT('',#1492);
#488=VERTEX_POINT('',#1494);
#489=VERTEX_POINT('',#1498);
#490=VERTEX_POINT('',#1499);
#491=VERTEX_POINT('',#1501);
#492=VERTEX_POINT('',#1503);
#493=VERTEX_POINT('',#1507);
#494=VERTEX_POINT('',#1509);
#495=VERTEX_POINT('',#1513);
#496=VERTEX_POINT('',#1514);
#497=VERTEX_POINT('',#1519);
#498=VERTEX_POINT('',#1521);
#499=VERTEX_POINT('',#1525);
#500=VERTEX_POINT('',#1526);
#501=VERTEX_POINT('',#1534);
#502=VERTEX_POINT('',#1535);
#503=VERTEX_POINT('',#1537);
#504=VERTEX_POINT('',#1539);
#505=VERTEX_POINT('',#1543);
#506=VERTEX_POINT('',#1544);
#507=VERTEX_POINT('',#1546);
#508=VERTEX_POINT('',#1548);
#509=VERTEX_POINT('',#1552);
#510=VERTEX_POINT('',#1553);
#511=VERTEX_POINT('',#1555);
#512=VERTEX_POINT('',#1557);
#513=VERTEX_POINT('',#1561);
#514=VERTEX_POINT('',#1563);
#515=VERTEX_POINT('',#1567);
#516=VERTEX_POINT('',#1569);
#517=VERTEX_POINT('',#1576);
#518=VERTEX_POINT('',#1577);
#519=VERTEX_POINT('',#1579);
#520=VERTEX_POINT('',#1581);
#521=VERTEX_POINT('',#1583);
#522=VERTEX_POINT('',#1585);
#523=VERTEX_POINT('',#1587);
#524=VERTEX_POINT('',#1589);
#525=VERTEX_POINT('',#1595);
#526=VERTEX_POINT('',#1598);
#527=VERTEX_POINT('',#1623);
#528=VERTEX_POINT('',#1624);
#529=VERTEX_POINT('',#1626);
#530=VERTEX_POINT('',#1628);
#531=VERTEX_POINT('',#1632);
#532=VERTEX_POINT('',#1634);
#533=VERTEX_POINT('',#1638);
#534=VERTEX_POINT('',#1640);
#535=VERTEX_POINT('',#1644);
#536=VERTEX_POINT('',#1646);
#537=VERTEX_POINT('',#1650);
#538=VERTEX_POINT('',#1652);
#539=VERTEX_POINT('',#1656);
#540=VERTEX_POINT('',#1657);
#541=VERTEX_POINT('',#1659);
#542=VERTEX_POINT('',#1661);
#543=VERTEX_POINT('',#1665);
#544=VERTEX_POINT('',#1667);
#545=VERTEX_POINT('',#1671);
#546=VERTEX_POINT('',#1673);
#547=VERTEX_POINT('',#1677);
#548=VERTEX_POINT('',#1679);
#549=VERTEX_POINT('',#1683);
#550=VERTEX_POINT('',#1685);
#551=VERTEX_POINT('',#2107);
#552=VERTEX_POINT('',#2108);
#553=VERTEX_POINT('',#2206);
#554=VERTEX_POINT('',#2208);
#555=VERTEX_POINT('',#2306);
#556=VERTEX_POINT('',#2890);
#557=VERTEX_POINT('',#3377);
#558=VERTEX_POINT('',#3378);
#559=VERTEX_POINT('',#3380);
#560=VERTEX_POINT('',#3478);
#561=VERTEX_POINT('',#3480);
#562=VERTEX_POINT('',#3578);
#563=VERTEX_POINT('',#4065);
#564=LINE('',#1488,#614);
#565=LINE('',#1491,#615);
#566=LINE('',#1493,#616);
#567=LINE('',#1495,#617);
#568=LINE('',#1497,#618);
#569=LINE('',#1500,#619);
#570=LINE('',#1502,#620);
#571=LINE('',#1504,#621);
#572=LINE('',#1508,#622);
#573=LINE('',#1512,#623);
#574=LINE('',#1520,#624);
#575=LINE('',#1524,#625);
#576=LINE('',#1533,#626);
#577=LINE('',#1538,#627);
#578=LINE('',#1542,#628);
#579=LINE('',#1547,#629);
#580=LINE('',#1551,#630);
#581=LINE('',#1556,#631);
#582=LINE('',#1560,#632);
#583=LINE('',#1562,#633);
#584=LINE('',#1564,#634);
#585=LINE('',#1568,#635);
#586=LINE('',#1572,#636);
#587=LINE('',#1573,#637);
#588=LINE('',#1575,#638);
#589=LINE('',#1584,#639);
#590=LINE('',#1622,#640);
#591=LINE('',#1625,#641);
#592=LINE('',#1627,#642);
#593=LINE('',#1629,#643);
#594=LINE('',#1631,#644);
#595=LINE('',#1633,#645);
#596=LINE('',#1635,#646);
#597=LINE('',#1637,#647);
#598=LINE('',#1639,#648);
#599=LINE('',#1641,#649);
#600=LINE('',#1647,#650);
#601=LINE('',#1653,#651);
#602=LINE('',#1658,#652);
#603=LINE('',#1662,#653);
#604=LINE('',#1664,#654);
#605=LINE('',#1666,#655);
#606=LINE('',#1668,#656);
#607=LINE('',#1670,#657);
#608=LINE('',#1672,#658);
#609=LINE('',#1674,#659);
#610=LINE('',#1676,#660);
#611=LINE('',#1678,#661);
#612=LINE('',#1680,#662);
#613=LINE('',#1686,#663);
#614=VECTOR('',#1244,1000.);
#615=VECTOR('',#1245,1000.);
#616=VECTOR('',#1246,1000.);
#617=VECTOR('',#1247,1000.);
#618=VECTOR('',#1250,1000.);
#619=VECTOR('',#1251,1000.);
#620=VECTOR('',#1252,1000.);
#621=VECTOR('',#1253,1000.);
#622=VECTOR('',#1258,1000.);
#623=VECTOR('',#1263,1000.);
#624=VECTOR('',#1272,1000.);
#625=VECTOR('',#1277,1000.);
#626=VECTOR('',#1290,1000.);
#627=VECTOR('',#1293,1000.);
#628=VECTOR('',#1298,1000.);
#629=VECTOR('',#1301,1000.);
#630=VECTOR('',#1306,1000.);
#631=VECTOR('',#1309,1000.);
#632=VECTOR('',#1314,1000.);
#633=VECTOR('',#1315,1000.);
#634=VECTOR('',#1316,1000.);
#635=VECTOR('',#1321,1000.);
#636=VECTOR('',#1326,1000.);
#637=VECTOR('',#1327,1000.);
#638=VECTOR('',#1330,1000.);
#639=VECTOR('',#1337,1000.);
#640=VECTOR('',#1370,1000.);
#641=VECTOR('',#1371,1000.);
#642=VECTOR('',#1372,1000.);
#643=VECTOR('',#1373,1000.);
#644=VECTOR('',#1376,1000.);
#645=VECTOR('',#1377,1000.);
#646=VECTOR('',#1378,1000.);
#647=VECTOR('',#1381,1000.);
#648=VECTOR('',#1382,1000.);
#649=VECTOR('',#1383,1000.);
#650=VECTOR('',#1390,1000.);
#651=VECTOR('',#1397,1000.);
#652=VECTOR('',#1402,1000.);
#653=VECTOR('',#1405,1000.);
#654=VECTOR('',#1408,1000.);
#655=VECTOR('',#1409,1000.);
#656=VECTOR('',#1410,1000.);
#657=VECTOR('',#1413,1000.);
#658=VECTOR('',#1414,1000.);
#659=VECTOR('',#1415,1000.);
#660=VECTOR('',#1418,1000.);
#661=VECTOR('',#1419,1000.);
#662=VECTOR('',#1420,1000.);
#663=VECTOR('',#1427,1000.);
#664=EDGE_LOOP('',(#122,#123,#124,#125));
#665=EDGE_LOOP('',(#126,#127,#128,#129));
#666=EDGE_LOOP('',(#130,#131,#132,#133));
#667=EDGE_LOOP('',(#134,#135,#136,#137));
#668=EDGE_LOOP('',(#138,#139,#140,#141));
#669=EDGE_LOOP('',(#142,#143,#144,#145));
#670=EDGE_LOOP('',(#146,#147,#148,#149));
#671=EDGE_LOOP('',(#150,#151,#152,#153));
#672=EDGE_LOOP('',(#154,#155,#156,#157));
#673=EDGE_LOOP('',(#158,#159,#160,#161));
#674=EDGE_LOOP('',(#162,#163,#164,#165));
#675=EDGE_LOOP('',(#166,#167,#168,#169));
#676=EDGE_LOOP('',(#170,#171,#172,#173));
#677=EDGE_LOOP('',(#174,#175,#176,#177,#178,#179,#180,#181));
#678=EDGE_LOOP('',(#182,#183,#184,#185,#186,#187,#188,#189));
#679=EDGE_LOOP('',(#190));
#680=EDGE_LOOP('',(#191));
#681=EDGE_LOOP('',(#192));
#682=EDGE_LOOP('',(#193,#194,#195,#196,#197,#198,#199,#200));
#683=EDGE_LOOP('',(#201));
#684=EDGE_LOOP('',(#202,#203,#204,#205));
#685=EDGE_LOOP('',(#206,#207,#208,#209,#210,#211));
#686=EDGE_LOOP('',(#212,#213,#214,#215,#216,#217));
#687=EDGE_LOOP('',(#218,#219,#220,#221));
#688=EDGE_LOOP('',(#222,#223,#224,#225));
#689=EDGE_LOOP('',(#226,#227,#228,#229));
#690=EDGE_LOOP('',(#230,#231,#232,#233));
#691=EDGE_LOOP('',(#234,#235,#236,#237));
#692=EDGE_LOOP('',(#238,#239,#240,#241));
#693=EDGE_LOOP('',(#242,#243,#244,#245));
#694=EDGE_LOOP('',(#246,#247,#248,#249));
#695=EDGE_LOOP('',(#250,#251,#252,#253));
#696=EDGE_LOOP('',(#254,#255,#256,#257));
#697=EDGE_LOOP('',(#258,#259,#260,#261));
#698=EDGE_LOOP('',(#262,#263,#264,#265));
#699=EDGE_LOOP('',(#266,#267,#268,#269,#270,#271));
#700=EDGE_LOOP('',(#272,#273,#274,#275,#276,#277,#278,#279));
#701=EDGE_LOOP('',(#280,#281,#282,#283,#284,#285));
#702=EDGE_LOOP('',(#286,#287,#288,#289,#290,#291));
#703=EDGE_LOOP('',(#292,#293,#294,#295,#296,#297));
#704=EDGE_LOOP('',(#298,#299,#300,#301));
#705=EDGE_LOOP('',(#302,#303,#304,#305));
#706=EDGE_LOOP('',(#306,#307,#308,#309));
#707=EDGE_LOOP('',(#310,#311,#312,#313));
#708=EDGE_LOOP('',(#314,#315,#316,#317));
#709=EDGE_LOOP('',(#318,#319,#320,#321));
#710=EDGE_LOOP('',(#322,#323,#324,#325,#326));
#711=EDGE_LOOP('',(#327,#328,#329,#330,#331));
#712=EDGE_LOOP('',(#332,#333,#334,#335,#336,#337));
#713=EDGE_LOOP('',(#338,#339,#340,#341,#342,#343));
#714=EDGE_LOOP('',(#344,#345,#346,#347));
#715=EDGE_LOOP('',(#348,#349,#350,#351));
#716=EDGE_LOOP('',(#352,#353,#354,#355,#356,#357));
#717=EDGE_LOOP('',(#358,#359,#360,#361,#362,#363));
#718=FACE_BOUND('',#664,.T.);
#719=FACE_BOUND('',#665,.T.);
#720=FACE_BOUND('',#666,.T.);
#721=FACE_BOUND('',#667,.T.);
#722=FACE_BOUND('',#668,.T.);
#723=FACE_BOUND('',#669,.T.);
#724=FACE_BOUND('',#670,.T.);
#725=FACE_BOUND('',#671,.T.);
#726=FACE_BOUND('',#672,.T.);
#727=FACE_BOUND('',#673,.T.);
#728=FACE_BOUND('',#674,.T.);
#729=FACE_BOUND('',#675,.T.);
#730=FACE_BOUND('',#676,.T.);
#731=FACE_BOUND('',#677,.T.);
#732=FACE_BOUND('',#678,.T.);
#733=FACE_BOUND('',#679,.T.);
#734=FACE_BOUND('',#680,.T.);
#735=FACE_BOUND('',#681,.T.);
#736=FACE_BOUND('',#682,.T.);
#737=FACE_BOUND('',#683,.T.);
#738=FACE_BOUND('',#684,.T.);
#739=FACE_BOUND('',#685,.T.);
#740=FACE_BOUND('',#686,.T.);
#741=FACE_BOUND('',#687,.T.);
#742=FACE_BOUND('',#688,.T.);
#743=FACE_BOUND('',#689,.T.);
#744=FACE_BOUND('',#690,.T.);
#745=FACE_BOUND('',#691,.T.);
#746=FACE_BOUND('',#692,.T.);
#747=FACE_BOUND('',#693,.T.);
#748=FACE_BOUND('',#694,.T.);
#749=FACE_BOUND('',#695,.T.);
#750=FACE_BOUND('',#696,.T.);
#751=FACE_BOUND('',#697,.T.);
#752=FACE_BOUND('',#698,.T.);
#753=FACE_BOUND('',#699,.T.);
#754=FACE_BOUND('',#700,.T.);
#755=FACE_BOUND('',#701,.T.);
#756=FACE_BOUND('',#702,.T.);
#757=FACE_BOUND('',#703,.T.);
#758=FACE_BOUND('',#704,.T.);
#759=FACE_BOUND('',#705,.T.);
#760=FACE_BOUND('',#706,.T.);
#761=FACE_BOUND('',#707,.T.);
#762=FACE_BOUND('',#708,.T.);
#763=FACE_BOUND('',#709,.T.);
#764=FACE_BOUND('',#710,.T.);
#765=FACE_BOUND('',#711,.T.);
#766=FACE_BOUND('',#712,.T.);
#767=FACE_BOUND('',#713,.T.);
#768=FACE_BOUND('',#714,.T.);
#769=FACE_BOUND('',#715,.T.);
#770=FACE_BOUND('',#716,.T.);
#771=FACE_BOUND('',#717,.T.);
#772=PLANE('',#1143);
#773=PLANE('',#1144);
#774=PLANE('',#1169);
#775=PLANE('',#1173);
#776=PLANE('',#1174);
#777=PLANE('',#1181);
#778=PLANE('',#1187);
#779=PLANE('',#1193);
#780=PLANE('',#1194);
#781=PLANE('',#1195);
#782=PLANE('',#1205);
#783=PLANE('',#1206);
#784=PLANE('',#1207);
#785=PLANE('',#1217);
#786=PLANE('',#1218);
#787=PLANE('',#1219);
#788=PLANE('',#1238);
#789=PLANE('',#1239);
#790=STYLED_ITEM('',(#832),#1087);
#791=STYLED_ITEM('',(#833),#1088);
#792=STYLED_ITEM('',(#834),#1089);
#793=STYLED_ITEM('',(#835),#1090);
#794=STYLED_ITEM('',(#836),#1091);
#795=STYLED_ITEM('',(#837),#1092);
#796=STYLED_ITEM('',(#838),#1093);
#797=STYLED_ITEM('',(#839),#1094);
#798=STYLED_ITEM('',(#840),#1095);
#799=STYLED_ITEM('',(#841),#1096);
#800=STYLED_ITEM('',(#842),#1097);
#801=STYLED_ITEM('',(#843),#1098);
#802=STYLED_ITEM('',(#844),#1099);
#803=STYLED_ITEM('',(#845),#1100);
#804=STYLED_ITEM('',(#846),#1101);
#805=STYLED_ITEM('',(#847),#1102);
#806=STYLED_ITEM('',(#848),#1103);
#807=STYLED_ITEM('',(#849),#1104);
#808=STYLED_ITEM('',(#850),#1105);
#809=STYLED_ITEM('',(#851),#1106);
#810=STYLED_ITEM('',(#852),#1107);
#811=STYLED_ITEM('',(#853),#1108);
#812=STYLED_ITEM('',(#854),#1109);
#813=STYLED_ITEM('',(#855),#1110);
#814=STYLED_ITEM('',(#856),#1111);
#815=STYLED_ITEM('',(#857),#1112);
#816=STYLED_ITEM('',(#858),#1113);
#817=STYLED_ITEM('',(#859),#1114);
#818=STYLED_ITEM('',(#860),#1115);
#819=STYLED_ITEM('',(#861),#1116);
#820=STYLED_ITEM('',(#862),#1117);
#821=STYLED_ITEM('',(#863),#1118);
#822=STYLED_ITEM('',(#864),#1119);
#823=STYLED_ITEM('',(#865),#1120);
#824=STYLED_ITEM('',(#866),#1121);
#825=STYLED_ITEM('',(#867),#1122);
#826=STYLED_ITEM('',(#868),#1123);
#827=STYLED_ITEM('',(#869),#1124);
#828=STYLED_ITEM('',(#870),#1125);
#829=STYLED_ITEM('',(#871),#1126);
#830=STYLED_ITEM('',(#872),#1127);
#831=STYLED_ITEM('',(#873),#1139);
#832=PRESENTATION_STYLE_ASSIGNMENT((#874));
#833=PRESENTATION_STYLE_ASSIGNMENT((#875));
#834=PRESENTATION_STYLE_ASSIGNMENT((#876));
#835=PRESENTATION_STYLE_ASSIGNMENT((#877));
#836=PRESENTATION_STYLE_ASSIGNMENT((#878));
#837=PRESENTATION_STYLE_ASSIGNMENT((#879));
#838=PRESENTATION_STYLE_ASSIGNMENT((#880));
#839=PRESENTATION_STYLE_ASSIGNMENT((#881));
#840=PRESENTATION_STYLE_ASSIGNMENT((#882));
#841=PRESENTATION_STYLE_ASSIGNMENT((#883));
#842=PRESENTATION_STYLE_ASSIGNMENT((#884));
#843=PRESENTATION_STYLE_ASSIGNMENT((#885));
#844=PRESENTATION_STYLE_ASSIGNMENT((#886));
#845=PRESENTATION_STYLE_ASSIGNMENT((#887));
#846=PRESENTATION_STYLE_ASSIGNMENT((#888));
#847=PRESENTATION_STYLE_ASSIGNMENT((#889));
#848=PRESENTATION_STYLE_ASSIGNMENT((#890));
#849=PRESENTATION_STYLE_ASSIGNMENT((#891));
#850=PRESENTATION_STYLE_ASSIGNMENT((#892));
#851=PRESENTATION_STYLE_ASSIGNMENT((#893));
#852=PRESENTATION_STYLE_ASSIGNMENT((#894));
#853=PRESENTATION_STYLE_ASSIGNMENT((#895));
#854=PRESENTATION_STYLE_ASSIGNMENT((#896));
#855=PRESENTATION_STYLE_ASSIGNMENT((#897));
#856=PRESENTATION_STYLE_ASSIGNMENT((#898));
#857=PRESENTATION_STYLE_ASSIGNMENT((#899));
#858=PRESENTATION_STYLE_ASSIGNMENT((#900));
#859=PRESENTATION_STYLE_ASSIGNMENT((#901));
#860=PRESENTATION_STYLE_ASSIGNMENT((#902));
#861=PRESENTATION_STYLE_ASSIGNMENT((#903));
#862=PRESENTATION_STYLE_ASSIGNMENT((#904));
#863=PRESENTATION_STYLE_ASSIGNMENT((#905));
#864=PRESENTATION_STYLE_ASSIGNMENT((#906));
#865=PRESENTATION_STYLE_ASSIGNMENT((#907));
#866=PRESENTATION_STYLE_ASSIGNMENT((#908));
#867=PRESENTATION_STYLE_ASSIGNMENT((#909));
#868=PRESENTATION_STYLE_ASSIGNMENT((#910));
#869=PRESENTATION_STYLE_ASSIGNMENT((#911));
#870=PRESENTATION_STYLE_ASSIGNMENT((#912));
#871=PRESENTATION_STYLE_ASSIGNMENT((#913));
#872=PRESENTATION_STYLE_ASSIGNMENT((#914));
#873=PRESENTATION_STYLE_ASSIGNMENT((#915));
#874=SURFACE_STYLE_USAGE(.BOTH.,#916);
#875=SURFACE_STYLE_USAGE(.BOTH.,#917);
#876=SURFACE_STYLE_USAGE(.BOTH.,#918);
#877=SURFACE_STYLE_USAGE(.BOTH.,#919);
#878=SURFACE_STYLE_USAGE(.BOTH.,#920);
#879=SURFACE_STYLE_USAGE(.BOTH.,#921);
#880=SURFACE_STYLE_USAGE(.BOTH.,#922);
#881=SURFACE_STYLE_USAGE(.BOTH.,#923);
#882=SURFACE_STYLE_USAGE(.BOTH.,#924);
#883=SURFACE_STYLE_USAGE(.BOTH.,#925);
#884=SURFACE_STYLE_USAGE(.BOTH.,#926);
#885=SURFACE_STYLE_USAGE(.BOTH.,#927);
#886=SURFACE_STYLE_USAGE(.BOTH.,#928);
#887=SURFACE_STYLE_USAGE(.BOTH.,#929);
#888=SURFACE_STYLE_USAGE(.BOTH.,#930);
#889=SURFACE_STYLE_USAGE(.BOTH.,#931);
#890=SURFACE_STYLE_USAGE(.BOTH.,#932);
#891=SURFACE_STYLE_USAGE(.BOTH.,#933);
#892=SURFACE_STYLE_USAGE(.BOTH.,#934);
#893=SURFACE_STYLE_USAGE(.BOTH.,#935);
#894=SURFACE_STYLE_USAGE(.BOTH.,#936);
#895=SURFACE_STYLE_USAGE(.BOTH.,#937);
#896=SURFACE_STYLE_USAGE(.BOTH.,#938);
#897=SURFACE_STYLE_USAGE(.BOTH.,#939);
#898=SURFACE_STYLE_USAGE(.BOTH.,#940);
#899=SURFACE_STYLE_USAGE(.BOTH.,#941);
#900=SURFACE_STYLE_USAGE(.BOTH.,#942);
#901=SURFACE_STYLE_USAGE(.BOTH.,#943);
#902=SURFACE_STYLE_USAGE(.BOTH.,#944);
#903=SURFACE_STYLE_USAGE(.BOTH.,#945);
#904=SURFACE_STYLE_USAGE(.BOTH.,#946);
#905=SURFACE_STYLE_USAGE(.BOTH.,#947);
#906=SURFACE_STYLE_USAGE(.BOTH.,#948);
#907=SURFACE_STYLE_USAGE(.BOTH.,#949);
#908=SURFACE_STYLE_USAGE(.BOTH.,#950);
#909=SURFACE_STYLE_USAGE(.BOTH.,#951);
#910=SURFACE_STYLE_USAGE(.BOTH.,#952);
#911=SURFACE_STYLE_USAGE(.BOTH.,#953);
#912=SURFACE_STYLE_USAGE(.BOTH.,#954);
#913=SURFACE_STYLE_USAGE(.BOTH.,#955);
#914=SURFACE_STYLE_USAGE(.BOTH.,#956);
#915=SURFACE_STYLE_USAGE(.BOTH.,#957);
#916=SURFACE_SIDE_STYLE('',(#958));
#917=SURFACE_SIDE_STYLE('',(#959));
#918=SURFACE_SIDE_STYLE('',(#960));
#919=SURFACE_SIDE_STYLE('',(#961));
#920=SURFACE_SIDE_STYLE('',(#962));
#921=SURFACE_SIDE_STYLE('',(#963));
#922=SURFACE_SIDE_STYLE('',(#964));
#923=SURFACE_SIDE_STYLE('',(#965));
#924=SURFACE_SIDE_STYLE('',(#966));
#925=SURFACE_SIDE_STYLE('',(#967));
#926=SURFACE_SIDE_STYLE('',(#968));
#927=SURFACE_SIDE_STYLE('',(#969));
#928=SURFACE_SIDE_STYLE('',(#970));
#929=SURFACE_SIDE_STYLE('',(#971));
#930=SURFACE_SIDE_STYLE('',(#972));
#931=SURFACE_SIDE_STYLE('',(#973));
#932=SURFACE_SIDE_STYLE('',(#974));
#933=SURFACE_SIDE_STYLE('',(#975));
#934=SURFACE_SIDE_STYLE('',(#976));
#935=SURFACE_SIDE_STYLE('',(#977));
#936=SURFACE_SIDE_STYLE('',(#978));
#937=SURFACE_SIDE_STYLE('',(#979));
#938=SURFACE_SIDE_STYLE('',(#980));
#939=SURFACE_SIDE_STYLE('',(#981));
#940=SURFACE_SIDE_STYLE('',(#982));
#941=SURFACE_SIDE_STYLE('',(#983));
#942=SURFACE_SIDE_STYLE('',(#984));
#943=SURFACE_SIDE_STYLE('',(#985));
#944=SURFACE_SIDE_STYLE('',(#986));
#945=SURFACE_SIDE_STYLE('',(#987));
#946=SURFACE_SIDE_STYLE('',(#988));
#947=SURFACE_SIDE_STYLE('',(#989));
#948=SURFACE_SIDE_STYLE('',(#990));
#949=SURFACE_SIDE_STYLE('',(#991));
#950=SURFACE_SIDE_STYLE('',(#992));
#951=SURFACE_SIDE_STYLE('',(#993));
#952=SURFACE_SIDE_STYLE('',(#994));
#953=SURFACE_SIDE_STYLE('',(#995));
#954=SURFACE_SIDE_STYLE('',(#996));
#955=SURFACE_SIDE_STYLE('',(#997));
#956=SURFACE_SIDE_STYLE('',(#998));
#957=SURFACE_SIDE_STYLE('',(#999));
#958=SURFACE_STYLE_FILL_AREA(#1000);
#959=SURFACE_STYLE_FILL_AREA(#1001);
#960=SURFACE_STYLE_FILL_AREA(#1002);
#961=SURFACE_STYLE_FILL_AREA(#1003);
#962=SURFACE_STYLE_FILL_AREA(#1004);
#963=SURFACE_STYLE_FILL_AREA(#1005);
#964=SURFACE_STYLE_FILL_AREA(#1006);
#965=SURFACE_STYLE_FILL_AREA(#1007);
#966=SURFACE_STYLE_FILL_AREA(#1008);
#967=SURFACE_STYLE_FILL_AREA(#1009);
#968=SURFACE_STYLE_FILL_AREA(#1010);
#969=SURFACE_STYLE_FILL_AREA(#1011);
#970=SURFACE_STYLE_FILL_AREA(#1012);
#971=SURFACE_STYLE_FILL_AREA(#1013);
#972=SURFACE_STYLE_FILL_AREA(#1014);
#973=SURFACE_STYLE_FILL_AREA(#1015);
#974=SURFACE_STYLE_FILL_AREA(#1016);
#975=SURFACE_STYLE_FILL_AREA(#1017);
#976=SURFACE_STYLE_FILL_AREA(#1018);
#977=SURFACE_STYLE_FILL_AREA(#1019);
#978=SURFACE_STYLE_FILL_AREA(#1020);
#979=SURFACE_STYLE_FILL_AREA(#1021);
#980=SURFACE_STYLE_FILL_AREA(#1022);
#981=SURFACE_STYLE_FILL_AREA(#1023);
#982=SURFACE_STYLE_FILL_AREA(#1024);
#983=SURFACE_STYLE_FILL_AREA(#1025);
#984=SURFACE_STYLE_FILL_AREA(#1026);
#985=SURFACE_STYLE_FILL_AREA(#1027);
#986=SURFACE_STYLE_FILL_AREA(#1028);
#987=SURFACE_STYLE_FILL_AREA(#1029);
#988=SURFACE_STYLE_FILL_AREA(#1030);
#989=SURFACE_STYLE_FILL_AREA(#1031);
#990=SURFACE_STYLE_FILL_AREA(#1032);
#991=SURFACE_STYLE_FILL_AREA(#1033);
#992=SURFACE_STYLE_FILL_AREA(#1034);
#993=SURFACE_STYLE_FILL_AREA(#1035);
#994=SURFACE_STYLE_FILL_AREA(#1036);
#995=SURFACE_STYLE_FILL_AREA(#1037);
#996=SURFACE_STYLE_FILL_AREA(#1038);
#997=SURFACE_STYLE_FILL_AREA(#1039);
#998=SURFACE_STYLE_FILL_AREA(#1040);
#999=SURFACE_STYLE_FILL_AREA(#1041);
#1000=FILL_AREA_STYLE('',(#1042));
#1001=FILL_AREA_STYLE('',(#1043));
#1002=FILL_AREA_STYLE('',(#1044));
#1003=FILL_AREA_STYLE('',(#1045));
#1004=FILL_AREA_STYLE('',(#1046));
#1005=FILL_AREA_STYLE('',(#1047));
#1006=FILL_AREA_STYLE('',(#1048));
#1007=FILL_AREA_STYLE('',(#1049));
#1008=FILL_AREA_STYLE('',(#1050));
#1009=FILL_AREA_STYLE('',(#1051));
#1010=FILL_AREA_STYLE('',(#1052));
#1011=FILL_AREA_STYLE('',(#1053));
#1012=FILL_AREA_STYLE('',(#1054));
#1013=FILL_AREA_STYLE('',(#1055));
#1014=FILL_AREA_STYLE('',(#1056));
#1015=FILL_AREA_STYLE('',(#1057));
#1016=FILL_AREA_STYLE('',(#1058));
#1017=FILL_AREA_STYLE('',(#1059));
#1018=FILL_AREA_STYLE('',(#1060));
#1019=FILL_AREA_STYLE('',(#1061));
#1020=FILL_AREA_STYLE('',(#1062));
#1021=FILL_AREA_STYLE('',(#1063));
#1022=FILL_AREA_STYLE('',(#1064));
#1023=FILL_AREA_STYLE('',(#1065));
#1024=FILL_AREA_STYLE('',(#1066));
#1025=FILL_AREA_STYLE('',(#1067));
#1026=FILL_AREA_STYLE('',(#1068));
#1027=FILL_AREA_STYLE('',(#1069));
#1028=FILL_AREA_STYLE('',(#1070));
#1029=FILL_AREA_STYLE('',(#1071));
#1030=FILL_AREA_STYLE('',(#1072));
#1031=FILL_AREA_STYLE('',(#1073));
#1032=FILL_AREA_STYLE('',(#1074));
#1033=FILL_AREA_STYLE('',(#1075));
#1034=FILL_AREA_STYLE('',(#1076));
#1035=FILL_AREA_STYLE('',(#1077));
#1036=FILL_AREA_STYLE('',(#1078));
#1037=FILL_AREA_STYLE('',(#1079));
#1038=FILL_AREA_STYLE('',(#1080));
#1039=FILL_AREA_STYLE('',(#1081));
#1040=FILL_AREA_STYLE('',(#1082));
#1041=FILL_AREA_STYLE('',(#1083));
#1042=FILL_AREA_STYLE_COLOUR('',#1084);
#1043=FILL_AREA_STYLE_COLOUR('',#1084);
#1044=FILL_AREA_STYLE_COLOUR('',#1084);
#1045=FILL_AREA_STYLE_COLOUR('',#1084);
#1046=FILL_AREA_STYLE_COLOUR('',#1084);
#1047=FILL_AREA_STYLE_COLOUR('',#1084);
#1048=FILL_AREA_STYLE_COLOUR('',#1084);
#1049=FILL_AREA_STYLE_COLOUR('',#1084);
#1050=FILL_AREA_STYLE_COLOUR('',#1084);
#1051=FILL_AREA_STYLE_COLOUR('',#1084);
#1052=FILL_AREA_STYLE_COLOUR('',#1084);
#1053=FILL_AREA_STYLE_COLOUR('',#1084);
#1054=FILL_AREA_STYLE_COLOUR('',#1084);
#1055=FILL_AREA_STYLE_COLOUR('',#1084);
#1056=FILL_AREA_STYLE_COLOUR('',#1084);
#1057=FILL_AREA_STYLE_COLOUR('',#1084);
#1058=FILL_AREA_STYLE_COLOUR('',#1084);
#1059=FILL_AREA_STYLE_COLOUR('',#1084);
#1060=FILL_AREA_STYLE_COLOUR('',#1084);
#1061=FILL_AREA_STYLE_COLOUR('',#1084);
#1062=FILL_AREA_STYLE_COLOUR('',#1085);
#1063=FILL_AREA_STYLE_COLOUR('',#1085);
#1064=FILL_AREA_STYLE_COLOUR('',#1085);
#1065=FILL_AREA_STYLE_COLOUR('',#1085);
#1066=FILL_AREA_STYLE_COLOUR('',#1085);
#1067=FILL_AREA_STYLE_COLOUR('',#1085);
#1068=FILL_AREA_STYLE_COLOUR('',#1085);
#1069=FILL_AREA_STYLE_COLOUR('',#1085);
#1070=FILL_AREA_STYLE_COLOUR('',#1085);
#1071=FILL_AREA_STYLE_COLOUR('',#1085);
#1072=FILL_AREA_STYLE_COLOUR('',#1085);
#1073=FILL_AREA_STYLE_COLOUR('',#1085);
#1074=FILL_AREA_STYLE_COLOUR('',#1084);
#1075=FILL_AREA_STYLE_COLOUR('',#1085);
#1076=FILL_AREA_STYLE_COLOUR('',#1085);
#1077=FILL_AREA_STYLE_COLOUR('',#1084);
#1078=FILL_AREA_STYLE_COLOUR('',#1084);
#1079=FILL_AREA_STYLE_COLOUR('',#1084);
#1080=FILL_AREA_STYLE_COLOUR('',#1084);
#1081=FILL_AREA_STYLE_COLOUR('',#1084);
#1082=FILL_AREA_STYLE_COLOUR('',#1084);
#1083=FILL_AREA_STYLE_COLOUR('',#1086);
#1084=COLOUR_RGB('',0.200000002980232,0.200000002980232,0.200000002980232);
#1085=COLOUR_RGB('',0.699999988079071,0.699999988079071,0.699999988079071);
#1086=COLOUR_RGB('',0.550000011920929,0.311243504285812,0.21841649711132);
#1087=ADVANCED_FACE('',(#718),#772,.T.);
#1088=ADVANCED_FACE('',(#719),#773,.T.);
#1089=ADVANCED_FACE('',(#720),#101,.T.);
#1090=ADVANCED_FACE('',(#721),#102,.T.);
#1091=ADVANCED_FACE('',(#722),#103,.T.);
#1092=ADVANCED_FACE('',(#723),#104,.T.);
#1093=ADVANCED_FACE('',(#724),#105,.F.);
#1094=ADVANCED_FACE('',(#725),#106,.T.);
#1095=ADVANCED_FACE('',(#726),#107,.T.);
#1096=ADVANCED_FACE('',(#727),#108,.T.);
#1097=ADVANCED_FACE('',(#728),#774,.T.);
#1098=ADVANCED_FACE('',(#729),#109,.T.);
#1099=ADVANCED_FACE('',(#730),#775,.T.);
#1100=ADVANCED_FACE('',(#731),#776,.F.);
#1101=ADVANCED_FACE('',(#732,#733),#777,.T.);
#1102=ADVANCED_FACE('',(#734,#735),#110,.T.);
#1103=ADVANCED_FACE('',(#736,#737),#778,.T.);
#1104=ADVANCED_FACE('',(#738),#111,.F.);
#1105=ADVANCED_FACE('',(#739),#112,.F.);
#1106=ADVANCED_FACE('',(#740),#113,.F.);
#1107=ADVANCED_FACE('',(#741),#779,.F.);
#1108=ADVANCED_FACE('',(#742),#780,.F.);
#1109=ADVANCED_FACE('',(#743),#781,.F.);
#1110=ADVANCED_FACE('',(#744),#114,.T.);
#1111=ADVANCED_FACE('',(#745),#115,.F.);
#1112=ADVANCED_FACE('',(#746),#116,.T.);
#1113=ADVANCED_FACE('',(#747),#782,.F.);
#1114=ADVANCED_FACE('',(#748),#783,.F.);
#1115=ADVANCED_FACE('',(#749),#784,.F.);
#1116=ADVANCED_FACE('',(#750),#117,.T.);
#1117=ADVANCED_FACE('',(#751),#118,.F.);
#1118=ADVANCED_FACE('',(#752),#119,.T.);
#1119=ADVANCED_FACE('',(#753,#754,#755),#785,.F.);
#1120=ADVANCED_FACE('',(#756),#786,.T.);
#1121=ADVANCED_FACE('',(#757),#787,.T.);
#1122=ADVANCED_FACE('',(#758),#35,.T.);
#1123=ADVANCED_FACE('',(#759),#120,.T.);
#1124=ADVANCED_FACE('',(#760),#36,.T.);
#1125=ADVANCED_FACE('',(#761),#37,.T.);
#1126=ADVANCED_FACE('',(#762),#121,.T.);
#1127=ADVANCED_FACE('',(#763),#38,.T.);
#1128=ADVANCED_FACE('',(#764),#27,.T.);
#1129=ADVANCED_FACE('',(#765),#28,.T.);
#1130=ADVANCED_FACE('',(#766),#29,.T.);
#1131=ADVANCED_FACE('',(#767),#30,.T.);
#1132=ADVANCED_FACE('',(#768),#31,.T.);
#1133=ADVANCED_FACE('',(#769),#32,.T.);
#1134=ADVANCED_FACE('',(#770),#788,.T.);
#1135=ADVANCED_FACE('',(#771),#789,.F.);
#1136=CLOSED_SHELL('',(#1087,#1088,#1089,#1090,#1091,#1092,#1093,#1094,
#1095,#1096,#1097,#1098,#1099,#1100,#1101,#1102,#1103,#1104,#1105,#1106,
#1107,#1108,#1109,#1110,#1111,#1112,#1113,#1114,#1115,#1116,#1117,#1118,
#1119,#1120,#1121,#1122,#1123,#1124,#1125,#1126,#1127));
#1137=CLOSED_SHELL('',(#1128,#1129,#1130,#1131,#1132,#1133,#1134,#1135));
#1138=MANIFOLD_SOLID_BREP('',#1136);
#1139=MANIFOLD_SOLID_BREP('',#1137);
#1140=SHAPE_DEFINITION_REPRESENTATION(#4280,#1141);
#1141=SHAPE_REPRESENTATION('IDCP2218ER101M01',(#1142),#4275);
#1142=AXIS2_PLACEMENT_3D('',#1486,#1240,#1241);
#1143=AXIS2_PLACEMENT_3D('',#1487,#1242,#1243);
#1144=AXIS2_PLACEMENT_3D('',#1496,#1248,#1249);
#1145=AXIS2_PLACEMENT_3D('',#1505,#1254,#1255);
#1146=AXIS2_PLACEMENT_3D('',#1506,#1256,#1257);
#1147=AXIS2_PLACEMENT_3D('',#1510,#1259,#1260);
#1148=AXIS2_PLACEMENT_3D('',#1511,#1261,#1262);
#1149=AXIS2_PLACEMENT_3D('',#1515,#1264,#1265);
#1150=AXIS2_PLACEMENT_3D('',#1516,#1266,#1267);
#1151=AXIS2_PLACEMENT_3D('',#1517,#1268,#1269);
#1152=AXIS2_PLACEMENT_3D('',#1518,#1270,#1271);
#1153=AXIS2_PLACEMENT_3D('',#1522,#1273,#1274);
#1154=AXIS2_PLACEMENT_3D('',#1523,#1275,#1276);
#1155=AXIS2_PLACEMENT_3D('',#1527,#1278,#1279);
#1156=AXIS2_PLACEMENT_3D('',#1528,#1280,#1281);
#1157=AXIS2_PLACEMENT_3D('',#1529,#1282,#1283);
#1158=AXIS2_PLACEMENT_3D('',#1530,#1284,#1285);
#1159=AXIS2_PLACEMENT_3D('',#1531,#1286,#1287);
#1160=AXIS2_PLACEMENT_3D('',#1532,#1288,#1289);
#1161=AXIS2_PLACEMENT_3D('',#1536,#1291,#1292);
#1162=AXIS2_PLACEMENT_3D('',#1540,#1294,#1295);
#1163=AXIS2_PLACEMENT_3D('',#1541,#1296,#1297);
#1164=AXIS2_PLACEMENT_3D('',#1545,#1299,#1300);
#1165=AXIS2_PLACEMENT_3D('',#1549,#1302,#1303);
#1166=AXIS2_PLACEMENT_3D('',#1550,#1304,#1305);
#1167=AXIS2_PLACEMENT_3D('',#1554,#1307,#1308);
#1168=AXIS2_PLACEMENT_3D('',#1558,#1310,#1311);
#1169=AXIS2_PLACEMENT_3D('',#1559,#1312,#1313);
#1170=AXIS2_PLACEMENT_3D('',#1565,#1317,#1318);
#1171=AXIS2_PLACEMENT_3D('',#1566,#1319,#1320);
#1172=AXIS2_PLACEMENT_3D('',#1570,#1322,#1323);
#1173=AXIS2_PLACEMENT_3D('',#1571,#1324,#1325);
#1174=AXIS2_PLACEMENT_3D('',#1574,#1328,#1329);
#1175=AXIS2_PLACEMENT_3D('',#1578,#1331,#1332);
#1176=AXIS2_PLACEMENT_3D('',#1580,#1333,#1334);
#1177=AXIS2_PLACEMENT_3D('',#1582,#1335,#1336);
#1178=AXIS2_PLACEMENT_3D('',#1586,#1338,#1339);
#1179=AXIS2_PLACEMENT_3D('',#1588,#1340,#1341);
#1180=AXIS2_PLACEMENT_3D('',#1590,#1342,#1343);
#1181=AXIS2_PLACEMENT_3D('',#1591,#1344,#1345);
#1182=AXIS2_PLACEMENT_3D('',#1592,#1346,#1347);
#1183=AXIS2_PLACEMENT_3D('',#1593,#1348,#1349);
#1184=AXIS2_PLACEMENT_3D('',#1594,#1350,#1351);
#1185=AXIS2_PLACEMENT_3D('',#1596,#1352,#1353);
#1186=AXIS2_PLACEMENT_3D('',#1597,#1354,#1355);
#1187=AXIS2_PLACEMENT_3D('',#1599,#1356,#1357);
#1188=AXIS2_PLACEMENT_3D('',#1600,#1358,#1359);
#1189=AXIS2_PLACEMENT_3D('',#1601,#1360,#1361);
#1190=AXIS2_PLACEMENT_3D('',#1602,#1362,#1363);
#1191=AXIS2_PLACEMENT_3D('',#1603,#1364,#1365);
#1192=AXIS2_PLACEMENT_3D('',#1612,#1366,#1367);
#1193=AXIS2_PLACEMENT_3D('',#1621,#1368,#1369);
#1194=AXIS2_PLACEMENT_3D('',#1630,#1374,#1375);
#1195=AXIS2_PLACEMENT_3D('',#1636,#1379,#1380);
#1196=AXIS2_PLACEMENT_3D('',#1642,#1384,#1385);
#1197=AXIS2_PLACEMENT_3D('',#1643,#1386,#1387);
#1198=AXIS2_PLACEMENT_3D('',#1645,#1388,#1389);
#1199=AXIS2_PLACEMENT_3D('',#1648,#1391,#1392);
#1200=AXIS2_PLACEMENT_3D('',#1649,#1393,#1394);
#1201=AXIS2_PLACEMENT_3D('',#1651,#1395,#1396);
#1202=AXIS2_PLACEMENT_3D('',#1654,#1398,#1399);
#1203=AXIS2_PLACEMENT_3D('',#1655,#1400,#1401);
#1204=AXIS2_PLACEMENT_3D('',#1660,#1403,#1404);
#1205=AXIS2_PLACEMENT_3D('',#1663,#1406,#1407);
#1206=AXIS2_PLACEMENT_3D('',#1669,#1411,#1412);
#1207=AXIS2_PLACEMENT_3D('',#1675,#1416,#1417);
#1208=AXIS2_PLACEMENT_3D('',#1681,#1421,#1422);
#1209=AXIS2_PLACEMENT_3D('',#1682,#1423,#1424);
#1210=AXIS2_PLACEMENT_3D('',#1684,#1425,#1426);
#1211=AXIS2_PLACEMENT_3D('',#1687,#1428,#1429);
#1212=AXIS2_PLACEMENT_3D('',#1688,#1430,#1431);
#1213=AXIS2_PLACEMENT_3D('',#1689,#1432,#1433);
#1214=AXIS2_PLACEMENT_3D('',#1690,#1434,#1435);
#1215=AXIS2_PLACEMENT_3D('',#1691,#1436,#1437);
#1216=AXIS2_PLACEMENT_3D('',#1692,#1438,#1439);
#1217=AXIS2_PLACEMENT_3D('',#1693,#1440,#1441);
#1218=AXIS2_PLACEMENT_3D('',#1694,#1442,#1443);
#1219=AXIS2_PLACEMENT_3D('',#1695,#1444,#1445);
#1220=AXIS2_PLACEMENT_3D('',#1696,#1446,#1447);
#1221=AXIS2_PLACEMENT_3D('',#1701,#1448,#1449);
#1222=AXIS2_PLACEMENT_3D('',#1706,#1450,#1451);
#1223=AXIS2_PLACEMENT_3D('',#1707,#1452,#1453);
#1224=AXIS2_PLACEMENT_3D('',#1712,#1454,#1455);
#1225=AXIS2_PLACEMENT_3D('',#1717,#1456,#1457);
#1226=AXIS2_PLACEMENT_3D('',#2106,#1458,#1459);
#1227=AXIS2_PLACEMENT_3D('',#2207,#1460,#1461);
#1228=AXIS2_PLACEMENT_3D('',#2792,#1462,#1463);
#1229=AXIS2_PLACEMENT_3D('',#2891,#1464,#1465);
#1230=AXIS2_PLACEMENT_3D('',#3379,#1466,#1467);
#1231=AXIS2_PLACEMENT_3D('',#3479,#1468,#1469);
#1232=AXIS2_PLACEMENT_3D('',#4064,#1470,#1471);
#1233=AXIS2_PLACEMENT_3D('',#4163,#1472,#1473);
#1234=AXIS2_PLACEMENT_3D('',#4216,#1474,#1475);
#1235=AXIS2_PLACEMENT_3D('',#4217,#1476,#1477);
#1236=AXIS2_PLACEMENT_3D('',#4270,#1478,#1479);
#1237=AXIS2_PLACEMENT_3D('',#4271,#1480,#1481);
#1238=AXIS2_PLACEMENT_3D('',#4272,#1482,#1483);
#1239=AXIS2_PLACEMENT_3D('',#4273,#1484,#1485);
#1240=DIRECTION('',(0.,0.,1.));
#1241=DIRECTION('',(1.,0.,0.));
#1242=DIRECTION('',(-3.37620098615039E-16,-1.,0.));
#1243=DIRECTION('',(1.,-3.37620098615039E-16,0.));
#1244=DIRECTION('',(0.,0.,-1.));
#1245=DIRECTION('',(1.,-3.37620098615038E-16,0.));
#1246=DIRECTION('',(0.,0.,-1.));
#1247=DIRECTION('',(-1.,3.37620098615039E-16,0.));
#1248=DIRECTION('',(-1.68810049307519E-16,1.,0.));
#1249=DIRECTION('',(-1.,-1.68810049307519E-16,0.));
#1250=DIRECTION('',(0.,0.,-1.));
#1251=DIRECTION('',(-1.,-1.68810049307519E-16,0.));
#1252=DIRECTION('',(0.,0.,-1.));
#1253=DIRECTION('',(1.,1.68810049307519E-16,0.));
#1254=DIRECTION('',(0.,0.,-1.));
#1255=DIRECTION('',(-1.,0.,0.));
#1256=DIRECTION('',(0.,0.,1.));
#1257=DIRECTION('',(1.,1.68810049307519E-16,0.));
#1258=DIRECTION('',(0.,0.,-1.));
#1259=DIRECTION('',(0.,0.,1.));
#1260=DIRECTION('',(1.,0.,0.));
#1261=DIRECTION('',(0.,0.,-1.));
#1262=DIRECTION('',(-1.,0.,0.));
#1263=DIRECTION('',(0.,0.,-1.));
#1264=DIRECTION('',(0.,0.,1.));
#1265=DIRECTION('',(1.,1.68810049307519E-16,0.));
#1266=DIRECTION('',(0.,0.,1.));
#1267=DIRECTION('',(1.,0.,0.));
#1268=DIRECTION('',(0.,0.,-1.));
#1269=DIRECTION('',(-1.,0.,0.));
#1270=DIRECTION('',(0.,0.,1.));
#1271=DIRECTION('',(1.,1.68810049307519E-16,0.));
#1272=DIRECTION('',(0.,0.,-1.));
#1273=DIRECTION('',(0.,0.,1.));
#1274=DIRECTION('',(1.,0.,0.));
#1275=DIRECTION('',(0.,0.,-1.));
#1276=DIRECTION('',(-1.,0.,0.));
#1277=DIRECTION('',(0.,0.,-1.));
#1278=DIRECTION('',(0.,0.,1.));
#1279=DIRECTION('',(1.,1.68810049307519E-16,0.));
#1280=DIRECTION('',(0.,0.,1.));
#1281=DIRECTION('',(1.,0.,0.));
#1282=DIRECTION('',(0.,0.,-1.));
#1283=DIRECTION('',(-1.,0.,0.));
#1284=DIRECTION('',(0.,0.,-1.));
#1285=DIRECTION('',(-1.,-1.68810049307519E-16,0.));
#1286=DIRECTION('',(0.,0.,1.));
#1287=DIRECTION('',(1.,0.,0.));
#1288=DIRECTION('',(0.,0.,-1.));
#1289=DIRECTION('',(-1.,0.,0.));
#1290=DIRECTION('',(0.,0.,-1.));
#1291=DIRECTION('',(0.,0.,-1.));
#1292=DIRECTION('',(-1.,0.,0.));
#1293=DIRECTION('',(0.,0.,-1.));
#1294=DIRECTION('',(0.,0.,1.));
#1295=DIRECTION('',(1.,0.,0.));
#1296=DIRECTION('',(0.,0.,-1.));
#1297=DIRECTION('',(-1.,0.,0.));
#1298=DIRECTION('',(0.,0.,-1.));
#1299=DIRECTION('',(0.,0.,-1.));
#1300=DIRECTION('',(-1.,0.,0.));
#1301=DIRECTION('',(0.,0.,-1.));
#1302=DIRECTION('',(0.,0.,1.));
#1303=DIRECTION('',(1.,0.,0.));
#1304=DIRECTION('',(0.,0.,-1.));
#1305=DIRECTION('',(-1.,0.,0.));
#1306=DIRECTION('',(0.,0.,-1.));
#1307=DIRECTION('',(0.,0.,-1.));
#1308=DIRECTION('',(-1.,0.,0.));
#1309=DIRECTION('',(0.,0.,-1.));
#1310=DIRECTION('',(0.,0.,1.));
#1311=DIRECTION('',(1.,0.,0.));
#1312=DIRECTION('',(-1.68810049307519E-16,1.,0.));
#1313=DIRECTION('',(-1.,-1.68810049307519E-16,0.));
#1314=DIRECTION('',(1.,1.68810049307519E-16,0.));
#1315=DIRECTION('',(0.,0.,-1.));
#1316=DIRECTION('',(-1.,-1.68810049307519E-16,0.));
#1317=DIRECTION('',(0.,0.,-1.));
#1318=DIRECTION('',(-1.,0.,0.));
#1319=DIRECTION('',(0.,0.,-1.));
#1320=DIRECTION('',(-1.,0.,0.));
#1321=DIRECTION('',(0.,0.,-1.));
#1322=DIRECTION('',(0.,0.,1.));
#1323=DIRECTION('',(1.,0.,0.));
#1324=DIRECTION('',(-3.37620098615039E-16,-1.,0.));
#1325=DIRECTION('',(1.,-3.37620098615039E-16,0.));
#1326=DIRECTION('',(-1.,3.37620098615039E-16,0.));
#1327=DIRECTION('',(1.,-3.37620098615039E-16,0.));
#1328=DIRECTION('',(0.,0.,-1.));
#1329=DIRECTION('',(-1.,0.,0.));
#1330=DIRECTION('',(1.,1.68810049307519E-16,0.));
#1331=DIRECTION('',(0.,0.,-1.));
#1332=DIRECTION('',(-1.,0.,0.));
#1333=DIRECTION('',(0.,0.,-1.));
#1334=DIRECTION('',(-1.,0.,0.));
#1335=DIRECTION('',(0.,0.,-1.));
#1336=DIRECTION('',(-1.,0.,0.));
#1337=DIRECTION('',(-1.,3.37620098615039E-16,0.));
#1338=DIRECTION('',(0.,0.,-1.));
#1339=DIRECTION('',(-1.,0.,0.));
#1340=DIRECTION('',(0.,0.,-1.));
#1341=DIRECTION('',(-1.,0.,0.));
#1342=DIRECTION('',(0.,0.,-1.));
#1343=DIRECTION('',(-1.,0.,0.));
#1344=DIRECTION('',(0.,0.,-1.));
#1345=DIRECTION('',(-1.,0.,0.));
#1346=DIRECTION('',(0.,0.,-1.));
#1347=DIRECTION('',(-1.,0.,0.));
#1348=DIRECTION('',(0.,0.,-1.));
#1349=DIRECTION('',(-1.,0.,0.));
#1350=DIRECTION('',(0.,0.,1.));
#1351=DIRECTION('',(1.,0.,0.));
#1352=DIRECTION('',(0.,0.,1.));
#1353=DIRECTION('',(1.,0.,0.));
#1354=DIRECTION('',(0.,0.,1.));
#1355=DIRECTION('',(1.,0.,0.));
#1356=DIRECTION('',(0.,0.,1.));
#1357=DIRECTION('',(1.,0.,0.));
#1358=DIRECTION('',(0.,0.,1.));
#1359=DIRECTION('',(1.,0.,0.));
#1360=DIRECTION('',(0.,0.,-1.));
#1361=DIRECTION('',(-1.,0.,0.));
#1362=DIRECTION('',(0.,0.,-1.));
#1363=DIRECTION('',(1.,1.68810049307519E-16,0.));
#1364=DIRECTION('',(0.,0.,-1.));
#1365=DIRECTION('',(-1.,0.,0.));
#1366=DIRECTION('',(0.,0.,-1.));
#1367=DIRECTION('',(-1.,0.,0.));
#1368=DIRECTION('',(-1.92696428259578E-15,-1.,0.));
#1369=DIRECTION('',(1.,-1.92696428259578E-15,0.));
#1370=DIRECTION('',(-1.,1.92696428259578E-15,0.));
#1371=DIRECTION('',(0.,0.,1.));
#1372=DIRECTION('',(1.,-1.92696428259578E-15,0.));
#1373=DIRECTION('',(0.,0.,1.));
#1374=DIRECTION('',(-1.,1.28814076472815E-16,0.));
#1375=DIRECTION('',(-1.28814076472815E-16,-1.,0.));
#1376=DIRECTION('',(1.28814076472815E-16,1.,0.));
#1377=DIRECTION('',(-1.28814076472815E-16,-1.,0.));
#1378=DIRECTION('',(0.,0.,1.));
#1379=DIRECTION('',(-1.68810049307519E-16,1.,0.));
#1380=DIRECTION('',(-1.,-1.68810049307519E-16,0.));
#1381=DIRECTION('',(1.,1.68810049307519E-16,0.));
#1382=DIRECTION('',(-1.,-1.68810049307519E-16,0.));
#1383=DIRECTION('',(0.,0.,1.));
#1384=DIRECTION('',(0.,0.,1.));
#1385=DIRECTION('',(1.,0.,0.));
#1386=DIRECTION('',(0.,0.,-1.));
#1387=DIRECTION('',(-1.,0.,0.));
#1388=DIRECTION('',(0.,0.,-1.));
#1389=DIRECTION('',(1.,1.68810049307519E-16,0.));
#1390=DIRECTION('',(0.,0.,1.));
#1391=DIRECTION('',(0.,0.,1.));
#1392=DIRECTION('',(1.,0.,0.));
#1393=DIRECTION('',(0.,0.,-1.));
#1394=DIRECTION('',(-1.,0.,0.));
#1395=DIRECTION('',(0.,0.,1.));
#1396=DIRECTION('',(-1.,-1.68810049307519E-16,0.));
#1397=DIRECTION('',(0.,0.,1.));
#1398=DIRECTION('',(0.,0.,1.));
#1399=DIRECTION('',(1.,0.,0.));
#1400=DIRECTION('',(0.,0.,-1.));
#1401=DIRECTION('',(-1.,0.,0.));
#1402=DIRECTION('',(0.,0.,1.));
#1403=DIRECTION('',(0.,0.,-1.));
#1404=DIRECTION('',(1.,1.68810049307519E-16,0.));
#1405=DIRECTION('',(0.,0.,1.));
#1406=DIRECTION('',(-2.26458438121082E-15,1.,0.));
#1407=DIRECTION('',(-1.,-2.26458438121082E-15,0.));
#1408=DIRECTION('',(1.,2.26458438121082E-15,0.));
#1409=DIRECTION('',(-1.,-2.26458438121082E-15,0.));
#1410=DIRECTION('',(0.,0.,1.));
#1411=DIRECTION('',(1.,8.37745847988524E-17,0.));
#1412=DIRECTION('',(-8.37745847988524E-17,1.,0.));
#1413=DIRECTION('',(8.37745847988524E-17,-1.,0.));
#1414=DIRECTION('',(-8.37745847988524E-17,1.,0.));
#1415=DIRECTION('',(0.,0.,1.));
#1416=DIRECTION('',(1.68810049307519E-16,-1.,0.));
#1417=DIRECTION('',(1.,1.68810049307519E-16,0.));
#1418=DIRECTION('',(-1.,-1.68810049307519E-16,0.));
#1419=DIRECTION('',(1.,1.68810049307519E-16,0.));
#1420=DIRECTION('',(0.,0.,1.));
#1421=DIRECTION('',(0.,0.,1.));
#1422=DIRECTION('',(1.,0.,0.));
#1423=DIRECTION('',(0.,0.,-1.));
#1424=DIRECTION('',(-1.,0.,0.));
#1425=DIRECTION('',(0.,0.,-1.));
#1426=DIRECTION('',(1.,1.68810049307519E-16,0.));
#1427=DIRECTION('',(0.,0.,1.));
#1428=DIRECTION('',(0.,0.,1.));
#1429=DIRECTION('',(1.,0.,0.));
#1430=DIRECTION('',(0.,0.,-1.));
#1431=DIRECTION('',(-1.,0.,0.));
#1432=DIRECTION('',(0.,0.,1.));
#1433=DIRECTION('',(1.,1.68810049307519E-16,0.));
#1434=DIRECTION('',(0.,0.,1.));
#1435=DIRECTION('',(1.,0.,0.));
#1436=DIRECTION('',(0.,0.,-1.));
#1437=DIRECTION('',(-1.,0.,0.));
#1438=DIRECTION('',(0.,0.,-1.));
#1439=DIRECTION('',(1.,1.68810049307519E-16,0.));
#1440=DIRECTION('',(0.,0.,1.));
#1441=DIRECTION('',(1.,0.,0.));
#1442=DIRECTION('',(0.,0.,-1.));
#1443=DIRECTION('',(-1.,0.,0.));
#1444=DIRECTION('',(0.,0.,-1.));
#1445=DIRECTION('',(-1.,0.,0.));
#1446=DIRECTION('',(0.,0.,-1.));
#1447=DIRECTION('',(-1.,0.,0.));
#1448=DIRECTION('',(1.,-3.37620098615039E-16,0.));
#1449=DIRECTION('',(3.37620098615039E-16,1.,0.));
#1450=DIRECTION('',(0.,0.,-1.));
#1451=DIRECTION('',(-1.,0.,0.));
#1452=DIRECTION('',(0.,0.,-1.));
#1453=DIRECTION('',(-1.,0.,0.));
#1454=DIRECTION('',(-1.,-1.68810049307519E-16,0.));
#1455=DIRECTION('',(1.68810049307519E-16,-1.,0.));
#1456=DIRECTION('',(0.,0.,-1.));
#1457=DIRECTION('',(-1.,0.,0.));
#1458=DIRECTION('',(1.95943487863577E-15,1.,0.));
#1459=DIRECTION('',(1.,-1.95943487863577E-15,0.));
#1460=DIRECTION('',(0.,1.,0.));
#1461=DIRECTION('',(1.,0.,0.));
#1462=DIRECTION('',(1.95943487863577E-15,1.,0.));
#1463=DIRECTION('',(1.,-1.95943487863577E-15,0.));
#1464=DIRECTION('',(0.,1.,0.));
#1465=DIRECTION('',(1.,0.,0.));
#1466=DIRECTION('',(1.95943487863577E-15,1.,0.));
#1467=DIRECTION('',(1.,-1.95943487863577E-15,0.));
#1468=DIRECTION('',(0.,1.,0.));
#1469=DIRECTION('',(1.,0.,0.));
#1470=DIRECTION('',(1.95943487863577E-15,1.,0.));
#1471=DIRECTION('',(1.,-1.95943487863577E-15,0.));
#1472=DIRECTION('',(0.,1.,0.));
#1473=DIRECTION('',(1.,0.,0.));
#1474=DIRECTION('',(1.95943487863577E-15,1.,0.));
#1475=DIRECTION('',(1.,-1.95943487863577E-15,0.));
#1476=DIRECTION('',(1.71450551880629E-15,1.,0.));
#1477=DIRECTION('',(1.,-1.71450551880629E-15,0.));
#1478=DIRECTION('',(-6.43249059870655E-16,1.,0.));
#1479=DIRECTION('',(1.,6.43249059870655E-16,0.));
#1480=DIRECTION('',(0.,1.,0.));
#1481=DIRECTION('',(1.,0.,0.));
#1482=DIRECTION('',(1.95943487863577E-15,1.,0.));
#1483=DIRECTION('',(0.,0.,1.));
#1484=DIRECTION('',(0.,1.,0.));
#1485=DIRECTION('',(0.,0.,1.));
#1486=CARTESIAN_POINT('',(0.,0.,0.));
#1487=CARTESIAN_POINT('',(-1.28452325786651,-2.6,4.5));
#1488=CARTESIAN_POINT('',(-1.28452325786651,-2.6,4.5));
#1489=CARTESIAN_POINT('',(-1.28452325786651,-2.6,0.576190605422128));
#1490=CARTESIAN_POINT('',(-1.28452325786651,-2.6,0.0596061943048422));
#1491=CARTESIAN_POINT('',(1.28452325786651,-2.6,0.0596061943048422));
#1492=CARTESIAN_POINT('',(1.28452325786651,-2.6,0.0596061943048422));
#1493=CARTESIAN_POINT('',(1.28452325786651,-2.6,4.5));
#1494=CARTESIAN_POINT('',(1.28452325786651,-2.6,0.576190605422128));
#1495=CARTESIAN_POINT('',(-1.28452325786651,-2.6,0.576190605422128));
#1496=CARTESIAN_POINT('',(1.28452325786651,2.6,4.5));
#1497=CARTESIAN_POINT('',(1.28452325786651,2.6,4.5));
#1498=CARTESIAN_POINT('',(1.28452325786651,2.6,0.576190605422128));
#1499=CARTESIAN_POINT('',(1.28452325786651,2.6,0.0596061943048422));
#1500=CARTESIAN_POINT('',(-1.28452325786651,2.6,0.0596061943048422));
#1501=CARTESIAN_POINT('',(-1.28452325786651,2.6,0.0596061943048422));
#1502=CARTESIAN_POINT('',(-1.28452325786651,2.6,4.5));
#1503=CARTESIAN_POINT('',(-1.28452325786651,2.6,0.576190605422128));
#1504=CARTESIAN_POINT('',(1.28452325786651,2.6,0.576190605422128));
#1505=CARTESIAN_POINT('',(0.,0.,4.5));
#1506=CARTESIAN_POINT('',(0.,0.,0.0596061943048422));
#1507=CARTESIAN_POINT('',(-2.86138760584516,0.471657682133641,0.0596061943048422));
#1508=CARTESIAN_POINT('',(-2.86138760584516,0.471657682133646,4.5));
#1509=CARTESIAN_POINT('',(-2.86138760584516,0.471657682133647,0.576190605422128));
#1510=CARTESIAN_POINT('',(0.,0.,0.576190605422128));
#1511=CARTESIAN_POINT('',(0.,0.,4.5));
#1512=CARTESIAN_POINT('',(-2.86138760584516,-0.471657682133645,4.5));
#1513=CARTESIAN_POINT('',(-2.86138760584516,-0.471657682133646,0.576190605422128));
#1514=CARTESIAN_POINT('',(-2.86138760584516,-0.471657682133645,0.0596061943048416));
#1515=CARTESIAN_POINT('',(0.,0.,0.0596061943048422));
#1516=CARTESIAN_POINT('',(0.,0.,0.576190605422128));
#1517=CARTESIAN_POINT('',(0.,0.,4.5));
#1518=CARTESIAN_POINT('',(0.,0.,0.0596061943048422));
#1519=CARTESIAN_POINT('',(2.86138760584516,-0.471657682133645,0.0596061943048422));
#1520=CARTESIAN_POINT('',(2.86138760584516,-0.471657682133645,4.5));
#1521=CARTESIAN_POINT('',(2.86138760584516,-0.471657682133647,0.576190605422128));
#1522=CARTESIAN_POINT('',(0.,0.,0.576190605422128));
#1523=CARTESIAN_POINT('',(0.,0.,4.5));
#1524=CARTESIAN_POINT('',(2.86138760584516,0.471657682133646,4.5));
#1525=CARTESIAN_POINT('',(2.86138760584516,0.471657682133646,0.0596061943048422));
#1526=CARTESIAN_POINT('',(2.86138760584516,0.471657682133647,0.576190605422128));
#1527=CARTESIAN_POINT('',(0.,0.,0.0596061943048422));
#1528=CARTESIAN_POINT('',(0.,0.,0.576190605422128));
#1529=CARTESIAN_POINT('',(-2.9,3.0876042258157E-16,10.4767107855291));
#1530=CARTESIAN_POINT('',(-2.9,3.0876042258157E-16,0.0596061943048422));
#1531=CARTESIAN_POINT('',(-2.9,3.0876042258157E-16,0.576190605422128));
#1532=CARTESIAN_POINT('',(0.,0.,4.5));
#1533=CARTESIAN_POINT('',(-2.86138760584516,0.471657682133646,4.5));
#1534=CARTESIAN_POINT('',(-2.86138760584516,0.471657682133647,3.96293732634715));
#1535=CARTESIAN_POINT('',(-2.86138760584516,0.471657682133646,4.3281250275));
#1536=CARTESIAN_POINT('',(0.,0.,4.3281250275));
#1537=CARTESIAN_POINT('',(-1.28452325786651,2.6,4.3281250275));
#1538=CARTESIAN_POINT('',(-1.28452325786651,2.6,4.5));
#1539=CARTESIAN_POINT('',(-1.28452325786651,2.6,3.96293732634715));
#1540=CARTESIAN_POINT('',(0.,0.,3.96293732634715));
#1541=CARTESIAN_POINT('',(0.,0.,4.5));
#1542=CARTESIAN_POINT('',(-1.28452325786651,-2.6,4.5));
#1543=CARTESIAN_POINT('',(-1.28452325786651,-2.6,4.3281250275));
#1544=CARTESIAN_POINT('',(-1.28452325786651,-2.6,3.96293732634715));
#1545=CARTESIAN_POINT('',(0.,0.,4.3281250275));
#1546=CARTESIAN_POINT('',(-2.86138760584516,-0.471657682133645,4.3281250275));
#1547=CARTESIAN_POINT('',(-2.86138760584516,-0.471657682133645,4.5));
#1548=CARTESIAN_POINT('',(-2.86138760584516,-0.471657682133647,3.96293732634715));
#1549=CARTESIAN_POINT('',(0.,0.,3.96293732634715));
#1550=CARTESIAN_POINT('',(0.,0.,4.5));
#1551=CARTESIAN_POINT('',(2.86138760584516,-0.471657682133645,4.5));
#1552=CARTESIAN_POINT('',(2.86138760584516,-0.471657682133645,4.3281250275));
#1553=CARTESIAN_POINT('',(2.86138760584516,-0.471657682133647,3.96293732634715));
#1554=CARTESIAN_POINT('',(0.,0.,4.3281250275));
#1555=CARTESIAN_POINT('',(1.28452325786651,-2.6,4.3281250275));
#1556=CARTESIAN_POINT('',(1.28452325786651,-2.6,4.5));
#1557=CARTESIAN_POINT('',(1.28452325786651,-2.6,3.96293732634715));
#1558=CARTESIAN_POINT('',(0.,0.,3.96293732634715));
#1559=CARTESIAN_POINT('',(1.28452325786651,2.6,4.5));
#1560=CARTESIAN_POINT('',(1.28452325786651,2.6,4.3281250275));
#1561=CARTESIAN_POINT('',(1.28452325786651,2.6,4.3281250275));
#1562=CARTESIAN_POINT('',(1.28452325786651,2.6,4.5));
#1563=CARTESIAN_POINT('',(1.28452325786651,2.6,3.96293732634715));
#1564=CARTESIAN_POINT('',(1.28452325786651,2.6,3.96293732634715));
#1565=CARTESIAN_POINT('',(0.,0.,4.5));
#1566=CARTESIAN_POINT('',(0.,0.,4.3281250275));
#1567=CARTESIAN_POINT('',(2.86138760584516,0.471657682133646,4.3281250275));
#1568=CARTESIAN_POINT('',(2.86138760584516,0.471657682133646,4.5));
#1569=CARTESIAN_POINT('',(2.86138760584516,0.471657682133647,3.96293732634715));
#1570=CARTESIAN_POINT('',(0.,0.,3.96293732634715));
#1571=CARTESIAN_POINT('',(-1.28452325786651,-2.6,4.5));
#1572=CARTESIAN_POINT('',(-1.28452325786651,-2.6,4.3281250275));
#1573=CARTESIAN_POINT('',(-1.28452325786651,-2.6,3.96293732634715));
#1574=CARTESIAN_POINT('',(0.,0.,4.5));
#1575=CARTESIAN_POINT('',(-1.28452325786651,2.4281250275,4.5));
#1576=CARTESIAN_POINT('',(1.24373430301653,2.4281250275,4.5));
#1577=CARTESIAN_POINT('',(-1.24373430301653,2.4281250275,4.5));
#1578=CARTESIAN_POINT('',(0.,0.,4.5));
#1579=CARTESIAN_POINT('',(-2.69460591027135,0.42633924755128,4.5));
#1580=CARTESIAN_POINT('',(-2.9,3.0876042258157E-16,4.5));
#1581=CARTESIAN_POINT('',(-2.69460591027135,-0.426339247551279,4.5));
#1582=CARTESIAN_POINT('',(0.,0.,4.5));
#1583=CARTESIAN_POINT('',(-1.24373430301653,-2.4281250275,4.5));
#1584=CARTESIAN_POINT('',(1.28452325786651,-2.4281250275,4.5));
#1585=CARTESIAN_POINT('',(1.24373430301653,-2.4281250275,4.5));
#1586=CARTESIAN_POINT('',(0.,0.,4.5));
#1587=CARTESIAN_POINT('',(2.69460591027135,-0.426339247551279,4.5));
#1588=CARTESIAN_POINT('',(2.9,3.0876042258157E-16,4.5));
#1589=CARTESIAN_POINT('',(2.69460591027135,0.426339247551279,4.5));
#1590=CARTESIAN_POINT('',(0.,0.,4.5));
#1591=CARTESIAN_POINT('',(2.9,0.,3.96293732634715));
#1592=CARTESIAN_POINT('',(-2.9,3.0876042258157E-16,3.96293732634715));
#1593=CARTESIAN_POINT('',(2.9,3.0876042258157E-16,3.96293732634715));
#1594=CARTESIAN_POINT('',(0.,0.,3.96293732634715));
#1595=CARTESIAN_POINT('',(1.88292524947461,0.,3.96293732634715));
#1596=CARTESIAN_POINT('',(0.,0.,0.0899999999999998));
#1597=CARTESIAN_POINT('',(0.,0.,0.576190605422128));
#1598=CARTESIAN_POINT('',(1.88292524947461,0.,0.576190605422128));
#1599=CARTESIAN_POINT('',(1.88292524947461,0.,0.576190605422128));
#1600=CARTESIAN_POINT('',(2.9,3.0876042258157E-16,0.576190605422128));
#1601=CARTESIAN_POINT('',(2.9,3.0876042258157E-16,10.4767107855291));
#1602=CARTESIAN_POINT('',(2.9,3.0876042258157E-16,0.0596061943048422));
#1603=CARTESIAN_POINT('',(2.9,3.0876042258157E-16,10.4767107855291));
#1604=CARTESIAN_POINT('',(2.86138760584516,0.471657682133646,4.3281250275));
#1605=CARTESIAN_POINT('',(2.86138760584516,0.471657682133646,4.41954215230644));
#1606=CARTESIAN_POINT('',(2.77697182611956,0.46602002385225,4.50000000000002));
#1607=CARTESIAN_POINT('',(2.69460591027128,0.426339247551477,4.5));
#1608=CARTESIAN_POINT('',(2.69460591027135,-0.426339247551279,4.5));
#1609=CARTESIAN_POINT('',(2.77693573293817,-0.466002635525288,4.5));
#1610=CARTESIAN_POINT('',(2.86138760584516,-0.471657682133645,4.41952413763681));
#1611=CARTESIAN_POINT('',(2.86138760584516,-0.471657682133645,4.3281250275));
#1612=CARTESIAN_POINT('',(-2.9,3.0876042258157E-16,10.4767107855291));
#1613=CARTESIAN_POINT('',(-2.69460591027135,0.42633924755128,4.5));
#1614=CARTESIAN_POINT('',(-2.77693573293817,0.466002635525289,4.5));
#1615=CARTESIAN_POINT('',(-2.86138760584516,0.471657682133646,4.41952413763681));
#1616=CARTESIAN_POINT('',(-2.86138760584516,0.471657682133646,4.3281250275));
#1617=CARTESIAN_POINT('',(-2.86138760584516,-0.471657682133645,4.3281250275));
#1618=CARTESIAN_POINT('',(-2.86138760584516,-0.471657682133645,4.41954215230644));
#1619=CARTESIAN_POINT('',(-2.77697182611956,-0.46602002385225,4.50000000000002));
#1620=CARTESIAN_POINT('',(-2.69460591027128,-0.426339247551476,4.5));
#1621=CARTESIAN_POINT('',(-1.27279220613578,2.55,-0.0596061943048422));
#1622=CARTESIAN_POINT('',(4.91375892061925E-15,2.55,0.));
#1623=CARTESIAN_POINT('',(-1.06586111513404,2.55,0.));
#1624=CARTESIAN_POINT('',(-1.27279220613578,2.55,0.));
#1625=CARTESIAN_POINT('',(-1.27279220613578,2.55,-0.0596061943048422));
#1626=CARTESIAN_POINT('',(-1.27279220613578,2.55,0.0596061943048422));
#1627=CARTESIAN_POINT('',(-1.27279220613578,2.55,0.0596061943048422));
#1628=CARTESIAN_POINT('',(-1.06586111513404,2.55,0.0596061943048422));
#1629=CARTESIAN_POINT('',(-1.06586111513404,2.55,-0.0596061943048422));
#1630=CARTESIAN_POINT('',(-1.06586111513404,-2.55,-0.0596061943048422));
#1631=CARTESIAN_POINT('',(-1.06586111513404,1.37297915194276E-16,0.));
#1632=CARTESIAN_POINT('',(-1.06586111513404,-2.55,0.));
#1633=CARTESIAN_POINT('',(-1.06586111513404,-2.55,0.0596061943048422));
#1634=CARTESIAN_POINT('',(-1.06586111513404,-2.55,0.0596061943048422));
#1635=CARTESIAN_POINT('',(-1.06586111513404,-2.55,-0.0596061943048422));
#1636=CARTESIAN_POINT('',(-1.06586111513404,-2.55,-0.0596061943048422));
#1637=CARTESIAN_POINT('',(4.30465625734174E-16,-2.55,0.));
#1638=CARTESIAN_POINT('',(-1.27279220613578,-2.55,0.));
#1639=CARTESIAN_POINT('',(-1.06586111513404,-2.55,0.0596061943048422));
#1640=CARTESIAN_POINT('',(-1.27279220613578,-2.55,0.0596061943048422));
#1641=CARTESIAN_POINT('',(-1.27279220613578,-2.55,-0.0596061943048422));
#1642=CARTESIAN_POINT('',(0.,0.,-0.0596061943048422));
#1643=CARTESIAN_POINT('',(0.,0.,0.));
#1644=CARTESIAN_POINT('',(-2.80322837221875,-0.514208803102224,0.));
#1645=CARTESIAN_POINT('',(0.,0.,0.0596061943048422));
#1646=CARTESIAN_POINT('',(-2.80322837221875,-0.514208803102224,0.0596061943048422));
#1647=CARTESIAN_POINT('',(-2.80322837221875,-0.514208803102224,-0.0596061943048422));
#1648=CARTESIAN_POINT('',(-2.9,3.0876042258157E-16,-0.0596061943048422));
#1649=CARTESIAN_POINT('',(-2.9,3.0876042258157E-16,0.));
#1650=CARTESIAN_POINT('',(-2.80322837221875,0.514208803102223,0.));
#1651=CARTESIAN_POINT('',(-2.9,3.0876042258157E-16,0.0596061943048422));
#1652=CARTESIAN_POINT('',(-2.80322837221875,0.514208803102223,0.0596061943048422));
#1653=CARTESIAN_POINT('',(-2.80322837221875,0.514208803102223,-0.0596061943048422));
#1654=CARTESIAN_POINT('',(0.,0.,-0.0596061943048422));
#1655=CARTESIAN_POINT('',(0.,0.,0.));
#1656=CARTESIAN_POINT('',(1.27279220613578,-2.55,0.));
#1657=CARTESIAN_POINT('',(2.80322837221875,-0.514208803102223,0.));
#1658=CARTESIAN_POINT('',(2.80322837221875,-0.514208803102223,-0.0596061943048422));
#1659=CARTESIAN_POINT('',(2.80322837221875,-0.514208803102223,0.0596061943048422));
#1660=CARTESIAN_POINT('',(0.,0.,0.0596061943048422));
#1661=CARTESIAN_POINT('',(1.27279220613578,-2.55,0.0596061943048422));
#1662=CARTESIAN_POINT('',(1.27279220613578,-2.55,-0.0596061943048422));
#1663=CARTESIAN_POINT('',(1.27279220613578,-2.55,-0.0596061943048422));
#1664=CARTESIAN_POINT('',(5.7746901720876E-15,-2.55000000000001,0.));
#1665=CARTESIAN_POINT('',(1.06586111513404,-2.55,0.));
#1666=CARTESIAN_POINT('',(1.27279220613578,-2.55,0.0596061943048422));
#1667=CARTESIAN_POINT('',(1.06586111513404,-2.55,0.0596061943048422));
#1668=CARTESIAN_POINT('',(1.06586111513404,-2.55,-0.0596061943048422));
#1669=CARTESIAN_POINT('',(1.06586111513404,-2.55,-0.0596061943048422));
#1670=CARTESIAN_POINT('',(1.06586111513404,8.92920723735958E-17,0.));
#1671=CARTESIAN_POINT('',(1.06586111513404,2.55,0.));
#1672=CARTESIAN_POINT('',(1.06586111513404,-2.55,0.0596061943048422));
#1673=CARTESIAN_POINT('',(1.06586111513404,2.55,0.0596061943048422));
#1674=CARTESIAN_POINT('',(1.06586111513404,2.55,-0.0596061943048422));
#1675=CARTESIAN_POINT('',(1.06586111513404,2.55,-0.0596061943048422));
#1676=CARTESIAN_POINT('',(-4.30465625734174E-16,2.55,0.));
#1677=CARTESIAN_POINT('',(1.27279220613578,2.55,0.));
#1678=CARTESIAN_POINT('',(1.06586111513404,2.55,0.0596061943048422));
#1679=CARTESIAN_POINT('',(1.27279220613578,2.55,0.0596061943048422));
#1680=CARTESIAN_POINT('',(1.27279220613578,2.55,-0.0596061943048422));
#1681=CARTESIAN_POINT('',(0.,0.,-0.0596061943048422));
#1682=CARTESIAN_POINT('',(0.,0.,0.));
#1683=CARTESIAN_POINT('',(2.80322837221875,0.514208803102224,0.));
#1684=CARTESIAN_POINT('',(0.,0.,0.0596061943048422));
#1685=CARTESIAN_POINT('',(2.80322837221875,0.514208803102224,0.0596061943048422));
#1686=CARTESIAN_POINT('',(2.80322837221875,0.514208803102224,-0.0596061943048422));
#1687=CARTESIAN_POINT('',(2.9,3.0876042258157E-16,-0.0596061943048422));
#1688=CARTESIAN_POINT('',(2.9,3.0876042258157E-16,0.));
#1689=CARTESIAN_POINT('',(2.9,3.0876042258157E-16,0.0596061943048422));
#1690=CARTESIAN_POINT('',(0.,0.,-0.0596061943048422));
#1691=CARTESIAN_POINT('',(0.,0.,0.));
#1692=CARTESIAN_POINT('',(0.,0.,0.0596061943048422));
#1693=CARTESIAN_POINT('',(0.,0.,0.0596061943048422));
#1694=CARTESIAN_POINT('',(0.,0.,0.));
#1695=CARTESIAN_POINT('',(0.,0.,0.));
#1696=CARTESIAN_POINT('',(0.,0.,4.3281250275));
#1697=CARTESIAN_POINT('',(1.28452325786651,-2.6,4.3281250275));
#1698=CARTESIAN_POINT('',(1.28452325786651,-2.6,4.42019915358048));
#1699=CARTESIAN_POINT('',(1.26500833533588,-2.51635478171864,4.5));
#1700=CARTESIAN_POINT('',(1.24373430301652,-2.4281250275,4.5));
#1701=CARTESIAN_POINT('',(-1.28452325786651,-2.4281250275,4.3281250275));
#1702=CARTESIAN_POINT('',(-1.28452325786651,-2.6,4.3281250275));
#1703=CARTESIAN_POINT('',(-1.28452325786651,-2.6,4.42019915358048));
#1704=CARTESIAN_POINT('',(-1.26500833533586,-2.51635478171864,4.5));
#1705=CARTESIAN_POINT('',(-1.24373430301652,-2.4281250275,4.5));
#1706=CARTESIAN_POINT('',(0.,0.,4.3281250275));
#1707=CARTESIAN_POINT('',(0.,0.,4.3281250275));
#1708=CARTESIAN_POINT('',(1.28452325786651,2.6,4.3281250275));
#1709=CARTESIAN_POINT('',(1.28452325786651,2.6,4.42019915358048));
#1710=CARTESIAN_POINT('',(1.26500833533588,2.51635478171864,4.5));
#1711=CARTESIAN_POINT('',(1.24373430301652,2.4281250275,4.5));
#1712=CARTESIAN_POINT('',(1.28452325786651,2.4281250275,4.3281250275));
#1713=CARTESIAN_POINT('',(-1.28452325786651,2.6,4.3281250275));
#1714=CARTESIAN_POINT('',(-1.28452325786651,2.6,4.42019915358048));
#1715=CARTESIAN_POINT('',(-1.26500833533588,2.51635478171864,4.5));
#1716=CARTESIAN_POINT('',(-1.24373430301652,2.4281250275,4.5));
#1717=CARTESIAN_POINT('',(0.,0.,4.3281250275));
#1718=CARTESIAN_POINT('',(1.96654588526803,5.31105888065192E-32,0.820314362387008));
#1719=CARTESIAN_POINT('',(1.96654588526803,1.13538579623325,0.850060960026708));
#1720=CARTESIAN_POINT('',(0.983272942634016,1.70307869434987,0.879807557666407));
#1721=CARTESIAN_POINT('',(-7.77957763816591E-17,2.2707715924665,0.909554155306107));
#1722=CARTESIAN_POINT('',(-0.983272942634016,1.70307869434987,0.939300752945807));
#1723=CARTESIAN_POINT('',(-1.96654588526803,1.13538579623325,0.969047350585506));
#1724=CARTESIAN_POINT('',(-1.96654588526803,2.40832412376989E-16,0.998793948225206));
#1725=CARTESIAN_POINT('',(-1.96654588526803,-1.13538579623325,1.02854054586491));
#1726=CARTESIAN_POINT('',(-0.983272942634017,-1.70307869434987,1.0582871435046));
#1727=CARTESIAN_POINT('',(-6.33974408843426E-16,-2.2707715924665,1.0880337411443));
#1728=CARTESIAN_POINT('',(0.983272942634015,-1.70307869434988,1.117780338784));
#1729=CARTESIAN_POINT('',(1.96654588526803,-1.13538579623325,1.1475269364237));
#1730=CARTESIAN_POINT('',(1.96654588526803,5.31105888065192E-32,1.1772735340634));
#1731=CARTESIAN_POINT('',(1.96654588526803,1.13538579623325,1.2070201317031));
#1732=CARTESIAN_POINT('',(0.983272942634016,1.70307869434987,1.2367667293428));
#1733=CARTESIAN_POINT('',(-7.77957763816591E-17,2.2707715924665,1.2665133269825));
#1734=CARTESIAN_POINT('',(-0.983272942634016,1.70307869434987,1.2962599246222));
#1735=CARTESIAN_POINT('',(-1.96654588526803,1.13538579623325,1.3260065222619));
#1736=CARTESIAN_POINT('',(-1.96654588526803,2.40832412376989E-16,1.3557531199016));
#1737=CARTESIAN_POINT('',(-1.96654588526803,-1.13538579623325,1.3854997175413));
#1738=CARTESIAN_POINT('',(-0.983272942634017,-1.70307869434987,1.415246315181));
#1739=CARTESIAN_POINT('',(-6.33974408843426E-16,-2.2707715924665,1.4449929128207));
#1740=CARTESIAN_POINT('',(0.983272942634015,-1.70307869434988,1.4747395104604));
#1741=CARTESIAN_POINT('',(1.96654588526803,-1.13538579623325,1.5044861081001));
#1742=CARTESIAN_POINT('',(1.96654588526803,5.31105888065192E-32,1.5342327057398));
#1743=CARTESIAN_POINT('',(1.96654588526803,1.13538579623325,1.5639793033795));
#1744=CARTESIAN_POINT('',(0.983272942634016,1.70307869434987,1.5937259010192));
#1745=CARTESIAN_POINT('',(-7.77957763816591E-17,2.2707715924665,1.6234724986589));
#1746=CARTESIAN_POINT('',(-0.983272942634016,1.70307869434987,1.6532190962986));
#1747=CARTESIAN_POINT('',(-1.96654588526803,1.13538579623325,1.6829656939383));
#1748=CARTESIAN_POINT('',(-1.96654588526803,2.40832412376989E-16,1.712712291578));
#1749=CARTESIAN_POINT('',(-1.96654588526803,-1.13538579623325,1.7424588892177));
#1750=CARTESIAN_POINT('',(-0.983272942634017,-1.70307869434987,1.77220548685739));
#1751=CARTESIAN_POINT('',(-6.33974408843426E-16,-2.2707715924665,1.80195208449709));
#1752=CARTESIAN_POINT('',(0.983272942634015,-1.70307869434988,1.83169868213679));
#1753=CARTESIAN_POINT('',(1.96654588526803,-1.13538579623325,1.86144527977649));
#1754=CARTESIAN_POINT('',(1.96654588526803,5.31105888065192E-32,1.89119187741619));
#1755=CARTESIAN_POINT('',(1.96654588526803,1.13538579623325,1.92093847505589));
#1756=CARTESIAN_POINT('',(0.983272942634016,1.70307869434987,1.95068507269559));
#1757=CARTESIAN_POINT('',(-7.77957763816591E-17,2.2707715924665,1.98043167033529));
#1758=CARTESIAN_POINT('',(-0.983272942634016,1.70307869434987,2.01017826797499));
#1759=CARTESIAN_POINT('',(-1.96654588526803,1.13538579623325,2.03992486561469));
#1760=CARTESIAN_POINT('',(-1.96654588526803,2.40832412376989E-16,2.06967146325439));
#1761=CARTESIAN_POINT('',(-1.96654588526803,-1.13538579623325,2.09941806089409));
#1762=CARTESIAN_POINT('',(-0.983272942634017,-1.70307869434987,2.12916465853379));
#1763=CARTESIAN_POINT('',(-6.33974408843426E-16,-2.2707715924665,2.15891125617349));
#1764=CARTESIAN_POINT('',(0.983272942634015,-1.70307869434988,2.18865785381319));
#1765=CARTESIAN_POINT('',(1.96654588526803,-1.13538579623325,2.21840445145289));
#1766=CARTESIAN_POINT('',(1.96654588526803,5.31105888065192E-32,2.24815104909259));
#1767=CARTESIAN_POINT('',(1.96654588526803,1.13538579623325,2.27789764673229));
#1768=CARTESIAN_POINT('',(0.983272942634016,1.70307869434987,2.30764424437199));
#1769=CARTESIAN_POINT('',(-7.77957763816591E-17,2.2707715924665,2.33739084201169));
#1770=CARTESIAN_POINT('',(-0.983272942634016,1.70307869434987,2.36713743965139));
#1771=CARTESIAN_POINT('',(-1.96654588526803,1.13538579623325,2.39688403729109));
#1772=CARTESIAN_POINT('',(-1.96654588526803,2.40832412376989E-16,2.42663063493079));
#1773=CARTESIAN_POINT('',(-1.96654588526803,-1.13538579623325,2.45637723257048));
#1774=CARTESIAN_POINT('',(-0.983272942634017,-1.70307869434987,2.48612383021018));
#1775=CARTESIAN_POINT('',(-6.33974408843426E-16,-2.2707715924665,2.51587042784988));
#1776=CARTESIAN_POINT('',(0.983272942634015,-1.70307869434988,2.54561702548958));
#1777=CARTESIAN_POINT('',(1.96654588526803,-1.13538579623325,2.57536362312928));
#1778=CARTESIAN_POINT('',(1.96654588526803,5.31105888065192E-32,2.60511022076898));
#1779=CARTESIAN_POINT('',(1.96654588526803,1.13538579623325,2.63485681840868));
#1780=CARTESIAN_POINT('',(0.983272942634016,1.70307869434987,2.66460341604838));
#1781=CARTESIAN_POINT('',(-7.77957763816591E-17,2.2707715924665,2.69435001368808));
#1782=CARTESIAN_POINT('',(-0.983272942634016,1.70307869434987,2.72409661132778));
#1783=CARTESIAN_POINT('',(-1.96654588526803,1.13538579623325,2.75384320896748));
#1784=CARTESIAN_POINT('',(-1.96654588526803,2.40832412376989E-16,2.78358980660718));
#1785=CARTESIAN_POINT('',(-1.96654588526803,-1.13538579623325,2.81333640424688));
#1786=CARTESIAN_POINT('',(-0.983272942634017,-1.70307869434987,2.84308300188658));
#1787=CARTESIAN_POINT('',(-6.33974408843426E-16,-2.2707715924665,2.87282959952628));
#1788=CARTESIAN_POINT('',(0.983272942634015,-1.70307869434988,2.90257619716598));
#1789=CARTESIAN_POINT('',(1.96654588526803,-1.13538579623325,2.93232279480568));
#1790=CARTESIAN_POINT('',(1.96654588526803,5.31105888065192E-32,2.96206939244538));
#1791=CARTESIAN_POINT('',(1.96654588526803,1.13538579623325,2.99181599008508));
#1792=CARTESIAN_POINT('',(0.983272942634016,1.70307869434987,3.02156258772478));
#1793=CARTESIAN_POINT('',(-7.77957763816591E-17,2.2707715924665,3.05130918536448));
#1794=CARTESIAN_POINT('',(-0.983272942634016,1.70307869434987,3.08105578300418));
#1795=CARTESIAN_POINT('',(-1.96654588526803,1.13538579623325,3.11080238064388));
#1796=CARTESIAN_POINT('',(-1.96654588526803,2.40832412376989E-16,3.14054897828358));
#1797=CARTESIAN_POINT('',(-1.96654588526803,-1.13538579623325,3.17029557592328));
#1798=CARTESIAN_POINT('',(-0.983272942634017,-1.70307869434987,3.20004217356297));
#1799=CARTESIAN_POINT('',(-6.33974408843426E-16,-2.2707715924665,3.22978877120267));
#1800=CARTESIAN_POINT('',(0.983272942634015,-1.70307869434988,3.25953536884237));
#1801=CARTESIAN_POINT('',(1.96654588526803,-1.13538579623325,3.28928196648207));
#1802=CARTESIAN_POINT('',(1.96654588526803,5.31105888065192E-32,3.31902856412177));
#1803=CARTESIAN_POINT('',(1.96654588526803,1.13538579623325,3.34877516176147));
#1804=CARTESIAN_POINT('',(0.983272942634016,1.70307869434987,3.37852175940117));
#1805=CARTESIAN_POINT('',(-7.77957763816591E-17,2.2707715924665,3.40826835704087));
#1806=CARTESIAN_POINT('',(-0.983272942634016,1.70307869434987,3.43801495468057));
#1807=CARTESIAN_POINT('',(-1.96654588526803,1.13538579623325,3.46776155232027));
#1808=CARTESIAN_POINT('',(-1.96654588526803,2.40832412376989E-16,3.49750814995997));
#1809=CARTESIAN_POINT('',(-1.96654588526803,-1.13538579623325,3.52725474759967));
#1810=CARTESIAN_POINT('',(-0.983272942634017,-1.70307869434987,3.55700134523937));
#1811=CARTESIAN_POINT('',(-6.33974408843426E-16,-2.2707715924665,3.58674794287907));
#1812=CARTESIAN_POINT('',(0.983272942634015,-1.70307869434988,3.61649454051877));
#1813=CARTESIAN_POINT('',(1.96654588526803,-1.13538579623325,3.64624113815847));
#1814=CARTESIAN_POINT('',(1.96654588526803,5.31105888065192E-32,3.67598773579817));
#1815=CARTESIAN_POINT('',(1.96654588526803,5.31105888065192E-32,0.892421214439408));
#1816=CARTESIAN_POINT('',(1.96654588526803,1.13538579623325,0.922167812079108));
#1817=CARTESIAN_POINT('',(0.983272942634016,1.70307869434987,0.951914409718807));
#1818=CARTESIAN_POINT('',(-7.77957763816591E-17,2.2707715924665,0.981661007358507));
#1819=CARTESIAN_POINT('',(-0.983272942634016,1.70307869434987,1.01140760499821));
#1820=CARTESIAN_POINT('',(-1.96654588526803,1.13538579623325,1.04115420263791));
#1821=CARTESIAN_POINT('',(-1.96654588526803,2.40832412376989E-16,1.07090080027761));
#1822=CARTESIAN_POINT('',(-1.96654588526803,-1.13538579623325,1.10064739791731));
#1823=CARTESIAN_POINT('',(-0.983272942634017,-1.70307869434987,1.130393995557));
#1824=CARTESIAN_POINT('',(-6.33974408843426E-16,-2.2707715924665,1.1601405931967));
#1825=CARTESIAN_POINT('',(0.983272942634015,-1.70307869434988,1.1898871908364));
#1826=CARTESIAN_POINT('',(1.96654588526803,-1.13538579623325,1.2196337884761));
#1827=CARTESIAN_POINT('',(1.96654588526803,5.31105888065192E-32,1.2493803861158));
#1828=CARTESIAN_POINT('',(1.96654588526803,1.13538579623325,1.2791269837555));
#1829=CARTESIAN_POINT('',(0.983272942634016,1.70307869434987,1.3088735813952));
#1830=CARTESIAN_POINT('',(-7.77957763816591E-17,2.2707715924665,1.3386201790349));
#1831=CARTESIAN_POINT('',(-0.983272942634016,1.70307869434987,1.3683667766746));
#1832=CARTESIAN_POINT('',(-1.96654588526803,1.13538579623325,1.3981133743143));
#1833=CARTESIAN_POINT('',(-1.96654588526803,2.40832412376989E-16,1.427859971954));
#1834=CARTESIAN_POINT('',(-1.96654588526803,-1.13538579623325,1.4576065695937));
#1835=CARTESIAN_POINT('',(-0.983272942634017,-1.70307869434987,1.4873531672334));
#1836=CARTESIAN_POINT('',(-6.33974408843426E-16,-2.2707715924665,1.5170997648731));
#1837=CARTESIAN_POINT('',(0.983272942634015,-1.70307869434988,1.5468463625128));
#1838=CARTESIAN_POINT('',(1.96654588526803,-1.13538579623325,1.5765929601525));
#1839=CARTESIAN_POINT('',(1.96654588526803,5.31105888065192E-32,1.6063395577922));
#1840=CARTESIAN_POINT('',(1.96654588526803,1.13538579623325,1.6360861554319));
#1841=CARTESIAN_POINT('',(0.983272942634016,1.70307869434987,1.6658327530716));
#1842=CARTESIAN_POINT('',(-7.77957763816591E-17,2.2707715924665,1.6955793507113));
#1843=CARTESIAN_POINT('',(-0.983272942634016,1.70307869434987,1.725325948351));
#1844=CARTESIAN_POINT('',(-1.96654588526803,1.13538579623325,1.7550725459907));
#1845=CARTESIAN_POINT('',(-1.96654588526803,2.40832412376989E-16,1.7848191436304));
#1846=CARTESIAN_POINT('',(-1.96654588526803,-1.13538579623325,1.8145657412701));
#1847=CARTESIAN_POINT('',(-0.983272942634017,-1.70307869434987,1.84431233890979));
#1848=CARTESIAN_POINT('',(-6.33974408843426E-16,-2.2707715924665,1.87405893654949));
#1849=CARTESIAN_POINT('',(0.983272942634015,-1.70307869434988,1.90380553418919));
#1850=CARTESIAN_POINT('',(1.96654588526803,-1.13538579623325,1.93355213182889));
#1851=CARTESIAN_POINT('',(1.96654588526803,5.31105888065192E-32,1.96329872946859));
#1852=CARTESIAN_POINT('',(1.96654588526803,1.13538579623325,1.99304532710829));
#1853=CARTESIAN_POINT('',(0.983272942634016,1.70307869434987,2.02279192474799));
#1854=CARTESIAN_POINT('',(-7.77957763816591E-17,2.2707715924665,2.05253852238769));
#1855=CARTESIAN_POINT('',(-0.983272942634016,1.70307869434987,2.08228512002739));
#1856=CARTESIAN_POINT('',(-1.96654588526803,1.13538579623325,2.11203171766709));
#1857=CARTESIAN_POINT('',(-1.96654588526803,2.40832412376989E-16,2.14177831530679));
#1858=CARTESIAN_POINT('',(-1.96654588526803,-1.13538579623325,2.17152491294649));
#1859=CARTESIAN_POINT('',(-0.983272942634017,-1.70307869434987,2.20127151058619));
#1860=CARTESIAN_POINT('',(-6.33974408843426E-16,-2.2707715924665,2.23101810822589));
#1861=CARTESIAN_POINT('',(0.983272942634015,-1.70307869434988,2.26076470586559));
#1862=CARTESIAN_POINT('',(1.96654588526803,-1.13538579623325,2.29051130350529));
#1863=CARTESIAN_POINT('',(1.96654588526803,5.31105888065192E-32,2.32025790114499));
#1864=CARTESIAN_POINT('',(1.96654588526803,1.13538579623325,2.35000449878469));
#1865=CARTESIAN_POINT('',(0.983272942634016,1.70307869434987,2.37975109642439));
#1866=CARTESIAN_POINT('',(-7.77957763816591E-17,2.2707715924665,2.40949769406409));
#1867=CARTESIAN_POINT('',(-0.983272942634016,1.70307869434987,2.43924429170379));
#1868=CARTESIAN_POINT('',(-1.96654588526803,1.13538579623325,2.46899088934349));
#1869=CARTESIAN_POINT('',(-1.96654588526803,2.40832412376989E-16,2.49873748698319));
#1870=CARTESIAN_POINT('',(-1.96654588526803,-1.13538579623325,2.52848408462289));
#1871=CARTESIAN_POINT('',(-0.983272942634017,-1.70307869434987,2.55823068226258));
#1872=CARTESIAN_POINT('',(-6.33974408843426E-16,-2.2707715924665,2.58797727990228));
#1873=CARTESIAN_POINT('',(0.983272942634015,-1.70307869434988,2.61772387754198));
#1874=CARTESIAN_POINT('',(1.96654588526803,-1.13538579623325,2.64747047518168));
#1875=CARTESIAN_POINT('',(1.96654588526803,5.31105888065192E-32,2.67721707282138));
#1876=CARTESIAN_POINT('',(1.96654588526803,1.13538579623325,2.70696367046108));
#1877=CARTESIAN_POINT('',(0.983272942634016,1.70307869434987,2.73671026810078));
#1878=CARTESIAN_POINT('',(-7.77957763816591E-17,2.2707715924665,2.76645686574048));
#1879=CARTESIAN_POINT('',(-0.983272942634016,1.70307869434987,2.79620346338018));
#1880=CARTESIAN_POINT('',(-1.96654588526803,1.13538579623325,2.82595006101988));
#1881=CARTESIAN_POINT('',(-1.96654588526803,2.40832412376989E-16,2.85569665865958));
#1882=CARTESIAN_POINT('',(-1.96654588526803,-1.13538579623325,2.88544325629928));
#1883=CARTESIAN_POINT('',(-0.983272942634017,-1.70307869434987,2.91518985393898));
#1884=CARTESIAN_POINT('',(-6.33974408843426E-16,-2.2707715924665,2.94493645157868));
#1885=CARTESIAN_POINT('',(0.983272942634015,-1.70307869434988,2.97468304921838));
#1886=CARTESIAN_POINT('',(1.96654588526803,-1.13538579623325,3.00442964685808));
#1887=CARTESIAN_POINT('',(1.96654588526803,5.31105888065192E-32,3.03417624449778));
#1888=CARTESIAN_POINT('',(1.96654588526803,1.13538579623325,3.06392284213748));
#1889=CARTESIAN_POINT('',(0.983272942634016,1.70307869434987,3.09366943977718));
#1890=CARTESIAN_POINT('',(-7.77957763816591E-17,2.2707715924665,3.12341603741688));
#1891=CARTESIAN_POINT('',(-0.983272942634016,1.70307869434987,3.15316263505658));
#1892=CARTESIAN_POINT('',(-1.96654588526803,1.13538579623325,3.18290923269628));
#1893=CARTESIAN_POINT('',(-1.96654588526803,2.40832412376989E-16,3.21265583033598));
#1894=CARTESIAN_POINT('',(-1.96654588526803,-1.13538579623325,3.24240242797568));
#1895=CARTESIAN_POINT('',(-0.983272942634017,-1.70307869434987,3.27214902561537));
#1896=CARTESIAN_POINT('',(-6.33974408843426E-16,-2.2707715924665,3.30189562325507));
#1897=CARTESIAN_POINT('',(0.983272942634015,-1.70307869434988,3.33164222089477));
#1898=CARTESIAN_POINT('',(1.96654588526803,-1.13538579623325,3.36138881853447));
#1899=CARTESIAN_POINT('',(1.96654588526803,5.31105888065192E-32,3.39113541617417));
#1900=CARTESIAN_POINT('',(1.96654588526803,1.13538579623325,3.42088201381387));
#1901=CARTESIAN_POINT('',(0.983272942634016,1.70307869434987,3.45062861145357));
#1902=CARTESIAN_POINT('',(-7.77957763816591E-17,2.2707715924665,3.48037520909327));
#1903=CARTESIAN_POINT('',(-0.983272942634016,1.70307869434987,3.51012180673297));
#1904=CARTESIAN_POINT('',(-1.96654588526803,1.13538579623325,3.53986840437267));
#1905=CARTESIAN_POINT('',(-1.96654588526803,2.40832412376989E-16,3.56961500201237));
#1906=CARTESIAN_POINT('',(-1.96654588526803,-1.13538579623325,3.59936159965207));
#1907=CARTESIAN_POINT('',(-0.983272942634017,-1.70307869434987,3.62910819729177));
#1908=CARTESIAN_POINT('',(-6.33974408843426E-16,-2.2707715924665,3.65885479493147));
#1909=CARTESIAN_POINT('',(0.983272942634015,-1.70307869434988,3.68860139257117));
#1910=CARTESIAN_POINT('',(1.96654588526803,-1.13538579623325,3.71834799021087));
#1911=CARTESIAN_POINT('',(1.96654588526803,5.31105888065192E-32,3.74809458785057));
#1912=CARTESIAN_POINT('',(1.99939258008775,5.31105888065192E-32,0.956612278866841));
#1913=CARTESIAN_POINT('',(1.99939258008775,1.1543498443294,0.98635887650654));
#1914=CARTESIAN_POINT('',(0.999696290043877,1.73152476649411,1.01610547414624));
#1915=CARTESIAN_POINT('',(-7.54733503016758E-17,2.30869968865881,1.04585207178594));
#1916=CARTESIAN_POINT('',(-0.999696290043877,1.73152476649411,1.07559866942564));
#1917=CARTESIAN_POINT('',(-1.99939258008775,1.15434984432941,1.10534526706534));
#1918=CARTESIAN_POINT('',(-1.99939258008775,2.44854972344344E-16,1.13509186470504));
#1919=CARTESIAN_POINT('',(-1.99939258008775,-1.1543498443294,1.16483846234474));
#1920=CARTESIAN_POINT('',(-0.999696290043878,-1.73152476649411,1.19458505998444));
#1921=CARTESIAN_POINT('',(-6.40941687083376E-16,-2.30869968865881,1.22433165762414));
#1922=CARTESIAN_POINT('',(0.999696290043875,-1.73152476649411,1.25407825526384));
#1923=CARTESIAN_POINT('',(1.99939258008775,-1.15434984432941,1.28382485290354));
#1924=CARTESIAN_POINT('',(1.99939258008775,5.31105888065192E-32,1.31357145054324));
#1925=CARTESIAN_POINT('',(1.99939258008775,1.1543498443294,1.34331804818294));
#1926=CARTESIAN_POINT('',(0.999696290043877,1.73152476649411,1.37306464582263));
#1927=CARTESIAN_POINT('',(-7.54733503016758E-17,2.30869968865881,1.40281124346233));
#1928=CARTESIAN_POINT('',(-0.999696290043877,1.73152476649411,1.43255784110203));
#1929=CARTESIAN_POINT('',(-1.99939258008775,1.15434984432941,1.46230443874173));
#1930=CARTESIAN_POINT('',(-1.99939258008775,2.44854972344344E-16,1.49205103638143));
#1931=CARTESIAN_POINT('',(-1.99939258008775,-1.1543498443294,1.52179763402113));
#1932=CARTESIAN_POINT('',(-0.999696290043878,-1.73152476649411,1.55154423166083));
#1933=CARTESIAN_POINT('',(-6.40941687083376E-16,-2.30869968865881,1.58129082930053));
#1934=CARTESIAN_POINT('',(0.999696290043875,-1.73152476649411,1.61103742694023));
#1935=CARTESIAN_POINT('',(1.99939258008775,-1.15434984432941,1.64078402457993));
#1936=CARTESIAN_POINT('',(1.99939258008775,5.31105888065192E-32,1.67053062221963));
#1937=CARTESIAN_POINT('',(1.99939258008775,1.1543498443294,1.70027721985933));
#1938=CARTESIAN_POINT('',(0.999696290043877,1.73152476649411,1.73002381749903));
#1939=CARTESIAN_POINT('',(-7.54733503016758E-17,2.30869968865881,1.75977041513873));
#1940=CARTESIAN_POINT('',(-0.999696290043877,1.73152476649411,1.78951701277843));
#1941=CARTESIAN_POINT('',(-1.99939258008775,1.15434984432941,1.81926361041813));
#1942=CARTESIAN_POINT('',(-1.99939258008775,2.44854972344344E-16,1.84901020805783));
#1943=CARTESIAN_POINT('',(-1.99939258008775,-1.1543498443294,1.87875680569753));
#1944=CARTESIAN_POINT('',(-0.999696290043878,-1.73152476649411,1.90850340333723));
#1945=CARTESIAN_POINT('',(-6.40941687083376E-16,-2.30869968865881,1.93825000097693));
#1946=CARTESIAN_POINT('',(0.999696290043875,-1.73152476649411,1.96799659861663));
#1947=CARTESIAN_POINT('',(1.99939258008775,-1.15434984432941,1.99774319625633));
#1948=CARTESIAN_POINT('',(1.99939258008775,5.31105888065192E-32,2.02748979389603));
#1949=CARTESIAN_POINT('',(1.99939258008775,1.1543498443294,2.05723639153572));
#1950=CARTESIAN_POINT('',(0.999696290043877,1.73152476649411,2.08698298917542));
#1951=CARTESIAN_POINT('',(-7.54733503016758E-17,2.30869968865881,2.11672958681512));
#1952=CARTESIAN_POINT('',(-0.999696290043877,1.73152476649411,2.14647618445482));
#1953=CARTESIAN_POINT('',(-1.99939258008775,1.15434984432941,2.17622278209452));
#1954=CARTESIAN_POINT('',(-1.99939258008775,2.44854972344344E-16,2.20596937973422));
#1955=CARTESIAN_POINT('',(-1.99939258008775,-1.1543498443294,2.23571597737392));
#1956=CARTESIAN_POINT('',(-0.999696290043878,-1.73152476649411,2.26546257501362));
#1957=CARTESIAN_POINT('',(-6.40941687083376E-16,-2.30869968865881,2.29520917265332));
#1958=CARTESIAN_POINT('',(0.999696290043875,-1.73152476649411,2.32495577029302));
#1959=CARTESIAN_POINT('',(1.99939258008775,-1.15434984432941,2.35470236793272));
#1960=CARTESIAN_POINT('',(1.99939258008775,5.31105888065192E-32,2.38444896557242));
#1961=CARTESIAN_POINT('',(1.99939258008775,1.1543498443294,2.41419556321212));
#1962=CARTESIAN_POINT('',(0.999696290043877,1.73152476649411,2.44394216085182));
#1963=CARTESIAN_POINT('',(-7.54733503016758E-17,2.30869968865881,2.47368875849152));
#1964=CARTESIAN_POINT('',(-0.999696290043877,1.73152476649411,2.50343535613122));
#1965=CARTESIAN_POINT('',(-1.99939258008775,1.15434984432941,2.53318195377092));
#1966=CARTESIAN_POINT('',(-1.99939258008775,2.44854972344344E-16,2.56292855141062));
#1967=CARTESIAN_POINT('',(-1.99939258008775,-1.1543498443294,2.59267514905032));
#1968=CARTESIAN_POINT('',(-0.999696290043878,-1.73152476649411,2.62242174669002));
#1969=CARTESIAN_POINT('',(-6.40941687083376E-16,-2.30869968865881,2.65216834432972));
#1970=CARTESIAN_POINT('',(0.999696290043875,-1.73152476649411,2.68191494196942));
#1971=CARTESIAN_POINT('',(1.99939258008775,-1.15434984432941,2.71166153960912));
#1972=CARTESIAN_POINT('',(1.99939258008775,5.31105888065192E-32,2.74140813724882));
#1973=CARTESIAN_POINT('',(1.99939258008775,1.1543498443294,2.77115473488852));
#1974=CARTESIAN_POINT('',(0.999696290043877,1.73152476649411,2.80090133252821));
#1975=CARTESIAN_POINT('',(-7.54733503016758E-17,2.30869968865881,2.83064793016791));
#1976=CARTESIAN_POINT('',(-0.999696290043877,1.73152476649411,2.86039452780761));
#1977=CARTESIAN_POINT('',(-1.99939258008775,1.15434984432941,2.89014112544731));
#1978=CARTESIAN_POINT('',(-1.99939258008775,2.44854972344344E-16,2.91988772308701));
#1979=CARTESIAN_POINT('',(-1.99939258008775,-1.1543498443294,2.94963432072671));
#1980=CARTESIAN_POINT('',(-0.999696290043878,-1.73152476649411,2.97938091836641));
#1981=CARTESIAN_POINT('',(-6.40941687083376E-16,-2.30869968865881,3.00912751600611));
#1982=CARTESIAN_POINT('',(0.999696290043875,-1.73152476649411,3.03887411364581));
#1983=CARTESIAN_POINT('',(1.99939258008775,-1.15434984432941,3.06862071128551));
#1984=CARTESIAN_POINT('',(1.99939258008775,5.31105888065192E-32,3.09836730892521));
#1985=CARTESIAN_POINT('',(1.99939258008775,1.1543498443294,3.12811390656491));
#1986=CARTESIAN_POINT('',(0.999696290043877,1.73152476649411,3.15786050420461));
#1987=CARTESIAN_POINT('',(-7.54733503016758E-17,2.30869968865881,3.18760710184431));
#1988=CARTESIAN_POINT('',(-0.999696290043877,1.73152476649411,3.21735369948401));
#1989=CARTESIAN_POINT('',(-1.99939258008775,1.15434984432941,3.24710029712371));
#1990=CARTESIAN_POINT('',(-1.99939258008775,2.44854972344344E-16,3.27684689476341));
#1991=CARTESIAN_POINT('',(-1.99939258008775,-1.1543498443294,3.30659349240311));
#1992=CARTESIAN_POINT('',(-0.999696290043878,-1.73152476649411,3.33634009004281));
#1993=CARTESIAN_POINT('',(-6.40941687083376E-16,-2.30869968865881,3.36608668768251));
#1994=CARTESIAN_POINT('',(0.999696290043875,-1.73152476649411,3.39583328532221));
#1995=CARTESIAN_POINT('',(1.99939258008775,-1.15434984432941,3.42557988296191));
#1996=CARTESIAN_POINT('',(1.99939258008775,5.31105888065192E-32,3.45532648060161));
#1997=CARTESIAN_POINT('',(1.99939258008775,1.1543498443294,3.4850730782413));
#1998=CARTESIAN_POINT('',(0.999696290043877,1.73152476649411,3.514819675881));
#1999=CARTESIAN_POINT('',(-7.54733503016758E-17,2.30869968865881,3.5445662735207));
#2000=CARTESIAN_POINT('',(-0.999696290043877,1.73152476649411,3.5743128711604));
#2001=CARTESIAN_POINT('',(-1.99939258008775,1.15434984432941,3.6040594688001));
#2002=CARTESIAN_POINT('',(-1.99939258008775,2.44854972344344E-16,3.6338060664398));
#2003=CARTESIAN_POINT('',(-1.99939258008775,-1.1543498443294,3.6635526640795));
#2004=CARTESIAN_POINT('',(-0.999696290043878,-1.73152476649411,3.6932992617192));
#2005=CARTESIAN_POINT('',(-6.40941687083376E-16,-2.30869968865881,3.7230458593589));
#2006=CARTESIAN_POINT('',(0.999696290043875,-1.73152476649411,3.7527924569986));
#2007=CARTESIAN_POINT('',(1.99939258008775,-1.15434984432941,3.7825390546383));
#2008=CARTESIAN_POINT('',(1.99939258008775,5.31105888065192E-32,3.812285652278));
#2009=CARTESIAN_POINT('',(2.05787424288087,5.31105888065192E-32,0.998793948225206));
#2010=CARTESIAN_POINT('',(2.05787424288087,1.18811424808567,1.02854054586491));
#2011=CARTESIAN_POINT('',(1.02893712144044,1.78217137212851,1.0582871435046));
#2012=CARTESIAN_POINT('',(-7.13384034031529E-17,2.37622849617134,1.0880337411443));
#2013=CARTESIAN_POINT('',(-1.02893712144044,1.78217137212851,1.117780338784));
#2014=CARTESIAN_POINT('',(-2.05787424288087,1.18811424808567,1.1475269364237));
#2015=CARTESIAN_POINT('',(-2.05787424288087,2.52016910459185E-16,1.1772735340634));
#2016=CARTESIAN_POINT('',(-2.05787424288088,-1.18811424808567,1.2070201317031));
#2017=CARTESIAN_POINT('',(-1.02893712144044,-1.78217137212851,1.2367667293428));
#2018=CARTESIAN_POINT('',(-6.53346527778945E-16,-2.37622849617134,1.2665133269825));
#2019=CARTESIAN_POINT('',(1.02893712144044,-1.78217137212851,1.2962599246222));
#2020=CARTESIAN_POINT('',(2.05787424288087,-1.18811424808567,1.3260065222619));
#2021=CARTESIAN_POINT('',(2.05787424288087,5.31105888065192E-32,1.3557531199016));
#2022=CARTESIAN_POINT('',(2.05787424288087,1.18811424808567,1.3854997175413));
#2023=CARTESIAN_POINT('',(1.02893712144044,1.78217137212851,1.415246315181));
#2024=CARTESIAN_POINT('',(-7.13384034031529E-17,2.37622849617134,1.4449929128207));
#2025=CARTESIAN_POINT('',(-1.02893712144044,1.78217137212851,1.4747395104604));
#2026=CARTESIAN_POINT('',(-2.05787424288087,1.18811424808567,1.5044861081001));
#2027=CARTESIAN_POINT('',(-2.05787424288087,2.52016910459185E-16,1.5342327057398));
#2028=CARTESIAN_POINT('',(-2.05787424288088,-1.18811424808567,1.5639793033795));
#2029=CARTESIAN_POINT('',(-1.02893712144044,-1.78217137212851,1.5937259010192));
#2030=CARTESIAN_POINT('',(-6.53346527778945E-16,-2.37622849617134,1.6234724986589));
#2031=CARTESIAN_POINT('',(1.02893712144044,-1.78217137212851,1.6532190962986));
#2032=CARTESIAN_POINT('',(2.05787424288087,-1.18811424808567,1.6829656939383));
#2033=CARTESIAN_POINT('',(2.05787424288087,5.31105888065192E-32,1.712712291578));
#2034=CARTESIAN_POINT('',(2.05787424288087,1.18811424808567,1.7424588892177));
#2035=CARTESIAN_POINT('',(1.02893712144044,1.78217137212851,1.77220548685739));
#2036=CARTESIAN_POINT('',(-7.13384034031529E-17,2.37622849617134,1.80195208449709));
#2037=CARTESIAN_POINT('',(-1.02893712144044,1.78217137212851,1.83169868213679));
#2038=CARTESIAN_POINT('',(-2.05787424288087,1.18811424808567,1.86144527977649));
#2039=CARTESIAN_POINT('',(-2.05787424288087,2.52016910459185E-16,1.89119187741619));
#2040=CARTESIAN_POINT('',(-2.05787424288088,-1.18811424808567,1.92093847505589));
#2041=CARTESIAN_POINT('',(-1.02893712144044,-1.78217137212851,1.95068507269559));
#2042=CARTESIAN_POINT('',(-6.53346527778945E-16,-2.37622849617134,1.98043167033529));
#2043=CARTESIAN_POINT('',(1.02893712144044,-1.78217137212851,2.01017826797499));
#2044=CARTESIAN_POINT('',(2.05787424288087,-1.18811424808567,2.03992486561469));
#2045=CARTESIAN_POINT('',(2.05787424288087,5.31105888065192E-32,2.06967146325439));
#2046=CARTESIAN_POINT('',(2.05787424288087,1.18811424808567,2.09941806089409));
#2047=CARTESIAN_POINT('',(1.02893712144044,1.78217137212851,2.12916465853379));
#2048=CARTESIAN_POINT('',(-7.13384034031529E-17,2.37622849617134,2.15891125617349));
#2049=CARTESIAN_POINT('',(-1.02893712144044,1.78217137212851,2.18865785381319));
#2050=CARTESIAN_POINT('',(-2.05787424288087,1.18811424808567,2.21840445145289));
#2051=CARTESIAN_POINT('',(-2.05787424288087,2.52016910459185E-16,2.24815104909259));
#2052=CARTESIAN_POINT('',(-2.05787424288088,-1.18811424808567,2.27789764673229));
#2053=CARTESIAN_POINT('',(-1.02893712144044,-1.78217137212851,2.30764424437199));
#2054=CARTESIAN_POINT('',(-6.53346527778945E-16,-2.37622849617134,2.33739084201169));
#2055=CARTESIAN_POINT('',(1.02893712144044,-1.78217137212851,2.36713743965139));
#2056=CARTESIAN_POINT('',(2.05787424288087,-1.18811424808567,2.39688403729109));
#2057=CARTESIAN_POINT('',(2.05787424288087,5.31105888065192E-32,2.42663063493079));
#2058=CARTESIAN_POINT('',(2.05787424288087,1.18811424808567,2.45637723257048));
#2059=CARTESIAN_POINT('',(1.02893712144044,1.78217137212851,2.48612383021018));
#2060=CARTESIAN_POINT('',(-7.13384034031529E-17,2.37622849617134,2.51587042784988));
#2061=CARTESIAN_POINT('',(-1.02893712144044,1.78217137212851,2.54561702548958));
#2062=CARTESIAN_POINT('',(-2.05787424288087,1.18811424808567,2.57536362312928));
#2063=CARTESIAN_POINT('',(-2.05787424288087,2.52016910459185E-16,2.60511022076898));
#2064=CARTESIAN_POINT('',(-2.05787424288088,-1.18811424808567,2.63485681840868));
#2065=CARTESIAN_POINT('',(-1.02893712144044,-1.78217137212851,2.66460341604838));
#2066=CARTESIAN_POINT('',(-6.53346527778945E-16,-2.37622849617134,2.69435001368808));
#2067=CARTESIAN_POINT('',(1.02893712144044,-1.78217137212851,2.72409661132778));
#2068=CARTESIAN_POINT('',(2.05787424288087,-1.18811424808567,2.75384320896748));
#2069=CARTESIAN_POINT('',(2.05787424288087,5.31105888065192E-32,2.78358980660718));
#2070=CARTESIAN_POINT('',(2.05787424288087,1.18811424808567,2.81333640424688));
#2071=CARTESIAN_POINT('',(1.02893712144044,1.78217137212851,2.84308300188658));
#2072=CARTESIAN_POINT('',(-7.13384034031529E-17,2.37622849617134,2.87282959952628));
#2073=CARTESIAN_POINT('',(-1.02893712144044,1.78217137212851,2.90257619716598));
#2074=CARTESIAN_POINT('',(-2.05787424288087,1.18811424808567,2.93232279480568));
#2075=CARTESIAN_POINT('',(-2.05787424288087,2.52016910459185E-16,2.96206939244538));
#2076=CARTESIAN_POINT('',(-2.05787424288088,-1.18811424808567,2.99181599008508));
#2077=CARTESIAN_POINT('',(-1.02893712144044,-1.78217137212851,3.02156258772478));
#2078=CARTESIAN_POINT('',(-6.53346527778945E-16,-2.37622849617134,3.05130918536448));
#2079=CARTESIAN_POINT('',(1.02893712144044,-1.78217137212851,3.08105578300418));
#2080=CARTESIAN_POINT('',(2.05787424288087,-1.18811424808567,3.11080238064388));
#2081=CARTESIAN_POINT('',(2.05787424288087,5.31105888065192E-32,3.14054897828358));
#2082=CARTESIAN_POINT('',(2.05787424288087,1.18811424808567,3.17029557592328));
#2083=CARTESIAN_POINT('',(1.02893712144044,1.78217137212851,3.20004217356297));
#2084=CARTESIAN_POINT('',(-7.13384034031529E-17,2.37622849617134,3.22978877120267));
#2085=CARTESIAN_POINT('',(-1.02893712144044,1.78217137212851,3.25953536884237));
#2086=CARTESIAN_POINT('',(-2.05787424288087,1.18811424808567,3.28928196648207));
#2087=CARTESIAN_POINT('',(-2.05787424288087,2.52016910459185E-16,3.31902856412177));
#2088=CARTESIAN_POINT('',(-2.05787424288088,-1.18811424808567,3.34877516176147));
#2089=CARTESIAN_POINT('',(-1.02893712144044,-1.78217137212851,3.37852175940117));
#2090=CARTESIAN_POINT('',(-6.53346527778945E-16,-2.37622849617134,3.40826835704087));
#2091=CARTESIAN_POINT('',(1.02893712144044,-1.78217137212851,3.43801495468057));
#2092=CARTESIAN_POINT('',(2.05787424288087,-1.18811424808567,3.46776155232027));
#2093=CARTESIAN_POINT('',(2.05787424288087,5.31105888065192E-32,3.49750814995997));
#2094=CARTESIAN_POINT('',(2.05787424288087,1.18811424808567,3.52725474759967));
#2095=CARTESIAN_POINT('',(1.02893712144044,1.78217137212851,3.55700134523937));
#2096=CARTESIAN_POINT('',(-7.13384034031529E-17,2.37622849617134,3.58674794287907));
#2097=CARTESIAN_POINT('',(-1.02893712144044,1.78217137212851,3.61649454051877));
#2098=CARTESIAN_POINT('',(-2.05787424288087,1.18811424808567,3.64624113815847));
#2099=CARTESIAN_POINT('',(-2.05787424288087,2.52016910459185E-16,3.67598773579817));
#2100=CARTESIAN_POINT('',(-2.05787424288088,-1.18811424808567,3.70573433343787));
#2101=CARTESIAN_POINT('',(-1.02893712144044,-1.78217137212851,3.73548093107757));
#2102=CARTESIAN_POINT('',(-6.53346527778945E-16,-2.37622849617134,3.76522752871727));
#2103=CARTESIAN_POINT('',(1.02893712144044,-1.78217137212851,3.79497412635697));
#2104=CARTESIAN_POINT('',(2.05787424288087,-1.18811424808567,3.82472072399667));
#2105=CARTESIAN_POINT('',(2.05787424288087,5.31105888065192E-32,3.85446732163637));
#2106=CARTESIAN_POINT('',(2.18660804622154,-4.28451607167209E-15,3.67598773579817));
#2107=CARTESIAN_POINT('',(1.96654588526803,-3.85331859803183E-15,3.67598773579817));
#2108=CARTESIAN_POINT('',(2.05787424288087,-3.68063717483755E-15,3.85446732163637));
#2109=CARTESIAN_POINT('',(1.96654588526803,5.31105888065192E-32,0.820314362387008));
#2110=CARTESIAN_POINT('',(1.96654588526803,1.13538579623325,0.850060960026708));
#2111=CARTESIAN_POINT('',(0.983272942634016,1.70307869434987,0.879807557666407));
#2112=CARTESIAN_POINT('',(-7.77957763816591E-17,2.2707715924665,0.909554155306107));
#2113=CARTESIAN_POINT('',(-0.983272942634016,1.70307869434987,0.939300752945807));
#2114=CARTESIAN_POINT('',(-1.96654588526803,1.13538579623325,0.969047350585506));
#2115=CARTESIAN_POINT('',(-1.96654588526803,2.40832412376989E-16,0.998793948225206));
#2116=CARTESIAN_POINT('',(-1.96654588526803,-1.13538579623325,1.02854054586491));
#2117=CARTESIAN_POINT('',(-0.983272942634017,-1.70307869434987,1.0582871435046));
#2118=CARTESIAN_POINT('',(-6.33974408843426E-16,-2.2707715924665,1.0880337411443));
#2119=CARTESIAN_POINT('',(0.983272942634015,-1.70307869434988,1.117780338784));
#2120=CARTESIAN_POINT('',(1.96654588526803,-1.13538579623325,1.1475269364237));
#2121=CARTESIAN_POINT('',(1.96654588526803,-4.81664824753979E-16,1.1772735340634));
#2122=CARTESIAN_POINT('',(1.96654588526803,1.13538579623325,1.2070201317031));
#2123=CARTESIAN_POINT('',(0.983272942634017,1.70307869434987,1.2367667293428));
#2124=CARTESIAN_POINT('',(2.49523318057694E-15,2.2707715924665,1.2665133269825));
#2125=CARTESIAN_POINT('',(-0.983272942634015,1.70307869434988,1.2962599246222));
#2126=CARTESIAN_POINT('',(-1.96654588526803,1.13538579623325,1.3260065222619));
#2127=CARTESIAN_POINT('',(-1.96654588526803,7.22497237130968E-16,1.3557531199016));
#2128=CARTESIAN_POINT('',(-1.96654588526803,-1.13538579623325,1.3854997175413));
#2129=CARTESIAN_POINT('',(-0.983272942634019,-1.70307869434987,1.415246315181));
#2130=CARTESIAN_POINT('',(-1.19015304130519E-15,-2.2707715924665,1.4449929128207));
#2131=CARTESIAN_POINT('',(0.983272942634014,-1.70307869434988,1.4747395104604));
#2132=CARTESIAN_POINT('',(1.96654588526803,-1.13538579623325,1.5044861081001));
#2133=CARTESIAN_POINT('',(1.96654588526803,-9.63329649507958E-16,1.5342327057398));
#2134=CARTESIAN_POINT('',(1.96654588526803,1.13538579623325,1.5639793033795));
#2135=CARTESIAN_POINT('',(0.983272942634019,1.70307869434987,1.5937259010192));
#2136=CARTESIAN_POINT('',(5.06826213753554E-15,2.2707715924665,1.6234724986589));
#2137=CARTESIAN_POINT('',(-0.983272942634015,1.70307869434988,1.6532190962986));
#2138=CARTESIAN_POINT('',(-1.96654588526803,1.13538579623325,1.6829656939383));
#2139=CARTESIAN_POINT('',(-1.96654588526803,4.69744929517524E-15,1.712712291578));
#2140=CARTESIAN_POINT('',(-1.96654588526803,-1.13538579623325,1.7424588892177));
#2141=CARTESIAN_POINT('',(-0.98327294263402,-1.70307869434987,1.77220548685739));
#2142=CARTESIAN_POINT('',(-5.78003232276062E-15,-2.2707715924665,1.80195208449709));
#2143=CARTESIAN_POINT('',(0.983272942634011,-1.70307869434988,1.83169868213679));
#2144=CARTESIAN_POINT('',(1.96654588526803,-1.13538579623326,1.86144527977649));
#2145=CARTESIAN_POINT('',(1.96654588526803,-1.44499447426194E-15,1.89119187741619));
#2146=CARTESIAN_POINT('',(1.96654588526803,1.13538579623325,1.92093847505589));
#2147=CARTESIAN_POINT('',(0.983272942634019,1.70307869434987,1.95068507269559));
#2148=CARTESIAN_POINT('',(5.62444076999731E-15,2.2707715924665,1.98043167033529));
#2149=CARTESIAN_POINT('',(-0.983272942634011,1.70307869434988,2.01017826797499));
#2150=CARTESIAN_POINT('',(-1.96654588526803,1.13538579623326,2.03992486561469));
#2151=CARTESIAN_POINT('',(-1.96654588526803,1.68582688663893E-15,2.06967146325439));
#2152=CARTESIAN_POINT('',(-1.96654588526803,-1.13538579623325,2.09941806089409));
#2153=CARTESIAN_POINT('',(-0.98327294263402,-1.70307869434987,2.12916465853379));
#2154=CARTESIAN_POINT('',(-6.33621095522239E-15,-2.2707715924665,2.15891125617349));
#2155=CARTESIAN_POINT('',(0.98327294263401,-1.70307869434988,2.18865785381319));
#2156=CARTESIAN_POINT('',(1.96654588526803,-1.13538579623326,2.21840445145289));
#2157=CARTESIAN_POINT('',(1.96654588526803,-1.92665929901592E-15,2.24815104909259));
#2158=CARTESIAN_POINT('',(1.96654588526803,1.13538579623325,2.27789764673229));
#2159=CARTESIAN_POINT('',(0.98327294263402,1.70307869434987,2.30764424437199));
#2160=CARTESIAN_POINT('',(6.18061940245907E-15,2.2707715924665,2.33739084201169));
#2161=CARTESIAN_POINT('',(-0.983272942634011,1.70307869434988,2.36713743965139));
#2162=CARTESIAN_POINT('',(-1.96654588526803,1.13538579623326,2.39688403729109));
#2163=CARTESIAN_POINT('',(-1.96654588526803,9.15406617797348E-15,2.42663063493079));
#2164=CARTESIAN_POINT('',(-1.96654588526803,-1.13538579623325,2.45637723257048));
#2165=CARTESIAN_POINT('',(-0.98327294263402,-1.70307869434987,2.48612383021018));
#2166=CARTESIAN_POINT('',(-6.89238958768416E-15,-2.2707715924665,2.51587042784988));
#2167=CARTESIAN_POINT('',(0.98327294263401,-1.70307869434988,2.54561702548958));
#2168=CARTESIAN_POINT('',(1.96654588526803,-1.13538579623326,2.57536362312928));
#2169=CARTESIAN_POINT('',(1.96654588526803,-9.39489859035047E-15,2.60511022076898));
#2170=CARTESIAN_POINT('',(1.96654588526803,1.13538579623325,2.63485681840868));
#2171=CARTESIAN_POINT('',(0.98327294263402,1.70307869434987,2.66460341604838));
#2172=CARTESIAN_POINT('',(1.48041993329082E-14,2.2707715924665,2.69435001368808));
#2173=CARTESIAN_POINT('',(-0.98327294263401,1.70307869434988,2.72409661132778));
#2174=CARTESIAN_POINT('',(-1.96654588526803,1.13538579623325,2.75384320896748));
#2175=CARTESIAN_POINT('',(-1.96654588526803,9.63573100272746E-15,2.78358980660718));
#2176=CARTESIAN_POINT('',(-1.96654588526804,-1.13538579623325,2.81333640424688));
#2177=CARTESIAN_POINT('',(-0.983272942634027,-1.70307869434987,2.84308300188658));
#2178=CARTESIAN_POINT('',(-7.44856822014592E-15,-2.2707715924665,2.87282959952628));
#2179=CARTESIAN_POINT('',(0.983272942634004,-1.70307869434988,2.90257619716598));
#2180=CARTESIAN_POINT('',(1.96654588526803,-1.13538579623326,2.93232279480568));
#2181=CARTESIAN_POINT('',(1.96654588526803,-2.88998894852387E-15,2.96206939244538));
#2182=CARTESIAN_POINT('',(1.96654588526804,1.13538579623324,2.99181599008508));
#2183=CARTESIAN_POINT('',(0.983272942634021,1.70307869434987,3.02156258772478));
#2184=CARTESIAN_POINT('',(1.53603779653699E-14,2.2707715924665,3.05130918536448));
#2185=CARTESIAN_POINT('',(-0.98327294263401,1.70307869434988,3.08105578300418));
#2186=CARTESIAN_POINT('',(-1.96654588526803,1.13538579623325,3.11080238064388));
#2187=CARTESIAN_POINT('',(-1.96654588526803,1.01173958274814E-14,3.14054897828358));
#2188=CARTESIAN_POINT('',(-1.96654588526804,-1.13538579623325,3.17029557592328));
#2189=CARTESIAN_POINT('',(-0.983272942634027,-1.70307869434987,3.20004217356297));
#2190=CARTESIAN_POINT('',(-8.00474685260769E-15,-2.2707715924665,3.22978877120267));
#2191=CARTESIAN_POINT('',(0.983272942634003,-1.70307869434988,3.25953536884237));
#2192=CARTESIAN_POINT('',(1.96654588526803,-1.13538579623326,3.28928196648207));
#2193=CARTESIAN_POINT('',(1.96654588526803,-3.37165377327785E-15,3.31902856412177));
#2194=CARTESIAN_POINT('',(1.96654588526804,1.13538579623324,3.34877516176147));
#2195=CARTESIAN_POINT('',(0.983272942634021,1.70307869434987,3.37852175940117));
#2196=CARTESIAN_POINT('',(1.59165565978317E-14,2.2707715924665,3.40826835704087));
#2197=CARTESIAN_POINT('',(-0.983272942634009,1.70307869434988,3.43801495468057));
#2198=CARTESIAN_POINT('',(-1.96654588526802,1.13538579623327,3.46776155232027));
#2199=CARTESIAN_POINT('',(-1.96654588526803,1.05990606522354E-14,3.49750814995997));
#2200=CARTESIAN_POINT('',(-1.96654588526804,-1.13538579623324,3.52725474759967));
#2201=CARTESIAN_POINT('',(-0.983272942634028,-1.70307869434987,3.55700134523937));
#2202=CARTESIAN_POINT('',(-8.56092548506946E-15,-2.2707715924665,3.58674794287907));
#2203=CARTESIAN_POINT('',(0.983272942634003,-1.70307869434988,3.61649454051877));
#2204=CARTESIAN_POINT('',(1.96654588526803,-1.13538579623326,3.64624113815847));
#2205=CARTESIAN_POINT('',(1.96654588526803,-3.85331859803183E-15,3.67598773579817));
#2206=CARTESIAN_POINT('',(1.96654588526803,5.31105888065192E-32,0.820314362387008));
#2207=CARTESIAN_POINT('',(2.18660804622154,5.31105888065192E-32,0.820314362387008));
#2208=CARTESIAN_POINT('',(2.05787424288087,7.03266785018807E-16,0.998793948225206));
#2209=CARTESIAN_POINT('',(2.05787424288087,7.03266785018807E-16,0.998793948225206));
#2210=CARTESIAN_POINT('',(2.05787424288087,1.18811424808567,1.02854054586491));
#2211=CARTESIAN_POINT('',(1.02893712144044,1.78217137212851,1.0582871435046));
#2212=CARTESIAN_POINT('',(-8.83400938688615E-16,2.37622849617134,1.0880337411443));
#2213=CARTESIAN_POINT('',(-1.02893712144044,1.78217137212851,1.117780338784));
#2214=CARTESIAN_POINT('',(-2.05787424288087,1.18811424808567,1.1475269364237));
#2215=CARTESIAN_POINT('',(-2.05787424288087,-4.51249874559623E-16,1.1772735340634));
#2216=CARTESIAN_POINT('',(-2.05787424288087,-1.18811424808567,1.2070201317031));
#2217=CARTESIAN_POINT('',(-1.02893712144044,-1.78217137212851,1.2367667293428));
#2218=CARTESIAN_POINT('',(1.58716007506517E-16,-2.37622849617134,1.2665133269825));
#2219=CARTESIAN_POINT('',(1.02893712144044,-1.78217137212851,1.2962599246222));
#2220=CARTESIAN_POINT('',(2.05787424288087,-1.18811424808567,1.3260065222619));
#2221=CARTESIAN_POINT('',(2.05787424288087,1.99232964100438E-16,1.3557531199016));
#2222=CARTESIAN_POINT('',(2.05787424288087,1.18811424808567,1.3854997175413));
#2223=CARTESIAN_POINT('',(1.02893712144044,1.78217137212851,1.415246315181));
#2224=CARTESIAN_POINT('',(1.80912205626304E-15,2.37622849617134,1.4449929128207));
#2225=CARTESIAN_POINT('',(-1.02893712144044,1.78217137212851,1.4747395104604));
#2226=CARTESIAN_POINT('',(-2.05787424288087,1.18811424808567,1.5044861081001));
#2227=CARTESIAN_POINT('',(-2.05787424288087,5.27839463587465E-17,1.5342327057398));
#2228=CARTESIAN_POINT('',(-2.05787424288087,-1.18811424808567,1.5639793033795));
#2229=CARTESIAN_POINT('',(-1.02893712144044,-1.7821713721285,1.5937259010192));
#2230=CARTESIAN_POINT('',(-4.23292116869275E-16,-2.37622849617134,1.6234724986589));
#2231=CARTESIAN_POINT('',(1.02893712144044,-1.78217137212851,1.6532190962986));
#2232=CARTESIAN_POINT('',(2.05787424288087,-1.18811424808567,1.6829656939383));
#2233=CARTESIAN_POINT('',(2.05787424288087,-3.04800856817931E-16,1.712712291578));
#2234=CARTESIAN_POINT('',(2.05787424288087,1.18811424808567,1.7424588892177));
#2235=CARTESIAN_POINT('',(1.02893712144044,1.7821713721285,1.77220548685739));
#2236=CARTESIAN_POINT('',(4.5016450512147E-15,2.37622849617134,1.80195208449709));
#2237=CARTESIAN_POINT('',(-1.02893712144044,1.78217137212851,1.83169868213679));
#2238=CARTESIAN_POINT('',(-2.05787424288087,1.18811424808567,1.86144527977649));
#2239=CARTESIAN_POINT('',(-2.05787424288087,4.21233675324417E-15,1.89119187741619));
#2240=CARTESIAN_POINT('',(-2.05787424288088,-1.18811424808567,1.92093847505589));
#2241=CARTESIAN_POINT('',(-1.02893712144044,-1.7821713721285,1.95068507269559));
#2242=CARTESIAN_POINT('',(-5.2263299823968E-15,-2.37622849617134,1.98043167033529));
#2243=CARTESIAN_POINT('',(1.02893712144043,-1.78217137212851,2.01017826797499));
#2244=CARTESIAN_POINT('',(2.05787424288087,-1.18811424808568,2.03992486561469));
#2245=CARTESIAN_POINT('',(2.05787424288087,-8.088346777363E-16,2.06967146325439));
#2246=CARTESIAN_POINT('',(2.05787424288087,1.18811424808567,2.09941806089409));
#2247=CARTESIAN_POINT('',(1.02893712144044,1.7821713721285,2.12916465853379));
#2248=CARTESIAN_POINT('',(5.08365317559049E-15,2.37622849617134,2.15891125617349));
#2249=CARTESIAN_POINT('',(-1.02893712144043,1.78217137212851,2.18865785381319));
#2250=CARTESIAN_POINT('',(-2.05787424288087,1.18811424808568,2.21840445145289));
#2251=CARTESIAN_POINT('',(-2.05787424288087,1.06085158819549E-15,2.24815104909259));
#2252=CARTESIAN_POINT('',(-2.05787424288088,-1.18811424808567,2.27789764673229));
#2253=CARTESIAN_POINT('',(-1.02893712144044,-1.7821713721285,2.30764424437199));
#2254=CARTESIAN_POINT('',(-5.80833810677259E-15,-2.37622849617134,2.33739084201169));
#2255=CARTESIAN_POINT('',(1.02893712144043,-1.78217137212851,2.36713743965139));
#2256=CARTESIAN_POINT('',(2.05787424288087,-1.18811424808568,2.39688403729109));
#2257=CARTESIAN_POINT('',(2.05787424288087,-1.31286849865467E-15,2.42663063493079));
#2258=CARTESIAN_POINT('',(2.05787424288088,1.18811424808567,2.45637723257049));
#2259=CARTESIAN_POINT('',(1.02893712144044,1.7821713721285,2.48612383021018));
#2260=CARTESIAN_POINT('',(5.66566129996629E-15,2.37622849617134,2.51587042784988));
#2261=CARTESIAN_POINT('',(-1.02893712144043,1.78217137212851,2.54561702548958));
#2262=CARTESIAN_POINT('',(-2.05787424288087,1.18811424808568,2.57536362312928));
#2263=CARTESIAN_POINT('',(-2.05787424288087,8.87592338104796E-15,2.60511022076898));
#2264=CARTESIAN_POINT('',(-2.05787424288088,-1.18811424808567,2.63485681840868));
#2265=CARTESIAN_POINT('',(-1.02893712144044,-1.7821713721285,2.66460341604838));
#2266=CARTESIAN_POINT('',(-6.39034623114838E-15,-2.37622849617134,2.69435001368808));
#2267=CARTESIAN_POINT('',(1.02893712144043,-1.78217137212851,2.72409661132778));
#2268=CARTESIAN_POINT('',(2.05787424288087,-1.18811424808568,2.75384320896748));
#2269=CARTESIAN_POINT('',(2.05787424288087,-9.12794029150715E-15,2.78358980660718));
#2270=CARTESIAN_POINT('',(2.05787424288088,1.18811424808567,2.81333640424688));
#2271=CARTESIAN_POINT('',(1.02893712144044,1.7821713721285,2.84308300188658));
#2272=CARTESIAN_POINT('',(1.46897289066455E-14,2.37622849617134,2.87282959952628));
#2273=CARTESIAN_POINT('',(-1.02893712144043,1.78217137212851,2.90257619716598));
#2274=CARTESIAN_POINT('',(-2.05787424288087,1.18811424808567,2.93232279480568));
#2275=CARTESIAN_POINT('',(-2.05787424288087,9.37995720196633E-15,2.96206939244538));
#2276=CARTESIAN_POINT('',(-2.05787424288088,-1.18811424808567,2.99181599008508));
#2277=CARTESIAN_POINT('',(-1.02893712144045,-1.7821713721285,3.02156258772478));
#2278=CARTESIAN_POINT('',(-6.97235435552418E-15,-2.37622849617134,3.05130918536448));
#2279=CARTESIAN_POINT('',(1.02893712144042,-1.78217137212851,3.08105578300418));
#2280=CARTESIAN_POINT('',(2.05787424288087,-1.18811424808568,3.11080238064388));
#2281=CARTESIAN_POINT('',(2.05787424288087,-2.32093614049141E-15,3.14054897828358));
#2282=CARTESIAN_POINT('',(2.05787424288088,1.18811424808566,3.17029557592328));
#2283=CARTESIAN_POINT('',(1.02893712144044,1.7821713721285,3.20004217356297));
#2284=CARTESIAN_POINT('',(1.52717370310213E-14,2.37622849617134,3.22978877120267));
#2285=CARTESIAN_POINT('',(-1.02893712144043,1.78217137212851,3.25953536884237));
#2286=CARTESIAN_POINT('',(-2.05787424288087,1.18811424808567,3.28928196648207));
#2287=CARTESIAN_POINT('',(-2.05787424288087,9.8839910228847E-15,3.31902856412177));
#2288=CARTESIAN_POINT('',(-2.05787424288088,-1.18811424808567,3.34877516176147));
#2289=CARTESIAN_POINT('',(-1.02893712144045,-1.7821713721285,3.37852175940117));
#2290=CARTESIAN_POINT('',(-7.55436247989997E-15,-2.37622849617134,3.40826835704087));
#2291=CARTESIAN_POINT('',(1.02893712144042,-1.78217137212851,3.43801495468057));
#2292=CARTESIAN_POINT('',(2.05787424288087,-1.18811424808568,3.46776155232027));
#2293=CARTESIAN_POINT('',(2.05787424288087,-2.82496996140978E-15,3.49750814995997));
#2294=CARTESIAN_POINT('',(2.05787424288088,1.18811424808566,3.52725474759967));
#2295=CARTESIAN_POINT('',(1.02893712144044,1.7821713721285,3.55700134523937));
#2296=CARTESIAN_POINT('',(1.58537451553971E-14,2.37622849617134,3.58674794287907));
#2297=CARTESIAN_POINT('',(-1.02893712144043,1.78217137212851,3.61649454051877));
#2298=CARTESIAN_POINT('',(-2.05787424288087,1.18811424808569,3.64624113815847));
#2299=CARTESIAN_POINT('',(-2.05787424288087,1.03880248438031E-14,3.67598773579817));
#2300=CARTESIAN_POINT('',(-2.05787424288088,-1.18811424808567,3.70573433343787));
#2301=CARTESIAN_POINT('',(-1.02893712144045,-1.7821713721285,3.73548093107757));
#2302=CARTESIAN_POINT('',(-8.13637060427576E-15,-2.37622849617134,3.76522752871727));
#2303=CARTESIAN_POINT('',(1.02893712144042,-1.78217137212851,3.79497412635697));
#2304=CARTESIAN_POINT('',(2.05787424288087,-1.18811424808568,3.82472072399667));
#2305=CARTESIAN_POINT('',(2.05787424288087,-3.32900378232815E-15,3.85446732163637));
#2306=CARTESIAN_POINT('',(2.05787424288087,-3.78025365688777E-15,3.49750814995997));
#2307=CARTESIAN_POINT('',(2.05787424288087,7.03266785018807E-16,0.998793948225206));
#2308=CARTESIAN_POINT('',(2.05787424288087,1.18811424808567,1.02854054586491));
#2309=CARTESIAN_POINT('',(1.02893712144044,1.78217137212851,1.0582871435046));
#2310=CARTESIAN_POINT('',(-8.83400938688615E-16,2.37622849617134,1.0880337411443));
#2311=CARTESIAN_POINT('',(-1.02893712144044,1.78217137212851,1.117780338784));
#2312=CARTESIAN_POINT('',(-2.05787424288087,1.18811424808567,1.1475269364237));
#2313=CARTESIAN_POINT('',(-2.05787424288087,-4.51249874559623E-16,1.1772735340634));
#2314=CARTESIAN_POINT('',(-2.05787424288087,-1.18811424808567,1.2070201317031));
#2315=CARTESIAN_POINT('',(-1.02893712144044,-1.78217137212851,1.2367667293428));
#2316=CARTESIAN_POINT('',(1.58716007506517E-16,-2.37622849617134,1.2665133269825));
#2317=CARTESIAN_POINT('',(1.02893712144044,-1.78217137212851,1.2962599246222));
#2318=CARTESIAN_POINT('',(2.05787424288087,-1.18811424808567,1.3260065222619));
#2319=CARTESIAN_POINT('',(2.05787424288087,1.99232964100438E-16,1.3557531199016));
#2320=CARTESIAN_POINT('',(2.05787424288087,1.18811424808567,1.3854997175413));
#2321=CARTESIAN_POINT('',(1.02893712144044,1.78217137212851,1.415246315181));
#2322=CARTESIAN_POINT('',(1.80912205626304E-15,2.37622849617134,1.4449929128207));
#2323=CARTESIAN_POINT('',(-1.02893712144044,1.78217137212851,1.4747395104604));
#2324=CARTESIAN_POINT('',(-2.05787424288087,1.18811424808567,1.5044861081001));
#2325=CARTESIAN_POINT('',(-2.05787424288087,5.27839463587465E-17,1.5342327057398));
#2326=CARTESIAN_POINT('',(-2.05787424288087,-1.18811424808567,1.5639793033795));
#2327=CARTESIAN_POINT('',(-1.02893712144044,-1.7821713721285,1.5937259010192));
#2328=CARTESIAN_POINT('',(-4.23292116869275E-16,-2.37622849617134,1.6234724986589));
#2329=CARTESIAN_POINT('',(1.02893712144044,-1.78217137212851,1.6532190962986));
#2330=CARTESIAN_POINT('',(2.05787424288087,-1.18811424808567,1.6829656939383));
#2331=CARTESIAN_POINT('',(2.05787424288087,-3.04800856817931E-16,1.712712291578));
#2332=CARTESIAN_POINT('',(2.05787424288087,1.18811424808567,1.7424588892177));
#2333=CARTESIAN_POINT('',(1.02893712144044,1.7821713721285,1.77220548685739));
#2334=CARTESIAN_POINT('',(4.5016450512147E-15,2.37622849617134,1.80195208449709));
#2335=CARTESIAN_POINT('',(-1.02893712144044,1.78217137212851,1.83169868213679));
#2336=CARTESIAN_POINT('',(-2.05787424288087,1.18811424808567,1.86144527977649));
#2337=CARTESIAN_POINT('',(-2.05787424288087,4.21233675324417E-15,1.89119187741619));
#2338=CARTESIAN_POINT('',(-2.05787424288088,-1.18811424808567,1.92093847505589));
#2339=CARTESIAN_POINT('',(-1.02893712144044,-1.7821713721285,1.95068507269559));
#2340=CARTESIAN_POINT('',(-5.2263299823968E-15,-2.37622849617134,1.98043167033529));
#2341=CARTESIAN_POINT('',(1.02893712144043,-1.78217137212851,2.01017826797499));
#2342=CARTESIAN_POINT('',(2.05787424288087,-1.18811424808568,2.03992486561469));
#2343=CARTESIAN_POINT('',(2.05787424288087,-8.088346777363E-16,2.06967146325439));
#2344=CARTESIAN_POINT('',(2.05787424288087,1.18811424808567,2.09941806089409));
#2345=CARTESIAN_POINT('',(1.02893712144044,1.7821713721285,2.12916465853379));
#2346=CARTESIAN_POINT('',(5.08365317559049E-15,2.37622849617134,2.15891125617349));
#2347=CARTESIAN_POINT('',(-1.02893712144043,1.78217137212851,2.18865785381319));
#2348=CARTESIAN_POINT('',(-2.05787424288087,1.18811424808568,2.21840445145289));
#2349=CARTESIAN_POINT('',(-2.05787424288087,1.06085158819549E-15,2.24815104909259));
#2350=CARTESIAN_POINT('',(-2.05787424288088,-1.18811424808567,2.27789764673229));
#2351=CARTESIAN_POINT('',(-1.02893712144044,-1.7821713721285,2.30764424437199));
#2352=CARTESIAN_POINT('',(-5.80833810677259E-15,-2.37622849617134,2.33739084201169));
#2353=CARTESIAN_POINT('',(1.02893712144043,-1.78217137212851,2.36713743965139));
#2354=CARTESIAN_POINT('',(2.05787424288087,-1.18811424808568,2.39688403729109));
#2355=CARTESIAN_POINT('',(2.05787424288087,-1.31286849865467E-15,2.42663063493079));
#2356=CARTESIAN_POINT('',(2.05787424288088,1.18811424808567,2.45637723257049));
#2357=CARTESIAN_POINT('',(1.02893712144044,1.7821713721285,2.48612383021018));
#2358=CARTESIAN_POINT('',(5.66566129996629E-15,2.37622849617134,2.51587042784988));
#2359=CARTESIAN_POINT('',(-1.02893712144043,1.78217137212851,2.54561702548958));
#2360=CARTESIAN_POINT('',(-2.05787424288087,1.18811424808568,2.57536362312928));
#2361=CARTESIAN_POINT('',(-2.05787424288087,8.87592338104796E-15,2.60511022076898));
#2362=CARTESIAN_POINT('',(-2.05787424288088,-1.18811424808567,2.63485681840868));
#2363=CARTESIAN_POINT('',(-1.02893712144044,-1.7821713721285,2.66460341604838));
#2364=CARTESIAN_POINT('',(-6.39034623114838E-15,-2.37622849617134,2.69435001368808));
#2365=CARTESIAN_POINT('',(1.02893712144043,-1.78217137212851,2.72409661132778));
#2366=CARTESIAN_POINT('',(2.05787424288087,-1.18811424808568,2.75384320896748));
#2367=CARTESIAN_POINT('',(2.05787424288087,-9.12794029150715E-15,2.78358980660718));
#2368=CARTESIAN_POINT('',(2.05787424288088,1.18811424808567,2.81333640424688));
#2369=CARTESIAN_POINT('',(1.02893712144044,1.7821713721285,2.84308300188658));
#2370=CARTESIAN_POINT('',(1.46897289066455E-14,2.37622849617134,2.87282959952628));
#2371=CARTESIAN_POINT('',(-1.02893712144043,1.78217137212851,2.90257619716598));
#2372=CARTESIAN_POINT('',(-2.05787424288087,1.18811424808567,2.93232279480568));
#2373=CARTESIAN_POINT('',(-2.05787424288087,9.37995720196633E-15,2.96206939244538));
#2374=CARTESIAN_POINT('',(-2.05787424288088,-1.18811424808567,2.99181599008508));
#2375=CARTESIAN_POINT('',(-1.02893712144045,-1.7821713721285,3.02156258772478));
#2376=CARTESIAN_POINT('',(-6.97235435552418E-15,-2.37622849617134,3.05130918536448));
#2377=CARTESIAN_POINT('',(1.02893712144042,-1.78217137212851,3.08105578300418));
#2378=CARTESIAN_POINT('',(2.05787424288087,-1.18811424808568,3.11080238064388));
#2379=CARTESIAN_POINT('',(2.05787424288087,-2.32093614049141E-15,3.14054897828358));
#2380=CARTESIAN_POINT('',(2.05787424288088,1.18811424808566,3.17029557592328));
#2381=CARTESIAN_POINT('',(1.02893712144044,1.7821713721285,3.20004217356297));
#2382=CARTESIAN_POINT('',(1.52717370310213E-14,2.37622849617134,3.22978877120267));
#2383=CARTESIAN_POINT('',(-1.02893712144043,1.78217137212851,3.25953536884237));
#2384=CARTESIAN_POINT('',(-2.05787424288087,1.18811424808567,3.28928196648207));
#2385=CARTESIAN_POINT('',(-2.05787424288087,9.8839910228847E-15,3.31902856412177));
#2386=CARTESIAN_POINT('',(-2.05787424288088,-1.18811424808567,3.34877516176147));
#2387=CARTESIAN_POINT('',(-1.02893712144045,-1.7821713721285,3.37852175940117));
#2388=CARTESIAN_POINT('',(-7.55436247989997E-15,-2.37622849617134,3.40826835704087));
#2389=CARTESIAN_POINT('',(1.02893712144042,-1.78217137212851,3.43801495468057));
#2390=CARTESIAN_POINT('',(2.05787424288087,-1.18811424808568,3.46776155232027));
#2391=CARTESIAN_POINT('',(2.05787424288087,-2.82496996140978E-15,3.49750814995997));
#2392=CARTESIAN_POINT('',(2.05787424288088,1.18811424808566,3.52725474759967));
#2393=CARTESIAN_POINT('',(1.02893712144044,1.7821713721285,3.55700134523937));
#2394=CARTESIAN_POINT('',(1.58537451553971E-14,2.37622849617134,3.58674794287907));
#2395=CARTESIAN_POINT('',(-1.02893712144043,1.78217137212851,3.61649454051877));
#2396=CARTESIAN_POINT('',(-2.05787424288087,1.18811424808569,3.64624113815847));
#2397=CARTESIAN_POINT('',(-2.05787424288087,1.03880248438031E-14,3.67598773579817));
#2398=CARTESIAN_POINT('',(-2.05787424288088,-1.18811424808567,3.70573433343787));
#2399=CARTESIAN_POINT('',(-1.02893712144045,-1.7821713721285,3.73548093107757));
#2400=CARTESIAN_POINT('',(-8.13637060427576E-15,-2.37622849617134,3.76522752871727));
#2401=CARTESIAN_POINT('',(1.02893712144042,-1.78217137212851,3.79497412635697));
#2402=CARTESIAN_POINT('',(2.05787424288087,-1.18811424808568,3.82472072399667));
#2403=CARTESIAN_POINT('',(2.05787424288087,-3.32900378232815E-15,3.85446732163637));
#2404=CARTESIAN_POINT('',(2.05787424288087,5.31105888065192E-32,0.641834776548811));
#2405=CARTESIAN_POINT('',(2.05787424288087,1.18811424808567,0.67158137418851));
#2406=CARTESIAN_POINT('',(1.02893712144044,1.78217137212851,0.70132797182821));
#2407=CARTESIAN_POINT('',(-7.13384034031529E-17,2.37622849617134,0.73107456946791));
#2408=CARTESIAN_POINT('',(-1.02893712144044,1.78217137212851,0.760821167107609));
#2409=CARTESIAN_POINT('',(-2.05787424288087,1.18811424808567,0.790567764747309));
#2410=CARTESIAN_POINT('',(-2.05787424288087,2.52016910459185E-16,0.820314362387008));
#2411=CARTESIAN_POINT('',(-2.05787424288088,-1.18811424808567,0.850060960026708));
#2412=CARTESIAN_POINT('',(-1.02893712144044,-1.78217137212851,0.879807557666408));
#2413=CARTESIAN_POINT('',(-6.53346527778945E-16,-2.37622849617134,0.909554155306107));
#2414=CARTESIAN_POINT('',(1.02893712144044,-1.78217137212851,0.939300752945807));
#2415=CARTESIAN_POINT('',(2.05787424288087,-1.18811424808567,0.969047350585506));
#2416=CARTESIAN_POINT('',(2.05787424288087,5.31105888065192E-32,0.998793948225206));
#2417=CARTESIAN_POINT('',(2.05787424288087,1.18811424808567,1.02854054586491));
#2418=CARTESIAN_POINT('',(1.02893712144044,1.78217137212851,1.05828714350461));
#2419=CARTESIAN_POINT('',(-7.13384034031529E-17,2.37622849617134,1.0880337411443));
#2420=CARTESIAN_POINT('',(-1.02893712144044,1.78217137212851,1.117780338784));
#2421=CARTESIAN_POINT('',(-2.05787424288087,1.18811424808567,1.1475269364237));
#2422=CARTESIAN_POINT('',(-2.05787424288087,2.52016910459185E-16,1.1772735340634));
#2423=CARTESIAN_POINT('',(-2.05787424288088,-1.18811424808567,1.2070201317031));
#2424=CARTESIAN_POINT('',(-1.02893712144044,-1.78217137212851,1.2367667293428));
#2425=CARTESIAN_POINT('',(-6.53346527778945E-16,-2.37622849617134,1.2665133269825));
#2426=CARTESIAN_POINT('',(1.02893712144044,-1.78217137212851,1.2962599246222));
#2427=CARTESIAN_POINT('',(2.05787424288087,-1.18811424808567,1.3260065222619));
#2428=CARTESIAN_POINT('',(2.05787424288087,5.31105888065192E-32,1.3557531199016));
#2429=CARTESIAN_POINT('',(2.05787424288087,1.18811424808567,1.3854997175413));
#2430=CARTESIAN_POINT('',(1.02893712144044,1.78217137212851,1.415246315181));
#2431=CARTESIAN_POINT('',(-7.13384034031529E-17,2.37622849617134,1.4449929128207));
#2432=CARTESIAN_POINT('',(-1.02893712144044,1.78217137212851,1.4747395104604));
#2433=CARTESIAN_POINT('',(-2.05787424288087,1.18811424808567,1.5044861081001));
#2434=CARTESIAN_POINT('',(-2.05787424288087,2.52016910459185E-16,1.5342327057398));
#2435=CARTESIAN_POINT('',(-2.05787424288088,-1.18811424808567,1.5639793033795));
#2436=CARTESIAN_POINT('',(-1.02893712144044,-1.78217137212851,1.5937259010192));
#2437=CARTESIAN_POINT('',(-6.53346527778945E-16,-2.37622849617134,1.6234724986589));
#2438=CARTESIAN_POINT('',(1.02893712144044,-1.78217137212851,1.6532190962986));
#2439=CARTESIAN_POINT('',(2.05787424288087,-1.18811424808567,1.6829656939383));
#2440=CARTESIAN_POINT('',(2.05787424288087,5.31105888065192E-32,1.712712291578));
#2441=CARTESIAN_POINT('',(2.05787424288087,1.18811424808567,1.7424588892177));
#2442=CARTESIAN_POINT('',(1.02893712144044,1.78217137212851,1.77220548685739));
#2443=CARTESIAN_POINT('',(-7.13384034031529E-17,2.37622849617134,1.80195208449709));
#2444=CARTESIAN_POINT('',(-1.02893712144044,1.78217137212851,1.83169868213679));
#2445=CARTESIAN_POINT('',(-2.05787424288087,1.18811424808567,1.86144527977649));
#2446=CARTESIAN_POINT('',(-2.05787424288087,2.52016910459185E-16,1.89119187741619));
#2447=CARTESIAN_POINT('',(-2.05787424288088,-1.18811424808567,1.92093847505589));
#2448=CARTESIAN_POINT('',(-1.02893712144044,-1.78217137212851,1.95068507269559));
#2449=CARTESIAN_POINT('',(-6.53346527778945E-16,-2.37622849617134,1.98043167033529));
#2450=CARTESIAN_POINT('',(1.02893712144044,-1.78217137212851,2.01017826797499));
#2451=CARTESIAN_POINT('',(2.05787424288087,-1.18811424808567,2.03992486561469));
#2452=CARTESIAN_POINT('',(2.05787424288087,5.31105888065192E-32,2.06967146325439));
#2453=CARTESIAN_POINT('',(2.05787424288087,1.18811424808567,2.09941806089409));
#2454=CARTESIAN_POINT('',(1.02893712144044,1.78217137212851,2.12916465853379));
#2455=CARTESIAN_POINT('',(-7.13384034031529E-17,2.37622849617134,2.15891125617349));
#2456=CARTESIAN_POINT('',(-1.02893712144044,1.78217137212851,2.18865785381319));
#2457=CARTESIAN_POINT('',(-2.05787424288087,1.18811424808567,2.21840445145289));
#2458=CARTESIAN_POINT('',(-2.05787424288087,2.52016910459185E-16,2.24815104909259));
#2459=CARTESIAN_POINT('',(-2.05787424288088,-1.18811424808567,2.27789764673229));
#2460=CARTESIAN_POINT('',(-1.02893712144044,-1.78217137212851,2.30764424437199));
#2461=CARTESIAN_POINT('',(-6.53346527778945E-16,-2.37622849617134,2.33739084201169));
#2462=CARTESIAN_POINT('',(1.02893712144044,-1.78217137212851,2.36713743965139));
#2463=CARTESIAN_POINT('',(2.05787424288087,-1.18811424808567,2.39688403729109));
#2464=CARTESIAN_POINT('',(2.05787424288087,5.31105888065192E-32,2.42663063493079));
#2465=CARTESIAN_POINT('',(2.05787424288087,1.18811424808567,2.45637723257049));
#2466=CARTESIAN_POINT('',(1.02893712144044,1.78217137212851,2.48612383021019));
#2467=CARTESIAN_POINT('',(-7.13384034031529E-17,2.37622849617134,2.51587042784988));
#2468=CARTESIAN_POINT('',(-1.02893712144044,1.78217137212851,2.54561702548958));
#2469=CARTESIAN_POINT('',(-2.05787424288087,1.18811424808567,2.57536362312928));
#2470=CARTESIAN_POINT('',(-2.05787424288087,2.52016910459185E-16,2.60511022076898));
#2471=CARTESIAN_POINT('',(-2.05787424288088,-1.18811424808567,2.63485681840868));
#2472=CARTESIAN_POINT('',(-1.02893712144044,-1.78217137212851,2.66460341604838));
#2473=CARTESIAN_POINT('',(-6.53346527778945E-16,-2.37622849617134,2.69435001368808));
#2474=CARTESIAN_POINT('',(1.02893712144044,-1.78217137212851,2.72409661132778));
#2475=CARTESIAN_POINT('',(2.05787424288087,-1.18811424808567,2.75384320896748));
#2476=CARTESIAN_POINT('',(2.05787424288087,5.31105888065192E-32,2.78358980660718));
#2477=CARTESIAN_POINT('',(2.05787424288087,1.18811424808567,2.81333640424688));
#2478=CARTESIAN_POINT('',(1.02893712144044,1.78217137212851,2.84308300188658));
#2479=CARTESIAN_POINT('',(-7.13384034031529E-17,2.37622849617134,2.87282959952628));
#2480=CARTESIAN_POINT('',(-1.02893712144044,1.78217137212851,2.90257619716598));
#2481=CARTESIAN_POINT('',(-2.05787424288087,1.18811424808567,2.93232279480568));
#2482=CARTESIAN_POINT('',(-2.05787424288087,2.52016910459185E-16,2.96206939244538));
#2483=CARTESIAN_POINT('',(-2.05787424288088,-1.18811424808567,2.99181599008508));
#2484=CARTESIAN_POINT('',(-1.02893712144044,-1.78217137212851,3.02156258772478));
#2485=CARTESIAN_POINT('',(-6.53346527778945E-16,-2.37622849617134,3.05130918536448));
#2486=CARTESIAN_POINT('',(1.02893712144044,-1.78217137212851,3.08105578300418));
#2487=CARTESIAN_POINT('',(2.05787424288087,-1.18811424808567,3.11080238064388));
#2488=CARTESIAN_POINT('',(2.05787424288087,5.31105888065192E-32,3.14054897828358));
#2489=CARTESIAN_POINT('',(2.05787424288087,1.18811424808567,3.17029557592328));
#2490=CARTESIAN_POINT('',(1.02893712144044,1.78217137212851,3.20004217356297));
#2491=CARTESIAN_POINT('',(-7.13384034031529E-17,2.37622849617134,3.22978877120267));
#2492=CARTESIAN_POINT('',(-1.02893712144044,1.78217137212851,3.25953536884237));
#2493=CARTESIAN_POINT('',(-2.05787424288087,1.18811424808567,3.28928196648207));
#2494=CARTESIAN_POINT('',(-2.05787424288087,2.52016910459185E-16,3.31902856412177));
#2495=CARTESIAN_POINT('',(-2.05787424288088,-1.18811424808567,3.34877516176147));
#2496=CARTESIAN_POINT('',(-1.02893712144044,-1.78217137212851,3.37852175940117));
#2497=CARTESIAN_POINT('',(-6.53346527778945E-16,-2.37622849617134,3.40826835704087));
#2498=CARTESIAN_POINT('',(1.02893712144044,-1.78217137212851,3.43801495468057));
#2499=CARTESIAN_POINT('',(2.05787424288087,-1.18811424808567,3.46776155232027));
#2500=CARTESIAN_POINT('',(2.05787424288087,5.31105888065192E-32,3.49750814995997));
#2501=CARTESIAN_POINT('',(1.99939258008775,5.31105888065192E-32,0.684016445907176));
#2502=CARTESIAN_POINT('',(1.99939258008775,1.1543498443294,0.713763043546875));
#2503=CARTESIAN_POINT('',(0.999696290043877,1.73152476649411,0.743509641186575));
#2504=CARTESIAN_POINT('',(-7.54733503016758E-17,2.30869968865881,0.773256238826275));
#2505=CARTESIAN_POINT('',(-0.999696290043877,1.73152476649411,0.803002836465974));
#2506=CARTESIAN_POINT('',(-1.99939258008775,1.15434984432941,0.832749434105674));
#2507=CARTESIAN_POINT('',(-1.99939258008775,2.44854972344344E-16,0.862496031745373));
#2508=CARTESIAN_POINT('',(-1.99939258008775,-1.1543498443294,0.892242629385073));
#2509=CARTESIAN_POINT('',(-0.999696290043878,-1.73152476649411,0.921989227024772));
#2510=CARTESIAN_POINT('',(-6.40941687083376E-16,-2.30869968865881,0.951735824664472));
#2511=CARTESIAN_POINT('',(0.999696290043875,-1.73152476649411,0.981482422304172));
#2512=CARTESIAN_POINT('',(1.99939258008775,-1.15434984432941,1.01122901994387));
#2513=CARTESIAN_POINT('',(1.99939258008775,5.31105888065192E-32,1.04097561758357));
#2514=CARTESIAN_POINT('',(1.99939258008775,1.1543498443294,1.07072221522327));
#2515=CARTESIAN_POINT('',(0.999696290043877,1.73152476649411,1.10046881286297));
#2516=CARTESIAN_POINT('',(-7.54733503016758E-17,2.30869968865881,1.13021541050267));
#2517=CARTESIAN_POINT('',(-0.999696290043877,1.73152476649411,1.15996200814237));
#2518=CARTESIAN_POINT('',(-1.99939258008775,1.15434984432941,1.18970860578207));
#2519=CARTESIAN_POINT('',(-1.99939258008775,2.44854972344344E-16,1.21945520342177));
#2520=CARTESIAN_POINT('',(-1.99939258008775,-1.1543498443294,1.24920180106147));
#2521=CARTESIAN_POINT('',(-0.999696290043878,-1.73152476649411,1.27894839870117));
#2522=CARTESIAN_POINT('',(-6.40941687083376E-16,-2.30869968865881,1.30869499634087));
#2523=CARTESIAN_POINT('',(0.999696290043875,-1.73152476649411,1.33844159398057));
#2524=CARTESIAN_POINT('',(1.99939258008775,-1.15434984432941,1.36818819162027));
#2525=CARTESIAN_POINT('',(1.99939258008775,5.31105888065192E-32,1.39793478925997));
#2526=CARTESIAN_POINT('',(1.99939258008775,1.1543498443294,1.42768138689966));
#2527=CARTESIAN_POINT('',(0.999696290043877,1.73152476649411,1.45742798453936));
#2528=CARTESIAN_POINT('',(-7.54733503016758E-17,2.30869968865881,1.48717458217906));
#2529=CARTESIAN_POINT('',(-0.999696290043877,1.73152476649411,1.51692117981876));
#2530=CARTESIAN_POINT('',(-1.99939258008775,1.15434984432941,1.54666777745846));
#2531=CARTESIAN_POINT('',(-1.99939258008775,2.44854972344344E-16,1.57641437509816));
#2532=CARTESIAN_POINT('',(-1.99939258008775,-1.1543498443294,1.60616097273786));
#2533=CARTESIAN_POINT('',(-0.999696290043878,-1.73152476649411,1.63590757037756));
#2534=CARTESIAN_POINT('',(-6.40941687083376E-16,-2.30869968865881,1.66565416801726));
#2535=CARTESIAN_POINT('',(0.999696290043875,-1.73152476649411,1.69540076565696));
#2536=CARTESIAN_POINT('',(1.99939258008775,-1.15434984432941,1.72514736329666));
#2537=CARTESIAN_POINT('',(1.99939258008775,5.31105888065192E-32,1.75489396093636));
#2538=CARTESIAN_POINT('',(1.99939258008775,1.1543498443294,1.78464055857606));
#2539=CARTESIAN_POINT('',(0.999696290043877,1.73152476649411,1.81438715621576));
#2540=CARTESIAN_POINT('',(-7.54733503016758E-17,2.30869968865881,1.84413375385546));
#2541=CARTESIAN_POINT('',(-0.999696290043877,1.73152476649411,1.87388035149516));
#2542=CARTESIAN_POINT('',(-1.99939258008775,1.15434984432941,1.90362694913486));
#2543=CARTESIAN_POINT('',(-1.99939258008775,2.44854972344344E-16,1.93337354677456));
#2544=CARTESIAN_POINT('',(-1.99939258008775,-1.1543498443294,1.96312014441426));
#2545=CARTESIAN_POINT('',(-0.999696290043878,-1.73152476649411,1.99286674205396));
#2546=CARTESIAN_POINT('',(-6.40941687083376E-16,-2.30869968865881,2.02261333969366));
#2547=CARTESIAN_POINT('',(0.999696290043875,-1.73152476649411,2.05235993733336));
#2548=CARTESIAN_POINT('',(1.99939258008775,-1.15434984432941,2.08210653497306));
#2549=CARTESIAN_POINT('',(1.99939258008775,5.31105888065192E-32,2.11185313261276));
#2550=CARTESIAN_POINT('',(1.99939258008775,1.1543498443294,2.14159973025245));
#2551=CARTESIAN_POINT('',(0.999696290043877,1.73152476649411,2.17134632789215));
#2552=CARTESIAN_POINT('',(-7.54733503016758E-17,2.30869968865881,2.20109292553185));
#2553=CARTESIAN_POINT('',(-0.999696290043877,1.73152476649411,2.23083952317155));
#2554=CARTESIAN_POINT('',(-1.99939258008775,1.15434984432941,2.26058612081125));
#2555=CARTESIAN_POINT('',(-1.99939258008775,2.44854972344344E-16,2.29033271845095));
#2556=CARTESIAN_POINT('',(-1.99939258008775,-1.1543498443294,2.32007931609065));
#2557=CARTESIAN_POINT('',(-0.999696290043878,-1.73152476649411,2.34982591373035));
#2558=CARTESIAN_POINT('',(-6.40941687083376E-16,-2.30869968865881,2.37957251137005));
#2559=CARTESIAN_POINT('',(0.999696290043875,-1.73152476649411,2.40931910900975));
#2560=CARTESIAN_POINT('',(1.99939258008775,-1.15434984432941,2.43906570664945));
#2561=CARTESIAN_POINT('',(1.99939258008775,5.31105888065192E-32,2.46881230428915));
#2562=CARTESIAN_POINT('',(1.99939258008775,1.1543498443294,2.49855890192885));
#2563=CARTESIAN_POINT('',(0.999696290043877,1.73152476649411,2.52830549956855));
#2564=CARTESIAN_POINT('',(-7.54733503016758E-17,2.30869968865881,2.55805209720825));
#2565=CARTESIAN_POINT('',(-0.999696290043877,1.73152476649411,2.58779869484795));
#2566=CARTESIAN_POINT('',(-1.99939258008775,1.15434984432941,2.61754529248765));
#2567=CARTESIAN_POINT('',(-1.99939258008775,2.44854972344344E-16,2.64729189012735));
#2568=CARTESIAN_POINT('',(-1.99939258008775,-1.1543498443294,2.67703848776705));
#2569=CARTESIAN_POINT('',(-0.999696290043878,-1.73152476649411,2.70678508540675));
#2570=CARTESIAN_POINT('',(-6.40941687083376E-16,-2.30869968865881,2.73653168304645));
#2571=CARTESIAN_POINT('',(0.999696290043875,-1.73152476649411,2.76627828068615));
#2572=CARTESIAN_POINT('',(1.99939258008775,-1.15434984432941,2.79602487832585));
#2573=CARTESIAN_POINT('',(1.99939258008775,5.31105888065192E-32,2.82577147596555));
#2574=CARTESIAN_POINT('',(1.99939258008775,1.1543498443294,2.85551807360525));
#2575=CARTESIAN_POINT('',(0.999696290043877,1.73152476649411,2.88526467124494));
#2576=CARTESIAN_POINT('',(-7.54733503016758E-17,2.30869968865881,2.91501126888464));
#2577=CARTESIAN_POINT('',(-0.999696290043877,1.73152476649411,2.94475786652434));
#2578=CARTESIAN_POINT('',(-1.99939258008775,1.15434984432941,2.97450446416404));
#2579=CARTESIAN_POINT('',(-1.99939258008775,2.44854972344344E-16,3.00425106180374));
#2580=CARTESIAN_POINT('',(-1.99939258008775,-1.1543498443294,3.03399765944344));
#2581=CARTESIAN_POINT('',(-0.999696290043878,-1.73152476649411,3.06374425708314));
#2582=CARTESIAN_POINT('',(-6.40941687083376E-16,-2.30869968865881,3.09349085472284));
#2583=CARTESIAN_POINT('',(0.999696290043875,-1.73152476649411,3.12323745236254));
#2584=CARTESIAN_POINT('',(1.99939258008775,-1.15434984432941,3.15298405000224));
#2585=CARTESIAN_POINT('',(1.99939258008775,5.31105888065192E-32,3.18273064764194));
#2586=CARTESIAN_POINT('',(1.99939258008775,1.1543498443294,3.21247724528164));
#2587=CARTESIAN_POINT('',(0.999696290043877,1.73152476649411,3.24222384292134));
#2588=CARTESIAN_POINT('',(-7.54733503016758E-17,2.30869968865881,3.27197044056104));
#2589=CARTESIAN_POINT('',(-0.999696290043877,1.73152476649411,3.30171703820074));
#2590=CARTESIAN_POINT('',(-1.99939258008775,1.15434984432941,3.33146363584044));
#2591=CARTESIAN_POINT('',(-1.99939258008775,2.44854972344344E-16,3.36121023348014));
#2592=CARTESIAN_POINT('',(-1.99939258008775,-1.1543498443294,3.39095683111984));
#2593=CARTESIAN_POINT('',(-0.999696290043878,-1.73152476649411,3.42070342875954));
#2594=CARTESIAN_POINT('',(-6.40941687083376E-16,-2.30869968865881,3.45045002639924));
#2595=CARTESIAN_POINT('',(0.999696290043875,-1.73152476649411,3.48019662403894));
#2596=CARTESIAN_POINT('',(1.99939258008775,-1.15434984432941,3.50994322167864));
#2597=CARTESIAN_POINT('',(1.99939258008775,5.31105888065192E-32,3.53968981931834));
#2598=CARTESIAN_POINT('',(1.96654588526803,5.31105888065192E-32,0.748207510334608));
#2599=CARTESIAN_POINT('',(1.96654588526803,1.13538579623325,0.777954107974308));
#2600=CARTESIAN_POINT('',(0.983272942634016,1.70307869434987,0.807700705614008));
#2601=CARTESIAN_POINT('',(-7.77957763816591E-17,2.2707715924665,0.837447303253707));
#2602=CARTESIAN_POINT('',(-0.983272942634016,1.70307869434987,0.867193900893407));
#2603=CARTESIAN_POINT('',(-1.96654588526803,1.13538579623325,0.896940498533106));
#2604=CARTESIAN_POINT('',(-1.96654588526803,2.40832412376989E-16,0.926687096172806));
#2605=CARTESIAN_POINT('',(-1.96654588526803,-1.13538579623325,0.956433693812505));
#2606=CARTESIAN_POINT('',(-0.983272942634017,-1.70307869434987,0.986180291452205));
#2607=CARTESIAN_POINT('',(-6.33974408843426E-16,-2.2707715924665,1.0159268890919));
#2608=CARTESIAN_POINT('',(0.983272942634015,-1.70307869434988,1.0456734867316));
#2609=CARTESIAN_POINT('',(1.96654588526803,-1.13538579623325,1.0754200843713));
#2610=CARTESIAN_POINT('',(1.96654588526803,5.31105888065192E-32,1.105166682011));
#2611=CARTESIAN_POINT('',(1.96654588526803,1.13538579623325,1.1349132796507));
#2612=CARTESIAN_POINT('',(0.983272942634016,1.70307869434987,1.1646598772904));
#2613=CARTESIAN_POINT('',(-7.77957763816591E-17,2.2707715924665,1.1944064749301));
#2614=CARTESIAN_POINT('',(-0.983272942634016,1.70307869434987,1.2241530725698));
#2615=CARTESIAN_POINT('',(-1.96654588526803,1.13538579623325,1.2538996702095));
#2616=CARTESIAN_POINT('',(-1.96654588526803,2.40832412376989E-16,1.2836462678492));
#2617=CARTESIAN_POINT('',(-1.96654588526803,-1.13538579623325,1.3133928654889));
#2618=CARTESIAN_POINT('',(-0.983272942634017,-1.70307869434987,1.3431394631286));
#2619=CARTESIAN_POINT('',(-6.33974408843426E-16,-2.2707715924665,1.3728860607683));
#2620=CARTESIAN_POINT('',(0.983272942634015,-1.70307869434988,1.402632658408));
#2621=CARTESIAN_POINT('',(1.96654588526803,-1.13538579623325,1.4323792560477));
#2622=CARTESIAN_POINT('',(1.96654588526803,5.31105888065192E-32,1.4621258536874));
#2623=CARTESIAN_POINT('',(1.96654588526803,1.13538579623325,1.4918724513271));
#2624=CARTESIAN_POINT('',(0.983272942634016,1.70307869434987,1.5216190489668));
#2625=CARTESIAN_POINT('',(-7.77957763816591E-17,2.2707715924665,1.5513656466065));
#2626=CARTESIAN_POINT('',(-0.983272942634016,1.70307869434987,1.5811122442462));
#2627=CARTESIAN_POINT('',(-1.96654588526803,1.13538579623325,1.6108588418859));
#2628=CARTESIAN_POINT('',(-1.96654588526803,2.40832412376989E-16,1.6406054395256));
#2629=CARTESIAN_POINT('',(-1.96654588526803,-1.13538579623325,1.6703520371653));
#2630=CARTESIAN_POINT('',(-0.983272942634017,-1.70307869434987,1.70009863480499));
#2631=CARTESIAN_POINT('',(-6.33974408843426E-16,-2.2707715924665,1.72984523244469));
#2632=CARTESIAN_POINT('',(0.983272942634015,-1.70307869434988,1.75959183008439));
#2633=CARTESIAN_POINT('',(1.96654588526803,-1.13538579623325,1.78933842772409));
#2634=CARTESIAN_POINT('',(1.96654588526803,5.31105888065192E-32,1.81908502536379));
#2635=CARTESIAN_POINT('',(1.96654588526803,1.13538579623325,1.84883162300349));
#2636=CARTESIAN_POINT('',(0.983272942634016,1.70307869434987,1.87857822064319));
#2637=CARTESIAN_POINT('',(-7.77957763816591E-17,2.2707715924665,1.90832481828289));
#2638=CARTESIAN_POINT('',(-0.983272942634016,1.70307869434987,1.93807141592259));
#2639=CARTESIAN_POINT('',(-1.96654588526803,1.13538579623325,1.96781801356229));
#2640=CARTESIAN_POINT('',(-1.96654588526803,2.40832412376989E-16,1.99756461120199));
#2641=CARTESIAN_POINT('',(-1.96654588526803,-1.13538579623325,2.02731120884169));
#2642=CARTESIAN_POINT('',(-0.983272942634017,-1.70307869434987,2.05705780648139));
#2643=CARTESIAN_POINT('',(-6.33974408843426E-16,-2.2707715924665,2.08680440412109));
#2644=CARTESIAN_POINT('',(0.983272942634015,-1.70307869434988,2.11655100176079));
#2645=CARTESIAN_POINT('',(1.96654588526803,-1.13538579623325,2.14629759940049));
#2646=CARTESIAN_POINT('',(1.96654588526803,5.31105888065192E-32,2.17604419704019));
#2647=CARTESIAN_POINT('',(1.96654588526803,1.13538579623325,2.20579079467989));
#2648=CARTESIAN_POINT('',(0.983272942634016,1.70307869434987,2.23553739231959));
#2649=CARTESIAN_POINT('',(-7.77957763816591E-17,2.2707715924665,2.26528398995929));
#2650=CARTESIAN_POINT('',(-0.983272942634016,1.70307869434987,2.29503058759899));
#2651=CARTESIAN_POINT('',(-1.96654588526803,1.13538579623325,2.32477718523869));
#2652=CARTESIAN_POINT('',(-1.96654588526803,2.40832412376989E-16,2.35452378287839));
#2653=CARTESIAN_POINT('',(-1.96654588526803,-1.13538579623325,2.38427038051809));
#2654=CARTESIAN_POINT('',(-0.983272942634017,-1.70307869434987,2.41401697815778));
#2655=CARTESIAN_POINT('',(-6.33974408843426E-16,-2.2707715924665,2.44376357579748));
#2656=CARTESIAN_POINT('',(0.983272942634015,-1.70307869434988,2.47351017343718));
#2657=CARTESIAN_POINT('',(1.96654588526803,-1.13538579623325,2.50325677107688));
#2658=CARTESIAN_POINT('',(1.96654588526803,5.31105888065192E-32,2.53300336871658));
#2659=CARTESIAN_POINT('',(1.96654588526803,1.13538579623325,2.56274996635628));
#2660=CARTESIAN_POINT('',(0.983272942634016,1.70307869434987,2.59249656399598));
#2661=CARTESIAN_POINT('',(-7.77957763816591E-17,2.2707715924665,2.62224316163568));
#2662=CARTESIAN_POINT('',(-0.983272942634016,1.70307869434987,2.65198975927538));
#2663=CARTESIAN_POINT('',(-1.96654588526803,1.13538579623325,2.68173635691508));
#2664=CARTESIAN_POINT('',(-1.96654588526803,2.40832412376989E-16,2.71148295455478));
#2665=CARTESIAN_POINT('',(-1.96654588526803,-1.13538579623325,2.74122955219448));
#2666=CARTESIAN_POINT('',(-0.983272942634017,-1.70307869434987,2.77097614983418));
#2667=CARTESIAN_POINT('',(-6.33974408843426E-16,-2.2707715924665,2.80072274747388));
#2668=CARTESIAN_POINT('',(0.983272942634015,-1.70307869434988,2.83046934511358));
#2669=CARTESIAN_POINT('',(1.96654588526803,-1.13538579623325,2.86021594275328));
#2670=CARTESIAN_POINT('',(1.96654588526803,5.31105888065192E-32,2.88996254039298));
#2671=CARTESIAN_POINT('',(1.96654588526803,1.13538579623325,2.91970913803268));
#2672=CARTESIAN_POINT('',(0.983272942634016,1.70307869434987,2.94945573567238));
#2673=CARTESIAN_POINT('',(-7.77957763816591E-17,2.2707715924665,2.97920233331208));
#2674=CARTESIAN_POINT('',(-0.983272942634016,1.70307869434987,3.00894893095178));
#2675=CARTESIAN_POINT('',(-1.96654588526803,1.13538579623325,3.03869552859148));
#2676=CARTESIAN_POINT('',(-1.96654588526803,2.40832412376989E-16,3.06844212623118));
#2677=CARTESIAN_POINT('',(-1.96654588526803,-1.13538579623325,3.09818872387088));
#2678=CARTESIAN_POINT('',(-0.983272942634017,-1.70307869434987,3.12793532151057));
#2679=CARTESIAN_POINT('',(-6.33974408843426E-16,-2.2707715924665,3.15768191915027));
#2680=CARTESIAN_POINT('',(0.983272942634015,-1.70307869434988,3.18742851678997));
#2681=CARTESIAN_POINT('',(1.96654588526803,-1.13538579623325,3.21717511442967));
#2682=CARTESIAN_POINT('',(1.96654588526803,5.31105888065192E-32,3.24692171206937));
#2683=CARTESIAN_POINT('',(1.96654588526803,1.13538579623325,3.27666830970907));
#2684=CARTESIAN_POINT('',(0.983272942634016,1.70307869434987,3.30641490734877));
#2685=CARTESIAN_POINT('',(-7.77957763816591E-17,2.2707715924665,3.33616150498847));
#2686=CARTESIAN_POINT('',(-0.983272942634016,1.70307869434987,3.36590810262817));
#2687=CARTESIAN_POINT('',(-1.96654588526803,1.13538579623325,3.39565470026787));
#2688=CARTESIAN_POINT('',(-1.96654588526803,2.40832412376989E-16,3.42540129790757));
#2689=CARTESIAN_POINT('',(-1.96654588526803,-1.13538579623325,3.45514789554727));
#2690=CARTESIAN_POINT('',(-0.983272942634017,-1.70307869434987,3.48489449318697));
#2691=CARTESIAN_POINT('',(-6.33974408843426E-16,-2.2707715924665,3.51464109082667));
#2692=CARTESIAN_POINT('',(0.983272942634015,-1.70307869434988,3.54438768846637));
#2693=CARTESIAN_POINT('',(1.96654588526803,-1.13538579623325,3.57413428610607));
#2694=CARTESIAN_POINT('',(1.96654588526803,5.31105888065192E-32,3.60388088374577));
#2695=CARTESIAN_POINT('',(1.96654588526803,5.31105888065192E-32,0.820314362387008));
#2696=CARTESIAN_POINT('',(1.96654588526803,1.13538579623325,0.850060960026708));
#2697=CARTESIAN_POINT('',(0.983272942634016,1.70307869434987,0.879807557666407));
#2698=CARTESIAN_POINT('',(-7.77957763816591E-17,2.2707715924665,0.909554155306107));
#2699=CARTESIAN_POINT('',(-0.983272942634016,1.70307869434987,0.939300752945807));
#2700=CARTESIAN_POINT('',(-1.96654588526803,1.13538579623325,0.969047350585506));
#2701=CARTESIAN_POINT('',(-1.96654588526803,2.40832412376989E-16,0.998793948225206));
#2702=CARTESIAN_POINT('',(-1.96654588526803,-1.13538579623325,1.02854054586491));
#2703=CARTESIAN_POINT('',(-0.983272942634017,-1.70307869434987,1.0582871435046));
#2704=CARTESIAN_POINT('',(-6.33974408843426E-16,-2.2707715924665,1.0880337411443));
#2705=CARTESIAN_POINT('',(0.983272942634015,-1.70307869434988,1.117780338784));
#2706=CARTESIAN_POINT('',(1.96654588526803,-1.13538579623325,1.1475269364237));
#2707=CARTESIAN_POINT('',(1.96654588526803,5.31105888065192E-32,1.1772735340634));
#2708=CARTESIAN_POINT('',(1.96654588526803,1.13538579623325,1.2070201317031));
#2709=CARTESIAN_POINT('',(0.983272942634016,1.70307869434987,1.2367667293428));
#2710=CARTESIAN_POINT('',(-7.77957763816591E-17,2.2707715924665,1.2665133269825));
#2711=CARTESIAN_POINT('',(-0.983272942634016,1.70307869434987,1.2962599246222));
#2712=CARTESIAN_POINT('',(-1.96654588526803,1.13538579623325,1.3260065222619));
#2713=CARTESIAN_POINT('',(-1.96654588526803,2.40832412376989E-16,1.3557531199016));
#2714=CARTESIAN_POINT('',(-1.96654588526803,-1.13538579623325,1.3854997175413));
#2715=CARTESIAN_POINT('',(-0.983272942634017,-1.70307869434987,1.415246315181));
#2716=CARTESIAN_POINT('',(-6.33974408843426E-16,-2.2707715924665,1.4449929128207));
#2717=CARTESIAN_POINT('',(0.983272942634015,-1.70307869434988,1.4747395104604));
#2718=CARTESIAN_POINT('',(1.96654588526803,-1.13538579623325,1.5044861081001));
#2719=CARTESIAN_POINT('',(1.96654588526803,5.31105888065192E-32,1.5342327057398));
#2720=CARTESIAN_POINT('',(1.96654588526803,1.13538579623325,1.5639793033795));
#2721=CARTESIAN_POINT('',(0.983272942634016,1.70307869434987,1.5937259010192));
#2722=CARTESIAN_POINT('',(-7.77957763816591E-17,2.2707715924665,1.6234724986589));
#2723=CARTESIAN_POINT('',(-0.983272942634016,1.70307869434987,1.6532190962986));
#2724=CARTESIAN_POINT('',(-1.96654588526803,1.13538579623325,1.6829656939383));
#2725=CARTESIAN_POINT('',(-1.96654588526803,2.40832412376989E-16,1.712712291578));
#2726=CARTESIAN_POINT('',(-1.96654588526803,-1.13538579623325,1.7424588892177));
#2727=CARTESIAN_POINT('',(-0.983272942634017,-1.70307869434987,1.77220548685739));
#2728=CARTESIAN_POINT('',(-6.33974408843426E-16,-2.2707715924665,1.80195208449709));
#2729=CARTESIAN_POINT('',(0.983272942634015,-1.70307869434988,1.83169868213679));
#2730=CARTESIAN_POINT('',(1.96654588526803,-1.13538579623325,1.86144527977649));
#2731=CARTESIAN_POINT('',(1.96654588526803,5.31105888065192E-32,1.89119187741619));
#2732=CARTESIAN_POINT('',(1.96654588526803,1.13538579623325,1.92093847505589));
#2733=CARTESIAN_POINT('',(0.983272942634016,1.70307869434987,1.95068507269559));
#2734=CARTESIAN_POINT('',(-7.77957763816591E-17,2.2707715924665,1.98043167033529));
#2735=CARTESIAN_POINT('',(-0.983272942634016,1.70307869434987,2.01017826797499));
#2736=CARTESIAN_POINT('',(-1.96654588526803,1.13538579623325,2.03992486561469));
#2737=CARTESIAN_POINT('',(-1.96654588526803,2.40832412376989E-16,2.06967146325439));
#2738=CARTESIAN_POINT('',(-1.96654588526803,-1.13538579623325,2.09941806089409));
#2739=CARTESIAN_POINT('',(-0.983272942634017,-1.70307869434987,2.12916465853379));
#2740=CARTESIAN_POINT('',(-6.33974408843426E-16,-2.2707715924665,2.15891125617349));
#2741=CARTESIAN_POINT('',(0.983272942634015,-1.70307869434988,2.18865785381319));
#2742=CARTESIAN_POINT('',(1.96654588526803,-1.13538579623325,2.21840445145289));
#2743=CARTESIAN_POINT('',(1.96654588526803,5.31105888065192E-32,2.24815104909259));
#2744=CARTESIAN_POINT('',(1.96654588526803,1.13538579623325,2.27789764673229));
#2745=CARTESIAN_POINT('',(0.983272942634016,1.70307869434987,2.30764424437199));
#2746=CARTESIAN_POINT('',(-7.77957763816591E-17,2.2707715924665,2.33739084201169));
#2747=CARTESIAN_POINT('',(-0.983272942634016,1.70307869434987,2.36713743965139));
#2748=CARTESIAN_POINT('',(-1.96654588526803,1.13538579623325,2.39688403729109));
#2749=CARTESIAN_POINT('',(-1.96654588526803,2.40832412376989E-16,2.42663063493079));
#2750=CARTESIAN_POINT('',(-1.96654588526803,-1.13538579623325,2.45637723257048));
#2751=CARTESIAN_POINT('',(-0.983272942634017,-1.70307869434987,2.48612383021018));
#2752=CARTESIAN_POINT('',(-6.33974408843426E-16,-2.2707715924665,2.51587042784988));
#2753=CARTESIAN_POINT('',(0.983272942634015,-1.70307869434988,2.54561702548958));
#2754=CARTESIAN_POINT('',(1.96654588526803,-1.13538579623325,2.57536362312928));
#2755=CARTESIAN_POINT('',(1.96654588526803,5.31105888065192E-32,2.60511022076898));
#2756=CARTESIAN_POINT('',(1.96654588526803,1.13538579623325,2.63485681840868));
#2757=CARTESIAN_POINT('',(0.983272942634016,1.70307869434987,2.66460341604838));
#2758=CARTESIAN_POINT('',(-7.77957763816591E-17,2.2707715924665,2.69435001368808));
#2759=CARTESIAN_POINT('',(-0.983272942634016,1.70307869434987,2.72409661132778));
#2760=CARTESIAN_POINT('',(-1.96654588526803,1.13538579623325,2.75384320896748));
#2761=CARTESIAN_POINT('',(-1.96654588526803,2.40832412376989E-16,2.78358980660718));
#2762=CARTESIAN_POINT('',(-1.96654588526803,-1.13538579623325,2.81333640424688));
#2763=CARTESIAN_POINT('',(-0.983272942634017,-1.70307869434987,2.84308300188658));
#2764=CARTESIAN_POINT('',(-6.33974408843426E-16,-2.2707715924665,2.87282959952628));
#2765=CARTESIAN_POINT('',(0.983272942634015,-1.70307869434988,2.90257619716598));
#2766=CARTESIAN_POINT('',(1.96654588526803,-1.13538579623325,2.93232279480568));
#2767=CARTESIAN_POINT('',(1.96654588526803,5.31105888065192E-32,2.96206939244538));
#2768=CARTESIAN_POINT('',(1.96654588526803,1.13538579623325,2.99181599008508));
#2769=CARTESIAN_POINT('',(0.983272942634016,1.70307869434987,3.02156258772478));
#2770=CARTESIAN_POINT('',(-7.77957763816591E-17,2.2707715924665,3.05130918536448));
#2771=CARTESIAN_POINT('',(-0.983272942634016,1.70307869434987,3.08105578300418));
#2772=CARTESIAN_POINT('',(-1.96654588526803,1.13538579623325,3.11080238064388));
#2773=CARTESIAN_POINT('',(-1.96654588526803,2.40832412376989E-16,3.14054897828358));
#2774=CARTESIAN_POINT('',(-1.96654588526803,-1.13538579623325,3.17029557592328));
#2775=CARTESIAN_POINT('',(-0.983272942634017,-1.70307869434987,3.20004217356297));
#2776=CARTESIAN_POINT('',(-6.33974408843426E-16,-2.2707715924665,3.22978877120267));
#2777=CARTESIAN_POINT('',(0.983272942634015,-1.70307869434988,3.25953536884237));
#2778=CARTESIAN_POINT('',(1.96654588526803,-1.13538579623325,3.28928196648207));
#2779=CARTESIAN_POINT('',(1.96654588526803,5.31105888065192E-32,3.31902856412177));
#2780=CARTESIAN_POINT('',(1.96654588526803,1.13538579623325,3.34877516176147));
#2781=CARTESIAN_POINT('',(0.983272942634016,1.70307869434987,3.37852175940117));
#2782=CARTESIAN_POINT('',(-7.77957763816591E-17,2.2707715924665,3.40826835704087));
#2783=CARTESIAN_POINT('',(-0.983272942634016,1.70307869434987,3.43801495468057));
#2784=CARTESIAN_POINT('',(-1.96654588526803,1.13538579623325,3.46776155232027));
#2785=CARTESIAN_POINT('',(-1.96654588526803,2.40832412376989E-16,3.49750814995997));
#2786=CARTESIAN_POINT('',(-1.96654588526803,-1.13538579623325,3.52725474759967));
#2787=CARTESIAN_POINT('',(-0.983272942634017,-1.70307869434987,3.55700134523937));
#2788=CARTESIAN_POINT('',(-6.33974408843426E-16,-2.2707715924665,3.58674794287907));
#2789=CARTESIAN_POINT('',(0.983272942634015,-1.70307869434988,3.61649454051877));
#2790=CARTESIAN_POINT('',(1.96654588526803,-1.13538579623325,3.64624113815847));
#2791=CARTESIAN_POINT('',(1.96654588526803,5.31105888065192E-32,3.67598773579817));
#2792=CARTESIAN_POINT('',(2.18660804622154,-4.28451607167209E-15,3.67598773579817));
#2793=CARTESIAN_POINT('',(2.05787424288087,-7.03266785018807E-16,0.641834776548811));
#2794=CARTESIAN_POINT('',(2.05787424288087,1.18811424808567,0.67158137418851));
#2795=CARTESIAN_POINT('',(1.02893712144044,1.7821713721285,0.70132797182821));
#2796=CARTESIAN_POINT('',(7.40724131882309E-16,2.37622849617134,0.731074569467909));
#2797=CARTESIAN_POINT('',(-1.02893712144044,1.78217137212851,0.760821167107609));
#2798=CARTESIAN_POINT('',(-2.05787424288087,1.18811424808567,0.790567764747309));
#2799=CARTESIAN_POINT('',(-2.05787424288087,9.55283695477992E-16,0.820314362387008));
#2800=CARTESIAN_POINT('',(-2.05787424288088,-1.18811424808567,0.850060960026708));
#2801=CARTESIAN_POINT('',(-1.02893712144044,-1.7821713721285,0.879807557666407));
#2802=CARTESIAN_POINT('',(-1.46540906306441E-15,-2.37622849617134,0.909554155306107));
#2803=CARTESIAN_POINT('',(1.02893712144044,-1.78217137212851,0.939300752945807));
#2804=CARTESIAN_POINT('',(2.05787424288087,-1.18811424808567,0.969047350585506));
#2805=CARTESIAN_POINT('',(2.05787424288087,-1.20730060593718E-15,0.998793948225206));
#2806=CARTESIAN_POINT('',(2.05787424288088,1.18811424808567,1.02854054586491));
#2807=CARTESIAN_POINT('',(1.02893712144044,1.7821713721285,1.0582871435046));
#2808=CARTESIAN_POINT('',(3.43324712683397E-15,2.37622849617134,1.0880337411443));
#2809=CARTESIAN_POINT('',(-1.02893712144044,1.78217137212851,1.117780338784));
#2810=CARTESIAN_POINT('',(-2.05787424288087,1.18811424808567,1.1475269364237));
#2811=CARTESIAN_POINT('',(-2.05787424288087,1.45931751639636E-15,1.1772735340634));
#2812=CARTESIAN_POINT('',(-2.05787424288088,-1.18811424808567,1.2070201317031));
#2813=CARTESIAN_POINT('',(-1.02893712144044,-1.7821713721285,1.2367667293428));
#2814=CARTESIAN_POINT('',(-2.0474171874402E-15,-2.37622849617134,1.2665133269825));
#2815=CARTESIAN_POINT('',(1.02893712144043,-1.78217137212851,1.2962599246222));
#2816=CARTESIAN_POINT('',(2.05787424288087,-1.18811424808567,1.3260065222619));
#2817=CARTESIAN_POINT('',(2.05787424288087,-1.71133442685555E-15,1.3557531199016));
#2818=CARTESIAN_POINT('',(2.05787424288088,1.18811424808567,1.3854997175413));
#2819=CARTESIAN_POINT('',(1.02893712144044,1.7821713721285,1.415246315181));
#2820=CARTESIAN_POINT('',(6.12577012178562E-15,2.37622849617134,1.4449929128207));
#2821=CARTESIAN_POINT('',(-1.02893712144043,1.78217137212851,1.4747395104604));
#2822=CARTESIAN_POINT('',(-2.05787424288087,1.18811424808567,1.5044861081001));
#2823=CARTESIAN_POINT('',(-2.05787424288087,5.61887032328178E-15,1.5342327057398));
#2824=CARTESIAN_POINT('',(-2.05787424288088,-1.18811424808567,1.5639793033795));
#2825=CARTESIAN_POINT('',(-1.02893712144044,-1.7821713721285,1.5937259010192));
#2826=CARTESIAN_POINT('',(-6.85045505296772E-15,-2.37622849617134,1.6234724986589));
#2827=CARTESIAN_POINT('',(1.02893712144043,-1.78217137212851,1.6532190962986));
#2828=CARTESIAN_POINT('',(2.05787424288087,-1.18811424808568,1.6829656939383));
#2829=CARTESIAN_POINT('',(2.05787424288087,-2.21536824777391E-15,1.712712291578));
#2830=CARTESIAN_POINT('',(2.05787424288088,1.18811424808567,1.7424588892177));
#2831=CARTESIAN_POINT('',(1.02893712144044,1.7821713721285,1.77220548685739));
#2832=CARTESIAN_POINT('',(6.70777824616142E-15,2.37622849617134,1.80195208449709));
#2833=CARTESIAN_POINT('',(-1.02893712144043,1.78217137212851,1.83169868213679));
#2834=CARTESIAN_POINT('',(-2.05787424288087,1.18811424808568,1.86144527977649));
#2835=CARTESIAN_POINT('',(-2.05787424288087,2.4673851582331E-15,1.89119187741619));
#2836=CARTESIAN_POINT('',(-2.05787424288088,-1.18811424808567,1.92093847505589));
#2837=CARTESIAN_POINT('',(-1.02893712144044,-1.7821713721285,1.95068507269559));
#2838=CARTESIAN_POINT('',(-7.43246317734351E-15,-2.37622849617134,1.98043167033529));
#2839=CARTESIAN_POINT('',(1.02893712144043,-1.78217137212851,2.01017826797499));
#2840=CARTESIAN_POINT('',(2.05787424288087,-1.18811424808568,2.03992486561469));
#2841=CARTESIAN_POINT('',(2.05787424288087,-2.71940206869228E-15,2.06967146325439));
#2842=CARTESIAN_POINT('',(2.05787424288088,1.18811424808567,2.09941806089409));
#2843=CARTESIAN_POINT('',(1.02893712144044,1.7821713721285,2.12916465853379));
#2844=CARTESIAN_POINT('',(7.28978637053721E-15,2.37622849617134,2.15891125617349));
#2845=CARTESIAN_POINT('',(-1.02893712144043,1.78217137212851,2.18865785381319));
#2846=CARTESIAN_POINT('',(-2.05787424288087,1.18811424808568,2.21840445145289));
#2847=CARTESIAN_POINT('',(-2.05787424288087,1.02824569510856E-14,2.24815104909259));
#2848=CARTESIAN_POINT('',(-2.05787424288088,-1.18811424808567,2.27789764673229));
#2849=CARTESIAN_POINT('',(-1.02893712144044,-1.7821713721285,2.30764424437199));
#2850=CARTESIAN_POINT('',(-8.01447130171931E-15,-2.37622849617134,2.33739084201169));
#2851=CARTESIAN_POINT('',(1.02893712144043,-1.78217137212851,2.36713743965139));
#2852=CARTESIAN_POINT('',(2.05787424288087,-1.18811424808568,2.39688403729109));
#2853=CARTESIAN_POINT('',(2.05787424288087,-1.05344738615448E-14,2.42663063493079));
#2854=CARTESIAN_POINT('',(2.05787424288088,1.18811424808567,2.45637723257048));
#2855=CARTESIAN_POINT('',(1.02893712144044,1.7821713721285,2.48612383021018));
#2856=CARTESIAN_POINT('',(1.63138539772165E-14,2.37622849617134,2.51587042784988));
#2857=CARTESIAN_POINT('',(-1.02893712144043,1.78217137212851,2.54561702548958));
#2858=CARTESIAN_POINT('',(-2.05787424288087,1.18811424808567,2.57536362312928));
#2859=CARTESIAN_POINT('',(-2.05787424288087,1.07864907720039E-14,2.60511022076898));
#2860=CARTESIAN_POINT('',(-2.05787424288088,-1.18811424808567,2.63485681840868));
#2861=CARTESIAN_POINT('',(-1.02893712144045,-1.7821713721285,2.66460341604838));
#2862=CARTESIAN_POINT('',(-8.5964794260951E-15,-2.37622849617134,2.69435001368808));
#2863=CARTESIAN_POINT('',(1.02893712144042,-1.78217137212851,2.72409661132778));
#2864=CARTESIAN_POINT('',(2.05787424288087,-1.18811424808568,2.75384320896748));
#2865=CARTESIAN_POINT('',(2.05787424288087,-3.72746971052902E-15,2.78358980660718));
#2866=CARTESIAN_POINT('',(2.05787424288088,1.18811424808566,2.81333640424688));
#2867=CARTESIAN_POINT('',(1.02893712144044,1.7821713721285,2.84308300188658));
#2868=CARTESIAN_POINT('',(1.68958621015923E-14,2.37622849617134,2.87282959952628));
#2869=CARTESIAN_POINT('',(-1.02893712144043,1.78217137212851,2.90257619716598));
#2870=CARTESIAN_POINT('',(-2.05787424288087,1.18811424808567,2.93232279480568));
#2871=CARTESIAN_POINT('',(-2.05787424288087,1.12905245929223E-14,2.96206939244538));
#2872=CARTESIAN_POINT('',(-2.05787424288088,-1.18811424808567,2.99181599008508));
#2873=CARTESIAN_POINT('',(-1.02893712144045,-1.7821713721285,3.02156258772478));
#2874=CARTESIAN_POINT('',(-9.17848755047089E-15,-2.37622849617134,3.05130918536448));
#2875=CARTESIAN_POINT('',(1.02893712144042,-1.78217137212851,3.08105578300418));
#2876=CARTESIAN_POINT('',(2.05787424288087,-1.18811424808568,3.11080238064388));
#2877=CARTESIAN_POINT('',(2.05787424288087,-4.23150353144739E-15,3.14054897828358));
#2878=CARTESIAN_POINT('',(2.05787424288088,1.18811424808566,3.17029557592328));
#2879=CARTESIAN_POINT('',(1.02893712144044,1.7821713721285,3.20004217356297));
#2880=CARTESIAN_POINT('',(1.7477870225968E-14,2.37622849617134,3.22978877120267));
#2881=CARTESIAN_POINT('',(-1.02893712144043,1.78217137212851,3.25953536884237));
#2882=CARTESIAN_POINT('',(-2.05787424288086,1.18811424808569,3.28928196648207));
#2883=CARTESIAN_POINT('',(-2.05787424288087,1.17945584138407E-14,3.31902856412177));
#2884=CARTESIAN_POINT('',(-2.05787424288088,-1.18811424808566,3.34877516176147));
#2885=CARTESIAN_POINT('',(-1.02893712144045,-1.7821713721285,3.37852175940117));
#2886=CARTESIAN_POINT('',(-9.76049567484668E-15,-2.37622849617134,3.40826835704087));
#2887=CARTESIAN_POINT('',(1.02893712144042,-1.78217137212851,3.43801495468057));
#2888=CARTESIAN_POINT('',(2.05787424288087,-1.18811424808568,3.46776155232027));
#2889=CARTESIAN_POINT('',(2.05787424288087,-4.73553735236576E-15,3.49750814995997));
#2890=CARTESIAN_POINT('',(2.05787424288087,-3.51633392509404E-16,0.641834776548811));
#2891=CARTESIAN_POINT('',(2.18660804622154,5.31105888065192E-32,0.820314362387008));
#2892=CARTESIAN_POINT('',(2.40667020717505,5.31105888065192E-32,0.820314362387008));
#2893=CARTESIAN_POINT('',(2.40667020717505,1.38949169196317,0.850060960026708));
#2894=CARTESIAN_POINT('',(1.20333510358752,2.08423753794475,0.879807557666407));
#2895=CARTESIAN_POINT('',(-4.66767791966477E-17,2.77898338392633,0.909554155306107));
#2896=CARTESIAN_POINT('',(-1.20333510358752,2.08423753794475,0.939300752945807));
#2897=CARTESIAN_POINT('',(-2.40667020717505,1.38949169196317,0.969047350585506));
#2898=CARTESIAN_POINT('',(-2.40667020717505,2.94732096582022E-16,0.998793948225206));
#2899=CARTESIAN_POINT('',(-2.40667020717505,-1.38949169196317,1.02854054586491));
#2900=CARTESIAN_POINT('',(-1.20333510358753,-2.08423753794475,1.0582871435046));
#2901=CARTESIAN_POINT('',(-7.27331400398461E-16,-2.77898338392633,1.0880337411443));
#2902=CARTESIAN_POINT('',(1.20333510358752,-2.08423753794475,1.117780338784));
#2903=CARTESIAN_POINT('',(2.40667020717505,-1.38949169196317,1.1475269364237));
#2904=CARTESIAN_POINT('',(2.40667020717505,5.31105888065192E-32,1.1772735340634));
#2905=CARTESIAN_POINT('',(2.40667020717505,1.38949169196317,1.2070201317031));
#2906=CARTESIAN_POINT('',(1.20333510358752,2.08423753794475,1.2367667293428));
#2907=CARTESIAN_POINT('',(-4.66767791966477E-17,2.77898338392633,1.2665133269825));
#2908=CARTESIAN_POINT('',(-1.20333510358752,2.08423753794475,1.2962599246222));
#2909=CARTESIAN_POINT('',(-2.40667020717505,1.38949169196317,1.3260065222619));
#2910=CARTESIAN_POINT('',(-2.40667020717505,2.94732096582022E-16,1.3557531199016));
#2911=CARTESIAN_POINT('',(-2.40667020717505,-1.38949169196317,1.3854997175413));
#2912=CARTESIAN_POINT('',(-1.20333510358753,-2.08423753794475,1.415246315181));
#2913=CARTESIAN_POINT('',(-7.27331400398461E-16,-2.77898338392633,1.4449929128207));
#2914=CARTESIAN_POINT('',(1.20333510358752,-2.08423753794475,1.4747395104604));
#2915=CARTESIAN_POINT('',(2.40667020717505,-1.38949169196317,1.5044861081001));
#2916=CARTESIAN_POINT('',(2.40667020717505,5.31105888065192E-32,1.5342327057398));
#2917=CARTESIAN_POINT('',(2.40667020717505,1.38949169196317,1.5639793033795));
#2918=CARTESIAN_POINT('',(1.20333510358752,2.08423753794475,1.5937259010192));
#2919=CARTESIAN_POINT('',(-4.66767791966477E-17,2.77898338392633,1.6234724986589));
#2920=CARTESIAN_POINT('',(-1.20333510358752,2.08423753794475,1.6532190962986));
#2921=CARTESIAN_POINT('',(-2.40667020717505,1.38949169196317,1.6829656939383));
#2922=CARTESIAN_POINT('',(-2.40667020717505,2.94732096582022E-16,1.712712291578));
#2923=CARTESIAN_POINT('',(-2.40667020717505,-1.38949169196317,1.7424588892177));
#2924=CARTESIAN_POINT('',(-1.20333510358753,-2.08423753794475,1.77220548685739));
#2925=CARTESIAN_POINT('',(-7.27331400398461E-16,-2.77898338392633,1.80195208449709));
#2926=CARTESIAN_POINT('',(1.20333510358752,-2.08423753794475,1.83169868213679));
#2927=CARTESIAN_POINT('',(2.40667020717505,-1.38949169196317,1.86144527977649));
#2928=CARTESIAN_POINT('',(2.40667020717505,5.31105888065192E-32,1.89119187741619));
#2929=CARTESIAN_POINT('',(2.40667020717505,1.38949169196317,1.92093847505589));
#2930=CARTESIAN_POINT('',(1.20333510358752,2.08423753794475,1.95068507269559));
#2931=CARTESIAN_POINT('',(-4.66767791966477E-17,2.77898338392633,1.98043167033529));
#2932=CARTESIAN_POINT('',(-1.20333510358752,2.08423753794475,2.01017826797499));
#2933=CARTESIAN_POINT('',(-2.40667020717505,1.38949169196317,2.03992486561469));
#2934=CARTESIAN_POINT('',(-2.40667020717505,2.94732096582022E-16,2.06967146325439));
#2935=CARTESIAN_POINT('',(-2.40667020717505,-1.38949169196317,2.09941806089409));
#2936=CARTESIAN_POINT('',(-1.20333510358753,-2.08423753794475,2.12916465853379));
#2937=CARTESIAN_POINT('',(-7.27331400398461E-16,-2.77898338392633,2.15891125617349));
#2938=CARTESIAN_POINT('',(1.20333510358752,-2.08423753794475,2.18865785381319));
#2939=CARTESIAN_POINT('',(2.40667020717505,-1.38949169196317,2.21840445145289));
#2940=CARTESIAN_POINT('',(2.40667020717505,5.31105888065192E-32,2.24815104909259));
#2941=CARTESIAN_POINT('',(2.40667020717505,1.38949169196317,2.27789764673229));
#2942=CARTESIAN_POINT('',(1.20333510358752,2.08423753794475,2.30764424437199));
#2943=CARTESIAN_POINT('',(-4.66767791966477E-17,2.77898338392633,2.33739084201169));
#2944=CARTESIAN_POINT('',(-1.20333510358752,2.08423753794475,2.36713743965139));
#2945=CARTESIAN_POINT('',(-2.40667020717505,1.38949169196317,2.39688403729109));
#2946=CARTESIAN_POINT('',(-2.40667020717505,2.94732096582022E-16,2.42663063493079));
#2947=CARTESIAN_POINT('',(-2.40667020717505,-1.38949169196317,2.45637723257048));
#2948=CARTESIAN_POINT('',(-1.20333510358753,-2.08423753794475,2.48612383021018));
#2949=CARTESIAN_POINT('',(-7.27331400398461E-16,-2.77898338392633,2.51587042784988));
#2950=CARTESIAN_POINT('',(1.20333510358752,-2.08423753794475,2.54561702548958));
#2951=CARTESIAN_POINT('',(2.40667020717505,-1.38949169196317,2.57536362312928));
#2952=CARTESIAN_POINT('',(2.40667020717505,5.31105888065192E-32,2.60511022076898));
#2953=CARTESIAN_POINT('',(2.40667020717505,1.38949169196317,2.63485681840868));
#2954=CARTESIAN_POINT('',(1.20333510358752,2.08423753794475,2.66460341604838));
#2955=CARTESIAN_POINT('',(-4.66767791966477E-17,2.77898338392633,2.69435001368808));
#2956=CARTESIAN_POINT('',(-1.20333510358752,2.08423753794475,2.72409661132778));
#2957=CARTESIAN_POINT('',(-2.40667020717505,1.38949169196317,2.75384320896748));
#2958=CARTESIAN_POINT('',(-2.40667020717505,2.94732096582022E-16,2.78358980660718));
#2959=CARTESIAN_POINT('',(-2.40667020717505,-1.38949169196317,2.81333640424688));
#2960=CARTESIAN_POINT('',(-1.20333510358753,-2.08423753794475,2.84308300188658));
#2961=CARTESIAN_POINT('',(-7.27331400398461E-16,-2.77898338392633,2.87282959952628));
#2962=CARTESIAN_POINT('',(1.20333510358752,-2.08423753794475,2.90257619716598));
#2963=CARTESIAN_POINT('',(2.40667020717505,-1.38949169196317,2.93232279480568));
#2964=CARTESIAN_POINT('',(2.40667020717505,5.31105888065192E-32,2.96206939244538));
#2965=CARTESIAN_POINT('',(2.40667020717505,1.38949169196317,2.99181599008508));
#2966=CARTESIAN_POINT('',(1.20333510358752,2.08423753794475,3.02156258772478));
#2967=CARTESIAN_POINT('',(-4.66767791966477E-17,2.77898338392633,3.05130918536448));
#2968=CARTESIAN_POINT('',(-1.20333510358752,2.08423753794475,3.08105578300418));
#2969=CARTESIAN_POINT('',(-2.40667020717505,1.38949169196317,3.11080238064388));
#2970=CARTESIAN_POINT('',(-2.40667020717505,2.94732096582022E-16,3.14054897828358));
#2971=CARTESIAN_POINT('',(-2.40667020717505,-1.38949169196317,3.17029557592328));
#2972=CARTESIAN_POINT('',(-1.20333510358753,-2.08423753794475,3.20004217356297));
#2973=CARTESIAN_POINT('',(-7.27331400398461E-16,-2.77898338392633,3.22978877120267));
#2974=CARTESIAN_POINT('',(1.20333510358752,-2.08423753794475,3.25953536884237));
#2975=CARTESIAN_POINT('',(2.40667020717505,-1.38949169196317,3.28928196648207));
#2976=CARTESIAN_POINT('',(2.40667020717505,5.31105888065192E-32,3.31902856412177));
#2977=CARTESIAN_POINT('',(2.40667020717505,1.38949169196317,3.34877516176147));
#2978=CARTESIAN_POINT('',(1.20333510358752,2.08423753794475,3.37852175940117));
#2979=CARTESIAN_POINT('',(-4.66767791966477E-17,2.77898338392633,3.40826835704087));
#2980=CARTESIAN_POINT('',(-1.20333510358752,2.08423753794475,3.43801495468057));
#2981=CARTESIAN_POINT('',(-2.40667020717505,1.38949169196317,3.46776155232027));
#2982=CARTESIAN_POINT('',(-2.40667020717505,2.94732096582022E-16,3.49750814995997));
#2983=CARTESIAN_POINT('',(-2.40667020717505,-1.38949169196317,3.52725474759967));
#2984=CARTESIAN_POINT('',(-1.20333510358753,-2.08423753794475,3.55700134523937));
#2985=CARTESIAN_POINT('',(-7.27331400398461E-16,-2.77898338392633,3.58674794287907));
#2986=CARTESIAN_POINT('',(1.20333510358752,-2.08423753794475,3.61649454051877));
#2987=CARTESIAN_POINT('',(2.40667020717505,-1.38949169196317,3.64624113815847));
#2988=CARTESIAN_POINT('',(2.40667020717505,5.31105888065192E-32,3.67598773579817));
#2989=CARTESIAN_POINT('',(2.40667020717505,5.31105888065192E-32,0.748207510334608));
#2990=CARTESIAN_POINT('',(2.40667020717505,1.38949169196317,0.777954107974308));
#2991=CARTESIAN_POINT('',(1.20333510358752,2.08423753794475,0.807700705614008));
#2992=CARTESIAN_POINT('',(-4.66767791966477E-17,2.77898338392633,0.837447303253707));
#2993=CARTESIAN_POINT('',(-1.20333510358752,2.08423753794475,0.867193900893407));
#2994=CARTESIAN_POINT('',(-2.40667020717505,1.38949169196317,0.896940498533106));
#2995=CARTESIAN_POINT('',(-2.40667020717505,2.94732096582022E-16,0.926687096172806));
#2996=CARTESIAN_POINT('',(-2.40667020717505,-1.38949169196317,0.956433693812505));
#2997=CARTESIAN_POINT('',(-1.20333510358753,-2.08423753794475,0.986180291452205));
#2998=CARTESIAN_POINT('',(-7.2733140039846E-16,-2.77898338392633,1.0159268890919));
#2999=CARTESIAN_POINT('',(1.20333510358752,-2.08423753794475,1.0456734867316));
#3000=CARTESIAN_POINT('',(2.40667020717505,-1.38949169196317,1.0754200843713));
#3001=CARTESIAN_POINT('',(2.40667020717505,5.31105888065192E-32,1.105166682011));
#3002=CARTESIAN_POINT('',(2.40667020717505,1.38949169196317,1.1349132796507));
#3003=CARTESIAN_POINT('',(1.20333510358752,2.08423753794475,1.1646598772904));
#3004=CARTESIAN_POINT('',(-4.66767791966477E-17,2.77898338392633,1.1944064749301));
#3005=CARTESIAN_POINT('',(-1.20333510358752,2.08423753794475,1.2241530725698));
#3006=CARTESIAN_POINT('',(-2.40667020717505,1.38949169196317,1.2538996702095));
#3007=CARTESIAN_POINT('',(-2.40667020717505,2.94732096582022E-16,1.2836462678492));
#3008=CARTESIAN_POINT('',(-2.40667020717505,-1.38949169196317,1.3133928654889));
#3009=CARTESIAN_POINT('',(-1.20333510358753,-2.08423753794475,1.3431394631286));
#3010=CARTESIAN_POINT('',(-7.2733140039846E-16,-2.77898338392633,1.3728860607683));
#3011=CARTESIAN_POINT('',(1.20333510358752,-2.08423753794475,1.402632658408));
#3012=CARTESIAN_POINT('',(2.40667020717505,-1.38949169196317,1.4323792560477));
#3013=CARTESIAN_POINT('',(2.40667020717505,5.31105888065192E-32,1.4621258536874));
#3014=CARTESIAN_POINT('',(2.40667020717505,1.38949169196317,1.4918724513271));
#3015=CARTESIAN_POINT('',(1.20333510358752,2.08423753794475,1.5216190489668));
#3016=CARTESIAN_POINT('',(-4.66767791966477E-17,2.77898338392633,1.5513656466065));
#3017=CARTESIAN_POINT('',(-1.20333510358752,2.08423753794475,1.5811122442462));
#3018=CARTESIAN_POINT('',(-2.40667020717505,1.38949169196317,1.6108588418859));
#3019=CARTESIAN_POINT('',(-2.40667020717505,2.94732096582022E-16,1.6406054395256));
#3020=CARTESIAN_POINT('',(-2.40667020717505,-1.38949169196317,1.6703520371653));
#3021=CARTESIAN_POINT('',(-1.20333510358753,-2.08423753794475,1.70009863480499));
#3022=CARTESIAN_POINT('',(-7.2733140039846E-16,-2.77898338392633,1.72984523244469));
#3023=CARTESIAN_POINT('',(1.20333510358752,-2.08423753794475,1.75959183008439));
#3024=CARTESIAN_POINT('',(2.40667020717505,-1.38949169196317,1.78933842772409));
#3025=CARTESIAN_POINT('',(2.40667020717505,5.31105888065192E-32,1.81908502536379));
#3026=CARTESIAN_POINT('',(2.40667020717505,1.38949169196317,1.84883162300349));
#3027=CARTESIAN_POINT('',(1.20333510358752,2.08423753794475,1.87857822064319));
#3028=CARTESIAN_POINT('',(-4.66767791966477E-17,2.77898338392633,1.90832481828289));
#3029=CARTESIAN_POINT('',(-1.20333510358752,2.08423753794475,1.93807141592259));
#3030=CARTESIAN_POINT('',(-2.40667020717505,1.38949169196317,1.96781801356229));
#3031=CARTESIAN_POINT('',(-2.40667020717505,2.94732096582022E-16,1.99756461120199));
#3032=CARTESIAN_POINT('',(-2.40667020717505,-1.38949169196317,2.02731120884169));
#3033=CARTESIAN_POINT('',(-1.20333510358753,-2.08423753794475,2.05705780648139));
#3034=CARTESIAN_POINT('',(-7.2733140039846E-16,-2.77898338392633,2.08680440412109));
#3035=CARTESIAN_POINT('',(1.20333510358752,-2.08423753794475,2.11655100176079));
#3036=CARTESIAN_POINT('',(2.40667020717505,-1.38949169196317,2.14629759940049));
#3037=CARTESIAN_POINT('',(2.40667020717505,5.31105888065192E-32,2.17604419704019));
#3038=CARTESIAN_POINT('',(2.40667020717505,1.38949169196317,2.20579079467989));
#3039=CARTESIAN_POINT('',(1.20333510358752,2.08423753794475,2.23553739231959));
#3040=CARTESIAN_POINT('',(-4.66767791966477E-17,2.77898338392633,2.26528398995929));
#3041=CARTESIAN_POINT('',(-1.20333510358752,2.08423753794475,2.29503058759899));
#3042=CARTESIAN_POINT('',(-2.40667020717505,1.38949169196317,2.32477718523869));
#3043=CARTESIAN_POINT('',(-2.40667020717505,2.94732096582022E-16,2.35452378287839));
#3044=CARTESIAN_POINT('',(-2.40667020717505,-1.38949169196317,2.38427038051809));
#3045=CARTESIAN_POINT('',(-1.20333510358753,-2.08423753794475,2.41401697815778));
#3046=CARTESIAN_POINT('',(-7.2733140039846E-16,-2.77898338392633,2.44376357579748));
#3047=CARTESIAN_POINT('',(1.20333510358752,-2.08423753794475,2.47351017343718));
#3048=CARTESIAN_POINT('',(2.40667020717505,-1.38949169196317,2.50325677107688));
#3049=CARTESIAN_POINT('',(2.40667020717505,5.31105888065192E-32,2.53300336871658));
#3050=CARTESIAN_POINT('',(2.40667020717505,1.38949169196317,2.56274996635628));
#3051=CARTESIAN_POINT('',(1.20333510358752,2.08423753794475,2.59249656399598));
#3052=CARTESIAN_POINT('',(-4.66767791966477E-17,2.77898338392633,2.62224316163568));
#3053=CARTESIAN_POINT('',(-1.20333510358752,2.08423753794475,2.65198975927538));
#3054=CARTESIAN_POINT('',(-2.40667020717505,1.38949169196317,2.68173635691508));
#3055=CARTESIAN_POINT('',(-2.40667020717505,2.94732096582022E-16,2.71148295455478));
#3056=CARTESIAN_POINT('',(-2.40667020717505,-1.38949169196317,2.74122955219448));
#3057=CARTESIAN_POINT('',(-1.20333510358753,-2.08423753794475,2.77097614983418));
#3058=CARTESIAN_POINT('',(-7.2733140039846E-16,-2.77898338392633,2.80072274747388));
#3059=CARTESIAN_POINT('',(1.20333510358752,-2.08423753794475,2.83046934511358));
#3060=CARTESIAN_POINT('',(2.40667020717505,-1.38949169196317,2.86021594275328));
#3061=CARTESIAN_POINT('',(2.40667020717505,5.31105888065192E-32,2.88996254039298));
#3062=CARTESIAN_POINT('',(2.40667020717505,1.38949169196317,2.91970913803268));
#3063=CARTESIAN_POINT('',(1.20333510358752,2.08423753794475,2.94945573567238));
#3064=CARTESIAN_POINT('',(-4.66767791966477E-17,2.77898338392633,2.97920233331208));
#3065=CARTESIAN_POINT('',(-1.20333510358752,2.08423753794475,3.00894893095178));
#3066=CARTESIAN_POINT('',(-2.40667020717505,1.38949169196317,3.03869552859148));
#3067=CARTESIAN_POINT('',(-2.40667020717505,2.94732096582022E-16,3.06844212623118));
#3068=CARTESIAN_POINT('',(-2.40667020717505,-1.38949169196317,3.09818872387088));
#3069=CARTESIAN_POINT('',(-1.20333510358753,-2.08423753794475,3.12793532151057));
#3070=CARTESIAN_POINT('',(-7.2733140039846E-16,-2.77898338392633,3.15768191915027));
#3071=CARTESIAN_POINT('',(1.20333510358752,-2.08423753794475,3.18742851678997));
#3072=CARTESIAN_POINT('',(2.40667020717505,-1.38949169196317,3.21717511442967));
#3073=CARTESIAN_POINT('',(2.40667020717505,5.31105888065192E-32,3.24692171206937));
#3074=CARTESIAN_POINT('',(2.40667020717505,1.38949169196317,3.27666830970907));
#3075=CARTESIAN_POINT('',(1.20333510358752,2.08423753794475,3.30641490734877));
#3076=CARTESIAN_POINT('',(-4.66767791966477E-17,2.77898338392633,3.33616150498847));
#3077=CARTESIAN_POINT('',(-1.20333510358752,2.08423753794475,3.36590810262817));
#3078=CARTESIAN_POINT('',(-2.40667020717505,1.38949169196317,3.39565470026787));
#3079=CARTESIAN_POINT('',(-2.40667020717505,2.94732096582022E-16,3.42540129790757));
#3080=CARTESIAN_POINT('',(-2.40667020717505,-1.38949169196317,3.45514789554727));
#3081=CARTESIAN_POINT('',(-1.20333510358753,-2.08423753794475,3.48489449318697));
#3082=CARTESIAN_POINT('',(-7.2733140039846E-16,-2.77898338392633,3.51464109082667));
#3083=CARTESIAN_POINT('',(1.20333510358752,-2.08423753794475,3.54438768846637));
#3084=CARTESIAN_POINT('',(2.40667020717505,-1.38949169196317,3.57413428610607));
#3085=CARTESIAN_POINT('',(2.40667020717505,5.31105888065192E-32,3.60388088374577));
#3086=CARTESIAN_POINT('',(2.37382351235533,5.31105888065192E-32,0.684016445907176));
#3087=CARTESIAN_POINT('',(2.37382351235533,1.37052764386701,0.713763043546875));
#3088=CARTESIAN_POINT('',(1.18691175617766,2.05579146580052,0.743509641186575));
#3089=CARTESIAN_POINT('',(-4.8999205276631E-17,2.74105528773402,0.773256238826274));
#3090=CARTESIAN_POINT('',(-1.18691175617766,2.05579146580052,0.803002836465974));
#3091=CARTESIAN_POINT('',(-2.37382351235533,1.37052764386701,0.832749434105674));
#3092=CARTESIAN_POINT('',(-2.37382351235533,2.90709536614668E-16,0.862496031745373));
#3093=CARTESIAN_POINT('',(-2.37382351235533,-1.37052764386701,0.892242629385073));
#3094=CARTESIAN_POINT('',(-1.18691175617767,-2.05579146580052,0.921989227024772));
#3095=CARTESIAN_POINT('',(-7.2036412215851E-16,-2.74105528773402,0.951735824664472));
#3096=CARTESIAN_POINT('',(1.18691175617766,-2.05579146580052,0.981482422304172));
#3097=CARTESIAN_POINT('',(2.37382351235533,-1.37052764386701,1.01122901994387));
#3098=CARTESIAN_POINT('',(2.37382351235533,5.31105888065192E-32,1.04097561758357));
#3099=CARTESIAN_POINT('',(2.37382351235533,1.37052764386701,1.07072221522327));
#3100=CARTESIAN_POINT('',(1.18691175617766,2.05579146580052,1.10046881286297));
#3101=CARTESIAN_POINT('',(-4.8999205276631E-17,2.74105528773402,1.13021541050267));
#3102=CARTESIAN_POINT('',(-1.18691175617766,2.05579146580052,1.15996200814237));
#3103=CARTESIAN_POINT('',(-2.37382351235533,1.37052764386701,1.18970860578207));
#3104=CARTESIAN_POINT('',(-2.37382351235533,2.90709536614668E-16,1.21945520342177));
#3105=CARTESIAN_POINT('',(-2.37382351235533,-1.37052764386701,1.24920180106147));
#3106=CARTESIAN_POINT('',(-1.18691175617767,-2.05579146580052,1.27894839870117));
#3107=CARTESIAN_POINT('',(-7.2036412215851E-16,-2.74105528773402,1.30869499634087));
#3108=CARTESIAN_POINT('',(1.18691175617766,-2.05579146580052,1.33844159398057));
#3109=CARTESIAN_POINT('',(2.37382351235533,-1.37052764386701,1.36818819162027));
#3110=CARTESIAN_POINT('',(2.37382351235533,5.31105888065192E-32,1.39793478925997));
#3111=CARTESIAN_POINT('',(2.37382351235533,1.37052764386701,1.42768138689967));
#3112=CARTESIAN_POINT('',(1.18691175617766,2.05579146580052,1.45742798453936));
#3113=CARTESIAN_POINT('',(-4.8999205276631E-17,2.74105528773402,1.48717458217906));
#3114=CARTESIAN_POINT('',(-1.18691175617766,2.05579146580052,1.51692117981876));
#3115=CARTESIAN_POINT('',(-2.37382351235533,1.37052764386701,1.54666777745846));
#3116=CARTESIAN_POINT('',(-2.37382351235533,2.90709536614668E-16,1.57641437509816));
#3117=CARTESIAN_POINT('',(-2.37382351235533,-1.37052764386701,1.60616097273786));
#3118=CARTESIAN_POINT('',(-1.18691175617767,-2.05579146580052,1.63590757037756));
#3119=CARTESIAN_POINT('',(-7.2036412215851E-16,-2.74105528773402,1.66565416801726));
#3120=CARTESIAN_POINT('',(1.18691175617766,-2.05579146580052,1.69540076565696));
#3121=CARTESIAN_POINT('',(2.37382351235533,-1.37052764386701,1.72514736329666));
#3122=CARTESIAN_POINT('',(2.37382351235533,5.31105888065192E-32,1.75489396093636));
#3123=CARTESIAN_POINT('',(2.37382351235533,1.37052764386701,1.78464055857606));
#3124=CARTESIAN_POINT('',(1.18691175617766,2.05579146580052,1.81438715621576));
#3125=CARTESIAN_POINT('',(-4.8999205276631E-17,2.74105528773402,1.84413375385546));
#3126=CARTESIAN_POINT('',(-1.18691175617766,2.05579146580052,1.87388035149516));
#3127=CARTESIAN_POINT('',(-2.37382351235533,1.37052764386701,1.90362694913486));
#3128=CARTESIAN_POINT('',(-2.37382351235533,2.90709536614668E-16,1.93337354677456));
#3129=CARTESIAN_POINT('',(-2.37382351235533,-1.37052764386701,1.96312014441426));
#3130=CARTESIAN_POINT('',(-1.18691175617767,-2.05579146580052,1.99286674205396));
#3131=CARTESIAN_POINT('',(-7.2036412215851E-16,-2.74105528773402,2.02261333969366));
#3132=CARTESIAN_POINT('',(1.18691175617766,-2.05579146580052,2.05235993733336));
#3133=CARTESIAN_POINT('',(2.37382351235533,-1.37052764386701,2.08210653497306));
#3134=CARTESIAN_POINT('',(2.37382351235533,5.31105888065192E-32,2.11185313261276));
#3135=CARTESIAN_POINT('',(2.37382351235533,1.37052764386701,2.14159973025245));
#3136=CARTESIAN_POINT('',(1.18691175617766,2.05579146580052,2.17134632789215));
#3137=CARTESIAN_POINT('',(-4.8999205276631E-17,2.74105528773402,2.20109292553185));
#3138=CARTESIAN_POINT('',(-1.18691175617766,2.05579146580052,2.23083952317155));
#3139=CARTESIAN_POINT('',(-2.37382351235533,1.37052764386701,2.26058612081125));
#3140=CARTESIAN_POINT('',(-2.37382351235533,2.90709536614668E-16,2.29033271845095));
#3141=CARTESIAN_POINT('',(-2.37382351235533,-1.37052764386701,2.32007931609065));
#3142=CARTESIAN_POINT('',(-1.18691175617767,-2.05579146580052,2.34982591373035));
#3143=CARTESIAN_POINT('',(-7.2036412215851E-16,-2.74105528773402,2.37957251137005));
#3144=CARTESIAN_POINT('',(1.18691175617766,-2.05579146580052,2.40931910900975));
#3145=CARTESIAN_POINT('',(2.37382351235533,-1.37052764386701,2.43906570664945));
#3146=CARTESIAN_POINT('',(2.37382351235533,5.31105888065192E-32,2.46881230428915));
#3147=CARTESIAN_POINT('',(2.37382351235533,1.37052764386701,2.49855890192885));
#3148=CARTESIAN_POINT('',(1.18691175617766,2.05579146580052,2.52830549956855));
#3149=CARTESIAN_POINT('',(-4.8999205276631E-17,2.74105528773402,2.55805209720825));
#3150=CARTESIAN_POINT('',(-1.18691175617766,2.05579146580052,2.58779869484795));
#3151=CARTESIAN_POINT('',(-2.37382351235533,1.37052764386701,2.61754529248765));
#3152=CARTESIAN_POINT('',(-2.37382351235533,2.90709536614668E-16,2.64729189012735));
#3153=CARTESIAN_POINT('',(-2.37382351235533,-1.37052764386701,2.67703848776705));
#3154=CARTESIAN_POINT('',(-1.18691175617767,-2.05579146580052,2.70678508540675));
#3155=CARTESIAN_POINT('',(-7.2036412215851E-16,-2.74105528773402,2.73653168304645));
#3156=CARTESIAN_POINT('',(1.18691175617766,-2.05579146580052,2.76627828068615));
#3157=CARTESIAN_POINT('',(2.37382351235533,-1.37052764386701,2.79602487832585));
#3158=CARTESIAN_POINT('',(2.37382351235533,5.31105888065192E-32,2.82577147596555));
#3159=CARTESIAN_POINT('',(2.37382351235533,1.37052764386701,2.85551807360525));
#3160=CARTESIAN_POINT('',(1.18691175617766,2.05579146580052,2.88526467124494));
#3161=CARTESIAN_POINT('',(-4.8999205276631E-17,2.74105528773402,2.91501126888464));
#3162=CARTESIAN_POINT('',(-1.18691175617766,2.05579146580052,2.94475786652434));
#3163=CARTESIAN_POINT('',(-2.37382351235533,1.37052764386701,2.97450446416404));
#3164=CARTESIAN_POINT('',(-2.37382351235533,2.90709536614668E-16,3.00425106180374));
#3165=CARTESIAN_POINT('',(-2.37382351235533,-1.37052764386701,3.03399765944344));
#3166=CARTESIAN_POINT('',(-1.18691175617767,-2.05579146580052,3.06374425708314));
#3167=CARTESIAN_POINT('',(-7.2036412215851E-16,-2.74105528773402,3.09349085472284));
#3168=CARTESIAN_POINT('',(1.18691175617766,-2.05579146580052,3.12323745236254));
#3169=CARTESIAN_POINT('',(2.37382351235533,-1.37052764386701,3.15298405000224));
#3170=CARTESIAN_POINT('',(2.37382351235533,5.31105888065192E-32,3.18273064764194));
#3171=CARTESIAN_POINT('',(2.37382351235533,1.37052764386701,3.21247724528164));
#3172=CARTESIAN_POINT('',(1.18691175617766,2.05579146580052,3.24222384292134));
#3173=CARTESIAN_POINT('',(-4.8999205276631E-17,2.74105528773402,3.27197044056104));
#3174=CARTESIAN_POINT('',(-1.18691175617766,2.05579146580052,3.30171703820074));
#3175=CARTESIAN_POINT('',(-2.37382351235533,1.37052764386701,3.33146363584044));
#3176=CARTESIAN_POINT('',(-2.37382351235533,2.90709536614668E-16,3.36121023348014));
#3177=CARTESIAN_POINT('',(-2.37382351235533,-1.37052764386701,3.39095683111984));
#3178=CARTESIAN_POINT('',(-1.18691175617767,-2.05579146580052,3.42070342875954));
#3179=CARTESIAN_POINT('',(-7.2036412215851E-16,-2.74105528773402,3.45045002639924));
#3180=CARTESIAN_POINT('',(1.18691175617766,-2.05579146580052,3.48019662403894));
#3181=CARTESIAN_POINT('',(2.37382351235533,-1.37052764386701,3.50994322167864));
#3182=CARTESIAN_POINT('',(2.37382351235533,5.31105888065192E-32,3.53968981931834));
#3183=CARTESIAN_POINT('',(2.31534184956221,5.31105888065192E-32,0.641834776548811));
#3184=CARTESIAN_POINT('',(2.31534184956221,1.33676324011075,0.67158137418851));
#3185=CARTESIAN_POINT('',(1.1576709247811,2.00514486016612,0.70132797182821));
#3186=CARTESIAN_POINT('',(-5.31341521751539E-17,2.67352648022149,0.731074569467909));
#3187=CARTESIAN_POINT('',(-1.1576709247811,2.00514486016612,0.760821167107609));
#3188=CARTESIAN_POINT('',(-2.31534184956221,1.33676324011075,0.790567764747309));
#3189=CARTESIAN_POINT('',(-2.31534184956221,2.83547598499827E-16,0.820314362387008));
#3190=CARTESIAN_POINT('',(-2.31534184956221,-1.33676324011075,0.850060960026708));
#3191=CARTESIAN_POINT('',(-1.15767092478111,-2.00514486016612,0.879807557666407));
#3192=CARTESIAN_POINT('',(-7.07959281462942E-16,-2.67352648022149,0.909554155306107));
#3193=CARTESIAN_POINT('',(1.1576709247811,-2.00514486016612,0.939300752945807));
#3194=CARTESIAN_POINT('',(2.31534184956221,-1.33676324011075,0.969047350585506));
#3195=CARTESIAN_POINT('',(2.31534184956221,5.31105888065192E-32,0.998793948225206));
#3196=CARTESIAN_POINT('',(2.31534184956221,1.33676324011075,1.02854054586491));
#3197=CARTESIAN_POINT('',(1.1576709247811,2.00514486016612,1.0582871435046));
#3198=CARTESIAN_POINT('',(-5.31341521751539E-17,2.67352648022149,1.0880337411443));
#3199=CARTESIAN_POINT('',(-1.1576709247811,2.00514486016612,1.117780338784));
#3200=CARTESIAN_POINT('',(-2.31534184956221,1.33676324011075,1.1475269364237));
#3201=CARTESIAN_POINT('',(-2.31534184956221,2.83547598499827E-16,1.1772735340634));
#3202=CARTESIAN_POINT('',(-2.31534184956221,-1.33676324011075,1.2070201317031));
#3203=CARTESIAN_POINT('',(-1.15767092478111,-2.00514486016612,1.2367667293428));
#3204=CARTESIAN_POINT('',(-7.07959281462942E-16,-2.67352648022149,1.2665133269825));
#3205=CARTESIAN_POINT('',(1.1576709247811,-2.00514486016612,1.2962599246222));
#3206=CARTESIAN_POINT('',(2.31534184956221,-1.33676324011075,1.3260065222619));
#3207=CARTESIAN_POINT('',(2.31534184956221,5.31105888065192E-32,1.3557531199016));
#3208=CARTESIAN_POINT('',(2.31534184956221,1.33676324011075,1.3854997175413));
#3209=CARTESIAN_POINT('',(1.1576709247811,2.00514486016612,1.415246315181));
#3210=CARTESIAN_POINT('',(-5.31341521751539E-17,2.67352648022149,1.4449929128207));
#3211=CARTESIAN_POINT('',(-1.1576709247811,2.00514486016612,1.4747395104604));
#3212=CARTESIAN_POINT('',(-2.31534184956221,1.33676324011075,1.5044861081001));
#3213=CARTESIAN_POINT('',(-2.31534184956221,2.83547598499827E-16,1.5342327057398));
#3214=CARTESIAN_POINT('',(-2.31534184956221,-1.33676324011075,1.5639793033795));
#3215=CARTESIAN_POINT('',(-1.15767092478111,-2.00514486016612,1.5937259010192));
#3216=CARTESIAN_POINT('',(-7.07959281462942E-16,-2.67352648022149,1.6234724986589));
#3217=CARTESIAN_POINT('',(1.1576709247811,-2.00514486016612,1.6532190962986));
#3218=CARTESIAN_POINT('',(2.31534184956221,-1.33676324011075,1.6829656939383));
#3219=CARTESIAN_POINT('',(2.31534184956221,5.31105888065192E-32,1.712712291578));
#3220=CARTESIAN_POINT('',(2.31534184956221,1.33676324011075,1.7424588892177));
#3221=CARTESIAN_POINT('',(1.1576709247811,2.00514486016612,1.77220548685739));
#3222=CARTESIAN_POINT('',(-5.31341521751539E-17,2.67352648022149,1.80195208449709));
#3223=CARTESIAN_POINT('',(-1.1576709247811,2.00514486016612,1.83169868213679));
#3224=CARTESIAN_POINT('',(-2.31534184956221,1.33676324011075,1.86144527977649));
#3225=CARTESIAN_POINT('',(-2.31534184956221,2.83547598499827E-16,1.89119187741619));
#3226=CARTESIAN_POINT('',(-2.31534184956221,-1.33676324011075,1.92093847505589));
#3227=CARTESIAN_POINT('',(-1.15767092478111,-2.00514486016612,1.95068507269559));
#3228=CARTESIAN_POINT('',(-7.07959281462942E-16,-2.67352648022149,1.98043167033529));
#3229=CARTESIAN_POINT('',(1.1576709247811,-2.00514486016612,2.01017826797499));
#3230=CARTESIAN_POINT('',(2.31534184956221,-1.33676324011075,2.03992486561469));
#3231=CARTESIAN_POINT('',(2.31534184956221,5.31105888065192E-32,2.06967146325439));
#3232=CARTESIAN_POINT('',(2.31534184956221,1.33676324011075,2.09941806089409));
#3233=CARTESIAN_POINT('',(1.1576709247811,2.00514486016612,2.12916465853379));
#3234=CARTESIAN_POINT('',(-5.31341521751539E-17,2.67352648022149,2.15891125617349));
#3235=CARTESIAN_POINT('',(-1.1576709247811,2.00514486016612,2.18865785381319));
#3236=CARTESIAN_POINT('',(-2.31534184956221,1.33676324011075,2.21840445145289));
#3237=CARTESIAN_POINT('',(-2.31534184956221,2.83547598499827E-16,2.24815104909259));
#3238=CARTESIAN_POINT('',(-2.31534184956221,-1.33676324011075,2.27789764673229));
#3239=CARTESIAN_POINT('',(-1.15767092478111,-2.00514486016612,2.30764424437199));
#3240=CARTESIAN_POINT('',(-7.07959281462942E-16,-2.67352648022149,2.33739084201169));
#3241=CARTESIAN_POINT('',(1.1576709247811,-2.00514486016612,2.36713743965139));
#3242=CARTESIAN_POINT('',(2.31534184956221,-1.33676324011075,2.39688403729109));
#3243=CARTESIAN_POINT('',(2.31534184956221,5.31105888065192E-32,2.42663063493079));
#3244=CARTESIAN_POINT('',(2.31534184956221,1.33676324011075,2.45637723257048));
#3245=CARTESIAN_POINT('',(1.1576709247811,2.00514486016612,2.48612383021018));
#3246=CARTESIAN_POINT('',(-5.31341521751539E-17,2.67352648022149,2.51587042784988));
#3247=CARTESIAN_POINT('',(-1.1576709247811,2.00514486016612,2.54561702548958));
#3248=CARTESIAN_POINT('',(-2.31534184956221,1.33676324011075,2.57536362312928));
#3249=CARTESIAN_POINT('',(-2.31534184956221,2.83547598499827E-16,2.60511022076898));
#3250=CARTESIAN_POINT('',(-2.31534184956221,-1.33676324011075,2.63485681840868));
#3251=CARTESIAN_POINT('',(-1.15767092478111,-2.00514486016612,2.66460341604838));
#3252=CARTESIAN_POINT('',(-7.07959281462942E-16,-2.67352648022149,2.69435001368808));
#3253=CARTESIAN_POINT('',(1.1576709247811,-2.00514486016612,2.72409661132778));
#3254=CARTESIAN_POINT('',(2.31534184956221,-1.33676324011075,2.75384320896748));
#3255=CARTESIAN_POINT('',(2.31534184956221,5.31105888065192E-32,2.78358980660718));
#3256=CARTESIAN_POINT('',(2.31534184956221,1.33676324011075,2.81333640424688));
#3257=CARTESIAN_POINT('',(1.1576709247811,2.00514486016612,2.84308300188658));
#3258=CARTESIAN_POINT('',(-5.31341521751539E-17,2.67352648022149,2.87282959952628));
#3259=CARTESIAN_POINT('',(-1.1576709247811,2.00514486016612,2.90257619716598));
#3260=CARTESIAN_POINT('',(-2.31534184956221,1.33676324011075,2.93232279480568));
#3261=CARTESIAN_POINT('',(-2.31534184956221,2.83547598499827E-16,2.96206939244538));
#3262=CARTESIAN_POINT('',(-2.31534184956221,-1.33676324011075,2.99181599008508));
#3263=CARTESIAN_POINT('',(-1.15767092478111,-2.00514486016612,3.02156258772478));
#3264=CARTESIAN_POINT('',(-7.07959281462942E-16,-2.67352648022149,3.05130918536448));
#3265=CARTESIAN_POINT('',(1.1576709247811,-2.00514486016612,3.08105578300418));
#3266=CARTESIAN_POINT('',(2.31534184956221,-1.33676324011075,3.11080238064388));
#3267=CARTESIAN_POINT('',(2.31534184956221,5.31105888065192E-32,3.14054897828358));
#3268=CARTESIAN_POINT('',(2.31534184956221,1.33676324011075,3.17029557592328));
#3269=CARTESIAN_POINT('',(1.1576709247811,2.00514486016612,3.20004217356297));
#3270=CARTESIAN_POINT('',(-5.31341521751539E-17,2.67352648022149,3.22978877120267));
#3271=CARTESIAN_POINT('',(-1.1576709247811,2.00514486016612,3.25953536884237));
#3272=CARTESIAN_POINT('',(-2.31534184956221,1.33676324011075,3.28928196648207));
#3273=CARTESIAN_POINT('',(-2.31534184956221,2.83547598499827E-16,3.31902856412177));
#3274=CARTESIAN_POINT('',(-2.31534184956221,-1.33676324011075,3.34877516176147));
#3275=CARTESIAN_POINT('',(-1.15767092478111,-2.00514486016612,3.37852175940117));
#3276=CARTESIAN_POINT('',(-7.07959281462942E-16,-2.67352648022149,3.40826835704087));
#3277=CARTESIAN_POINT('',(1.1576709247811,-2.00514486016612,3.43801495468057));
#3278=CARTESIAN_POINT('',(2.31534184956221,-1.33676324011075,3.46776155232027));
#3279=CARTESIAN_POINT('',(2.31534184956221,5.31105888065192E-32,3.49750814995997));
#3280=CARTESIAN_POINT('',(2.31534184956221,-7.03266785018807E-16,0.641834776548811));
#3281=CARTESIAN_POINT('',(2.31534184956221,1.33676324011075,0.67158137418851));
#3282=CARTESIAN_POINT('',(1.1576709247811,2.00514486016612,0.70132797182821));
#3283=CARTESIAN_POINT('',(7.58928383110308E-16,2.67352648022149,0.731074569467909));
#3284=CARTESIAN_POINT('',(-1.1576709247811,2.00514486016612,0.760821167107609));
#3285=CARTESIAN_POINT('',(-2.31534184956221,1.33676324011075,0.790567764747309));
#3286=CARTESIAN_POINT('',(-2.31534184956221,9.86814383518634E-16,0.820314362387008));
#3287=CARTESIAN_POINT('',(-2.31534184956221,-1.33676324011074,0.850060960026708));
#3288=CARTESIAN_POINT('',(-1.15767092478111,-2.00514486016612,0.879807557666407));
#3289=CARTESIAN_POINT('',(-1.5200218167484E-15,-2.67352648022149,0.909554155306107));
#3290=CARTESIAN_POINT('',(1.1576709247811,-2.00514486016612,0.939300752945807));
#3291=CARTESIAN_POINT('',(2.31534184956221,-1.33676324011075,0.969047350585506));
#3292=CARTESIAN_POINT('',(2.31534184956221,-1.27036198201846E-15,0.998793948225206));
#3293=CARTESIAN_POINT('',(2.31534184956221,1.33676324011074,1.02854054586491));
#3294=CARTESIAN_POINT('',(1.15767092478111,2.00514486016612,1.0582871435046));
#3295=CARTESIAN_POINT('',(3.78832203662766E-15,2.67352648022149,1.0880337411443));
#3296=CARTESIAN_POINT('',(-1.1576709247811,2.00514486016612,1.117780338784));
#3297=CARTESIAN_POINT('',(-2.31534184956221,1.33676324011075,1.1475269364237));
#3298=CARTESIAN_POINT('',(-2.31534184956221,1.55390958051829E-15,1.1772735340634));
#3299=CARTESIAN_POINT('',(-2.31534184956221,-1.33676324011074,1.2070201317031));
#3300=CARTESIAN_POINT('',(-1.15767092478111,-2.00514486016612,1.2367667293428));
#3301=CARTESIAN_POINT('',(-2.17484694603619E-15,-2.67352648022149,1.2665133269825));
#3302=CARTESIAN_POINT('',(1.1576709247811,-2.00514486016612,1.2962599246222));
#3303=CARTESIAN_POINT('',(2.3153418495622,-1.33676324011075,1.3260065222619));
#3304=CARTESIAN_POINT('',(2.31534184956221,-1.83745717901812E-15,1.3557531199016));
#3305=CARTESIAN_POINT('',(2.31534184956221,1.33676324011074,1.3854997175413));
#3306=CARTESIAN_POINT('',(1.15767092478111,2.00514486016612,1.415246315181));
#3307=CARTESIAN_POINT('',(6.81771569014501E-15,2.67352648022149,1.4449929128207));
#3308=CARTESIAN_POINT('',(-1.1576709247811,2.00514486016612,1.4747395104604));
#3309=CARTESIAN_POINT('',(-2.3153418495622,1.33676324011075,1.5044861081001));
#3310=CARTESIAN_POINT('',(-2.31534184956221,6.23387810753739E-15,1.5342327057398));
#3311=CARTESIAN_POINT('',(-2.31534184956221,-1.33676324011074,1.5639793033795));
#3312=CARTESIAN_POINT('',(-1.15767092478111,-2.00514486016612,1.5937259010192));
#3313=CARTESIAN_POINT('',(-7.57880912378311E-15,-2.67352648022149,1.6234724986589));
#3314=CARTESIAN_POINT('',(1.1576709247811,-2.00514486016612,1.6532190962986));
#3315=CARTESIAN_POINT('',(2.3153418495622,-1.33676324011076,1.6829656939383));
#3316=CARTESIAN_POINT('',(2.31534184956221,-2.40455237601777E-15,1.712712291578));
#3317=CARTESIAN_POINT('',(2.31534184956221,1.33676324011074,1.7424588892177));
#3318=CARTESIAN_POINT('',(1.15767092478111,2.00514486016612,1.77220548685739));
#3319=CARTESIAN_POINT('',(7.4725408194328E-15,2.67352648022149,1.80195208449709));
#3320=CARTESIAN_POINT('',(-1.1576709247811,2.00514486016612,1.83169868213679));
#3321=CARTESIAN_POINT('',(-2.3153418495622,1.33676324011076,1.86144527977649));
#3322=CARTESIAN_POINT('',(-2.31534184956221,2.6880999745176E-15,1.89119187741619));
#3323=CARTESIAN_POINT('',(-2.31534184956221,-1.33676324011074,1.92093847505589));
#3324=CARTESIAN_POINT('',(-1.15767092478111,-2.00514486016612,1.95068507269559));
#3325=CARTESIAN_POINT('',(-8.2336342530709E-15,-2.67352648022149,1.98043167033529));
#3326=CARTESIAN_POINT('',(1.1576709247811,-2.00514486016612,2.01017826797499));
#3327=CARTESIAN_POINT('',(2.3153418495622,-1.33676324011076,2.03992486561469));
#3328=CARTESIAN_POINT('',(2.31534184956221,-2.97164757301742E-15,2.06967146325439));
#3329=CARTESIAN_POINT('',(2.31534184956221,1.33676324011074,2.09941806089409));
#3330=CARTESIAN_POINT('',(1.15767092478111,2.00514486016612,2.12916465853379));
#3331=CARTESIAN_POINT('',(8.12736594872059E-15,2.67352648022149,2.15891125617349));
#3332=CARTESIAN_POINT('',(-1.1576709247811,2.00514486016612,2.18865785381319));
#3333=CARTESIAN_POINT('',(-2.3153418495622,1.33676324011076,2.21840445145289));
#3334=CARTESIAN_POINT('',(-2.31534184956221,1.14809418315562E-14,2.24815104909259));
#3335=CARTESIAN_POINT('',(-2.31534184956221,-1.33676324011074,2.27789764673229));
#3336=CARTESIAN_POINT('',(-1.15767092478111,-2.00514486016612,2.30764424437199));
#3337=CARTESIAN_POINT('',(-8.88845938235868E-15,-2.67352648022149,2.33739084201169));
#3338=CARTESIAN_POINT('',(1.1576709247811,-2.00514486016612,2.36713743965139));
#3339=CARTESIAN_POINT('',(2.3153418495622,-1.33676324011076,2.39688403729109));
#3340=CARTESIAN_POINT('',(2.31534184956221,-1.1764489430056E-14,2.42663063493079));
#3341=CARTESIAN_POINT('',(2.31534184956221,1.33676324011074,2.45637723257048));
#3342=CARTESIAN_POINT('',(1.15767092478111,2.00514486016612,2.48612383021018));
#3343=CARTESIAN_POINT('',(1.82804651749266E-14,2.67352648022149,2.51587042784988));
#3344=CARTESIAN_POINT('',(-1.1576709247811,2.00514486016612,2.54561702548958));
#3345=CARTESIAN_POINT('',(-2.31534184956221,1.33676324011075,2.57536362312928));
#3346=CARTESIAN_POINT('',(-2.31534184956221,1.20480370285558E-14,2.60511022076898));
#3347=CARTESIAN_POINT('',(-2.31534184956221,-1.33676324011074,2.63485681840868));
#3348=CARTESIAN_POINT('',(-1.15767092478112,-2.00514486016611,2.66460341604838));
#3349=CARTESIAN_POINT('',(-9.54328451164647E-15,-2.67352648022149,2.69435001368808));
#3350=CARTESIAN_POINT('',(1.15767092478109,-2.00514486016613,2.72409661132778));
#3351=CARTESIAN_POINT('',(2.3153418495622,-1.33676324011076,2.75384320896748));
#3352=CARTESIAN_POINT('',(2.31534184956221,-4.10583796701673E-15,2.78358980660718));
#3353=CARTESIAN_POINT('',(2.31534184956221,1.33676324011073,2.81333640424688));
#3354=CARTESIAN_POINT('',(1.15767092478111,2.00514486016612,2.84308300188658));
#3355=CARTESIAN_POINT('',(1.89352903042144E-14,2.67352648022149,2.87282959952628));
#3356=CARTESIAN_POINT('',(-1.1576709247811,2.00514486016612,2.90257619716598));
#3357=CARTESIAN_POINT('',(-2.31534184956221,1.33676324011075,2.93232279480568));
#3358=CARTESIAN_POINT('',(-2.31534184956221,1.26151322255555E-14,2.96206939244538));
#3359=CARTESIAN_POINT('',(-2.31534184956221,-1.33676324011074,2.99181599008508));
#3360=CARTESIAN_POINT('',(-1.15767092478112,-2.00514486016611,3.02156258772478));
#3361=CARTESIAN_POINT('',(-1.01981096409343E-14,-2.67352648022149,3.05130918536448));
#3362=CARTESIAN_POINT('',(1.15767092478109,-2.00514486016613,3.08105578300418));
#3363=CARTESIAN_POINT('',(2.3153418495622,-1.33676324011076,3.11080238064388));
#3364=CARTESIAN_POINT('',(2.31534184956221,-4.67293316401639E-15,3.14054897828358));
#3365=CARTESIAN_POINT('',(2.31534184956222,1.33676324011073,3.17029557592328));
#3366=CARTESIAN_POINT('',(1.15767092478111,2.00514486016612,3.20004217356297));
#3367=CARTESIAN_POINT('',(1.95901154335022E-14,2.67352648022149,3.22978877120267));
#3368=CARTESIAN_POINT('',(-1.15767092478109,2.00514486016613,3.25953536884237));
#3369=CARTESIAN_POINT('',(-2.3153418495622,1.33676324011077,3.28928196648207));
#3370=CARTESIAN_POINT('',(-2.31534184956221,1.31822274225551E-14,3.31902856412177));
#3371=CARTESIAN_POINT('',(-2.31534184956221,-1.33676324011074,3.34877516176147));
#3372=CARTESIAN_POINT('',(-1.15767092478112,-2.00514486016611,3.37852175940117));
#3373=CARTESIAN_POINT('',(-1.0852934770222E-14,-2.67352648022149,3.40826835704087));
#3374=CARTESIAN_POINT('',(1.15767092478109,-2.00514486016613,3.43801495468057));
#3375=CARTESIAN_POINT('',(2.3153418495622,-1.33676324011076,3.46776155232027));
#3376=CARTESIAN_POINT('',(2.31534184956221,-5.24002836101604E-15,3.49750814995997));
#3377=CARTESIAN_POINT('',(2.31534184956221,-2.69930439697912E-15,3.14054897828358));
#3378=CARTESIAN_POINT('',(2.31534184956221,-4.2532139774974E-15,3.49750814995997));
#3379=CARTESIAN_POINT('',(2.18660804622154,-4.28451607167209E-15,3.67598773579817));
#3380=CARTESIAN_POINT('',(2.40667020717505,-4.71571354531235E-15,3.67598773579817));
#3381=CARTESIAN_POINT('',(2.40667020717505,5.31105888065192E-32,0.820314362387008));
#3382=CARTESIAN_POINT('',(2.40667020717505,1.38949169196317,0.850060960026708));
#3383=CARTESIAN_POINT('',(1.20333510358752,2.08423753794475,0.879807557666407));
#3384=CARTESIAN_POINT('',(-4.66767791966477E-17,2.77898338392633,0.909554155306107));
#3385=CARTESIAN_POINT('',(-1.20333510358752,2.08423753794475,0.939300752945807));
#3386=CARTESIAN_POINT('',(-2.40667020717505,1.38949169196317,0.969047350585506));
#3387=CARTESIAN_POINT('',(-2.40667020717505,2.94732096582022E-16,0.998793948225206));
#3388=CARTESIAN_POINT('',(-2.40667020717505,-1.38949169196317,1.02854054586491));
#3389=CARTESIAN_POINT('',(-1.20333510358753,-2.08423753794475,1.0582871435046));
#3390=CARTESIAN_POINT('',(-7.27331400398461E-16,-2.77898338392633,1.0880337411443));
#3391=CARTESIAN_POINT('',(1.20333510358752,-2.08423753794475,1.117780338784));
#3392=CARTESIAN_POINT('',(2.40667020717505,-1.38949169196317,1.1475269364237));
#3393=CARTESIAN_POINT('',(2.40667020717505,-5.89464193164044E-16,1.1772735340634));
#3394=CARTESIAN_POINT('',(2.40667020717505,1.38949169196317,1.2070201317031));
#3395=CARTESIAN_POINT('',(1.20333510358753,2.08423753794475,1.2367667293428));
#3396=CARTESIAN_POINT('',(3.10221091231376E-15,2.77898338392633,1.2665133269825));
#3397=CARTESIAN_POINT('',(-1.20333510358752,2.08423753794475,1.2962599246222));
#3398=CARTESIAN_POINT('',(-2.40667020717505,1.38949169196317,1.3260065222619));
#3399=CARTESIAN_POINT('',(-2.40667020717505,8.84196289746066E-16,1.3557531199016));
#3400=CARTESIAN_POINT('',(-2.40667020717505,-1.38949169196316,1.3854997175413));
#3401=CARTESIAN_POINT('',(-1.20333510358753,-2.08423753794475,1.415246315181));
#3402=CARTESIAN_POINT('',(-1.40798602160027E-15,-2.77898338392633,1.4449929128207));
#3403=CARTESIAN_POINT('',(1.20333510358752,-2.08423753794475,1.4747395104604));
#3404=CARTESIAN_POINT('',(2.40667020717505,-1.38949169196317,1.5044861081001));
#3405=CARTESIAN_POINT('',(2.40667020717505,-1.17892838632809E-15,1.5342327057398));
#3406=CARTESIAN_POINT('',(2.40667020717505,1.38949169196316,1.5639793033795));
#3407=CARTESIAN_POINT('',(1.20333510358753,2.08423753794475,1.5937259010192));
#3408=CARTESIAN_POINT('',(6.25109860382417E-15,2.77898338392633,1.6234724986589));
#3409=CARTESIAN_POINT('',(-1.20333510358752,2.08423753794475,1.6532190962986));
#3410=CARTESIAN_POINT('',(-2.40667020717505,1.38949169196317,1.6829656939383));
#3411=CARTESIAN_POINT('',(-2.40667020717505,5.74876556560633E-15,1.712712291578));
#3412=CARTESIAN_POINT('',(-2.40667020717505,-1.38949169196316,1.7424588892177));
#3413=CARTESIAN_POINT('',(-1.20333510358753,-2.08423753794475,1.77220548685739));
#3414=CARTESIAN_POINT('',(-7.02510678341928E-15,-2.77898338392633,1.80195208449709));
#3415=CARTESIAN_POINT('',(1.20333510358752,-2.08423753794475,1.83169868213679));
#3416=CARTESIAN_POINT('',(2.40667020717504,-1.38949169196318,1.86144527977649));
#3417=CARTESIAN_POINT('',(2.40667020717505,-1.76839257949213E-15,1.89119187741619));
#3418=CARTESIAN_POINT('',(2.40667020717505,1.38949169196316,1.92093847505589));
#3419=CARTESIAN_POINT('',(1.20333510358753,2.08423753794475,1.95068507269559));
#3420=CARTESIAN_POINT('',(6.93175322502599E-15,2.77898338392633,1.98043167033529));
#3421=CARTESIAN_POINT('',(-1.20333510358752,2.08423753794475,2.01017826797499));
#3422=CARTESIAN_POINT('',(-2.40667020717504,1.38949169196318,2.03992486561469));
#3423=CARTESIAN_POINT('',(-2.40667020717505,2.06312467607416E-15,2.06967146325439));
#3424=CARTESIAN_POINT('',(-2.40667020717505,-1.38949169196316,2.09941806089409));
#3425=CARTESIAN_POINT('',(-1.20333510358753,-2.08423753794475,2.12916465853379));
#3426=CARTESIAN_POINT('',(-7.7057614046211E-15,-2.77898338392633,2.15891125617349));
#3427=CARTESIAN_POINT('',(1.20333510358752,-2.08423753794475,2.18865785381319));
#3428=CARTESIAN_POINT('',(2.40667020717504,-1.38949169196318,2.21840445145289));
#3429=CARTESIAN_POINT('',(2.40667020717505,-2.35785677265618E-15,2.24815104909259));
#3430=CARTESIAN_POINT('',(2.40667020717505,1.38949169196316,2.27789764673229));
#3431=CARTESIAN_POINT('',(1.20333510358753,2.08423753794475,2.30764424437199));
#3432=CARTESIAN_POINT('',(7.6124078462278E-15,2.77898338392633,2.33739084201169));
#3433=CARTESIAN_POINT('',(-1.20333510358752,2.08423753794475,2.36713743965139));
#3434=CARTESIAN_POINT('',(-2.40667020717504,1.38949169196318,2.39688403729109));
#3435=CARTESIAN_POINT('',(-2.40667020717505,1.12027990346306E-14,2.42663063493079));
#3436=CARTESIAN_POINT('',(-2.40667020717505,-1.38949169196316,2.45637723257048));
#3437=CARTESIAN_POINT('',(-1.20333510358753,-2.08423753794475,2.48612383021018));
#3438=CARTESIAN_POINT('',(-8.38641602582291E-15,-2.77898338392633,2.51587042784988));
#3439=CARTESIAN_POINT('',(1.20333510358752,-2.08423753794475,2.54561702548958));
#3440=CARTESIAN_POINT('',(2.40667020717504,-1.38949169196318,2.57536362312928));
#3441=CARTESIAN_POINT('',(2.40667020717505,-1.14975311312127E-14,2.60511022076898));
#3442=CARTESIAN_POINT('',(2.40667020717505,1.38949169196316,2.63485681840868));
#3443=CARTESIAN_POINT('',(1.20333510358753,2.08423753794475,2.66460341604838));
#3444=CARTESIAN_POINT('',(1.8165994748664E-14,2.77898338392633,2.69435001368808));
#3445=CARTESIAN_POINT('',(-1.20333510358752,2.08423753794476,2.72409661132778));
#3446=CARTESIAN_POINT('',(-2.40667020717505,1.38949169196317,2.75384320896748));
#3447=CARTESIAN_POINT('',(-2.40667020717505,1.17922632277947E-14,2.78358980660718));
#3448=CARTESIAN_POINT('',(-2.40667020717505,-1.38949169196316,2.81333640424688));
#3449=CARTESIAN_POINT('',(-1.20333510358754,-2.08423753794474,2.84308300188658));
#3450=CARTESIAN_POINT('',(-9.06707064702472E-15,-2.77898338392633,2.87282959952628));
#3451=CARTESIAN_POINT('',(1.20333510358751,-2.08423753794476,2.90257619716598));
#3452=CARTESIAN_POINT('',(2.40667020717504,-1.38949169196318,2.93232279480568));
#3453=CARTESIAN_POINT('',(2.40667020717505,-3.53678515898427E-15,2.96206939244538));
#3454=CARTESIAN_POINT('',(2.40667020717506,1.38949169196315,2.99181599008508));
#3455=CARTESIAN_POINT('',(1.20333510358753,2.08423753794475,3.02156258772478));
#3456=CARTESIAN_POINT('',(1.88466493698658E-14,2.77898338392633,3.05130918536448));
#3457=CARTESIAN_POINT('',(-1.20333510358752,2.08423753794476,3.08105578300418));
#3458=CARTESIAN_POINT('',(-2.40667020717505,1.38949169196317,3.11080238064388));
#3459=CARTESIAN_POINT('',(-2.40667020717505,1.23817274209587E-14,3.14054897828358));
#3460=CARTESIAN_POINT('',(-2.40667020717505,-1.38949169196316,3.17029557592328));
#3461=CARTESIAN_POINT('',(-1.20333510358754,-2.08423753794474,3.20004217356297));
#3462=CARTESIAN_POINT('',(-9.74772526822653E-15,-2.77898338392633,3.22978877120267));
#3463=CARTESIAN_POINT('',(1.20333510358751,-2.08423753794476,3.25953536884237));
#3464=CARTESIAN_POINT('',(2.40667020717504,-1.38949169196318,3.28928196648207));
#3465=CARTESIAN_POINT('',(2.40667020717505,-4.12624935214831E-15,3.31902856412177));
#3466=CARTESIAN_POINT('',(2.40667020717506,1.38949169196315,3.34877516176147));
#3467=CARTESIAN_POINT('',(1.20333510358753,2.08423753794475,3.37852175940117));
#3468=CARTESIAN_POINT('',(1.95273039910676E-14,2.77898338392633,3.40826835704087));
#3469=CARTESIAN_POINT('',(-1.20333510358752,2.08423753794476,3.43801495468057));
#3470=CARTESIAN_POINT('',(-2.40667020717504,1.38949169196319,3.46776155232027));
#3471=CARTESIAN_POINT('',(-2.40667020717505,1.29711916141228E-14,3.49750814995997));
#3472=CARTESIAN_POINT('',(-2.40667020717505,-1.38949169196316,3.52725474759967));
#3473=CARTESIAN_POINT('',(-1.20333510358754,-2.08423753794474,3.55700134523937));
#3474=CARTESIAN_POINT('',(-1.04283798894283E-14,-2.77898338392633,3.58674794287907));
#3475=CARTESIAN_POINT('',(1.20333510358751,-2.08423753794476,3.61649454051877));
#3476=CARTESIAN_POINT('',(2.40667020717504,-1.38949169196318,3.64624113815847));
#3477=CARTESIAN_POINT('',(2.40667020717505,-4.71571354531235E-15,3.67598773579817));
#3478=CARTESIAN_POINT('',(2.40667020717505,5.31105888065192E-32,0.820314362387008));
#3479=CARTESIAN_POINT('',(2.18660804622154,5.31105888065192E-32,0.820314362387008));
#3480=CARTESIAN_POINT('',(2.31534184956221,-3.51633392509404E-16,0.641834776548811));
#3481=CARTESIAN_POINT('',(2.31534184956221,-7.03266785018807E-16,0.641834776548811));
#3482=CARTESIAN_POINT('',(2.31534184956221,1.33676324011075,0.67158137418851));
#3483=CARTESIAN_POINT('',(1.1576709247811,2.00514486016612,0.70132797182821));
#3484=CARTESIAN_POINT('',(7.58928383110308E-16,2.67352648022149,0.731074569467909));
#3485=CARTESIAN_POINT('',(-1.1576709247811,2.00514486016612,0.760821167107609));
#3486=CARTESIAN_POINT('',(-2.31534184956221,1.33676324011075,0.790567764747309));
#3487=CARTESIAN_POINT('',(-2.31534184956221,9.86814383518634E-16,0.820314362387008));
#3488=CARTESIAN_POINT('',(-2.31534184956221,-1.33676324011074,0.850060960026708));
#3489=CARTESIAN_POINT('',(-1.15767092478111,-2.00514486016612,0.879807557666407));
#3490=CARTESIAN_POINT('',(-1.5200218167484E-15,-2.67352648022149,0.909554155306107));
#3491=CARTESIAN_POINT('',(1.1576709247811,-2.00514486016612,0.939300752945807));
#3492=CARTESIAN_POINT('',(2.31534184956221,-1.33676324011075,0.969047350585506));
#3493=CARTESIAN_POINT('',(2.31534184956221,-1.27036198201846E-15,0.998793948225206));
#3494=CARTESIAN_POINT('',(2.31534184956221,1.33676324011074,1.02854054586491));
#3495=CARTESIAN_POINT('',(1.15767092478111,2.00514486016612,1.0582871435046));
#3496=CARTESIAN_POINT('',(3.78832203662766E-15,2.67352648022149,1.0880337411443));
#3497=CARTESIAN_POINT('',(-1.1576709247811,2.00514486016612,1.117780338784));
#3498=CARTESIAN_POINT('',(-2.31534184956221,1.33676324011075,1.1475269364237));
#3499=CARTESIAN_POINT('',(-2.31534184956221,1.55390958051829E-15,1.1772735340634));
#3500=CARTESIAN_POINT('',(-2.31534184956221,-1.33676324011074,1.2070201317031));
#3501=CARTESIAN_POINT('',(-1.15767092478111,-2.00514486016612,1.2367667293428));
#3502=CARTESIAN_POINT('',(-2.17484694603619E-15,-2.67352648022149,1.2665133269825));
#3503=CARTESIAN_POINT('',(1.1576709247811,-2.00514486016612,1.2962599246222));
#3504=CARTESIAN_POINT('',(2.3153418495622,-1.33676324011075,1.3260065222619));
#3505=CARTESIAN_POINT('',(2.31534184956221,-1.83745717901812E-15,1.3557531199016));
#3506=CARTESIAN_POINT('',(2.31534184956221,1.33676324011074,1.3854997175413));
#3507=CARTESIAN_POINT('',(1.15767092478111,2.00514486016612,1.415246315181));
#3508=CARTESIAN_POINT('',(6.81771569014501E-15,2.67352648022149,1.4449929128207));
#3509=CARTESIAN_POINT('',(-1.1576709247811,2.00514486016612,1.4747395104604));
#3510=CARTESIAN_POINT('',(-2.3153418495622,1.33676324011075,1.5044861081001));
#3511=CARTESIAN_POINT('',(-2.31534184956221,6.23387810753739E-15,1.5342327057398));
#3512=CARTESIAN_POINT('',(-2.31534184956221,-1.33676324011074,1.5639793033795));
#3513=CARTESIAN_POINT('',(-1.15767092478111,-2.00514486016612,1.5937259010192));
#3514=CARTESIAN_POINT('',(-7.57880912378311E-15,-2.67352648022149,1.6234724986589));
#3515=CARTESIAN_POINT('',(1.1576709247811,-2.00514486016612,1.6532190962986));
#3516=CARTESIAN_POINT('',(2.3153418495622,-1.33676324011076,1.6829656939383));
#3517=CARTESIAN_POINT('',(2.31534184956221,-2.40455237601777E-15,1.712712291578));
#3518=CARTESIAN_POINT('',(2.31534184956221,1.33676324011074,1.7424588892177));
#3519=CARTESIAN_POINT('',(1.15767092478111,2.00514486016612,1.77220548685739));
#3520=CARTESIAN_POINT('',(7.4725408194328E-15,2.67352648022149,1.80195208449709));
#3521=CARTESIAN_POINT('',(-1.1576709247811,2.00514486016612,1.83169868213679));
#3522=CARTESIAN_POINT('',(-2.3153418495622,1.33676324011076,1.86144527977649));
#3523=CARTESIAN_POINT('',(-2.31534184956221,2.6880999745176E-15,1.89119187741619));
#3524=CARTESIAN_POINT('',(-2.31534184956221,-1.33676324011074,1.92093847505589));
#3525=CARTESIAN_POINT('',(-1.15767092478111,-2.00514486016612,1.95068507269559));
#3526=CARTESIAN_POINT('',(-8.2336342530709E-15,-2.67352648022149,1.98043167033529));
#3527=CARTESIAN_POINT('',(1.1576709247811,-2.00514486016612,2.01017826797499));
#3528=CARTESIAN_POINT('',(2.3153418495622,-1.33676324011076,2.03992486561469));
#3529=CARTESIAN_POINT('',(2.31534184956221,-2.97164757301742E-15,2.06967146325439));
#3530=CARTESIAN_POINT('',(2.31534184956221,1.33676324011074,2.09941806089409));
#3531=CARTESIAN_POINT('',(1.15767092478111,2.00514486016612,2.12916465853379));
#3532=CARTESIAN_POINT('',(8.12736594872059E-15,2.67352648022149,2.15891125617349));
#3533=CARTESIAN_POINT('',(-1.1576709247811,2.00514486016612,2.18865785381319));
#3534=CARTESIAN_POINT('',(-2.3153418495622,1.33676324011076,2.21840445145289));
#3535=CARTESIAN_POINT('',(-2.31534184956221,1.14809418315562E-14,2.24815104909259));
#3536=CARTESIAN_POINT('',(-2.31534184956221,-1.33676324011074,2.27789764673229));
#3537=CARTESIAN_POINT('',(-1.15767092478111,-2.00514486016612,2.30764424437199));
#3538=CARTESIAN_POINT('',(-8.88845938235868E-15,-2.67352648022149,2.33739084201169));
#3539=CARTESIAN_POINT('',(1.1576709247811,-2.00514486016612,2.36713743965139));
#3540=CARTESIAN_POINT('',(2.3153418495622,-1.33676324011076,2.39688403729109));
#3541=CARTESIAN_POINT('',(2.31534184956221,-1.1764489430056E-14,2.42663063493079));
#3542=CARTESIAN_POINT('',(2.31534184956221,1.33676324011074,2.45637723257048));
#3543=CARTESIAN_POINT('',(1.15767092478111,2.00514486016612,2.48612383021018));
#3544=CARTESIAN_POINT('',(1.82804651749266E-14,2.67352648022149,2.51587042784988));
#3545=CARTESIAN_POINT('',(-1.1576709247811,2.00514486016612,2.54561702548958));
#3546=CARTESIAN_POINT('',(-2.31534184956221,1.33676324011075,2.57536362312928));
#3547=CARTESIAN_POINT('',(-2.31534184956221,1.20480370285558E-14,2.60511022076898));
#3548=CARTESIAN_POINT('',(-2.31534184956221,-1.33676324011074,2.63485681840868));
#3549=CARTESIAN_POINT('',(-1.15767092478112,-2.00514486016611,2.66460341604838));
#3550=CARTESIAN_POINT('',(-9.54328451164647E-15,-2.67352648022149,2.69435001368808));
#3551=CARTESIAN_POINT('',(1.15767092478109,-2.00514486016613,2.72409661132778));
#3552=CARTESIAN_POINT('',(2.3153418495622,-1.33676324011076,2.75384320896748));
#3553=CARTESIAN_POINT('',(2.31534184956221,-4.10583796701673E-15,2.78358980660718));
#3554=CARTESIAN_POINT('',(2.31534184956221,1.33676324011073,2.81333640424688));
#3555=CARTESIAN_POINT('',(1.15767092478111,2.00514486016612,2.84308300188658));
#3556=CARTESIAN_POINT('',(1.89352903042144E-14,2.67352648022149,2.87282959952628));
#3557=CARTESIAN_POINT('',(-1.1576709247811,2.00514486016612,2.90257619716598));
#3558=CARTESIAN_POINT('',(-2.31534184956221,1.33676324011075,2.93232279480568));
#3559=CARTESIAN_POINT('',(-2.31534184956221,1.26151322255555E-14,2.96206939244538));
#3560=CARTESIAN_POINT('',(-2.31534184956221,-1.33676324011074,2.99181599008508));
#3561=CARTESIAN_POINT('',(-1.15767092478112,-2.00514486016611,3.02156258772478));
#3562=CARTESIAN_POINT('',(-1.01981096409343E-14,-2.67352648022149,3.05130918536448));
#3563=CARTESIAN_POINT('',(1.15767092478109,-2.00514486016613,3.08105578300418));
#3564=CARTESIAN_POINT('',(2.3153418495622,-1.33676324011076,3.11080238064388));
#3565=CARTESIAN_POINT('',(2.31534184956221,-4.67293316401639E-15,3.14054897828358));
#3566=CARTESIAN_POINT('',(2.31534184956222,1.33676324011073,3.17029557592328));
#3567=CARTESIAN_POINT('',(1.15767092478111,2.00514486016612,3.20004217356297));
#3568=CARTESIAN_POINT('',(1.95901154335022E-14,2.67352648022149,3.22978877120267));
#3569=CARTESIAN_POINT('',(-1.15767092478109,2.00514486016613,3.25953536884237));
#3570=CARTESIAN_POINT('',(-2.3153418495622,1.33676324011077,3.28928196648207));
#3571=CARTESIAN_POINT('',(-2.31534184956221,1.31822274225551E-14,3.31902856412177));
#3572=CARTESIAN_POINT('',(-2.31534184956221,-1.33676324011074,3.34877516176147));
#3573=CARTESIAN_POINT('',(-1.15767092478112,-2.00514486016611,3.37852175940117));
#3574=CARTESIAN_POINT('',(-1.0852934770222E-14,-2.67352648022149,3.40826835704087));
#3575=CARTESIAN_POINT('',(1.15767092478109,-2.00514486016613,3.43801495468057));
#3576=CARTESIAN_POINT('',(2.3153418495622,-1.33676324011076,3.46776155232027));
#3577=CARTESIAN_POINT('',(2.31534184956221,-5.24002836101604E-15,3.49750814995997));
#3578=CARTESIAN_POINT('',(2.31534184956221,7.03266785018807E-16,0.998793948225206));
#3579=CARTESIAN_POINT('',(2.31534184956221,7.03266785018807E-16,0.998793948225206));
#3580=CARTESIAN_POINT('',(2.31534184956221,1.33676324011075,1.02854054586491));
#3581=CARTESIAN_POINT('',(1.1576709247811,2.00514486016612,1.0582871435046));
#3582=CARTESIAN_POINT('',(-8.65196687460616E-16,2.67352648022149,1.0880337411443));
#3583=CARTESIAN_POINT('',(-1.1576709247811,2.00514486016612,1.117780338784));
#3584=CARTESIAN_POINT('',(-2.31534184956221,1.33676324011075,1.1475269364237));
#3585=CARTESIAN_POINT('',(-2.31534184956221,-4.1971918651898E-16,1.1772735340634));
#3586=CARTESIAN_POINT('',(-2.31534184956221,-1.33676324011075,1.2070201317031));
#3587=CARTESIAN_POINT('',(-1.1576709247811,-2.00514486016612,1.2367667293428));
#3588=CARTESIAN_POINT('',(1.0410325382252E-16,-2.67352648022149,1.2665133269825));
#3589=CARTESIAN_POINT('',(1.1576709247811,-2.00514486016612,1.2962599246222));
#3590=CARTESIAN_POINT('',(2.31534184956221,-1.33676324011075,1.3260065222619));
#3591=CARTESIAN_POINT('',(2.31534184956221,1.36171588019153E-16,1.3557531199016));
#3592=CARTESIAN_POINT('',(2.31534184956221,1.33676324011074,1.3854997175413));
#3593=CARTESIAN_POINT('',(1.1576709247811,2.00514486016612,1.415246315181));
#3594=CARTESIAN_POINT('',(2.16419696605674E-15,2.67352648022149,1.4449929128207));
#3595=CARTESIAN_POINT('',(-1.1576709247811,2.00514486016612,1.4747395104604));
#3596=CARTESIAN_POINT('',(-2.31534184956221,1.33676324011075,1.5044861081001));
#3597=CARTESIAN_POINT('',(-2.31534184956221,1.47376010480674E-16,1.5342327057398));
#3598=CARTESIAN_POINT('',(-2.31534184956221,-1.33676324011074,1.5639793033795));
#3599=CARTESIAN_POINT('',(-1.15767092478111,-2.00514486016612,1.5937259010192));
#3600=CARTESIAN_POINT('',(-5.50721875465268E-16,-2.67352648022149,1.6234724986589));
#3601=CARTESIAN_POINT('',(1.1576709247811,-2.00514486016612,1.6532190962986));
#3602=CARTESIAN_POINT('',(2.31534184956221,-1.33676324011075,1.6829656939383));
#3603=CARTESIAN_POINT('',(2.31534184956221,-4.30923608980501E-16,1.712712291578));
#3604=CARTESIAN_POINT('',(2.31534184956221,1.33676324011074,1.7424588892177));
#3605=CARTESIAN_POINT('',(1.15767092478111,2.00514486016612,1.77220548685739));
#3606=CARTESIAN_POINT('',(5.19359061957409E-15,2.67352648022149,1.80195208449709));
#3607=CARTESIAN_POINT('',(-1.1576709247811,2.00514486016612,1.83169868213679));
#3608=CARTESIAN_POINT('',(-2.31534184956221,1.33676324011075,1.86144527977649));
#3609=CARTESIAN_POINT('',(-2.31534184956221,4.82734453749978E-15,1.89119187741619));
#3610=CARTESIAN_POINT('',(-2.31534184956221,-1.33676324011074,1.92093847505589));
#3611=CARTESIAN_POINT('',(-1.15767092478111,-2.00514486016612,1.95068507269559));
#3612=CARTESIAN_POINT('',(-5.95468405321218E-15,-2.67352648022149,1.98043167033529));
#3613=CARTESIAN_POINT('',(1.1576709247811,-2.00514486016612,2.01017826797499));
#3614=CARTESIAN_POINT('',(2.3153418495622,-1.33676324011075,2.03992486561469));
#3615=CARTESIAN_POINT('',(2.31534184956221,-9.98018805980155E-16,2.06967146325439));
#3616=CARTESIAN_POINT('',(2.31534184956221,1.33676324011074,2.09941806089409));
#3617=CARTESIAN_POINT('',(1.15767092478111,2.00514486016612,2.12916465853379));
#3618=CARTESIAN_POINT('',(5.84841574886187E-15,2.67352648022149,2.15891125617349));
#3619=CARTESIAN_POINT('',(-1.1576709247811,2.00514486016612,2.18865785381319));
#3620=CARTESIAN_POINT('',(-2.3153418495622,1.33676324011075,2.21840445145289));
#3621=CARTESIAN_POINT('',(-2.31534184956221,1.28156640447998E-15,2.24815104909259));
#3622=CARTESIAN_POINT('',(-2.31534184956221,-1.33676324011074,2.27789764673229));
#3623=CARTESIAN_POINT('',(-1.15767092478111,-2.00514486016612,2.30764424437199));
#3624=CARTESIAN_POINT('',(-6.60950918249997E-15,-2.67352648022149,2.33739084201169));
#3625=CARTESIAN_POINT('',(1.1576709247811,-2.00514486016612,2.36713743965139));
#3626=CARTESIAN_POINT('',(2.3153418495622,-1.33676324011075,2.39688403729109));
#3627=CARTESIAN_POINT('',(2.31534184956221,-1.56511400297981E-15,2.42663063493079));
#3628=CARTESIAN_POINT('',(2.31534184956221,1.33676324011074,2.45637723257049));
#3629=CARTESIAN_POINT('',(1.15767092478111,2.00514486016612,2.48612383021018));
#3630=CARTESIAN_POINT('',(6.50324087814966E-15,2.67352648022149,2.51587042784988));
#3631=CARTESIAN_POINT('',(-1.1576709247811,2.00514486016612,2.54561702548958));
#3632=CARTESIAN_POINT('',(-2.3153418495622,1.33676324011075,2.57536362312928));
#3633=CARTESIAN_POINT('',(-2.31534184956221,1.00744082615185E-14,2.60511022076898));
#3634=CARTESIAN_POINT('',(-2.31534184956221,-1.33676324011074,2.63485681840868));
#3635=CARTESIAN_POINT('',(-1.15767092478111,-2.00514486016612,2.66460341604838));
#3636=CARTESIAN_POINT('',(-7.26433431178776E-15,-2.67352648022149,2.69435001368808));
#3637=CARTESIAN_POINT('',(1.1576709247811,-2.00514486016612,2.72409661132778));
#3638=CARTESIAN_POINT('',(2.3153418495622,-1.33676324011076,2.75384320896748));
#3639=CARTESIAN_POINT('',(2.31534184956221,-1.03579558600184E-14,2.78358980660718));
#3640=CARTESIAN_POINT('',(2.31534184956221,1.33676324011074,2.81333640424688));
#3641=CARTESIAN_POINT('',(1.15767092478111,2.00514486016612,2.84308300188658));
#3642=CARTESIAN_POINT('',(1.66563401043557E-14,2.67352648022149,2.87282959952628));
#3643=CARTESIAN_POINT('',(-1.1576709247811,2.00514486016612,2.90257619716598));
#3644=CARTESIAN_POINT('',(-2.31534184956221,1.33676324011075,2.93232279480568));
#3645=CARTESIAN_POINT('',(-2.31534184956221,1.06415034585182E-14,2.96206939244538));
#3646=CARTESIAN_POINT('',(-2.31534184956221,-1.33676324011074,2.99181599008508));
#3647=CARTESIAN_POINT('',(-1.15767092478112,-2.00514486016611,3.02156258772478));
#3648=CARTESIAN_POINT('',(-7.91915944107555E-15,-2.67352648022149,3.05130918536448));
#3649=CARTESIAN_POINT('',(1.15767092478109,-2.00514486016613,3.08105578300418));
#3650=CARTESIAN_POINT('',(2.3153418495622,-1.33676324011076,3.11080238064388));
#3651=CARTESIAN_POINT('',(2.31534184956221,-2.69930439697912E-15,3.14054897828358));
#3652=CARTESIAN_POINT('',(2.31534184956221,1.33676324011073,3.17029557592328));
#3653=CARTESIAN_POINT('',(1.15767092478111,2.00514486016612,3.20004217356297));
#3654=CARTESIAN_POINT('',(1.73111652336435E-14,2.67352648022149,3.22978877120267));
#3655=CARTESIAN_POINT('',(-1.1576709247811,2.00514486016612,3.25953536884237));
#3656=CARTESIAN_POINT('',(-2.31534184956221,1.33676324011075,3.28928196648207));
#3657=CARTESIAN_POINT('',(-2.31534184956221,1.12085986555179E-14,3.31902856412177));
#3658=CARTESIAN_POINT('',(-2.31534184956221,-1.33676324011074,3.34877516176147));
#3659=CARTESIAN_POINT('',(-1.15767092478112,-2.00514486016611,3.37852175940117));
#3660=CARTESIAN_POINT('',(-8.57398457036334E-15,-2.67352648022149,3.40826835704087));
#3661=CARTESIAN_POINT('',(1.15767092478109,-2.00514486016613,3.43801495468057));
#3662=CARTESIAN_POINT('',(2.3153418495622,-1.33676324011076,3.46776155232027));
#3663=CARTESIAN_POINT('',(2.31534184956221,-3.26639959397877E-15,3.49750814995997));
#3664=CARTESIAN_POINT('',(2.31534184956221,1.33676324011073,3.52725474759967));
#3665=CARTESIAN_POINT('',(1.15767092478111,2.00514486016612,3.55700134523937));
#3666=CARTESIAN_POINT('',(1.79659903629313E-14,2.67352648022149,3.58674794287907));
#3667=CARTESIAN_POINT('',(-1.1576709247811,2.00514486016612,3.61649454051877));
#3668=CARTESIAN_POINT('',(-2.3153418495622,1.33676324011077,3.64624113815847));
#3669=CARTESIAN_POINT('',(-2.31534184956221,1.17756938525175E-14,3.67598773579817));
#3670=CARTESIAN_POINT('',(-2.31534184956221,-1.33676324011074,3.70573433343787));
#3671=CARTESIAN_POINT('',(-1.15767092478112,-2.00514486016611,3.73548093107757));
#3672=CARTESIAN_POINT('',(-9.22880969965113E-15,-2.67352648022149,3.76522752871727));
#3673=CARTESIAN_POINT('',(1.15767092478109,-2.00514486016613,3.79497412635697));
#3674=CARTESIAN_POINT('',(2.3153418495622,-1.33676324011076,3.82472072399667));
#3675=CARTESIAN_POINT('',(2.31534184956221,-3.83349479097842E-15,3.85446732163637));
#3676=CARTESIAN_POINT('',(2.31534184956221,5.31105888065192E-32,0.998793948225206));
#3677=CARTESIAN_POINT('',(2.31534184956221,1.33676324011075,1.02854054586491));
#3678=CARTESIAN_POINT('',(1.1576709247811,2.00514486016612,1.0582871435046));
#3679=CARTESIAN_POINT('',(-5.3134152175154E-17,2.67352648022149,1.0880337411443));
#3680=CARTESIAN_POINT('',(-1.1576709247811,2.00514486016612,1.117780338784));
#3681=CARTESIAN_POINT('',(-2.31534184956221,1.33676324011075,1.1475269364237));
#3682=CARTESIAN_POINT('',(-2.31534184956221,2.83547598499827E-16,1.1772735340634));
#3683=CARTESIAN_POINT('',(-2.31534184956221,-1.33676324011074,1.2070201317031));
#3684=CARTESIAN_POINT('',(-1.1576709247811,-2.00514486016612,1.2367667293428));
#3685=CARTESIAN_POINT('',(-7.07959281462942E-16,-2.67352648022149,1.2665133269825));
#3686=CARTESIAN_POINT('',(1.1576709247811,-2.00514486016612,1.2962599246222));
#3687=CARTESIAN_POINT('',(2.31534184956221,-1.33676324011075,1.3260065222619));
#3688=CARTESIAN_POINT('',(2.31534184956221,5.31105888065192E-32,1.3557531199016));
#3689=CARTESIAN_POINT('',(2.31534184956221,1.33676324011075,1.3854997175413));
#3690=CARTESIAN_POINT('',(1.1576709247811,2.00514486016612,1.415246315181));
#3691=CARTESIAN_POINT('',(-5.3134152175154E-17,2.67352648022149,1.4449929128207));
#3692=CARTESIAN_POINT('',(-1.1576709247811,2.00514486016612,1.4747395104604));
#3693=CARTESIAN_POINT('',(-2.31534184956221,1.33676324011075,1.5044861081001));
#3694=CARTESIAN_POINT('',(-2.31534184956221,2.83547598499827E-16,1.5342327057398));
#3695=CARTESIAN_POINT('',(-2.31534184956221,-1.33676324011074,1.5639793033795));
#3696=CARTESIAN_POINT('',(-1.1576709247811,-2.00514486016612,1.5937259010192));
#3697=CARTESIAN_POINT('',(-7.07959281462942E-16,-2.67352648022149,1.6234724986589));
#3698=CARTESIAN_POINT('',(1.1576709247811,-2.00514486016612,1.6532190962986));
#3699=CARTESIAN_POINT('',(2.31534184956221,-1.33676324011075,1.6829656939383));
#3700=CARTESIAN_POINT('',(2.31534184956221,5.31105888065192E-32,1.712712291578));
#3701=CARTESIAN_POINT('',(2.31534184956221,1.33676324011075,1.7424588892177));
#3702=CARTESIAN_POINT('',(1.1576709247811,2.00514486016612,1.77220548685739));
#3703=CARTESIAN_POINT('',(-5.3134152175154E-17,2.67352648022149,1.80195208449709));
#3704=CARTESIAN_POINT('',(-1.1576709247811,2.00514486016612,1.83169868213679));
#3705=CARTESIAN_POINT('',(-2.31534184956221,1.33676324011075,1.86144527977649));
#3706=CARTESIAN_POINT('',(-2.31534184956221,2.83547598499827E-16,1.89119187741619));
#3707=CARTESIAN_POINT('',(-2.31534184956221,-1.33676324011074,1.92093847505589));
#3708=CARTESIAN_POINT('',(-1.1576709247811,-2.00514486016612,1.95068507269559));
#3709=CARTESIAN_POINT('',(-7.07959281462942E-16,-2.67352648022149,1.98043167033529));
#3710=CARTESIAN_POINT('',(1.1576709247811,-2.00514486016612,2.01017826797499));
#3711=CARTESIAN_POINT('',(2.31534184956221,-1.33676324011075,2.03992486561469));
#3712=CARTESIAN_POINT('',(2.31534184956221,5.31105888065192E-32,2.06967146325439));
#3713=CARTESIAN_POINT('',(2.31534184956221,1.33676324011075,2.09941806089409));
#3714=CARTESIAN_POINT('',(1.1576709247811,2.00514486016612,2.12916465853379));
#3715=CARTESIAN_POINT('',(-5.3134152175154E-17,2.67352648022149,2.15891125617349));
#3716=CARTESIAN_POINT('',(-1.1576709247811,2.00514486016612,2.18865785381319));
#3717=CARTESIAN_POINT('',(-2.31534184956221,1.33676324011075,2.21840445145289));
#3718=CARTESIAN_POINT('',(-2.31534184956221,2.83547598499827E-16,2.24815104909259));
#3719=CARTESIAN_POINT('',(-2.31534184956221,-1.33676324011074,2.27789764673229));
#3720=CARTESIAN_POINT('',(-1.1576709247811,-2.00514486016612,2.30764424437199));
#3721=CARTESIAN_POINT('',(-7.07959281462942E-16,-2.67352648022149,2.33739084201169));
#3722=CARTESIAN_POINT('',(1.1576709247811,-2.00514486016612,2.36713743965139));
#3723=CARTESIAN_POINT('',(2.31534184956221,-1.33676324011075,2.39688403729109));
#3724=CARTESIAN_POINT('',(2.31534184956221,5.31105888065192E-32,2.42663063493079));
#3725=CARTESIAN_POINT('',(2.31534184956221,1.33676324011075,2.45637723257049));
#3726=CARTESIAN_POINT('',(1.1576709247811,2.00514486016612,2.48612383021018));
#3727=CARTESIAN_POINT('',(-5.3134152175154E-17,2.67352648022149,2.51587042784988));
#3728=CARTESIAN_POINT('',(-1.1576709247811,2.00514486016612,2.54561702548958));
#3729=CARTESIAN_POINT('',(-2.31534184956221,1.33676324011075,2.57536362312928));
#3730=CARTESIAN_POINT('',(-2.31534184956221,2.83547598499827E-16,2.60511022076898));
#3731=CARTESIAN_POINT('',(-2.31534184956221,-1.33676324011074,2.63485681840868));
#3732=CARTESIAN_POINT('',(-1.1576709247811,-2.00514486016612,2.66460341604838));
#3733=CARTESIAN_POINT('',(-7.07959281462942E-16,-2.67352648022149,2.69435001368808));
#3734=CARTESIAN_POINT('',(1.1576709247811,-2.00514486016612,2.72409661132778));
#3735=CARTESIAN_POINT('',(2.31534184956221,-1.33676324011075,2.75384320896748));
#3736=CARTESIAN_POINT('',(2.31534184956221,5.31105888065192E-32,2.78358980660718));
#3737=CARTESIAN_POINT('',(2.31534184956221,1.33676324011075,2.81333640424688));
#3738=CARTESIAN_POINT('',(1.1576709247811,2.00514486016612,2.84308300188658));
#3739=CARTESIAN_POINT('',(-5.3134152175154E-17,2.67352648022149,2.87282959952628));
#3740=CARTESIAN_POINT('',(-1.1576709247811,2.00514486016612,2.90257619716598));
#3741=CARTESIAN_POINT('',(-2.31534184956221,1.33676324011075,2.93232279480568));
#3742=CARTESIAN_POINT('',(-2.31534184956221,2.83547598499827E-16,2.96206939244538));
#3743=CARTESIAN_POINT('',(-2.31534184956221,-1.33676324011074,2.99181599008508));
#3744=CARTESIAN_POINT('',(-1.1576709247811,-2.00514486016612,3.02156258772478));
#3745=CARTESIAN_POINT('',(-7.07959281462942E-16,-2.67352648022149,3.05130918536448));
#3746=CARTESIAN_POINT('',(1.1576709247811,-2.00514486016612,3.08105578300418));
#3747=CARTESIAN_POINT('',(2.31534184956221,-1.33676324011075,3.11080238064388));
#3748=CARTESIAN_POINT('',(2.31534184956221,5.31105888065192E-32,3.14054897828358));
#3749=CARTESIAN_POINT('',(2.31534184956221,1.33676324011075,3.17029557592328));
#3750=CARTESIAN_POINT('',(1.1576709247811,2.00514486016612,3.20004217356297));
#3751=CARTESIAN_POINT('',(-5.3134152175154E-17,2.67352648022149,3.22978877120267));
#3752=CARTESIAN_POINT('',(-1.1576709247811,2.00514486016612,3.25953536884237));
#3753=CARTESIAN_POINT('',(-2.31534184956221,1.33676324011075,3.28928196648207));
#3754=CARTESIAN_POINT('',(-2.31534184956221,2.83547598499827E-16,3.31902856412177));
#3755=CARTESIAN_POINT('',(-2.31534184956221,-1.33676324011074,3.34877516176147));
#3756=CARTESIAN_POINT('',(-1.1576709247811,-2.00514486016612,3.37852175940117));
#3757=CARTESIAN_POINT('',(-7.07959281462942E-16,-2.67352648022149,3.40826835704087));
#3758=CARTESIAN_POINT('',(1.1576709247811,-2.00514486016612,3.43801495468057));
#3759=CARTESIAN_POINT('',(2.31534184956221,-1.33676324011075,3.46776155232027));
#3760=CARTESIAN_POINT('',(2.31534184956221,5.31105888065192E-32,3.49750814995997));
#3761=CARTESIAN_POINT('',(2.31534184956221,1.33676324011075,3.52725474759967));
#3762=CARTESIAN_POINT('',(1.1576709247811,2.00514486016612,3.55700134523937));
#3763=CARTESIAN_POINT('',(-5.3134152175154E-17,2.67352648022149,3.58674794287907));
#3764=CARTESIAN_POINT('',(-1.1576709247811,2.00514486016612,3.61649454051877));
#3765=CARTESIAN_POINT('',(-2.31534184956221,1.33676324011075,3.64624113815847));
#3766=CARTESIAN_POINT('',(-2.31534184956221,2.83547598499827E-16,3.67598773579817));
#3767=CARTESIAN_POINT('',(-2.31534184956221,-1.33676324011074,3.70573433343787));
#3768=CARTESIAN_POINT('',(-1.1576709247811,-2.00514486016612,3.73548093107757));
#3769=CARTESIAN_POINT('',(-7.07959281462942E-16,-2.67352648022149,3.76522752871727));
#3770=CARTESIAN_POINT('',(1.1576709247811,-2.00514486016612,3.79497412635697));
#3771=CARTESIAN_POINT('',(2.31534184956221,-1.33676324011075,3.82472072399667));
#3772=CARTESIAN_POINT('',(2.31534184956221,5.31105888065192E-32,3.85446732163637));
#3773=CARTESIAN_POINT('',(2.37382351235533,5.31105888065192E-32,0.956612278866841));
#3774=CARTESIAN_POINT('',(2.37382351235533,1.37052764386701,0.98635887650654));
#3775=CARTESIAN_POINT('',(1.18691175617766,2.05579146580052,1.01610547414624));
#3776=CARTESIAN_POINT('',(-4.89992052766311E-17,2.74105528773402,1.04585207178594));
#3777=CARTESIAN_POINT('',(-1.18691175617766,2.05579146580052,1.07559866942564));
#3778=CARTESIAN_POINT('',(-2.37382351235533,1.37052764386701,1.10534526706534));
#3779=CARTESIAN_POINT('',(-2.37382351235533,2.90709536614668E-16,1.13509186470504));
#3780=CARTESIAN_POINT('',(-2.37382351235533,-1.37052764386701,1.16483846234474));
#3781=CARTESIAN_POINT('',(-1.18691175617766,-2.05579146580052,1.19458505998444));
#3782=CARTESIAN_POINT('',(-7.2036412215851E-16,-2.74105528773402,1.22433165762414));
#3783=CARTESIAN_POINT('',(1.18691175617766,-2.05579146580052,1.25407825526384));
#3784=CARTESIAN_POINT('',(2.37382351235533,-1.37052764386701,1.28382485290354));
#3785=CARTESIAN_POINT('',(2.37382351235533,5.31105888065192E-32,1.31357145054324));
#3786=CARTESIAN_POINT('',(2.37382351235533,1.37052764386701,1.34331804818294));
#3787=CARTESIAN_POINT('',(1.18691175617766,2.05579146580052,1.37306464582263));
#3788=CARTESIAN_POINT('',(-4.89992052766311E-17,2.74105528773402,1.40281124346233));
#3789=CARTESIAN_POINT('',(-1.18691175617766,2.05579146580052,1.43255784110203));
#3790=CARTESIAN_POINT('',(-2.37382351235533,1.37052764386701,1.46230443874173));
#3791=CARTESIAN_POINT('',(-2.37382351235533,2.90709536614668E-16,1.49205103638143));
#3792=CARTESIAN_POINT('',(-2.37382351235533,-1.37052764386701,1.52179763402113));
#3793=CARTESIAN_POINT('',(-1.18691175617766,-2.05579146580052,1.55154423166083));
#3794=CARTESIAN_POINT('',(-7.2036412215851E-16,-2.74105528773402,1.58129082930053));
#3795=CARTESIAN_POINT('',(1.18691175617766,-2.05579146580052,1.61103742694023));
#3796=CARTESIAN_POINT('',(2.37382351235533,-1.37052764386701,1.64078402457993));
#3797=CARTESIAN_POINT('',(2.37382351235533,5.31105888065192E-32,1.67053062221963));
#3798=CARTESIAN_POINT('',(2.37382351235533,1.37052764386701,1.70027721985933));
#3799=CARTESIAN_POINT('',(1.18691175617766,2.05579146580052,1.73002381749903));
#3800=CARTESIAN_POINT('',(-4.89992052766311E-17,2.74105528773402,1.75977041513873));
#3801=CARTESIAN_POINT('',(-1.18691175617766,2.05579146580052,1.78951701277843));
#3802=CARTESIAN_POINT('',(-2.37382351235533,1.37052764386701,1.81926361041813));
#3803=CARTESIAN_POINT('',(-2.37382351235533,2.90709536614668E-16,1.84901020805783));
#3804=CARTESIAN_POINT('',(-2.37382351235533,-1.37052764386701,1.87875680569753));
#3805=CARTESIAN_POINT('',(-1.18691175617766,-2.05579146580052,1.90850340333723));
#3806=CARTESIAN_POINT('',(-7.2036412215851E-16,-2.74105528773402,1.93825000097693));
#3807=CARTESIAN_POINT('',(1.18691175617766,-2.05579146580052,1.96799659861663));
#3808=CARTESIAN_POINT('',(2.37382351235533,-1.37052764386701,1.99774319625633));
#3809=CARTESIAN_POINT('',(2.37382351235533,5.31105888065192E-32,2.02748979389603));
#3810=CARTESIAN_POINT('',(2.37382351235533,1.37052764386701,2.05723639153573));
#3811=CARTESIAN_POINT('',(1.18691175617766,2.05579146580052,2.08698298917543));
#3812=CARTESIAN_POINT('',(-4.89992052766311E-17,2.74105528773402,2.11672958681512));
#3813=CARTESIAN_POINT('',(-1.18691175617766,2.05579146580052,2.14647618445482));
#3814=CARTESIAN_POINT('',(-2.37382351235533,1.37052764386701,2.17622278209452));
#3815=CARTESIAN_POINT('',(-2.37382351235533,2.90709536614668E-16,2.20596937973422));
#3816=CARTESIAN_POINT('',(-2.37382351235533,-1.37052764386701,2.23571597737392));
#3817=CARTESIAN_POINT('',(-1.18691175617766,-2.05579146580052,2.26546257501362));
#3818=CARTESIAN_POINT('',(-7.2036412215851E-16,-2.74105528773402,2.29520917265332));
#3819=CARTESIAN_POINT('',(1.18691175617766,-2.05579146580052,2.32495577029302));
#3820=CARTESIAN_POINT('',(2.37382351235533,-1.37052764386701,2.35470236793272));
#3821=CARTESIAN_POINT('',(2.37382351235533,5.31105888065192E-32,2.38444896557242));
#3822=CARTESIAN_POINT('',(2.37382351235533,1.37052764386701,2.41419556321212));
#3823=CARTESIAN_POINT('',(1.18691175617766,2.05579146580052,2.44394216085182));
#3824=CARTESIAN_POINT('',(-4.89992052766311E-17,2.74105528773402,2.47368875849152));
#3825=CARTESIAN_POINT('',(-1.18691175617766,2.05579146580052,2.50343535613122));
#3826=CARTESIAN_POINT('',(-2.37382351235533,1.37052764386701,2.53318195377092));
#3827=CARTESIAN_POINT('',(-2.37382351235533,2.90709536614668E-16,2.56292855141062));
#3828=CARTESIAN_POINT('',(-2.37382351235533,-1.37052764386701,2.59267514905032));
#3829=CARTESIAN_POINT('',(-1.18691175617766,-2.05579146580052,2.62242174669002));
#3830=CARTESIAN_POINT('',(-7.2036412215851E-16,-2.74105528773402,2.65216834432972));
#3831=CARTESIAN_POINT('',(1.18691175617766,-2.05579146580052,2.68191494196942));
#3832=CARTESIAN_POINT('',(2.37382351235533,-1.37052764386701,2.71166153960912));
#3833=CARTESIAN_POINT('',(2.37382351235533,5.31105888065192E-32,2.74140813724882));
#3834=CARTESIAN_POINT('',(2.37382351235533,1.37052764386701,2.77115473488852));
#3835=CARTESIAN_POINT('',(1.18691175617766,2.05579146580052,2.80090133252821));
#3836=CARTESIAN_POINT('',(-4.89992052766311E-17,2.74105528773402,2.83064793016791));
#3837=CARTESIAN_POINT('',(-1.18691175617766,2.05579146580052,2.86039452780761));
#3838=CARTESIAN_POINT('',(-2.37382351235533,1.37052764386701,2.89014112544731));
#3839=CARTESIAN_POINT('',(-2.37382351235533,2.90709536614668E-16,2.91988772308701));
#3840=CARTESIAN_POINT('',(-2.37382351235533,-1.37052764386701,2.94963432072671));
#3841=CARTESIAN_POINT('',(-1.18691175617766,-2.05579146580052,2.97938091836641));
#3842=CARTESIAN_POINT('',(-7.2036412215851E-16,-2.74105528773402,3.00912751600611));
#3843=CARTESIAN_POINT('',(1.18691175617766,-2.05579146580052,3.03887411364581));
#3844=CARTESIAN_POINT('',(2.37382351235533,-1.37052764386701,3.06862071128551));
#3845=CARTESIAN_POINT('',(2.37382351235533,5.31105888065192E-32,3.09836730892521));
#3846=CARTESIAN_POINT('',(2.37382351235533,1.37052764386701,3.12811390656491));
#3847=CARTESIAN_POINT('',(1.18691175617766,2.05579146580052,3.15786050420461));
#3848=CARTESIAN_POINT('',(-4.89992052766311E-17,2.74105528773402,3.18760710184431));
#3849=CARTESIAN_POINT('',(-1.18691175617766,2.05579146580052,3.21735369948401));
#3850=CARTESIAN_POINT('',(-2.37382351235533,1.37052764386701,3.24710029712371));
#3851=CARTESIAN_POINT('',(-2.37382351235533,2.90709536614668E-16,3.27684689476341));
#3852=CARTESIAN_POINT('',(-2.37382351235533,-1.37052764386701,3.30659349240311));
#3853=CARTESIAN_POINT('',(-1.18691175617766,-2.05579146580052,3.33634009004281));
#3854=CARTESIAN_POINT('',(-7.2036412215851E-16,-2.74105528773402,3.36608668768251));
#3855=CARTESIAN_POINT('',(1.18691175617766,-2.05579146580052,3.39583328532221));
#3856=CARTESIAN_POINT('',(2.37382351235533,-1.37052764386701,3.42557988296191));
#3857=CARTESIAN_POINT('',(2.37382351235533,5.31105888065192E-32,3.45532648060161));
#3858=CARTESIAN_POINT('',(2.37382351235533,1.37052764386701,3.4850730782413));
#3859=CARTESIAN_POINT('',(1.18691175617766,2.05579146580052,3.51481967588101));
#3860=CARTESIAN_POINT('',(-4.89992052766311E-17,2.74105528773402,3.5445662735207));
#3861=CARTESIAN_POINT('',(-1.18691175617766,2.05579146580052,3.5743128711604));
#3862=CARTESIAN_POINT('',(-2.37382351235533,1.37052764386701,3.6040594688001));
#3863=CARTESIAN_POINT('',(-2.37382351235533,2.90709536614668E-16,3.6338060664398));
#3864=CARTESIAN_POINT('',(-2.37382351235533,-1.37052764386701,3.6635526640795));
#3865=CARTESIAN_POINT('',(-1.18691175617766,-2.05579146580052,3.6932992617192));
#3866=CARTESIAN_POINT('',(-7.2036412215851E-16,-2.74105528773402,3.7230458593589));
#3867=CARTESIAN_POINT('',(1.18691175617766,-2.05579146580052,3.7527924569986));
#3868=CARTESIAN_POINT('',(2.37382351235533,-1.37052764386701,3.7825390546383));
#3869=CARTESIAN_POINT('',(2.37382351235533,5.31105888065192E-32,3.812285652278));
#3870=CARTESIAN_POINT('',(2.40667020717505,5.31105888065192E-32,0.892421214439408));
#3871=CARTESIAN_POINT('',(2.40667020717505,1.38949169196317,0.922167812079108));
#3872=CARTESIAN_POINT('',(1.20333510358752,2.08423753794475,0.951914409718807));
#3873=CARTESIAN_POINT('',(-4.66767791966477E-17,2.77898338392633,0.981661007358507));
#3874=CARTESIAN_POINT('',(-1.20333510358752,2.08423753794475,1.01140760499821));
#3875=CARTESIAN_POINT('',(-2.40667020717505,1.38949169196317,1.04115420263791));
#3876=CARTESIAN_POINT('',(-2.40667020717505,2.94732096582022E-16,1.07090080027761));
#3877=CARTESIAN_POINT('',(-2.40667020717505,-1.38949169196317,1.10064739791731));
#3878=CARTESIAN_POINT('',(-1.20333510358753,-2.08423753794475,1.130393995557));
#3879=CARTESIAN_POINT('',(-7.2733140039846E-16,-2.77898338392633,1.1601405931967));
#3880=CARTESIAN_POINT('',(1.20333510358752,-2.08423753794475,1.1898871908364));
#3881=CARTESIAN_POINT('',(2.40667020717505,-1.38949169196317,1.2196337884761));
#3882=CARTESIAN_POINT('',(2.40667020717505,5.31105888065192E-32,1.2493803861158));
#3883=CARTESIAN_POINT('',(2.40667020717505,1.38949169196317,1.2791269837555));
#3884=CARTESIAN_POINT('',(1.20333510358752,2.08423753794475,1.3088735813952));
#3885=CARTESIAN_POINT('',(-4.66767791966477E-17,2.77898338392633,1.3386201790349));
#3886=CARTESIAN_POINT('',(-1.20333510358752,2.08423753794475,1.3683667766746));
#3887=CARTESIAN_POINT('',(-2.40667020717505,1.38949169196317,1.3981133743143));
#3888=CARTESIAN_POINT('',(-2.40667020717505,2.94732096582022E-16,1.427859971954));
#3889=CARTESIAN_POINT('',(-2.40667020717505,-1.38949169196317,1.4576065695937));
#3890=CARTESIAN_POINT('',(-1.20333510358753,-2.08423753794475,1.4873531672334));
#3891=CARTESIAN_POINT('',(-7.2733140039846E-16,-2.77898338392633,1.5170997648731));
#3892=CARTESIAN_POINT('',(1.20333510358752,-2.08423753794475,1.5468463625128));
#3893=CARTESIAN_POINT('',(2.40667020717505,-1.38949169196317,1.5765929601525));
#3894=CARTESIAN_POINT('',(2.40667020717505,5.31105888065192E-32,1.6063395577922));
#3895=CARTESIAN_POINT('',(2.40667020717505,1.38949169196317,1.6360861554319));
#3896=CARTESIAN_POINT('',(1.20333510358752,2.08423753794475,1.6658327530716));
#3897=CARTESIAN_POINT('',(-4.66767791966477E-17,2.77898338392633,1.6955793507113));
#3898=CARTESIAN_POINT('',(-1.20333510358752,2.08423753794475,1.725325948351));
#3899=CARTESIAN_POINT('',(-2.40667020717505,1.38949169196317,1.7550725459907));
#3900=CARTESIAN_POINT('',(-2.40667020717505,2.94732096582022E-16,1.7848191436304));
#3901=CARTESIAN_POINT('',(-2.40667020717505,-1.38949169196317,1.8145657412701));
#3902=CARTESIAN_POINT('',(-1.20333510358753,-2.08423753794475,1.84431233890979));
#3903=CARTESIAN_POINT('',(-7.2733140039846E-16,-2.77898338392633,1.87405893654949));
#3904=CARTESIAN_POINT('',(1.20333510358752,-2.08423753794475,1.90380553418919));
#3905=CARTESIAN_POINT('',(2.40667020717505,-1.38949169196317,1.93355213182889));
#3906=CARTESIAN_POINT('',(2.40667020717505,5.31105888065192E-32,1.96329872946859));
#3907=CARTESIAN_POINT('',(2.40667020717505,1.38949169196317,1.99304532710829));
#3908=CARTESIAN_POINT('',(1.20333510358752,2.08423753794475,2.02279192474799));
#3909=CARTESIAN_POINT('',(-4.66767791966477E-17,2.77898338392633,2.05253852238769));
#3910=CARTESIAN_POINT('',(-1.20333510358752,2.08423753794475,2.08228512002739));
#3911=CARTESIAN_POINT('',(-2.40667020717505,1.38949169196317,2.11203171766709));
#3912=CARTESIAN_POINT('',(-2.40667020717505,2.94732096582022E-16,2.14177831530679));
#3913=CARTESIAN_POINT('',(-2.40667020717505,-1.38949169196317,2.17152491294649));
#3914=CARTESIAN_POINT('',(-1.20333510358753,-2.08423753794475,2.20127151058619));
#3915=CARTESIAN_POINT('',(-7.2733140039846E-16,-2.77898338392633,2.23101810822589));
#3916=CARTESIAN_POINT('',(1.20333510358752,-2.08423753794475,2.26076470586559));
#3917=CARTESIAN_POINT('',(2.40667020717505,-1.38949169196317,2.29051130350529));
#3918=CARTESIAN_POINT('',(2.40667020717505,5.31105888065192E-32,2.32025790114499));
#3919=CARTESIAN_POINT('',(2.40667020717505,1.38949169196317,2.35000449878469));
#3920=CARTESIAN_POINT('',(1.20333510358752,2.08423753794475,2.37975109642439));
#3921=CARTESIAN_POINT('',(-4.66767791966477E-17,2.77898338392633,2.40949769406409));
#3922=CARTESIAN_POINT('',(-1.20333510358752,2.08423753794475,2.43924429170379));
#3923=CARTESIAN_POINT('',(-2.40667020717505,1.38949169196317,2.46899088934349));
#3924=CARTESIAN_POINT('',(-2.40667020717505,2.94732096582022E-16,2.49873748698319));
#3925=CARTESIAN_POINT('',(-2.40667020717505,-1.38949169196317,2.52848408462289));
#3926=CARTESIAN_POINT('',(-1.20333510358753,-2.08423753794475,2.55823068226258));
#3927=CARTESIAN_POINT('',(-7.2733140039846E-16,-2.77898338392633,2.58797727990228));
#3928=CARTESIAN_POINT('',(1.20333510358752,-2.08423753794475,2.61772387754198));
#3929=CARTESIAN_POINT('',(2.40667020717505,-1.38949169196317,2.64747047518168));
#3930=CARTESIAN_POINT('',(2.40667020717505,5.31105888065192E-32,2.67721707282138));
#3931=CARTESIAN_POINT('',(2.40667020717505,1.38949169196317,2.70696367046108));
#3932=CARTESIAN_POINT('',(1.20333510358752,2.08423753794475,2.73671026810078));
#3933=CARTESIAN_POINT('',(-4.66767791966477E-17,2.77898338392633,2.76645686574048));
#3934=CARTESIAN_POINT('',(-1.20333510358752,2.08423753794475,2.79620346338018));
#3935=CARTESIAN_POINT('',(-2.40667020717505,1.38949169196317,2.82595006101988));
#3936=CARTESIAN_POINT('',(-2.40667020717505,2.94732096582022E-16,2.85569665865958));
#3937=CARTESIAN_POINT('',(-2.40667020717505,-1.38949169196317,2.88544325629928));
#3938=CARTESIAN_POINT('',(-1.20333510358753,-2.08423753794475,2.91518985393898));
#3939=CARTESIAN_POINT('',(-7.2733140039846E-16,-2.77898338392633,2.94493645157868));
#3940=CARTESIAN_POINT('',(1.20333510358752,-2.08423753794475,2.97468304921838));
#3941=CARTESIAN_POINT('',(2.40667020717505,-1.38949169196317,3.00442964685808));
#3942=CARTESIAN_POINT('',(2.40667020717505,5.31105888065192E-32,3.03417624449778));
#3943=CARTESIAN_POINT('',(2.40667020717505,1.38949169196317,3.06392284213748));
#3944=CARTESIAN_POINT('',(1.20333510358752,2.08423753794475,3.09366943977718));
#3945=CARTESIAN_POINT('',(-4.66767791966477E-17,2.77898338392633,3.12341603741688));
#3946=CARTESIAN_POINT('',(-1.20333510358752,2.08423753794475,3.15316263505658));
#3947=CARTESIAN_POINT('',(-2.40667020717505,1.38949169196317,3.18290923269628));
#3948=CARTESIAN_POINT('',(-2.40667020717505,2.94732096582022E-16,3.21265583033598));
#3949=CARTESIAN_POINT('',(-2.40667020717505,-1.38949169196317,3.24240242797568));
#3950=CARTESIAN_POINT('',(-1.20333510358753,-2.08423753794475,3.27214902561537));
#3951=CARTESIAN_POINT('',(-7.2733140039846E-16,-2.77898338392633,3.30189562325507));
#3952=CARTESIAN_POINT('',(1.20333510358752,-2.08423753794475,3.33164222089477));
#3953=CARTESIAN_POINT('',(2.40667020717505,-1.38949169196317,3.36138881853447));
#3954=CARTESIAN_POINT('',(2.40667020717505,5.31105888065192E-32,3.39113541617417));
#3955=CARTESIAN_POINT('',(2.40667020717505,1.38949169196317,3.42088201381387));
#3956=CARTESIAN_POINT('',(1.20333510358752,2.08423753794475,3.45062861145357));
#3957=CARTESIAN_POINT('',(-4.66767791966477E-17,2.77898338392633,3.48037520909327));
#3958=CARTESIAN_POINT('',(-1.20333510358752,2.08423753794475,3.51012180673297));
#3959=CARTESIAN_POINT('',(-2.40667020717505,1.38949169196317,3.53986840437267));
#3960=CARTESIAN_POINT('',(-2.40667020717505,2.94732096582022E-16,3.56961500201237));
#3961=CARTESIAN_POINT('',(-2.40667020717505,-1.38949169196317,3.59936159965207));
#3962=CARTESIAN_POINT('',(-1.20333510358753,-2.08423753794475,3.62910819729177));
#3963=CARTESIAN_POINT('',(-7.2733140039846E-16,-2.77898338392633,3.65885479493147));
#3964=CARTESIAN_POINT('',(1.20333510358752,-2.08423753794475,3.68860139257117));
#3965=CARTESIAN_POINT('',(2.40667020717505,-1.38949169196317,3.71834799021087));
#3966=CARTESIAN_POINT('',(2.40667020717505,5.31105888065192E-32,3.74809458785057));
#3967=CARTESIAN_POINT('',(2.40667020717505,5.31105888065192E-32,0.820314362387008));
#3968=CARTESIAN_POINT('',(2.40667020717505,1.38949169196317,0.850060960026708));
#3969=CARTESIAN_POINT('',(1.20333510358752,2.08423753794475,0.879807557666407));
#3970=CARTESIAN_POINT('',(-4.66767791966477E-17,2.77898338392633,0.909554155306107));
#3971=CARTESIAN_POINT('',(-1.20333510358752,2.08423753794475,0.939300752945807));
#3972=CARTESIAN_POINT('',(-2.40667020717505,1.38949169196317,0.969047350585506));
#3973=CARTESIAN_POINT('',(-2.40667020717505,2.94732096582022E-16,0.998793948225206));
#3974=CARTESIAN_POINT('',(-2.40667020717505,-1.38949169196317,1.02854054586491));
#3975=CARTESIAN_POINT('',(-1.20333510358753,-2.08423753794475,1.0582871435046));
#3976=CARTESIAN_POINT('',(-7.27331400398461E-16,-2.77898338392633,1.0880337411443));
#3977=CARTESIAN_POINT('',(1.20333510358752,-2.08423753794475,1.117780338784));
#3978=CARTESIAN_POINT('',(2.40667020717505,-1.38949169196317,1.1475269364237));
#3979=CARTESIAN_POINT('',(2.40667020717505,5.31105888065192E-32,1.1772735340634));
#3980=CARTESIAN_POINT('',(2.40667020717505,1.38949169196317,1.2070201317031));
#3981=CARTESIAN_POINT('',(1.20333510358752,2.08423753794475,1.2367667293428));
#3982=CARTESIAN_POINT('',(-4.66767791966477E-17,2.77898338392633,1.2665133269825));
#3983=CARTESIAN_POINT('',(-1.20333510358752,2.08423753794475,1.2962599246222));
#3984=CARTESIAN_POINT('',(-2.40667020717505,1.38949169196317,1.3260065222619));
#3985=CARTESIAN_POINT('',(-2.40667020717505,2.94732096582022E-16,1.3557531199016));
#3986=CARTESIAN_POINT('',(-2.40667020717505,-1.38949169196317,1.3854997175413));
#3987=CARTESIAN_POINT('',(-1.20333510358753,-2.08423753794475,1.415246315181));
#3988=CARTESIAN_POINT('',(-7.27331400398461E-16,-2.77898338392633,1.4449929128207));
#3989=CARTESIAN_POINT('',(1.20333510358752,-2.08423753794475,1.4747395104604));
#3990=CARTESIAN_POINT('',(2.40667020717505,-1.38949169196317,1.5044861081001));
#3991=CARTESIAN_POINT('',(2.40667020717505,5.31105888065192E-32,1.5342327057398));
#3992=CARTESIAN_POINT('',(2.40667020717505,1.38949169196317,1.5639793033795));
#3993=CARTESIAN_POINT('',(1.20333510358752,2.08423753794475,1.5937259010192));
#3994=CARTESIAN_POINT('',(-4.66767791966477E-17,2.77898338392633,1.6234724986589));
#3995=CARTESIAN_POINT('',(-1.20333510358752,2.08423753794475,1.6532190962986));
#3996=CARTESIAN_POINT('',(-2.40667020717505,1.38949169196317,1.6829656939383));
#3997=CARTESIAN_POINT('',(-2.40667020717505,2.94732096582022E-16,1.712712291578));
#3998=CARTESIAN_POINT('',(-2.40667020717505,-1.38949169196317,1.7424588892177));
#3999=CARTESIAN_POINT('',(-1.20333510358753,-2.08423753794475,1.77220548685739));
#4000=CARTESIAN_POINT('',(-7.27331400398461E-16,-2.77898338392633,1.80195208449709));
#4001=CARTESIAN_POINT('',(1.20333510358752,-2.08423753794475,1.83169868213679));
#4002=CARTESIAN_POINT('',(2.40667020717505,-1.38949169196317,1.86144527977649));
#4003=CARTESIAN_POINT('',(2.40667020717505,5.31105888065192E-32,1.89119187741619));
#4004=CARTESIAN_POINT('',(2.40667020717505,1.38949169196317,1.92093847505589));
#4005=CARTESIAN_POINT('',(1.20333510358752,2.08423753794475,1.95068507269559));
#4006=CARTESIAN_POINT('',(-4.66767791966477E-17,2.77898338392633,1.98043167033529));
#4007=CARTESIAN_POINT('',(-1.20333510358752,2.08423753794475,2.01017826797499));
#4008=CARTESIAN_POINT('',(-2.40667020717505,1.38949169196317,2.03992486561469));
#4009=CARTESIAN_POINT('',(-2.40667020717505,2.94732096582022E-16,2.06967146325439));
#4010=CARTESIAN_POINT('',(-2.40667020717505,-1.38949169196317,2.09941806089409));
#4011=CARTESIAN_POINT('',(-1.20333510358753,-2.08423753794475,2.12916465853379));
#4012=CARTESIAN_POINT('',(-7.27331400398461E-16,-2.77898338392633,2.15891125617349));
#4013=CARTESIAN_POINT('',(1.20333510358752,-2.08423753794475,2.18865785381319));
#4014=CARTESIAN_POINT('',(2.40667020717505,-1.38949169196317,2.21840445145289));
#4015=CARTESIAN_POINT('',(2.40667020717505,5.31105888065192E-32,2.24815104909259));
#4016=CARTESIAN_POINT('',(2.40667020717505,1.38949169196317,2.27789764673229));
#4017=CARTESIAN_POINT('',(1.20333510358752,2.08423753794475,2.30764424437199));
#4018=CARTESIAN_POINT('',(-4.66767791966477E-17,2.77898338392633,2.33739084201169));
#4019=CARTESIAN_POINT('',(-1.20333510358752,2.08423753794475,2.36713743965139));
#4020=CARTESIAN_POINT('',(-2.40667020717505,1.38949169196317,2.39688403729109));
#4021=CARTESIAN_POINT('',(-2.40667020717505,2.94732096582022E-16,2.42663063493079));
#4022=CARTESIAN_POINT('',(-2.40667020717505,-1.38949169196317,2.45637723257048));
#4023=CARTESIAN_POINT('',(-1.20333510358753,-2.08423753794475,2.48612383021018));
#4024=CARTESIAN_POINT('',(-7.27331400398461E-16,-2.77898338392633,2.51587042784988));
#4025=CARTESIAN_POINT('',(1.20333510358752,-2.08423753794475,2.54561702548958));
#4026=CARTESIAN_POINT('',(2.40667020717505,-1.38949169196317,2.57536362312928));
#4027=CARTESIAN_POINT('',(2.40667020717505,5.31105888065192E-32,2.60511022076898));
#4028=CARTESIAN_POINT('',(2.40667020717505,1.38949169196317,2.63485681840868));
#4029=CARTESIAN_POINT('',(1.20333510358752,2.08423753794475,2.66460341604838));
#4030=CARTESIAN_POINT('',(-4.66767791966477E-17,2.77898338392633,2.69435001368808));
#4031=CARTESIAN_POINT('',(-1.20333510358752,2.08423753794475,2.72409661132778));
#4032=CARTESIAN_POINT('',(-2.40667020717505,1.38949169196317,2.75384320896748));
#4033=CARTESIAN_POINT('',(-2.40667020717505,2.94732096582022E-16,2.78358980660718));
#4034=CARTESIAN_POINT('',(-2.40667020717505,-1.38949169196317,2.81333640424688));
#4035=CARTESIAN_POINT('',(-1.20333510358753,-2.08423753794475,2.84308300188658));
#4036=CARTESIAN_POINT('',(-7.27331400398461E-16,-2.77898338392633,2.87282959952628));
#4037=CARTESIAN_POINT('',(1.20333510358752,-2.08423753794475,2.90257619716598));
#4038=CARTESIAN_POINT('',(2.40667020717505,-1.38949169196317,2.93232279480568));
#4039=CARTESIAN_POINT('',(2.40667020717505,5.31105888065192E-32,2.96206939244538));
#4040=CARTESIAN_POINT('',(2.40667020717505,1.38949169196317,2.99181599008508));
#4041=CARTESIAN_POINT('',(1.20333510358752,2.08423753794475,3.02156258772478));
#4042=CARTESIAN_POINT('',(-4.66767791966477E-17,2.77898338392633,3.05130918536448));
#4043=CARTESIAN_POINT('',(-1.20333510358752,2.08423753794475,3.08105578300418));
#4044=CARTESIAN_POINT('',(-2.40667020717505,1.38949169196317,3.11080238064388));
#4045=CARTESIAN_POINT('',(-2.40667020717505,2.94732096582022E-16,3.14054897828358));
#4046=CARTESIAN_POINT('',(-2.40667020717505,-1.38949169196317,3.17029557592328));
#4047=CARTESIAN_POINT('',(-1.20333510358753,-2.08423753794475,3.20004217356297));
#4048=CARTESIAN_POINT('',(-7.27331400398461E-16,-2.77898338392633,3.22978877120267));
#4049=CARTESIAN_POINT('',(1.20333510358752,-2.08423753794475,3.25953536884237));
#4050=CARTESIAN_POINT('',(2.40667020717505,-1.38949169196317,3.28928196648207));
#4051=CARTESIAN_POINT('',(2.40667020717505,5.31105888065192E-32,3.31902856412177));
#4052=CARTESIAN_POINT('',(2.40667020717505,1.38949169196317,3.34877516176147));
#4053=CARTESIAN_POINT('',(1.20333510358752,2.08423753794475,3.37852175940117));
#4054=CARTESIAN_POINT('',(-4.66767791966477E-17,2.77898338392633,3.40826835704087));
#4055=CARTESIAN_POINT('',(-1.20333510358752,2.08423753794475,3.43801495468057));
#4056=CARTESIAN_POINT('',(-2.40667020717505,1.38949169196317,3.46776155232027));
#4057=CARTESIAN_POINT('',(-2.40667020717505,2.94732096582022E-16,3.49750814995997));
#4058=CARTESIAN_POINT('',(-2.40667020717505,-1.38949169196317,3.52725474759967));
#4059=CARTESIAN_POINT('',(-1.20333510358753,-2.08423753794475,3.55700134523937));
#4060=CARTESIAN_POINT('',(-7.27331400398461E-16,-2.77898338392633,3.58674794287907));
#4061=CARTESIAN_POINT('',(1.20333510358752,-2.08423753794475,3.61649454051877));
#4062=CARTESIAN_POINT('',(2.40667020717505,-1.38949169196317,3.64624113815847));
#4063=CARTESIAN_POINT('',(2.40667020717505,5.31105888065192E-32,3.67598773579817));
#4064=CARTESIAN_POINT('',(2.18660804622154,-4.28451607167209E-15,3.67598773579817));
#4065=CARTESIAN_POINT('',(2.31534184956221,-4.18512818348783E-15,3.85446732163637));
#4066=CARTESIAN_POINT('',(2.31534184956221,7.03266785018807E-16,0.998793948225206));
#4067=CARTESIAN_POINT('',(2.31534184956221,1.33676324011075,1.02854054586491));
#4068=CARTESIAN_POINT('',(1.1576709247811,2.00514486016612,1.0582871435046));
#4069=CARTESIAN_POINT('',(-8.65196687460616E-16,2.67352648022149,1.0880337411443));
#4070=CARTESIAN_POINT('',(-1.1576709247811,2.00514486016612,1.117780338784));
#4071=CARTESIAN_POINT('',(-2.31534184956221,1.33676324011075,1.1475269364237));
#4072=CARTESIAN_POINT('',(-2.31534184956221,-4.1971918651898E-16,1.1772735340634));
#4073=CARTESIAN_POINT('',(-2.31534184956221,-1.33676324011075,1.2070201317031));
#4074=CARTESIAN_POINT('',(-1.1576709247811,-2.00514486016612,1.2367667293428));
#4075=CARTESIAN_POINT('',(1.0410325382252E-16,-2.67352648022149,1.2665133269825));
#4076=CARTESIAN_POINT('',(1.1576709247811,-2.00514486016612,1.2962599246222));
#4077=CARTESIAN_POINT('',(2.31534184956221,-1.33676324011075,1.3260065222619));
#4078=CARTESIAN_POINT('',(2.31534184956221,1.36171588019153E-16,1.3557531199016));
#4079=CARTESIAN_POINT('',(2.31534184956221,1.33676324011074,1.3854997175413));
#4080=CARTESIAN_POINT('',(1.1576709247811,2.00514486016612,1.415246315181));
#4081=CARTESIAN_POINT('',(2.16419696605674E-15,2.67352648022149,1.4449929128207));
#4082=CARTESIAN_POINT('',(-1.1576709247811,2.00514486016612,1.4747395104604));
#4083=CARTESIAN_POINT('',(-2.31534184956221,1.33676324011075,1.5044861081001));
#4084=CARTESIAN_POINT('',(-2.31534184956221,1.47376010480674E-16,1.5342327057398));
#4085=CARTESIAN_POINT('',(-2.31534184956221,-1.33676324011074,1.5639793033795));
#4086=CARTESIAN_POINT('',(-1.15767092478111,-2.00514486016612,1.5937259010192));
#4087=CARTESIAN_POINT('',(-5.50721875465268E-16,-2.67352648022149,1.6234724986589));
#4088=CARTESIAN_POINT('',(1.1576709247811,-2.00514486016612,1.6532190962986));
#4089=CARTESIAN_POINT('',(2.31534184956221,-1.33676324011075,1.6829656939383));
#4090=CARTESIAN_POINT('',(2.31534184956221,-4.30923608980501E-16,1.712712291578));
#4091=CARTESIAN_POINT('',(2.31534184956221,1.33676324011074,1.7424588892177));
#4092=CARTESIAN_POINT('',(1.15767092478111,2.00514486016612,1.77220548685739));
#4093=CARTESIAN_POINT('',(5.19359061957409E-15,2.67352648022149,1.80195208449709));
#4094=CARTESIAN_POINT('',(-1.1576709247811,2.00514486016612,1.83169868213679));
#4095=CARTESIAN_POINT('',(-2.31534184956221,1.33676324011075,1.86144527977649));
#4096=CARTESIAN_POINT('',(-2.31534184956221,4.82734453749978E-15,1.89119187741619));
#4097=CARTESIAN_POINT('',(-2.31534184956221,-1.33676324011074,1.92093847505589));
#4098=CARTESIAN_POINT('',(-1.15767092478111,-2.00514486016612,1.95068507269559));
#4099=CARTESIAN_POINT('',(-5.95468405321218E-15,-2.67352648022149,1.98043167033529));
#4100=CARTESIAN_POINT('',(1.1576709247811,-2.00514486016612,2.01017826797499));
#4101=CARTESIAN_POINT('',(2.3153418495622,-1.33676324011075,2.03992486561469));
#4102=CARTESIAN_POINT('',(2.31534184956221,-9.98018805980155E-16,2.06967146325439));
#4103=CARTESIAN_POINT('',(2.31534184956221,1.33676324011074,2.09941806089409));
#4104=CARTESIAN_POINT('',(1.15767092478111,2.00514486016612,2.12916465853379));
#4105=CARTESIAN_POINT('',(5.84841574886187E-15,2.67352648022149,2.15891125617349));
#4106=CARTESIAN_POINT('',(-1.1576709247811,2.00514486016612,2.18865785381319));
#4107=CARTESIAN_POINT('',(-2.3153418495622,1.33676324011075,2.21840445145289));
#4108=CARTESIAN_POINT('',(-2.31534184956221,1.28156640447998E-15,2.24815104909259));
#4109=CARTESIAN_POINT('',(-2.31534184956221,-1.33676324011074,2.27789764673229));
#4110=CARTESIAN_POINT('',(-1.15767092478111,-2.00514486016612,2.30764424437199));
#4111=CARTESIAN_POINT('',(-6.60950918249997E-15,-2.67352648022149,2.33739084201169));
#4112=CARTESIAN_POINT('',(1.1576709247811,-2.00514486016612,2.36713743965139));
#4113=CARTESIAN_POINT('',(2.3153418495622,-1.33676324011075,2.39688403729109));
#4114=CARTESIAN_POINT('',(2.31534184956221,-1.56511400297981E-15,2.42663063493079));
#4115=CARTESIAN_POINT('',(2.31534184956221,1.33676324011074,2.45637723257049));
#4116=CARTESIAN_POINT('',(1.15767092478111,2.00514486016612,2.48612383021018));
#4117=CARTESIAN_POINT('',(6.50324087814966E-15,2.67352648022149,2.51587042784988));
#4118=CARTESIAN_POINT('',(-1.1576709247811,2.00514486016612,2.54561702548958));
#4119=CARTESIAN_POINT('',(-2.3153418495622,1.33676324011075,2.57536362312928));
#4120=CARTESIAN_POINT('',(-2.31534184956221,1.00744082615185E-14,2.60511022076898));
#4121=CARTESIAN_POINT('',(-2.31534184956221,-1.33676324011074,2.63485681840868));
#4122=CARTESIAN_POINT('',(-1.15767092478111,-2.00514486016612,2.66460341604838));
#4123=CARTESIAN_POINT('',(-7.26433431178776E-15,-2.67352648022149,2.69435001368808));
#4124=CARTESIAN_POINT('',(1.1576709247811,-2.00514486016612,2.72409661132778));
#4125=CARTESIAN_POINT('',(2.3153418495622,-1.33676324011076,2.75384320896748));
#4126=CARTESIAN_POINT('',(2.31534184956221,-1.03579558600184E-14,2.78358980660718));
#4127=CARTESIAN_POINT('',(2.31534184956221,1.33676324011074,2.81333640424688));
#4128=CARTESIAN_POINT('',(1.15767092478111,2.00514486016612,2.84308300188658));
#4129=CARTESIAN_POINT('',(1.66563401043557E-14,2.67352648022149,2.87282959952628));
#4130=CARTESIAN_POINT('',(-1.1576709247811,2.00514486016612,2.90257619716598));
#4131=CARTESIAN_POINT('',(-2.31534184956221,1.33676324011075,2.93232279480568));
#4132=CARTESIAN_POINT('',(-2.31534184956221,1.06415034585182E-14,2.96206939244538));
#4133=CARTESIAN_POINT('',(-2.31534184956221,-1.33676324011074,2.99181599008508));
#4134=CARTESIAN_POINT('',(-1.15767092478112,-2.00514486016611,3.02156258772478));
#4135=CARTESIAN_POINT('',(-7.91915944107555E-15,-2.67352648022149,3.05130918536448));
#4136=CARTESIAN_POINT('',(1.15767092478109,-2.00514486016613,3.08105578300418));
#4137=CARTESIAN_POINT('',(2.3153418495622,-1.33676324011076,3.11080238064388));
#4138=CARTESIAN_POINT('',(2.31534184956221,-2.69930439697912E-15,3.14054897828358));
#4139=CARTESIAN_POINT('',(2.31534184956221,1.33676324011073,3.17029557592328));
#4140=CARTESIAN_POINT('',(1.15767092478111,2.00514486016612,3.20004217356297));
#4141=CARTESIAN_POINT('',(1.73111652336435E-14,2.67352648022149,3.22978877120267));
#4142=CARTESIAN_POINT('',(-1.1576709247811,2.00514486016612,3.25953536884237));
#4143=CARTESIAN_POINT('',(-2.31534184956221,1.33676324011075,3.28928196648207));
#4144=CARTESIAN_POINT('',(-2.31534184956221,1.12085986555179E-14,3.31902856412177));
#4145=CARTESIAN_POINT('',(-2.31534184956221,-1.33676324011074,3.34877516176147));
#4146=CARTESIAN_POINT('',(-1.15767092478112,-2.00514486016611,3.37852175940117));
#4147=CARTESIAN_POINT('',(-8.57398457036334E-15,-2.67352648022149,3.40826835704087));
#4148=CARTESIAN_POINT('',(1.15767092478109,-2.00514486016613,3.43801495468057));
#4149=CARTESIAN_POINT('',(2.3153418495622,-1.33676324011076,3.46776155232027));
#4150=CARTESIAN_POINT('',(2.31534184956221,-3.26639959397877E-15,3.49750814995997));
#4151=CARTESIAN_POINT('',(2.31534184956221,1.33676324011073,3.52725474759967));
#4152=CARTESIAN_POINT('',(1.15767092478111,2.00514486016612,3.55700134523937));
#4153=CARTESIAN_POINT('',(1.79659903629313E-14,2.67352648022149,3.58674794287907));
#4154=CARTESIAN_POINT('',(-1.1576709247811,2.00514486016612,3.61649454051877));
#4155=CARTESIAN_POINT('',(-2.3153418495622,1.33676324011077,3.64624113815847));
#4156=CARTESIAN_POINT('',(-2.31534184956221,1.17756938525175E-14,3.67598773579817));
#4157=CARTESIAN_POINT('',(-2.31534184956221,-1.33676324011074,3.70573433343787));
#4158=CARTESIAN_POINT('',(-1.15767092478112,-2.00514486016611,3.73548093107757));
#4159=CARTESIAN_POINT('',(-9.22880969965113E-15,-2.67352648022149,3.76522752871727));
#4160=CARTESIAN_POINT('',(1.15767092478109,-2.00514486016613,3.79497412635697));
#4161=CARTESIAN_POINT('',(2.3153418495622,-1.33676324011076,3.82472072399667));
#4162=CARTESIAN_POINT('',(2.31534184956221,-3.83349479097842E-15,3.85446732163637));
#4163=CARTESIAN_POINT('',(2.18660804622154,5.31105888065192E-32,0.820314362387008));
#4164=CARTESIAN_POINT('',(2.05787424288087,-3.52823674642858E-15,3.49750814995997));
#4165=CARTESIAN_POINT('',(2.05787424288088,1.18811424808567,3.52725474759967));
#4166=CARTESIAN_POINT('',(1.02893712144044,1.7821713721285,3.55700134523937));
#4167=CARTESIAN_POINT('',(4.00271846722739E-15,2.37622849617134,3.58674794287907));
#4168=CARTESIAN_POINT('',(-1.02893712144043,1.78217137212851,3.61649454051877));
#4169=CARTESIAN_POINT('',(-2.05787424288087,1.18811424808567,3.64624113815847));
#4170=CARTESIAN_POINT('',(-2.05787424288087,3.78025365688777E-15,3.67598773579817));
#4171=CARTESIAN_POINT('',(-2.05787424288088,-1.18811424808567,3.70573433343787));
#4172=CARTESIAN_POINT('',(-1.02893712144044,-1.7821713721285,3.73548093107757));
#4173=CARTESIAN_POINT('',(-4.72740339840949E-15,-2.37622849617134,3.76522752871727));
#4174=CARTESIAN_POINT('',(1.02893712144043,-1.78217137212851,3.79497412635697));
#4175=CARTESIAN_POINT('',(2.05787424288087,-1.18811424808567,3.82472072399667));
#4176=CARTESIAN_POINT('',(2.05787424288087,-3.52823674642858E-15,3.85446732163637));
#4177=CARTESIAN_POINT('',(2.13751204690763,-3.66477620093807E-15,3.55494932651759));
#4178=CARTESIAN_POINT('',(2.13751204690763,1.23409315567818,3.58469592415729));
#4179=CARTESIAN_POINT('',(1.06875602345382,1.85113973351728,3.61444252179699));
#4180=CARTESIAN_POINT('',(4.16601144106065E-15,2.46818631135637,3.64418911943669));
#4181=CARTESIAN_POINT('',(-1.06875602345381,1.85113973351728,3.67393571707639));
#4182=CARTESIAN_POINT('',(-2.13751204690762,1.23409315567819,3.70368231471609));
#4183=CARTESIAN_POINT('',(-2.13751204690763,3.9265459295765E-15,3.73342891235579));
#4184=CARTESIAN_POINT('',(-2.13751204690763,-1.23409315567818,3.76317550999549));
#4185=CARTESIAN_POINT('',(-1.06875602345382,-1.85113973351728,3.79292210763519));
#4186=CARTESIAN_POINT('',(-4.90195795664504E-15,-2.46818631135637,3.82266870527489));
#4187=CARTESIAN_POINT('',(1.06875602345381,-1.85113973351728,3.85241530291459));
#4188=CARTESIAN_POINT('',(2.13751204690762,-1.23409315567819,3.88216190055428));
#4189=CARTESIAN_POINT('',(2.13751204690763,-3.66477620093807E-15,3.91190849819398));
#4190=CARTESIAN_POINT('',(2.23570404553545,-3.83312692448809E-15,3.55494932651759));
#4191=CARTESIAN_POINT('',(2.23570404553546,1.29078433251823,3.58469592415729));
#4192=CARTESIAN_POINT('',(1.11785202276773,1.93617649877734,3.61444252179699));
#4193=CARTESIAN_POINT('',(4.36734877900611E-15,2.58156866503646,3.64418911943669));
#4194=CARTESIAN_POINT('',(-1.11785202276772,1.93617649877735,3.67393571707639));
#4195=CARTESIAN_POINT('',(-2.23570404553545,1.29078433251823,3.70368231471609));
#4196=CARTESIAN_POINT('',(-2.23570404553545,4.10692170480867E-15,3.73342891235579));
#4197=CARTESIAN_POINT('',(-2.23570404553546,-1.29078433251822,3.76317550999549));
#4198=CARTESIAN_POINT('',(-1.11785202276773,-1.93617649877734,3.79292210763519));
#4199=CARTESIAN_POINT('',(-5.11718062824191E-15,-2.58156866503646,3.82266870527488));
#4200=CARTESIAN_POINT('',(1.11785202276772,-1.93617649877735,3.85241530291458));
#4201=CARTESIAN_POINT('',(2.23570404553545,-1.29078433251823,3.88216190055428));
#4202=CARTESIAN_POINT('',(2.23570404553545,-3.83312692448809E-15,3.91190849819398));
#4203=CARTESIAN_POINT('',(2.31534184956221,-3.96966637899758E-15,3.49750814995997));
#4204=CARTESIAN_POINT('',(2.31534184956221,1.33676324011074,3.52725474759967));
#4205=CARTESIAN_POINT('',(1.15767092478111,2.00514486016612,3.55700134523937));
#4206=CARTESIAN_POINT('',(4.53064175283936E-15,2.67352648022149,3.58674794287907));
#4207=CARTESIAN_POINT('',(-1.1576709247811,2.00514486016612,3.61649454051877));
#4208=CARTESIAN_POINT('',(-2.3153418495622,1.33676324011075,3.64624113815847));
#4209=CARTESIAN_POINT('',(-2.31534184956221,4.2532139774974E-15,3.67598773579817));
#4210=CARTESIAN_POINT('',(-2.31534184956221,-1.33676324011074,3.70573433343787));
#4211=CARTESIAN_POINT('',(-1.15767092478111,-2.00514486016612,3.73548093107757));
#4212=CARTESIAN_POINT('',(-5.29173518647746E-15,-2.67352648022149,3.76522752871727));
#4213=CARTESIAN_POINT('',(1.1576709247811,-2.00514486016612,3.79497412635697));
#4214=CARTESIAN_POINT('',(2.3153418495622,-1.33676324011075,3.82472072399667));
#4215=CARTESIAN_POINT('',(2.31534184956221,-3.96966637899758E-15,3.85446732163637));
#4216=CARTESIAN_POINT('',(2.18660804622154,-4.28451607167209E-15,3.67598773579817));
#4217=CARTESIAN_POINT('',(2.18660804622154,-3.74895156271308E-15,3.31902856412177));
#4218=CARTESIAN_POINT('',(2.31534184956221,5.31105888065192E-32,0.641834776548811));
#4219=CARTESIAN_POINT('',(2.31534184956221,1.33676324011075,0.67158137418851));
#4220=CARTESIAN_POINT('',(1.1576709247811,2.00514486016612,0.70132797182821));
#4221=CARTESIAN_POINT('',(-5.31341521751539E-17,2.67352648022149,0.731074569467909));
#4222=CARTESIAN_POINT('',(-1.1576709247811,2.00514486016612,0.760821167107609));
#4223=CARTESIAN_POINT('',(-2.31534184956221,1.33676324011075,0.790567764747309));
#4224=CARTESIAN_POINT('',(-2.31534184956221,2.83547598499827E-16,0.820314362387008));
#4225=CARTESIAN_POINT('',(-2.31534184956221,-1.33676324011075,0.850060960026708));
#4226=CARTESIAN_POINT('',(-1.15767092478111,-2.00514486016612,0.879807557666407));
#4227=CARTESIAN_POINT('',(-7.07959281462942E-16,-2.67352648022149,0.909554155306107));
#4228=CARTESIAN_POINT('',(1.1576709247811,-2.00514486016612,0.939300752945807));
#4229=CARTESIAN_POINT('',(2.31534184956221,-1.33676324011075,0.969047350585506));
#4230=CARTESIAN_POINT('',(2.31534184956221,5.31105888065192E-32,0.998793948225206));
#4231=CARTESIAN_POINT('',(2.23570404553545,5.31105888065192E-32,0.584393599991192));
#4232=CARTESIAN_POINT('',(2.23570404553545,1.29078433251823,0.614140197630891));
#4233=CARTESIAN_POINT('',(1.11785202276773,1.93617649877734,0.643886795270591));
#4234=CARTESIAN_POINT('',(-5.87649443763007E-17,2.58156866503646,0.673633392910291));
#4235=CARTESIAN_POINT('',(-1.11785202276773,1.93617649877734,0.70337999054999));
#4236=CARTESIAN_POINT('',(-2.23570404553545,1.29078433251823,0.73312658818969));
#4237=CARTESIAN_POINT('',(-2.23570404553545,2.73794780320578E-16,0.762873185829389));
#4238=CARTESIAN_POINT('',(-2.23570404553546,-1.29078433251823,0.792619783469089));
#4239=CARTESIAN_POINT('',(-1.11785202276773,-1.93617649877734,0.822366381108789));
#4240=CARTESIAN_POINT('',(-6.91066904859502E-16,-2.58156866503646,0.852112978748488));
#4241=CARTESIAN_POINT('',(1.11785202276773,-1.93617649877735,0.881859576388188));
#4242=CARTESIAN_POINT('',(2.23570404553545,-1.29078433251823,0.911606174027887));
#4243=CARTESIAN_POINT('',(2.23570404553545,5.31105888065192E-32,0.941352771667587));
#4244=CARTESIAN_POINT('',(2.13751204690763,5.31105888065192E-32,0.584393599991192));
#4245=CARTESIAN_POINT('',(2.13751204690763,1.23409315567819,0.614140197630892));
#4246=CARTESIAN_POINT('',(1.06875602345381,1.85113973351728,0.643886795270591));
#4247=CARTESIAN_POINT('',(-6.57076112020062E-17,2.46818631135637,0.673633392910291));
#4248=CARTESIAN_POINT('',(-1.06875602345381,1.85113973351728,0.70337999054999));
#4249=CARTESIAN_POINT('',(-2.13751204690763,1.23409315567819,0.73312658818969));
#4250=CARTESIAN_POINT('',(-2.13751204690763,2.61769728638433E-16,0.76287318582939));
#4251=CARTESIAN_POINT('',(-2.13751204690763,-1.23409315567819,0.792619783469089));
#4252=CARTESIAN_POINT('',(-1.06875602345381,-1.85113973351728,0.822366381108789));
#4253=CARTESIAN_POINT('',(-6.70238904382385E-16,-2.46818631135637,0.852112978748489));
#4254=CARTESIAN_POINT('',(1.06875602345381,-1.85113973351728,0.881859576388188));
#4255=CARTESIAN_POINT('',(2.13751204690763,-1.23409315567819,0.911606174027887));
#4256=CARTESIAN_POINT('',(2.13751204690763,5.31105888065192E-32,0.941352771667587));
#4257=CARTESIAN_POINT('',(2.05787424288087,5.31105888065192E-32,0.641834776548811));
#4258=CARTESIAN_POINT('',(2.05787424288087,1.18811424808567,0.67158137418851));
#4259=CARTESIAN_POINT('',(1.02893712144044,1.78217137212851,0.70132797182821));
#4260=CARTESIAN_POINT('',(-7.13384034031529E-17,2.37622849617134,0.73107456946791));
#4261=CARTESIAN_POINT('',(-1.02893712144044,1.78217137212851,0.760821167107609));
#4262=CARTESIAN_POINT('',(-2.05787424288087,1.18811424808567,0.790567764747309));
#4263=CARTESIAN_POINT('',(-2.05787424288087,2.52016910459185E-16,0.820314362387008));
#4264=CARTESIAN_POINT('',(-2.05787424288088,-1.18811424808567,0.850060960026708));
#4265=CARTESIAN_POINT('',(-1.02893712144044,-1.78217137212851,0.879807557666408));
#4266=CARTESIAN_POINT('',(-6.53346527778945E-16,-2.37622849617134,0.909554155306107));
#4267=CARTESIAN_POINT('',(1.02893712144044,-1.78217137212851,0.939300752945807));
#4268=CARTESIAN_POINT('',(2.05787424288087,-1.18811424808567,0.969047350585506));
#4269=CARTESIAN_POINT('',(2.05787424288087,5.31105888065192E-32,0.998793948225206));
#4270=CARTESIAN_POINT('',(2.18660804622154,1.40653357003762E-15,1.1772735340634));
#4271=CARTESIAN_POINT('',(2.18660804622154,5.31105888065192E-32,0.820314362387008));
#4272=CARTESIAN_POINT('',(2.18660804622154,-4.28451607167209E-15,3.67598773579817));
#4273=CARTESIAN_POINT('',(2.18660804622154,5.31105888065192E-32,0.820314362387008));
#4274=MECHANICAL_DESIGN_GEOMETRIC_PRESENTATION_REPRESENTATION('',(#790,
#791,#792,#793,#794,#795,#796,#797,#798,#799,#800,#801,#802,#803,#804,#805,
#806,#807,#808,#809,#810,#811,#812,#813,#814,#815,#816,#817,#818,#819,#820,
#821,#822,#823,#824,#825,#826,#827,#828,#829,#830,#831),#4275);
#4275=(
GEOMETRIC_REPRESENTATION_CONTEXT(3)
GLOBAL_UNCERTAINTY_ASSIGNED_CONTEXT((#4276))
GLOBAL_UNIT_ASSIGNED_CONTEXT((#4279,#4278,#4277))
REPRESENTATION_CONTEXT('IDCP2218ER101M01','TOP_LEVEL_ASSEMBLY_PART')
);
#4276=UNCERTAINTY_MEASURE_WITH_UNIT(LENGTH_MEASURE(0.005),#4279,
'DISTANCE_ACCURACY_VALUE','Maximum Tolerance applied to model');
#4277=(
NAMED_UNIT(*)
SI_UNIT($,.STERADIAN.)
SOLID_ANGLE_UNIT()
);
#4278=(
NAMED_UNIT(*)
PLANE_ANGLE_UNIT()
SI_UNIT($,.RADIAN.)
);
#4279=(
LENGTH_UNIT()
NAMED_UNIT(*)
SI_UNIT(.MILLI.,.METRE.)
);
#4280=PRODUCT_DEFINITION_SHAPE('','',#4281);
#4281=PRODUCT_DEFINITION('','',#4283,#4282);
#4282=PRODUCT_DEFINITION_CONTEXT('',#4289,'design');
#4283=PRODUCT_DEFINITION_FORMATION_WITH_SPECIFIED_SOURCE('','',#4285,
 .NOT_KNOWN.);
#4284=PRODUCT_RELATED_PRODUCT_CATEGORY('','',(#4285));
#4285=PRODUCT('IDCP2218ER101M01','IDCP2218ER101M01','IDCP2218ER101M01',
(#4287));
#4286=PRODUCT_CATEGORY('','');
#4287=PRODUCT_CONTEXT('',#4289,'mechanical');
#4288=APPLICATION_PROTOCOL_DEFINITION('international standard',
'automotive_design',2010,#4289);
#4289=APPLICATION_CONTEXT(
'core data for automotive mechanical design processes');
ENDSEC;
END-ISO-10303-21;
