ISO-10303-21;
HEADER;
FILE_DESCRIPTION(('CAx-IF Rec.Pracs.---Model Styling and Organization---1.5---2016-08-15','CAx-IF Rec.Pracs.---Geometric and Assembly Validation Properties---4.4---2016-08-17','CAx-IF Rec.Pracs.---User Defined Attributes---1.5---2016-08-15','CAx-IF Rec.Pracs.---External References---2.1---2005-01-19'),'2;1');
FILE_NAME('20051554.step','2026-02-28T19:29:53',('Unspecified'),('Unspecified'),'CAD Exchanger 3.10.2 (cadexchanger.com)','Unspecified','');
FILE_SCHEMA(('AUTOMOTIVE_DESIGN { 1 0 10303 214 1 1 1 1 }'));
ENDSEC;
DATA;
#1=APPLICATION_CONTEXT('core data for automotive mechanical design processes');
#2=APPLICATION_PROTOCOL_DEFINITION('international standard','automotive_design',2000,#1);
#3=PRODUCT_CONTEXT('',#1,'mechanical');
#4=PRODUCT('IDCP2218ER101M01','IDCP2218ER101M01',$,(#3));
#5=PRODUCT_DEFINITION_FORMATION('',$,#4);
#6=PRODUCT_DEFINITION_CONTEXT('part definition',#1,'design');
#7=PRODUCT_DEFINITION('design',$,#5,#6);
#8=PRODUCT_DEFINITION_SHAPE('',$,#7);
#9=MANIFOLD_SOLID_BREP('',#10);
#10=CLOSED_SHELL('',(#11,#51,#91,#124,#157,#190,#223,#247,#289,#331,#373,#404,#437,#459,#537,#576,#600,#625,#643,#669,#695,#735,#766,#797,#830,#863,#905,#936,#967,#998,#1031,#1055,#1079,#1111,#1125,#1139,#1157,#1175,#1187,#1205,#1223));
#11=ADVANCED_FACE('',(#12),#46,.T.);
#12=FACE_BOUND('',#13,.T.);
#13=EDGE_LOOP('',(#14,#24,#32,#40));
#14=ORIENTED_EDGE('',*,*,#15,.T.);
#15=EDGE_CURVE('',#16,#18,#20,.T.);
#16=VERTEX_POINT('',#17);
#17=CARTESIAN_POINT('',(-1.284523258,-2.6,0.576190605));
#18=VERTEX_POINT('',#19);
#19=CARTESIAN_POINT('',(-1.284523258,-2.6,0.059606194));
#20=LINE('',#21,#22);
#21=CARTESIAN_POINT('',(-1.284523258,-2.6,4.5));
#22=VECTOR('',#23,1.0);
#23=DIRECTION('',(0.0,0.0,-1.0));
#24=ORIENTED_EDGE('',*,*,#25,.T.);
#25=EDGE_CURVE('',#18,#26,#28,.T.);
#26=VERTEX_POINT('',#27);
#27=CARTESIAN_POINT('',(1.284523258,-2.6,0.059606194));
#28=LINE('',#29,#30);
#29=CARTESIAN_POINT('',(1.284523258,-2.6,0.059606194));
#30=VECTOR('',#31,1.0);
#31=DIRECTION('',(1.0,-3.376200986E-16,0.0));
#32=ORIENTED_EDGE('',*,*,#33,.T.);
#33=EDGE_CURVE('',#26,#34,#36,.F.);
#34=VERTEX_POINT('',#35);
#35=CARTESIAN_POINT('',(1.284523258,-2.6,0.576190605));
#36=LINE('',#37,#38);
#37=CARTESIAN_POINT('',(1.284523258,-2.6,4.5));
#38=VECTOR('',#39,1.0);
#39=DIRECTION('',(0.0,0.0,-1.0));
#40=ORIENTED_EDGE('',*,*,#41,.T.);
#41=EDGE_CURVE('',#34,#16,#42,.T.);
#42=LINE('',#43,#44);
#43=CARTESIAN_POINT('',(-1.284523258,-2.6,0.576190605));
#44=VECTOR('',#45,1.0);
#45=DIRECTION('',(-1.0,3.376200986E-16,0.0));
#46=PLANE('',#47);
#47=AXIS2_PLACEMENT_3D('',#48,#49,#50);
#48=CARTESIAN_POINT('',(-1.284523258,-2.6,4.5));
#49=DIRECTION('',(-3.376200986E-16,-1.0,0.0));
#50=DIRECTION('',(1.0,-3.376200986E-16,0.0));
#51=ADVANCED_FACE('',(#52),#86,.T.);
#52=FACE_BOUND('',#53,.T.);
#53=EDGE_LOOP('',(#54,#64,#72,#80));
#54=ORIENTED_EDGE('',*,*,#55,.T.);
#55=EDGE_CURVE('',#56,#58,#60,.T.);
#56=VERTEX_POINT('',#57);
#57=CARTESIAN_POINT('',(1.284523258,2.6,0.576190605));
#58=VERTEX_POINT('',#59);
#59=CARTESIAN_POINT('',(1.284523258,2.6,0.059606194));
#60=LINE('',#61,#62);
#61=CARTESIAN_POINT('',(1.284523258,2.6,4.5));
#62=VECTOR('',#63,1.0);
#63=DIRECTION('',(0.0,0.0,-1.0));
#64=ORIENTED_EDGE('',*,*,#65,.T.);
#65=EDGE_CURVE('',#58,#66,#68,.T.);
#66=VERTEX_POINT('',#67);
#67=CARTESIAN_POINT('',(-1.284523258,2.6,0.059606194));
#68=LINE('',#69,#70);
#69=CARTESIAN_POINT('',(-1.284523258,2.6,0.059606194));
#70=VECTOR('',#71,1.0);
#71=DIRECTION('',(-1.0,-1.688100493E-16,0.0));
#72=ORIENTED_EDGE('',*,*,#73,.T.);
#73=EDGE_CURVE('',#66,#74,#76,.F.);
#74=VERTEX_POINT('',#75);
#75=CARTESIAN_POINT('',(-1.284523258,2.6,0.576190605));
#76=LINE('',#77,#78);
#77=CARTESIAN_POINT('',(-1.284523258,2.6,4.5));
#78=VECTOR('',#79,1.0);
#79=DIRECTION('',(0.0,0.0,-1.0));
#80=ORIENTED_EDGE('',*,*,#81,.T.);
#81=EDGE_CURVE('',#74,#56,#82,.T.);
#82=LINE('',#83,#84);
#83=CARTESIAN_POINT('',(1.284523258,2.6,0.576190605));
#84=VECTOR('',#85,1.0);
#85=DIRECTION('',(1.0,1.688100493E-16,0.0));
#86=PLANE('',#87);
#87=AXIS2_PLACEMENT_3D('',#88,#89,#90);
#88=CARTESIAN_POINT('',(1.284523258,2.6,4.5));
#89=DIRECTION('',(-1.688100493E-16,1.0,0.0));
#90=DIRECTION('',(-1.0,-1.688100493E-16,0.0));
#91=ADVANCED_FACE('',(#92),#119,.T.);
#92=FACE_BOUND('',#93,.T.);
#93=EDGE_LOOP('',(#94,#95,#104,#112));
#94=ORIENTED_EDGE('',*,*,#73,.F.);
#95=ORIENTED_EDGE('',*,*,#96,.T.);
#96=EDGE_CURVE('',#66,#97,#99,.T.);
#97=VERTEX_POINT('',#98);
#98=CARTESIAN_POINT('',(-2.861387606,0.471657682,0.059606194));
#99=CIRCLE('',#100,2.9);
#100=AXIS2_PLACEMENT_3D('',#101,#102,#103);
#101=CARTESIAN_POINT('',(0.0,0.0,0.059606194));
#102=DIRECTION('',(0.0,0.0,1.0));
#103=DIRECTION('',(1.0,1.688100493E-16,0.0));
#104=ORIENTED_EDGE('',*,*,#105,.T.);
#105=EDGE_CURVE('',#97,#106,#108,.F.);
#106=VERTEX_POINT('',#107);
#107=CARTESIAN_POINT('',(-2.861387606,0.471657682,0.576190605));
#108=LINE('',#109,#110);
#109=CARTESIAN_POINT('',(-2.861387606,0.471657682,4.5));
#110=VECTOR('',#111,1.0);
#111=DIRECTION('',(0.0,0.0,-1.0));
#112=ORIENTED_EDGE('',*,*,#113,.T.);
#113=EDGE_CURVE('',#106,#74,#114,.F.);
#114=CIRCLE('',#115,2.9);
#115=AXIS2_PLACEMENT_3D('',#116,#117,#118);
#116=CARTESIAN_POINT('',(0.0,0.0,0.576190605));
#117=DIRECTION('',(0.0,0.0,1.0));
#118=DIRECTION('',(1.0,0.0,0.0));
#119=CYLINDRICAL_SURFACE('',#120,2.9);
#120=AXIS2_PLACEMENT_3D('',#121,#122,#123);
#121=CARTESIAN_POINT('',(0.0,0.0,4.5));
#122=DIRECTION('',(0.0,0.0,-1.0));
#123=DIRECTION('',(-1.0,0.0,0.0));
#124=ADVANCED_FACE('',(#125),#152,.T.);
#125=FACE_BOUND('',#126,.T.);
#126=EDGE_LOOP('',(#127,#137,#144,#145));
#127=ORIENTED_EDGE('',*,*,#128,.T.);
#128=EDGE_CURVE('',#129,#131,#133,.T.);
#129=VERTEX_POINT('',#130);
#130=CARTESIAN_POINT('',(-2.861387606,-0.471657682,0.576190605));
#131=VERTEX_POINT('',#132);
#132=CARTESIAN_POINT('',(-2.861387606,-0.471657682,0.059606194));
#133=LINE('',#134,#135);
#134=CARTESIAN_POINT('',(-2.861387606,-0.471657682,4.5));
#135=VECTOR('',#136,1.0);
#136=DIRECTION('',(0.0,0.0,-1.0));
#137=ORIENTED_EDGE('',*,*,#138,.T.);
#138=EDGE_CURVE('',#131,#18,#139,.T.);
#139=CIRCLE('',#140,2.9);
#140=AXIS2_PLACEMENT_3D('',#141,#142,#143);
#141=CARTESIAN_POINT('',(0.0,0.0,0.059606194));
#142=DIRECTION('',(0.0,0.0,1.0));
#143=DIRECTION('',(1.0,1.688100493E-16,0.0));
#144=ORIENTED_EDGE('',*,*,#15,.F.);
#145=ORIENTED_EDGE('',*,*,#146,.T.);
#146=EDGE_CURVE('',#16,#129,#147,.F.);
#147=CIRCLE('',#148,2.9);
#148=AXIS2_PLACEMENT_3D('',#149,#150,#151);
#149=CARTESIAN_POINT('',(0.0,0.0,0.576190605));
#150=DIRECTION('',(0.0,0.0,1.0));
#151=DIRECTION('',(1.0,0.0,0.0));
#152=CYLINDRICAL_SURFACE('',#153,2.9);
#153=AXIS2_PLACEMENT_3D('',#154,#155,#156);
#154=CARTESIAN_POINT('',(0.0,0.0,4.5));
#155=DIRECTION('',(0.0,0.0,-1.0));
#156=DIRECTION('',(-1.0,0.0,0.0));
#157=ADVANCED_FACE('',(#158),#185,.T.);
#158=FACE_BOUND('',#159,.T.);
#159=EDGE_LOOP('',(#160,#161,#170,#178));
#160=ORIENTED_EDGE('',*,*,#33,.F.);
#161=ORIENTED_EDGE('',*,*,#162,.T.);
#162=EDGE_CURVE('',#26,#163,#165,.T.);
#163=VERTEX_POINT('',#164);
#164=CARTESIAN_POINT('',(2.861387606,-0.471657682,0.059606194));
#165=CIRCLE('',#166,2.9);
#166=AXIS2_PLACEMENT_3D('',#167,#168,#169);
#167=CARTESIAN_POINT('',(0.0,0.0,0.059606194));
#168=DIRECTION('',(0.0,0.0,1.0));
#169=DIRECTION('',(1.0,1.688100493E-16,0.0));
#170=ORIENTED_EDGE('',*,*,#171,.T.);
#171=EDGE_CURVE('',#163,#172,#174,.F.);
#172=VERTEX_POINT('',#173);
#173=CARTESIAN_POINT('',(2.861387606,-0.471657682,0.576190605));
#174=LINE('',#175,#176);
#175=CARTESIAN_POINT('',(2.861387606,-0.471657682,4.5));
#176=VECTOR('',#177,1.0);
#177=DIRECTION('',(0.0,0.0,-1.0));
#178=ORIENTED_EDGE('',*,*,#179,.T.);
#179=EDGE_CURVE('',#172,#34,#180,.F.);
#180=CIRCLE('',#181,2.9);
#181=AXIS2_PLACEMENT_3D('',#182,#183,#184);
#182=CARTESIAN_POINT('',(0.0,0.0,0.576190605));
#183=DIRECTION('',(0.0,0.0,1.0));
#184=DIRECTION('',(1.0,0.0,0.0));
#185=CYLINDRICAL_SURFACE('',#186,2.9);
#186=AXIS2_PLACEMENT_3D('',#187,#188,#189);
#187=CARTESIAN_POINT('',(0.0,0.0,4.5));
#188=DIRECTION('',(0.0,0.0,-1.0));
#189=DIRECTION('',(-1.0,0.0,0.0));
#190=ADVANCED_FACE('',(#191),#218,.T.);
#191=FACE_BOUND('',#192,.T.);
#192=EDGE_LOOP('',(#193,#203,#210,#211));
#193=ORIENTED_EDGE('',*,*,#194,.T.);
#194=EDGE_CURVE('',#195,#197,#199,.T.);
#195=VERTEX_POINT('',#196);
#196=CARTESIAN_POINT('',(2.861387606,0.471657682,0.576190605));
#197=VERTEX_POINT('',#198);
#198=CARTESIAN_POINT('',(2.861387606,0.471657682,0.059606194));
#199=LINE('',#200,#201);
#200=CARTESIAN_POINT('',(2.861387606,0.471657682,4.5));
#201=VECTOR('',#202,1.0);
#202=DIRECTION('',(0.0,0.0,-1.0));
#203=ORIENTED_EDGE('',*,*,#204,.T.);
#204=EDGE_CURVE('',#197,#58,#205,.T.);
#205=CIRCLE('',#206,2.9);
#206=AXIS2_PLACEMENT_3D('',#207,#208,#209);
#207=CARTESIAN_POINT('',(0.0,0.0,0.059606194));
#208=DIRECTION('',(0.0,0.0,1.0));
#209=DIRECTION('',(1.0,1.688100493E-16,0.0));
#210=ORIENTED_EDGE('',*,*,#55,.F.);
#211=ORIENTED_EDGE('',*,*,#212,.T.);
#212=EDGE_CURVE('',#56,#195,#213,.F.);
#213=CIRCLE('',#214,2.9);
#214=AXIS2_PLACEMENT_3D('',#215,#216,#217);
#215=CARTESIAN_POINT('',(0.0,0.0,0.576190605));
#216=DIRECTION('',(0.0,0.0,1.0));
#217=DIRECTION('',(1.0,0.0,0.0));
#218=CYLINDRICAL_SURFACE('',#219,2.9);
#219=AXIS2_PLACEMENT_3D('',#220,#221,#222);
#220=CARTESIAN_POINT('',(0.0,0.0,4.5));
#221=DIRECTION('',(0.0,0.0,-1.0));
#222=DIRECTION('',(-1.0,0.0,0.0));
#223=ADVANCED_FACE('',(#224),#242,.F.);
#224=FACE_BOUND('',#225,.T.);
#225=EDGE_LOOP('',(#226,#227,#234,#235));
#226=ORIENTED_EDGE('',*,*,#105,.F.);
#227=ORIENTED_EDGE('',*,*,#228,.T.);
#228=EDGE_CURVE('',#97,#131,#229,.T.);
#229=CIRCLE('',#230,0.47323555);
#230=AXIS2_PLACEMENT_3D('',#231,#232,#233);
#231=CARTESIAN_POINT('',(-2.9,3.087604226E-16,0.059606194));
#232=DIRECTION('',(0.0,0.0,-1.0));
#233=DIRECTION('',(-1.0,-1.688100493E-16,0.0));
#234=ORIENTED_EDGE('',*,*,#128,.F.);
#235=ORIENTED_EDGE('',*,*,#236,.T.);
#236=EDGE_CURVE('',#129,#106,#237,.T.);
#237=CIRCLE('',#238,0.47323555);
#238=AXIS2_PLACEMENT_3D('',#239,#240,#241);
#239=CARTESIAN_POINT('',(-2.9,3.087604226E-16,0.576190605));
#240=DIRECTION('',(0.0,0.0,1.0));
#241=DIRECTION('',(1.0,0.0,0.0));
#242=CYLINDRICAL_SURFACE('',#243,0.47323555);
#243=AXIS2_PLACEMENT_3D('',#244,#245,#246);
#244=CARTESIAN_POINT('',(-2.9,3.087604226E-16,10.476710786));
#245=DIRECTION('',(0.0,0.0,-1.0));
#246=DIRECTION('',(-1.0,0.0,0.0));
#247=ADVANCED_FACE('',(#248),#284,.T.);
#248=FACE_BOUND('',#249,.T.);
#249=EDGE_LOOP('',(#250,#260,#269,#277));
#250=ORIENTED_EDGE('',*,*,#251,.T.);
#251=EDGE_CURVE('',#252,#254,#256,.F.);
#252=VERTEX_POINT('',#253);
#253=CARTESIAN_POINT('',(-2.861387606,0.471657682,3.962937326));
#254=VERTEX_POINT('',#255);
#255=CARTESIAN_POINT('',(-2.861387606,0.471657682,4.328125027));
#256=LINE('',#257,#258);
#257=CARTESIAN_POINT('',(-2.861387606,0.471657682,4.5));
#258=VECTOR('',#259,1.0);
#259=DIRECTION('',(0.0,0.0,-1.0));
#260=ORIENTED_EDGE('',*,*,#261,.T.);
#261=EDGE_CURVE('',#254,#262,#264,.T.);
#262=VERTEX_POINT('',#263);
#263=CARTESIAN_POINT('',(-1.284523258,2.6,4.328125027));
#264=CIRCLE('',#265,2.9);
#265=AXIS2_PLACEMENT_3D('',#266,#267,#268);
#266=CARTESIAN_POINT('',(0.0,0.0,4.328125027));
#267=DIRECTION('',(0.0,0.0,-1.0));
#268=DIRECTION('',(-1.0,0.0,0.0));
#269=ORIENTED_EDGE('',*,*,#270,.T.);
#270=EDGE_CURVE('',#262,#271,#273,.T.);
#271=VERTEX_POINT('',#272);
#272=CARTESIAN_POINT('',(-1.284523258,2.6,3.962937326));
#273=LINE('',#274,#275);
#274=CARTESIAN_POINT('',(-1.284523258,2.6,4.5));
#275=VECTOR('',#276,1.0);
#276=DIRECTION('',(0.0,0.0,-1.0));
#277=ORIENTED_EDGE('',*,*,#278,.T.);
#278=EDGE_CURVE('',#271,#252,#279,.T.);
#279=CIRCLE('',#280,2.9);
#280=AXIS2_PLACEMENT_3D('',#281,#282,#283);
#281=CARTESIAN_POINT('',(0.0,0.0,3.962937326));
#282=DIRECTION('',(0.0,0.0,1.0));
#283=DIRECTION('',(1.0,0.0,0.0));
#284=CYLINDRICAL_SURFACE('',#285,2.9);
#285=AXIS2_PLACEMENT_3D('',#286,#287,#288);
#286=CARTESIAN_POINT('',(0.0,0.0,4.5));
#287=DIRECTION('',(0.0,0.0,-1.0));
#288=DIRECTION('',(-1.0,0.0,0.0));
#289=ADVANCED_FACE('',(#290),#326,.T.);
#290=FACE_BOUND('',#291,.T.);
#291=EDGE_LOOP('',(#292,#302,#311,#319));
#292=ORIENTED_EDGE('',*,*,#293,.T.);
#293=EDGE_CURVE('',#294,#296,#298,.F.);
#294=VERTEX_POINT('',#295);
#295=CARTESIAN_POINT('',(-1.284523258,-2.6,3.962937326));
#296=VERTEX_POINT('',#297);
#297=CARTESIAN_POINT('',(-1.284523258,-2.6,4.328125027));
#298=LINE('',#299,#300);
#299=CARTESIAN_POINT('',(-1.284523258,-2.6,4.5));
#300=VECTOR('',#301,1.0);
#301=DIRECTION('',(0.0,0.0,-1.0));
#302=ORIENTED_EDGE('',*,*,#303,.T.);
#303=EDGE_CURVE('',#296,#304,#306,.T.);
#304=VERTEX_POINT('',#305);
#305=CARTESIAN_POINT('',(-2.861387606,-0.471657682,4.328125027));
#306=CIRCLE('',#307,2.9);
#307=AXIS2_PLACEMENT_3D('',#308,#309,#310);
#308=CARTESIAN_POINT('',(0.0,0.0,4.328125027));
#309=DIRECTION('',(0.0,0.0,-1.0));
#310=DIRECTION('',(-1.0,0.0,0.0));
#311=ORIENTED_EDGE('',*,*,#312,.T.);
#312=EDGE_CURVE('',#304,#313,#315,.T.);
#313=VERTEX_POINT('',#314);
#314=CARTESIAN_POINT('',(-2.861387606,-0.471657682,3.962937326));
#315=LINE('',#316,#317);
#316=CARTESIAN_POINT('',(-2.861387606,-0.471657682,4.5));
#317=VECTOR('',#318,1.0);
#318=DIRECTION('',(0.0,0.0,-1.0));
#319=ORIENTED_EDGE('',*,*,#320,.T.);
#320=EDGE_CURVE('',#313,#294,#321,.T.);
#321=CIRCLE('',#322,2.9);
#322=AXIS2_PLACEMENT_3D('',#323,#324,#325);
#323=CARTESIAN_POINT('',(0.0,0.0,3.962937326));
#324=DIRECTION('',(0.0,0.0,1.0));
#325=DIRECTION('',(1.0,0.0,0.0));
#326=CYLINDRICAL_SURFACE('',#327,2.9);
#327=AXIS2_PLACEMENT_3D('',#328,#329,#330);
#328=CARTESIAN_POINT('',(0.0,0.0,4.5));
#329=DIRECTION('',(0.0,0.0,-1.0));
#330=DIRECTION('',(-1.0,0.0,0.0));
#331=ADVANCED_FACE('',(#332),#368,.T.);
#332=FACE_BOUND('',#333,.T.);
#333=EDGE_LOOP('',(#334,#344,#353,#361));
#334=ORIENTED_EDGE('',*,*,#335,.T.);
#335=EDGE_CURVE('',#336,#338,#340,.F.);
#336=VERTEX_POINT('',#337);
#337=CARTESIAN_POINT('',(2.861387606,-0.471657682,3.962937326));
#338=VERTEX_POINT('',#339);
#339=CARTESIAN_POINT('',(2.861387606,-0.471657682,4.328125027));
#340=LINE('',#341,#342);
#341=CARTESIAN_POINT('',(2.861387606,-0.471657682,4.5));
#342=VECTOR('',#343,1.0);
#343=DIRECTION('',(0.0,0.0,-1.0));
#344=ORIENTED_EDGE('',*,*,#345,.T.);
#345=EDGE_CURVE('',#338,#346,#348,.T.);
#346=VERTEX_POINT('',#347);
#347=CARTESIAN_POINT('',(1.284523258,-2.6,4.328125027));
#348=CIRCLE('',#349,2.9);
#349=AXIS2_PLACEMENT_3D('',#350,#351,#352);
#350=CARTESIAN_POINT('',(0.0,0.0,4.328125027));
#351=DIRECTION('',(0.0,0.0,-1.0));
#352=DIRECTION('',(-1.0,0.0,0.0));
#353=ORIENTED_EDGE('',*,*,#354,.T.);
#354=EDGE_CURVE('',#346,#355,#357,.T.);
#355=VERTEX_POINT('',#356);
#356=CARTESIAN_POINT('',(1.284523258,-2.6,3.962937326));
#357=LINE('',#358,#359);
#358=CARTESIAN_POINT('',(1.284523258,-2.6,4.5));
#359=VECTOR('',#360,1.0);
#360=DIRECTION('',(0.0,0.0,-1.0));
#361=ORIENTED_EDGE('',*,*,#362,.T.);
#362=EDGE_CURVE('',#355,#336,#363,.T.);
#363=CIRCLE('',#364,2.9);
#364=AXIS2_PLACEMENT_3D('',#365,#366,#367);
#365=CARTESIAN_POINT('',(0.0,0.0,3.962937326));
#366=DIRECTION('',(0.0,0.0,1.0));
#367=DIRECTION('',(1.0,0.0,0.0));
#368=CYLINDRICAL_SURFACE('',#369,2.9);
#369=AXIS2_PLACEMENT_3D('',#370,#371,#372);
#370=CARTESIAN_POINT('',(0.0,0.0,4.5));
#371=DIRECTION('',(0.0,0.0,-1.0));
#372=DIRECTION('',(-1.0,0.0,0.0));
#373=ADVANCED_FACE('',(#374),#399,.T.);
#374=FACE_BOUND('',#375,.T.);
#375=EDGE_LOOP('',(#376,#377,#385,#393));
#376=ORIENTED_EDGE('',*,*,#270,.F.);
#377=ORIENTED_EDGE('',*,*,#378,.T.);
#378=EDGE_CURVE('',#262,#379,#381,.T.);
#379=VERTEX_POINT('',#380);
#380=CARTESIAN_POINT('',(1.284523258,2.6,4.328125027));
#381=LINE('',#382,#383);
#382=CARTESIAN_POINT('',(1.284523258,2.6,4.328125027));
#383=VECTOR('',#384,1.0);
#384=DIRECTION('',(1.0,1.688100493E-16,0.0));
#385=ORIENTED_EDGE('',*,*,#386,.T.);
#386=EDGE_CURVE('',#379,#387,#389,.T.);
#387=VERTEX_POINT('',#388);
#388=CARTESIAN_POINT('',(1.284523258,2.6,3.962937326));
#389=LINE('',#390,#391);
#390=CARTESIAN_POINT('',(1.284523258,2.6,4.5));
#391=VECTOR('',#392,1.0);
#392=DIRECTION('',(0.0,0.0,-1.0));
#393=ORIENTED_EDGE('',*,*,#394,.T.);
#394=EDGE_CURVE('',#387,#271,#395,.T.);
#395=LINE('',#396,#397);
#396=CARTESIAN_POINT('',(1.284523258,2.6,3.962937326));
#397=VECTOR('',#398,1.0);
#398=DIRECTION('',(-1.0,-1.688100493E-16,0.0));
#399=PLANE('',#400);
#400=AXIS2_PLACEMENT_3D('',#401,#402,#403);
#401=CARTESIAN_POINT('',(1.284523258,2.6,4.5));
#402=DIRECTION('',(-1.688100493E-16,1.0,0.0));
#403=DIRECTION('',(-1.0,-1.688100493E-16,0.0));
#404=ADVANCED_FACE('',(#405),#432,.T.);
#405=FACE_BOUND('',#406,.T.);
#406=EDGE_LOOP('',(#407,#408,#417,#425));
#407=ORIENTED_EDGE('',*,*,#386,.F.);
#408=ORIENTED_EDGE('',*,*,#409,.T.);
#409=EDGE_CURVE('',#379,#410,#412,.T.);
#410=VERTEX_POINT('',#411);
#411=CARTESIAN_POINT('',(2.861387606,0.471657682,4.328125027));
#412=CIRCLE('',#413,2.9);
#413=AXIS2_PLACEMENT_3D('',#414,#415,#416);
#414=CARTESIAN_POINT('',(0.0,0.0,4.328125027));
#415=DIRECTION('',(0.0,0.0,-1.0));
#416=DIRECTION('',(-1.0,0.0,0.0));
#417=ORIENTED_EDGE('',*,*,#418,.T.);
#418=EDGE_CURVE('',#410,#419,#421,.T.);
#419=VERTEX_POINT('',#420);
#420=CARTESIAN_POINT('',(2.861387606,0.471657682,3.962937326));
#421=LINE('',#422,#423);
#422=CARTESIAN_POINT('',(2.861387606,0.471657682,4.5));
#423=VECTOR('',#424,1.0);
#424=DIRECTION('',(0.0,0.0,-1.0));
#425=ORIENTED_EDGE('',*,*,#426,.T.);
#426=EDGE_CURVE('',#419,#387,#427,.T.);
#427=CIRCLE('',#428,2.9);
#428=AXIS2_PLACEMENT_3D('',#429,#430,#431);
#429=CARTESIAN_POINT('',(0.0,0.0,3.962937326));
#430=DIRECTION('',(0.0,0.0,1.0));
#431=DIRECTION('',(1.0,0.0,0.0));
#432=CYLINDRICAL_SURFACE('',#433,2.9);
#433=AXIS2_PLACEMENT_3D('',#434,#435,#436);
#434=CARTESIAN_POINT('',(0.0,0.0,4.5));
#435=DIRECTION('',(0.0,0.0,-1.0));
#436=DIRECTION('',(-1.0,0.0,0.0));
#437=ADVANCED_FACE('',(#438),#454,.T.);
#438=FACE_BOUND('',#439,.T.);
#439=EDGE_LOOP('',(#440,#441,#447,#448));
#440=ORIENTED_EDGE('',*,*,#354,.F.);
#441=ORIENTED_EDGE('',*,*,#442,.T.);
#442=EDGE_CURVE('',#346,#296,#443,.T.);
#443=LINE('',#444,#445);
#444=CARTESIAN_POINT('',(-1.284523258,-2.6,4.328125027));
#445=VECTOR('',#446,1.0);
#446=DIRECTION('',(-1.0,3.376200986E-16,0.0));
#447=ORIENTED_EDGE('',*,*,#293,.F.);
#448=ORIENTED_EDGE('',*,*,#449,.T.);
#449=EDGE_CURVE('',#294,#355,#450,.T.);
#450=LINE('',#451,#452);
#451=CARTESIAN_POINT('',(-1.284523258,-2.6,3.962937326));
#452=VECTOR('',#453,1.0);
#453=DIRECTION('',(1.0,-3.376200986E-16,0.0));
#454=PLANE('',#455);
#455=AXIS2_PLACEMENT_3D('',#456,#457,#458);
#456=CARTESIAN_POINT('',(-1.284523258,-2.6,4.5));
#457=DIRECTION('',(-3.376200986E-16,-1.0,0.0));
#458=DIRECTION('',(1.0,-3.376200986E-16,0.0));
#459=ADVANCED_FACE('',(#460),#532,.F.);
#460=FACE_BOUND('',#461,.T.);
#461=EDGE_LOOP('',(#462,#472,#481,#490,#499,#507,#516,#525));
#462=ORIENTED_EDGE('',*,*,#463,.T.);
#463=EDGE_CURVE('',#464,#466,#468,.F.);
#464=VERTEX_POINT('',#465);
#465=CARTESIAN_POINT('',(1.243734303,2.428125028,4.5));
#466=VERTEX_POINT('',#467);
#467=CARTESIAN_POINT('',(-1.243734303,2.428125028,4.5));
#468=LINE('',#469,#470);
#469=CARTESIAN_POINT('',(-1.284523258,2.428125028,4.5));
#470=VECTOR('',#471,1.0);
#471=DIRECTION('',(1.0,1.688100493E-16,0.0));
#472=ORIENTED_EDGE('',*,*,#473,.T.);
#473=EDGE_CURVE('',#466,#474,#476,.F.);
#474=VERTEX_POINT('',#475);
#475=CARTESIAN_POINT('',(-2.69460591,0.426339248,4.5));
#476=CIRCLE('',#477,2.728125028);
#477=AXIS2_PLACEMENT_3D('',#478,#479,#480);
#478=CARTESIAN_POINT('',(0.0,0.0,4.5));
#479=DIRECTION('',(0.0,0.0,-1.0));
#480=DIRECTION('',(-1.0,0.0,0.0));
#481=ORIENTED_EDGE('',*,*,#482,.T.);
#482=EDGE_CURVE('',#474,#483,#485,.T.);
#483=VERTEX_POINT('',#484);
#484=CARTESIAN_POINT('',(-2.69460591,-0.426339248,4.5));
#485=CIRCLE('',#486,0.47323555);
#486=AXIS2_PLACEMENT_3D('',#487,#488,#489);
#487=CARTESIAN_POINT('',(-2.9,3.087604226E-16,4.5));
#488=DIRECTION('',(0.0,0.0,-1.0));
#489=DIRECTION('',(-1.0,0.0,0.0));
#490=ORIENTED_EDGE('',*,*,#491,.T.);
#491=EDGE_CURVE('',#483,#492,#494,.F.);
#492=VERTEX_POINT('',#493);
#493=CARTESIAN_POINT('',(-1.243734303,-2.428125028,4.5));
#494=CIRCLE('',#495,2.728125028);
#495=AXIS2_PLACEMENT_3D('',#496,#497,#498);
#496=CARTESIAN_POINT('',(0.0,0.0,4.5));
#497=DIRECTION('',(0.0,0.0,-1.0));
#498=DIRECTION('',(-1.0,0.0,0.0));
#499=ORIENTED_EDGE('',*,*,#500,.T.);
#500=EDGE_CURVE('',#492,#501,#503,.F.);
#501=VERTEX_POINT('',#502);
#502=CARTESIAN_POINT('',(1.243734303,-2.428125028,4.5));
#503=LINE('',#504,#505);
#504=CARTESIAN_POINT('',(1.284523258,-2.428125028,4.5));
#505=VECTOR('',#506,1.0);
#506=DIRECTION('',(-1.0,3.376200986E-16,0.0));
#507=ORIENTED_EDGE('',*,*,#508,.T.);
#508=EDGE_CURVE('',#501,#509,#511,.F.);
#509=VERTEX_POINT('',#510);
#510=CARTESIAN_POINT('',(2.69460591,-0.426339248,4.5));
#511=CIRCLE('',#512,2.728125028);
#512=AXIS2_PLACEMENT_3D('',#513,#514,#515);
#513=CARTESIAN_POINT('',(0.0,0.0,4.5));
#514=DIRECTION('',(0.0,0.0,-1.0));
#515=DIRECTION('',(-1.0,0.0,0.0));
#516=ORIENTED_EDGE('',*,*,#517,.T.);
#517=EDGE_CURVE('',#509,#518,#520,.T.);
#518=VERTEX_POINT('',#519);
#519=CARTESIAN_POINT('',(2.69460591,0.426339248,4.5));
#520=CIRCLE('',#521,0.47323555);
#521=AXIS2_PLACEMENT_3D('',#522,#523,#524);
#522=CARTESIAN_POINT('',(2.9,3.087604226E-16,4.5));
#523=DIRECTION('',(0.0,0.0,-1.0));
#524=DIRECTION('',(-1.0,0.0,0.0));
#525=ORIENTED_EDGE('',*,*,#526,.T.);
#526=EDGE_CURVE('',#518,#464,#527,.F.);
#527=CIRCLE('',#528,2.728125028);
#528=AXIS2_PLACEMENT_3D('',#529,#530,#531);
#529=CARTESIAN_POINT('',(0.0,0.0,4.5));
#530=DIRECTION('',(0.0,0.0,-1.0));
#531=DIRECTION('',(-1.0,0.0,0.0));
#532=PLANE('',#533);
#533=AXIS2_PLACEMENT_3D('',#534,#535,#536);
#534=CARTESIAN_POINT('',(0.0,0.0,4.5));
#535=DIRECTION('',(0.0,0.0,-1.0));
#536=DIRECTION('',(-1.0,0.0,0.0));
#537=ADVANCED_FACE('',(#538,#560),#571,.T.);
#538=FACE_BOUND('',#539,.T.);
#539=EDGE_LOOP('',(#540,#541,#548,#549,#550,#551,#558,#559));
#540=ORIENTED_EDGE('',*,*,#320,.F.);
#541=ORIENTED_EDGE('',*,*,#542,.T.);
#542=EDGE_CURVE('',#313,#252,#543,.F.);
#543=CIRCLE('',#544,0.47323555);
#544=AXIS2_PLACEMENT_3D('',#545,#546,#547);
#545=CARTESIAN_POINT('',(-2.9,3.087604226E-16,3.962937326));
#546=DIRECTION('',(0.0,0.0,-1.0));
#547=DIRECTION('',(-1.0,0.0,0.0));
#548=ORIENTED_EDGE('',*,*,#278,.F.);
#549=ORIENTED_EDGE('',*,*,#394,.F.);
#550=ORIENTED_EDGE('',*,*,#426,.F.);
#551=ORIENTED_EDGE('',*,*,#552,.T.);
#552=EDGE_CURVE('',#419,#336,#553,.F.);
#553=CIRCLE('',#554,0.47323555);
#554=AXIS2_PLACEMENT_3D('',#555,#556,#557);
#555=CARTESIAN_POINT('',(2.9,3.087604226E-16,3.962937326));
#556=DIRECTION('',(0.0,0.0,-1.0));
#557=DIRECTION('',(-1.0,0.0,0.0));
#558=ORIENTED_EDGE('',*,*,#362,.F.);
#559=ORIENTED_EDGE('',*,*,#449,.F.);
#560=FACE_BOUND('',#561,.T.);
#561=EDGE_LOOP('',(#562));
#562=ORIENTED_EDGE('',*,*,#563,.T.);
#563=EDGE_CURVE('',#564,#564,#566,.T.);
#564=VERTEX_POINT('',#565);
#565=CARTESIAN_POINT('',(1.882925249,0.0,3.962937326));
#566=CIRCLE('',#567,1.882925249);
#567=AXIS2_PLACEMENT_3D('',#568,#569,#570);
#568=CARTESIAN_POINT('',(0.0,0.0,3.962937326));
#569=DIRECTION('',(0.0,0.0,1.0));
#570=DIRECTION('',(1.0,0.0,0.0));
#571=PLANE('',#572);
#572=AXIS2_PLACEMENT_3D('',#573,#574,#575);
#573=CARTESIAN_POINT('',(2.9,0.0,3.962937326));
#574=DIRECTION('',(0.0,0.0,-1.0));
#575=DIRECTION('',(-1.0,0.0,0.0));
#576=ADVANCED_FACE('',(#577),#595,.T.);
#577=FACE_BOUND('',#578,.T.);
#578=EDGE_LOOP('',(#579,#588,#593,#594));
#579=ORIENTED_EDGE('',*,*,#580,.T.);
#580=EDGE_CURVE('',#581,#581,#583,.T.);
#581=VERTEX_POINT('',#582);
#582=CARTESIAN_POINT('',(1.882925249,0.0,0.576190605));
#583=CIRCLE('',#584,1.882925249);
#584=AXIS2_PLACEMENT_3D('',#585,#586,#587);
#585=CARTESIAN_POINT('',(0.0,0.0,0.576190605));
#586=DIRECTION('',(0.0,0.0,1.0));
#587=DIRECTION('',(1.0,0.0,0.0));
#588=ORIENTED_EDGE('',*,*,#589,.T.);
#589=EDGE_CURVE('',#581,#564,#590,.T.);
#590=B_SPLINE_CURVE_WITH_KNOTS('',1,(#591,#592),.UNSPECIFIED.,.F.,.U.,(2,2),(0.486190605,3.872937326),.PIECEWISE_BEZIER_KNOTS.);
#591=CARTESIAN_POINT('',(1.882925249,0.0,0.576190605));
#592=CARTESIAN_POINT('',(1.882925249,0.0,3.962937326));
#593=ORIENTED_EDGE('',*,*,#563,.F.);
#594=ORIENTED_EDGE('',*,*,#589,.F.);
#595=CYLINDRICAL_SURFACE('',#596,1.882925249);
#596=AXIS2_PLACEMENT_3D('',#597,#598,#599);
#597=CARTESIAN_POINT('',(0.0,0.0,0.09));
#598=DIRECTION('',(0.0,0.0,1.0));
#599=DIRECTION('',(1.0,0.0,0.0));
#600=ADVANCED_FACE('',(#601,#617),#620,.T.);
#601=FACE_BOUND('',#602,.T.);
#602=EDGE_LOOP('',(#603,#604,#605,#606,#607,#608,#615,#616));
#603=ORIENTED_EDGE('',*,*,#113,.F.);
#604=ORIENTED_EDGE('',*,*,#236,.F.);
#605=ORIENTED_EDGE('',*,*,#146,.F.);
#606=ORIENTED_EDGE('',*,*,#41,.F.);
#607=ORIENTED_EDGE('',*,*,#179,.F.);
#608=ORIENTED_EDGE('',*,*,#609,.T.);
#609=EDGE_CURVE('',#172,#195,#610,.F.);
#610=CIRCLE('',#611,0.47323555);
#611=AXIS2_PLACEMENT_3D('',#612,#613,#614);
#612=CARTESIAN_POINT('',(2.9,3.087604226E-16,0.576190605));
#613=DIRECTION('',(0.0,0.0,1.0));
#614=DIRECTION('',(1.0,0.0,0.0));
#615=ORIENTED_EDGE('',*,*,#212,.F.);
#616=ORIENTED_EDGE('',*,*,#81,.F.);
#617=FACE_BOUND('',#618,.T.);
#618=EDGE_LOOP('',(#619));
#619=ORIENTED_EDGE('',*,*,#580,.F.);
#620=PLANE('',#621);
#621=AXIS2_PLACEMENT_3D('',#622,#623,#624);
#622=CARTESIAN_POINT('',(1.882925249,0.0,0.576190605));
#623=DIRECTION('',(0.0,0.0,1.0));
#624=DIRECTION('',(1.0,0.0,0.0));
#625=ADVANCED_FACE('',(#626),#638,.F.);
#626=FACE_BOUND('',#627,.T.);
#627=EDGE_LOOP('',(#628,#629,#636,#637));
#628=ORIENTED_EDGE('',*,*,#171,.F.);
#629=ORIENTED_EDGE('',*,*,#630,.T.);
#630=EDGE_CURVE('',#163,#197,#631,.T.);
#631=CIRCLE('',#632,0.47323555);
#632=AXIS2_PLACEMENT_3D('',#633,#634,#635);
#633=CARTESIAN_POINT('',(2.9,3.087604226E-16,0.059606194));
#634=DIRECTION('',(0.0,0.0,-1.0));
#635=DIRECTION('',(1.0,1.688100493E-16,0.0));
#636=ORIENTED_EDGE('',*,*,#194,.F.);
#637=ORIENTED_EDGE('',*,*,#609,.F.);
#638=CYLINDRICAL_SURFACE('',#639,0.47323555);
#639=AXIS2_PLACEMENT_3D('',#640,#641,#642);
#640=CARTESIAN_POINT('',(2.9,3.087604226E-16,10.476710786));
#641=DIRECTION('',(0.0,0.0,-1.0));
#642=DIRECTION('',(-1.0,0.0,0.0));
#643=ADVANCED_FACE('',(#644),#664,.F.);
#644=FACE_BOUND('',#645,.T.);
#645=EDGE_LOOP('',(#646,#647,#654,#655,#662,#663));
#646=ORIENTED_EDGE('',*,*,#418,.F.);
#647=ORIENTED_EDGE('',*,*,#648,.T.);
#648=EDGE_CURVE('',#410,#518,#649,.T.);
#649=B_SPLINE_CURVE_WITH_KNOTS('',3,(#650,#651,#652,#653),.UNSPECIFIED.,.F.,.U.,(4,4),(0.0,2.703446883E-04),.PIECEWISE_BEZIER_KNOTS.);
#650=CARTESIAN_POINT('',(2.861387606,0.471657682,4.328125027));
#651=CARTESIAN_POINT('',(2.861387606,0.471657682,4.419542152));
#652=CARTESIAN_POINT('',(2.776971826,0.466020024,4.5));
#653=CARTESIAN_POINT('',(2.69460591,0.426339248,4.5));
#654=ORIENTED_EDGE('',*,*,#517,.F.);
#655=ORIENTED_EDGE('',*,*,#656,.T.);
#656=EDGE_CURVE('',#509,#338,#657,.T.);
#657=B_SPLINE_CURVE_WITH_KNOTS('',3,(#658,#659,#660,#661),.UNSPECIFIED.,.F.,.U.,(4,4),(0.0,2.704060292E-04),.PIECEWISE_BEZIER_KNOTS.);
#658=CARTESIAN_POINT('',(2.69460591,-0.426339248,4.5));
#659=CARTESIAN_POINT('',(2.776935733,-0.466002636,4.5));
#660=CARTESIAN_POINT('',(2.861387606,-0.471657682,4.419524138));
#661=CARTESIAN_POINT('',(2.861387606,-0.471657682,4.328125027));
#662=ORIENTED_EDGE('',*,*,#335,.F.);
#663=ORIENTED_EDGE('',*,*,#552,.F.);
#664=CYLINDRICAL_SURFACE('',#665,0.47323555);
#665=AXIS2_PLACEMENT_3D('',#666,#667,#668);
#666=CARTESIAN_POINT('',(2.9,3.087604226E-16,10.476710786));
#667=DIRECTION('',(0.0,0.0,-1.0));
#668=DIRECTION('',(-1.0,0.0,0.0));
#669=ADVANCED_FACE('',(#670),#690,.F.);
#670=FACE_BOUND('',#671,.T.);
#671=EDGE_LOOP('',(#672,#673,#680,#681,#682,#683));
#672=ORIENTED_EDGE('',*,*,#482,.F.);
#673=ORIENTED_EDGE('',*,*,#674,.T.);
#674=EDGE_CURVE('',#474,#254,#675,.T.);
#675=B_SPLINE_CURVE_WITH_KNOTS('',3,(#676,#677,#678,#679),.UNSPECIFIED.,.F.,.U.,(4,4),(0.0,2.704060292E-04),.PIECEWISE_BEZIER_KNOTS.);
#676=CARTESIAN_POINT('',(-2.69460591,0.426339248,4.5));
#677=CARTESIAN_POINT('',(-2.776935733,0.466002636,4.5));
#678=CARTESIAN_POINT('',(-2.861387606,0.471657682,4.419524138));
#679=CARTESIAN_POINT('',(-2.861387606,0.471657682,4.328125027));
#680=ORIENTED_EDGE('',*,*,#251,.F.);
#681=ORIENTED_EDGE('',*,*,#542,.F.);
#682=ORIENTED_EDGE('',*,*,#312,.F.);
#683=ORIENTED_EDGE('',*,*,#684,.T.);
#684=EDGE_CURVE('',#304,#483,#685,.T.);
#685=B_SPLINE_CURVE_WITH_KNOTS('',3,(#686,#687,#688,#689),.UNSPECIFIED.,.F.,.U.,(4,4),(0.0,2.703446883E-04),.PIECEWISE_BEZIER_KNOTS.);
#686=CARTESIAN_POINT('',(-2.861387606,-0.471657682,4.328125027));
#687=CARTESIAN_POINT('',(-2.861387606,-0.471657682,4.419542152));
#688=CARTESIAN_POINT('',(-2.776971826,-0.466020024,4.5));
#689=CARTESIAN_POINT('',(-2.69460591,-0.426339248,4.5));
#690=CYLINDRICAL_SURFACE('',#691,0.47323555);
#691=AXIS2_PLACEMENT_3D('',#692,#693,#694);
#692=CARTESIAN_POINT('',(-2.9,3.087604226E-16,10.476710786));
#693=DIRECTION('',(0.0,0.0,-1.0));
#694=DIRECTION('',(-1.0,0.0,0.0));
#695=ADVANCED_FACE('',(#696),#730,.F.);
#696=FACE_BOUND('',#697,.T.);
#697=EDGE_LOOP('',(#698,#708,#716,#724));
#698=ORIENTED_EDGE('',*,*,#699,.T.);
#699=EDGE_CURVE('',#700,#702,#704,.T.);
#700=VERTEX_POINT('',#701);
#701=CARTESIAN_POINT('',(-1.065861115,2.55,0.0));
#702=VERTEX_POINT('',#703);
#703=CARTESIAN_POINT('',(-1.272792206,2.55,0.0));
#704=LINE('',#705,#706);
#705=CARTESIAN_POINT('',(4.913758921E-15,2.55,0.0));
#706=VECTOR('',#707,1.0);
#707=DIRECTION('',(-1.0,1.926964283E-15,0.0));
#708=ORIENTED_EDGE('',*,*,#709,.T.);
#709=EDGE_CURVE('',#702,#710,#712,.T.);
#710=VERTEX_POINT('',#711);
#711=CARTESIAN_POINT('',(-1.272792206,2.55,0.059606194));
#712=LINE('',#713,#714);
#713=CARTESIAN_POINT('',(-1.272792206,2.55,-0.059606194));
#714=VECTOR('',#715,1.0);
#715=DIRECTION('',(0.0,0.0,1.0));
#716=ORIENTED_EDGE('',*,*,#717,.T.);
#717=EDGE_CURVE('',#710,#718,#720,.T.);
#718=VERTEX_POINT('',#719);
#719=CARTESIAN_POINT('',(-1.065861115,2.55,0.059606194));
#720=LINE('',#721,#722);
#721=CARTESIAN_POINT('',(-1.272792206,2.55,0.059606194));
#722=VECTOR('',#723,1.0);
#723=DIRECTION('',(1.0,-1.926964283E-15,0.0));
#724=ORIENTED_EDGE('',*,*,#725,.T.);
#725=EDGE_CURVE('',#718,#700,#726,.F.);
#726=LINE('',#727,#728);
#727=CARTESIAN_POINT('',(-1.065861115,2.55,-0.059606194));
#728=VECTOR('',#729,1.0);
#729=DIRECTION('',(0.0,0.0,1.0));
#730=PLANE('',#731);
#731=AXIS2_PLACEMENT_3D('',#732,#733,#734);
#732=CARTESIAN_POINT('',(-1.272792206,2.55,-0.059606194));
#733=DIRECTION('',(-1.926964283E-15,-1.0,0.0));
#734=DIRECTION('',(1.0,-1.926964283E-15,0.0));
#735=ADVANCED_FACE('',(#736),#761,.F.);
#736=FACE_BOUND('',#737,.T.);
#737=EDGE_LOOP('',(#738,#746,#747,#755));
#738=ORIENTED_EDGE('',*,*,#739,.T.);
#739=EDGE_CURVE('',#740,#700,#742,.T.);
#740=VERTEX_POINT('',#741);
#741=CARTESIAN_POINT('',(-1.065861115,-2.55,0.0));
#742=LINE('',#743,#744);
#743=CARTESIAN_POINT('',(-1.065861115,1.372979152E-16,0.0));
#744=VECTOR('',#745,1.0);
#745=DIRECTION('',(1.288140765E-16,1.0,0.0));
#746=ORIENTED_EDGE('',*,*,#725,.F.);
#747=ORIENTED_EDGE('',*,*,#748,.T.);
#748=EDGE_CURVE('',#718,#749,#751,.T.);
#749=VERTEX_POINT('',#750);
#750=CARTESIAN_POINT('',(-1.065861115,-2.55,0.059606194));
#751=LINE('',#752,#753);
#752=CARTESIAN_POINT('',(-1.065861115,-2.55,0.059606194));
#753=VECTOR('',#754,1.0);
#754=DIRECTION('',(-1.288140765E-16,-1.0,0.0));
#755=ORIENTED_EDGE('',*,*,#756,.T.);
#756=EDGE_CURVE('',#749,#740,#757,.F.);
#757=LINE('',#758,#759);
#758=CARTESIAN_POINT('',(-1.065861115,-2.55,-0.059606194));
#759=VECTOR('',#760,1.0);
#760=DIRECTION('',(0.0,0.0,1.0));
#761=PLANE('',#762);
#762=AXIS2_PLACEMENT_3D('',#763,#764,#765);
#763=CARTESIAN_POINT('',(-1.065861115,-2.55,-0.059606194));
#764=DIRECTION('',(-1.0,1.288140765E-16,0.0));
#765=DIRECTION('',(-1.288140765E-16,-1.0,0.0));
#766=ADVANCED_FACE('',(#767),#792,.F.);
#767=FACE_BOUND('',#768,.T.);
#768=EDGE_LOOP('',(#769,#777,#778,#786));
#769=ORIENTED_EDGE('',*,*,#770,.T.);
#770=EDGE_CURVE('',#771,#740,#773,.T.);
#771=VERTEX_POINT('',#772);
#772=CARTESIAN_POINT('',(-1.272792206,-2.55,0.0));
#773=LINE('',#774,#775);
#774=CARTESIAN_POINT('',(4.304656257E-16,-2.55,0.0));
#775=VECTOR('',#776,1.0);
#776=DIRECTION('',(1.0,1.688100493E-16,0.0));
#777=ORIENTED_EDGE('',*,*,#756,.F.);
#778=ORIENTED_EDGE('',*,*,#779,.T.);
#779=EDGE_CURVE('',#749,#780,#782,.T.);
#780=VERTEX_POINT('',#781);
#781=CARTESIAN_POINT('',(-1.272792206,-2.55,0.059606194));
#782=LINE('',#783,#784);
#783=CARTESIAN_POINT('',(-1.065861115,-2.55,0.059606194));
#784=VECTOR('',#785,1.0);
#785=DIRECTION('',(-1.0,-1.688100493E-16,0.0));
#786=ORIENTED_EDGE('',*,*,#787,.T.);
#787=EDGE_CURVE('',#780,#771,#788,.F.);
#788=LINE('',#789,#790);
#789=CARTESIAN_POINT('',(-1.272792206,-2.55,-0.059606194));
#790=VECTOR('',#791,1.0);
#791=DIRECTION('',(0.0,0.0,1.0));
#792=PLANE('',#793);
#793=AXIS2_PLACEMENT_3D('',#794,#795,#796);
#794=CARTESIAN_POINT('',(-1.065861115,-2.55,-0.059606194));
#795=DIRECTION('',(-1.688100493E-16,1.0,0.0));
#796=DIRECTION('',(-1.0,-1.688100493E-16,0.0));
#797=ADVANCED_FACE('',(#798),#825,.T.);
#798=FACE_BOUND('',#799,.T.);
#799=EDGE_LOOP('',(#800,#809,#810,#819));
#800=ORIENTED_EDGE('',*,*,#801,.T.);
#801=EDGE_CURVE('',#802,#771,#804,.F.);
#802=VERTEX_POINT('',#803);
#803=CARTESIAN_POINT('',(-2.803228372,-0.514208803,0.0));
#804=CIRCLE('',#805,2.85);
#805=AXIS2_PLACEMENT_3D('',#806,#807,#808);
#806=CARTESIAN_POINT('',(0.0,0.0,0.0));
#807=DIRECTION('',(0.0,0.0,-1.0));
#808=DIRECTION('',(-1.0,0.0,0.0));
#809=ORIENTED_EDGE('',*,*,#787,.F.);
#810=ORIENTED_EDGE('',*,*,#811,.T.);
#811=EDGE_CURVE('',#780,#812,#814,.T.);
#812=VERTEX_POINT('',#813);
#813=CARTESIAN_POINT('',(-2.803228372,-0.514208803,0.059606194));
#814=CIRCLE('',#815,2.85);
#815=AXIS2_PLACEMENT_3D('',#816,#817,#818);
#816=CARTESIAN_POINT('',(0.0,0.0,0.059606194));
#817=DIRECTION('',(0.0,0.0,-1.0));
#818=DIRECTION('',(1.0,1.688100493E-16,0.0));
#819=ORIENTED_EDGE('',*,*,#820,.T.);
#820=EDGE_CURVE('',#812,#802,#821,.F.);
#821=LINE('',#822,#823);
#822=CARTESIAN_POINT('',(-2.803228372,-0.514208803,-0.059606194));
#823=VECTOR('',#824,1.0);
#824=DIRECTION('',(0.0,0.0,1.0));
#825=CYLINDRICAL_SURFACE('',#826,2.85);
#826=AXIS2_PLACEMENT_3D('',#827,#828,#829);
#827=CARTESIAN_POINT('',(0.0,0.0,-0.059606194));
#828=DIRECTION('',(0.0,0.0,1.0));
#829=DIRECTION('',(1.0,0.0,0.0));
#830=ADVANCED_FACE('',(#831),#858,.F.);
#831=FACE_BOUND('',#832,.T.);
#832=EDGE_LOOP('',(#833,#842,#843,#852));
#833=ORIENTED_EDGE('',*,*,#834,.T.);
#834=EDGE_CURVE('',#835,#802,#837,.T.);
#835=VERTEX_POINT('',#836);
#836=CARTESIAN_POINT('',(-2.803228372,0.514208803,0.0));
#837=CIRCLE('',#838,0.52323555);
#838=AXIS2_PLACEMENT_3D('',#839,#840,#841);
#839=CARTESIAN_POINT('',(-2.9,3.087604226E-16,0.0));
#840=DIRECTION('',(0.0,0.0,-1.0));
#841=DIRECTION('',(-1.0,0.0,0.0));
#842=ORIENTED_EDGE('',*,*,#820,.F.);
#843=ORIENTED_EDGE('',*,*,#844,.T.);
#844=EDGE_CURVE('',#812,#845,#847,.T.);
#845=VERTEX_POINT('',#846);
#846=CARTESIAN_POINT('',(-2.803228372,0.514208803,0.059606194));
#847=CIRCLE('',#848,0.52323555);
#848=AXIS2_PLACEMENT_3D('',#849,#850,#851);
#849=CARTESIAN_POINT('',(-2.9,3.087604226E-16,0.059606194));
#850=DIRECTION('',(0.0,0.0,1.0));
#851=DIRECTION('',(-1.0,-1.688100493E-16,0.0));
#852=ORIENTED_EDGE('',*,*,#853,.T.);
#853=EDGE_CURVE('',#845,#835,#854,.F.);
#854=LINE('',#855,#856);
#855=CARTESIAN_POINT('',(-2.803228372,0.514208803,-0.059606194));
#856=VECTOR('',#857,1.0);
#857=DIRECTION('',(0.0,0.0,1.0));
#858=CYLINDRICAL_SURFACE('',#859,0.52323555);
#859=AXIS2_PLACEMENT_3D('',#860,#861,#862);
#860=CARTESIAN_POINT('',(-2.9,3.087604226E-16,-0.059606194));
#861=DIRECTION('',(0.0,0.0,1.0));
#862=DIRECTION('',(1.0,0.0,0.0));
#863=ADVANCED_FACE('',(#864),#900,.T.);
#864=FACE_BOUND('',#865,.T.);
#865=EDGE_LOOP('',(#866,#877,#885,#894));
#866=ORIENTED_EDGE('',*,*,#867,.T.);
#867=EDGE_CURVE('',#868,#870,#872,.F.);
#868=VERTEX_POINT('',#869);
#869=CARTESIAN_POINT('',(1.272792206,-2.55,0.0));
#870=VERTEX_POINT('',#871);
#871=CARTESIAN_POINT('',(2.803228372,-0.514208803,0.0));
#872=CIRCLE('',#873,2.85);
#873=AXIS2_PLACEMENT_3D('',#874,#875,#876);
#874=CARTESIAN_POINT('',(0.0,0.0,0.0));
#875=DIRECTION('',(0.0,0.0,-1.0));
#876=DIRECTION('',(-1.0,0.0,0.0));
#877=ORIENTED_EDGE('',*,*,#878,.T.);
#878=EDGE_CURVE('',#870,#879,#881,.T.);
#879=VERTEX_POINT('',#880);
#880=CARTESIAN_POINT('',(2.803228372,-0.514208803,0.059606194));
#881=LINE('',#882,#883);
#882=CARTESIAN_POINT('',(2.803228372,-0.514208803,-0.059606194));
#883=VECTOR('',#884,1.0);
#884=DIRECTION('',(0.0,0.0,1.0));
#885=ORIENTED_EDGE('',*,*,#886,.T.);
#886=EDGE_CURVE('',#879,#887,#889,.T.);
#887=VERTEX_POINT('',#888);
#888=CARTESIAN_POINT('',(1.272792206,-2.55,0.059606194));
#889=CIRCLE('',#890,2.85);
#890=AXIS2_PLACEMENT_3D('',#891,#892,#893);
#891=CARTESIAN_POINT('',(0.0,0.0,0.059606194));
#892=DIRECTION('',(0.0,0.0,-1.0));
#893=DIRECTION('',(1.0,1.688100493E-16,0.0));
#894=ORIENTED_EDGE('',*,*,#895,.T.);
#895=EDGE_CURVE('',#887,#868,#896,.F.);
#896=LINE('',#897,#898);
#897=CARTESIAN_POINT('',(1.272792206,-2.55,-0.059606194));
#898=VECTOR('',#899,1.0);
#899=DIRECTION('',(0.0,0.0,1.0));
#900=CYLINDRICAL_SURFACE('',#901,2.85);
#901=AXIS2_PLACEMENT_3D('',#902,#903,#904);
#902=CARTESIAN_POINT('',(0.0,0.0,-0.059606194));
#903=DIRECTION('',(0.0,0.0,1.0));
#904=DIRECTION('',(1.0,0.0,0.0));
#905=ADVANCED_FACE('',(#906),#931,.F.);
#906=FACE_BOUND('',#907,.T.);
#907=EDGE_LOOP('',(#908,#916,#917,#925));
#908=ORIENTED_EDGE('',*,*,#909,.T.);
#909=EDGE_CURVE('',#910,#868,#912,.T.);
#910=VERTEX_POINT('',#911);
#911=CARTESIAN_POINT('',(1.065861115,-2.55,0.0));
#912=LINE('',#913,#914);
#913=CARTESIAN_POINT('',(5.774690172E-15,-2.55,0.0));
#914=VECTOR('',#915,1.0);
#915=DIRECTION('',(1.0,2.264584381E-15,0.0));
#916=ORIENTED_EDGE('',*,*,#895,.F.);
#917=ORIENTED_EDGE('',*,*,#918,.T.);
#918=EDGE_CURVE('',#887,#919,#921,.T.);
#919=VERTEX_POINT('',#920);
#920=CARTESIAN_POINT('',(1.065861115,-2.55,0.059606194));
#921=LINE('',#922,#923);
#922=CARTESIAN_POINT('',(1.272792206,-2.55,0.059606194));
#923=VECTOR('',#924,1.0);
#924=DIRECTION('',(-1.0,-2.264584381E-15,0.0));
#925=ORIENTED_EDGE('',*,*,#926,.T.);
#926=EDGE_CURVE('',#919,#910,#927,.F.);
#927=LINE('',#928,#929);
#928=CARTESIAN_POINT('',(1.065861115,-2.55,-0.059606194));
#929=VECTOR('',#930,1.0);
#930=DIRECTION('',(0.0,0.0,1.0));
#931=PLANE('',#932);
#932=AXIS2_PLACEMENT_3D('',#933,#934,#935);
#933=CARTESIAN_POINT('',(1.272792206,-2.55,-0.059606194));
#934=DIRECTION('',(-2.264584381E-15,1.0,0.0));
#935=DIRECTION('',(-1.0,-2.264584381E-15,0.0));
#936=ADVANCED_FACE('',(#937),#962,.F.);
#937=FACE_BOUND('',#938,.T.);
#938=EDGE_LOOP('',(#939,#947,#948,#956));
#939=ORIENTED_EDGE('',*,*,#940,.T.);
#940=EDGE_CURVE('',#941,#910,#943,.T.);
#941=VERTEX_POINT('',#942);
#942=CARTESIAN_POINT('',(1.065861115,2.55,0.0));
#943=LINE('',#944,#945);
#944=CARTESIAN_POINT('',(1.065861115,8.929207237E-17,0.0));
#945=VECTOR('',#946,1.0);
#946=DIRECTION('',(8.37745848E-17,-1.0,0.0));
#947=ORIENTED_EDGE('',*,*,#926,.F.);
#948=ORIENTED_EDGE('',*,*,#949,.T.);
#949=EDGE_CURVE('',#919,#950,#952,.T.);
#950=VERTEX_POINT('',#951);
#951=CARTESIAN_POINT('',(1.065861115,2.55,0.059606194));
#952=LINE('',#953,#954);
#953=CARTESIAN_POINT('',(1.065861115,-2.55,0.059606194));
#954=VECTOR('',#955,1.0);
#955=DIRECTION('',(-8.37745848E-17,1.0,0.0));
#956=ORIENTED_EDGE('',*,*,#957,.T.);
#957=EDGE_CURVE('',#950,#941,#958,.F.);
#958=LINE('',#959,#960);
#959=CARTESIAN_POINT('',(1.065861115,2.55,-0.059606194));
#960=VECTOR('',#961,1.0);
#961=DIRECTION('',(0.0,0.0,1.0));
#962=PLANE('',#963);
#963=AXIS2_PLACEMENT_3D('',#964,#965,#966);
#964=CARTESIAN_POINT('',(1.065861115,-2.55,-0.059606194));
#965=DIRECTION('',(1.0,8.37745848E-17,0.0));
#966=DIRECTION('',(-8.37745848E-17,1.0,0.0));
#967=ADVANCED_FACE('',(#968),#993,.F.);
#968=FACE_BOUND('',#969,.T.);
#969=EDGE_LOOP('',(#970,#978,#979,#987));
#970=ORIENTED_EDGE('',*,*,#971,.T.);
#971=EDGE_CURVE('',#972,#941,#974,.T.);
#972=VERTEX_POINT('',#973);
#973=CARTESIAN_POINT('',(1.272792206,2.55,0.0));
#974=LINE('',#975,#976);
#975=CARTESIAN_POINT('',(-4.304656257E-16,2.55,0.0));
#976=VECTOR('',#977,1.0);
#977=DIRECTION('',(-1.0,-1.688100493E-16,0.0));
#978=ORIENTED_EDGE('',*,*,#957,.F.);
#979=ORIENTED_EDGE('',*,*,#980,.T.);
#980=EDGE_CURVE('',#950,#981,#983,.T.);
#981=VERTEX_POINT('',#982);
#982=CARTESIAN_POINT('',(1.272792206,2.55,0.059606194));
#983=LINE('',#984,#985);
#984=CARTESIAN_POINT('',(1.065861115,2.55,0.059606194));
#985=VECTOR('',#986,1.0);
#986=DIRECTION('',(1.0,1.688100493E-16,0.0));
#987=ORIENTED_EDGE('',*,*,#988,.T.);
#988=EDGE_CURVE('',#981,#972,#989,.F.);
#989=LINE('',#990,#991);
#990=CARTESIAN_POINT('',(1.272792206,2.55,-0.059606194));
#991=VECTOR('',#992,1.0);
#992=DIRECTION('',(0.0,0.0,1.0));
#993=PLANE('',#994);
#994=AXIS2_PLACEMENT_3D('',#995,#996,#997);
#995=CARTESIAN_POINT('',(1.065861115,2.55,-0.059606194));
#996=DIRECTION('',(1.688100493E-16,-1.0,0.0));
#997=DIRECTION('',(1.0,1.688100493E-16,0.0));
#998=ADVANCED_FACE('',(#999),#1026,.T.);
#999=FACE_BOUND('',#1000,.T.);
#1000=EDGE_LOOP('',(#1001,#1010,#1011,#1020));
#1001=ORIENTED_EDGE('',*,*,#1002,.T.);
#1002=EDGE_CURVE('',#1003,#972,#1005,.F.);
#1003=VERTEX_POINT('',#1004);
#1004=CARTESIAN_POINT('',(2.803228372,0.514208803,0.0));
#1005=CIRCLE('',#1006,2.85);
#1006=AXIS2_PLACEMENT_3D('',#1007,#1008,#1009);
#1007=CARTESIAN_POINT('',(0.0,0.0,0.0));
#1008=DIRECTION('',(0.0,0.0,-1.0));
#1009=DIRECTION('',(-1.0,0.0,0.0));
#1010=ORIENTED_EDGE('',*,*,#988,.F.);
#1011=ORIENTED_EDGE('',*,*,#1012,.T.);
#1012=EDGE_CURVE('',#981,#1013,#1015,.T.);
#1013=VERTEX_POINT('',#1014);
#1014=CARTESIAN_POINT('',(2.803228372,0.514208803,0.059606194));
#1015=CIRCLE('',#1016,2.85);
#1016=AXIS2_PLACEMENT_3D('',#1017,#1018,#1019);
#1017=CARTESIAN_POINT('',(0.0,0.0,0.059606194));
#1018=DIRECTION('',(0.0,0.0,-1.0));
#1019=DIRECTION('',(1.0,1.688100493E-16,0.0));
#1020=ORIENTED_EDGE('',*,*,#1021,.T.);
#1021=EDGE_CURVE('',#1013,#1003,#1022,.F.);
#1022=LINE('',#1023,#1024);
#1023=CARTESIAN_POINT('',(2.803228372,0.514208803,-0.059606194));
#1024=VECTOR('',#1025,1.0);
#1025=DIRECTION('',(0.0,0.0,1.0));
#1026=CYLINDRICAL_SURFACE('',#1027,2.85);
#1027=AXIS2_PLACEMENT_3D('',#1028,#1029,#1030);
#1028=CARTESIAN_POINT('',(0.0,0.0,-0.059606194));
#1029=DIRECTION('',(0.0,0.0,1.0));
#1030=DIRECTION('',(1.0,0.0,0.0));
#1031=ADVANCED_FACE('',(#1032),#1050,.F.);
#1032=FACE_BOUND('',#1033,.T.);
#1033=EDGE_LOOP('',(#1034,#1041,#1042,#1049));
#1034=ORIENTED_EDGE('',*,*,#1035,.T.);
#1035=EDGE_CURVE('',#870,#1003,#1036,.T.);
#1036=CIRCLE('',#1037,0.52323555);
#1037=AXIS2_PLACEMENT_3D('',#1038,#1039,#1040);
#1038=CARTESIAN_POINT('',(2.9,3.087604226E-16,0.0));
#1039=DIRECTION('',(0.0,0.0,-1.0));
#1040=DIRECTION('',(-1.0,0.0,0.0));
#1041=ORIENTED_EDGE('',*,*,#1021,.F.);
#1042=ORIENTED_EDGE('',*,*,#1043,.T.);
#1043=EDGE_CURVE('',#1013,#879,#1044,.T.);
#1044=CIRCLE('',#1045,0.52323555);
#1045=AXIS2_PLACEMENT_3D('',#1046,#1047,#1048);
#1046=CARTESIAN_POINT('',(2.9,3.087604226E-16,0.059606194));
#1047=DIRECTION('',(0.0,0.0,1.0));
#1048=DIRECTION('',(1.0,1.688100493E-16,0.0));
#1049=ORIENTED_EDGE('',*,*,#878,.F.);
#1050=CYLINDRICAL_SURFACE('',#1051,0.52323555);
#1051=AXIS2_PLACEMENT_3D('',#1052,#1053,#1054);
#1052=CARTESIAN_POINT('',(2.9,3.087604226E-16,-0.059606194));
#1053=DIRECTION('',(0.0,0.0,1.0));
#1054=DIRECTION('',(1.0,0.0,0.0));
#1055=ADVANCED_FACE('',(#1056),#1074,.T.);
#1056=FACE_BOUND('',#1057,.T.);
#1057=EDGE_LOOP('',(#1058,#1065,#1066,#1073));
#1058=ORIENTED_EDGE('',*,*,#1059,.T.);
#1059=EDGE_CURVE('',#702,#835,#1060,.F.);
#1060=CIRCLE('',#1061,2.85);
#1061=AXIS2_PLACEMENT_3D('',#1062,#1063,#1064);
#1062=CARTESIAN_POINT('',(0.0,0.0,0.0));
#1063=DIRECTION('',(0.0,0.0,-1.0));
#1064=DIRECTION('',(-1.0,0.0,0.0));
#1065=ORIENTED_EDGE('',*,*,#853,.F.);
#1066=ORIENTED_EDGE('',*,*,#1067,.T.);
#1067=EDGE_CURVE('',#845,#710,#1068,.T.);
#1068=CIRCLE('',#1069,2.85);
#1069=AXIS2_PLACEMENT_3D('',#1070,#1071,#1072);
#1070=CARTESIAN_POINT('',(0.0,0.0,0.059606194));
#1071=DIRECTION('',(0.0,0.0,-1.0));
#1072=DIRECTION('',(1.0,1.688100493E-16,0.0));
#1073=ORIENTED_EDGE('',*,*,#709,.F.);
#1074=CYLINDRICAL_SURFACE('',#1075,2.85);
#1075=AXIS2_PLACEMENT_3D('',#1076,#1077,#1078);
#1076=CARTESIAN_POINT('',(0.0,0.0,-0.059606194));
#1077=DIRECTION('',(0.0,0.0,1.0));
#1078=DIRECTION('',(1.0,0.0,0.0));
#1079=ADVANCED_FACE('',(#1080,#1088,#1098),#1106,.F.);
#1080=FACE_BOUND('',#1081,.T.);
#1081=EDGE_LOOP('',(#1082,#1083,#1084,#1085,#1086,#1087));
#1082=ORIENTED_EDGE('',*,*,#886,.F.);
#1083=ORIENTED_EDGE('',*,*,#1043,.F.);
#1084=ORIENTED_EDGE('',*,*,#1012,.F.);
#1085=ORIENTED_EDGE('',*,*,#980,.F.);
#1086=ORIENTED_EDGE('',*,*,#949,.F.);
#1087=ORIENTED_EDGE('',*,*,#918,.F.);
#1088=FACE_BOUND('',#1089,.T.);
#1089=EDGE_LOOP('',(#1090,#1091,#1092,#1093,#1094,#1095,#1096,#1097));
#1090=ORIENTED_EDGE('',*,*,#162,.F.);
#1091=ORIENTED_EDGE('',*,*,#25,.F.);
#1092=ORIENTED_EDGE('',*,*,#138,.F.);
#1093=ORIENTED_EDGE('',*,*,#228,.F.);
#1094=ORIENTED_EDGE('',*,*,#96,.F.);
#1095=ORIENTED_EDGE('',*,*,#65,.F.);
#1096=ORIENTED_EDGE('',*,*,#204,.F.);
#1097=ORIENTED_EDGE('',*,*,#630,.F.);
#1098=FACE_BOUND('',#1099,.T.);
#1099=EDGE_LOOP('',(#1100,#1101,#1102,#1103,#1104,#1105));
#1100=ORIENTED_EDGE('',*,*,#717,.F.);
#1101=ORIENTED_EDGE('',*,*,#1067,.F.);
#1102=ORIENTED_EDGE('',*,*,#844,.F.);
#1103=ORIENTED_EDGE('',*,*,#811,.F.);
#1104=ORIENTED_EDGE('',*,*,#779,.F.);
#1105=ORIENTED_EDGE('',*,*,#748,.F.);
#1106=PLANE('',#1107);
#1107=AXIS2_PLACEMENT_3D('',#1108,#1109,#1110);
#1108=CARTESIAN_POINT('',(0.0,0.0,0.059606194));
#1109=DIRECTION('',(0.0,0.0,1.0));
#1110=DIRECTION('',(1.0,0.0,0.0));
#1111=ADVANCED_FACE('',(#1112),#1120,.T.);
#1112=FACE_BOUND('',#1113,.T.);
#1113=EDGE_LOOP('',(#1114,#1115,#1116,#1117,#1118,#1119));
#1114=ORIENTED_EDGE('',*,*,#867,.F.);
#1115=ORIENTED_EDGE('',*,*,#909,.F.);
#1116=ORIENTED_EDGE('',*,*,#940,.F.);
#1117=ORIENTED_EDGE('',*,*,#971,.F.);
#1118=ORIENTED_EDGE('',*,*,#1002,.F.);
#1119=ORIENTED_EDGE('',*,*,#1035,.F.);
#1120=PLANE('',#1121);
#1121=AXIS2_PLACEMENT_3D('',#1122,#1123,#1124);
#1122=CARTESIAN_POINT('',(0.0,0.0,0.0));
#1123=DIRECTION('',(0.0,0.0,-1.0));
#1124=DIRECTION('',(-1.0,0.0,0.0));
#1125=ADVANCED_FACE('',(#1126),#1134,.T.);
#1126=FACE_BOUND('',#1127,.T.);
#1127=EDGE_LOOP('',(#1128,#1129,#1130,#1131,#1132,#1133));
#1128=ORIENTED_EDGE('',*,*,#699,.F.);
#1129=ORIENTED_EDGE('',*,*,#739,.F.);
#1130=ORIENTED_EDGE('',*,*,#770,.F.);
#1131=ORIENTED_EDGE('',*,*,#801,.F.);
#1132=ORIENTED_EDGE('',*,*,#834,.F.);
#1133=ORIENTED_EDGE('',*,*,#1059,.F.);
#1134=PLANE('',#1135);
#1135=AXIS2_PLACEMENT_3D('',#1136,#1137,#1138);
#1136=CARTESIAN_POINT('',(0.0,0.0,0.0));
#1137=DIRECTION('',(0.0,0.0,-1.0));
#1138=DIRECTION('',(-1.0,0.0,0.0));
#1139=ADVANCED_FACE('',(#1140),#1152,.T.);
#1140=FACE_BOUND('',#1141,.T.);
#1141=EDGE_LOOP('',(#1142,#1143,#1144,#1151));
#1142=ORIENTED_EDGE('',*,*,#656,.F.);
#1143=ORIENTED_EDGE('',*,*,#508,.F.);
#1144=ORIENTED_EDGE('',*,*,#1145,.T.);
#1145=EDGE_CURVE('',#501,#346,#1146,.F.);
#1146=B_SPLINE_CURVE_WITH_KNOTS('',3,(#1147,#1148,#1149,#1150),.UNSPECIFIED.,.F.,.U.,(4,4),(0.0,2.722594623E-04),.PIECEWISE_BEZIER_KNOTS.);
#1147=CARTESIAN_POINT('',(1.284523258,-2.6,4.328125027));
#1148=CARTESIAN_POINT('',(1.284523258,-2.6,4.420199154));
#1149=CARTESIAN_POINT('',(1.265008335,-2.516354782,4.5));
#1150=CARTESIAN_POINT('',(1.243734303,-2.428125028,4.5));
#1151=ORIENTED_EDGE('',*,*,#345,.F.);
#1152=TOROIDAL_SURFACE('',#1153,2.728125028,0.171874972);
#1153=AXIS2_PLACEMENT_3D('',#1154,#1155,#1156);
#1154=CARTESIAN_POINT('',(0.0,0.0,4.328125027));
#1155=DIRECTION('',(0.0,0.0,-1.0));
#1156=DIRECTION('',(-1.0,0.0,0.0));
#1157=ADVANCED_FACE('',(#1158),#1170,.T.);
#1158=FACE_BOUND('',#1159,.T.);
#1159=EDGE_LOOP('',(#1160,#1161,#1162,#1169));
#1160=ORIENTED_EDGE('',*,*,#1145,.F.);
#1161=ORIENTED_EDGE('',*,*,#500,.F.);
#1162=ORIENTED_EDGE('',*,*,#1163,.T.);
#1163=EDGE_CURVE('',#492,#296,#1164,.F.);
#1164=B_SPLINE_CURVE_WITH_KNOTS('',3,(#1165,#1166,#1167,#1168),.UNSPECIFIED.,.F.,.U.,(4,4),(0.0,2.722594623E-04),.PIECEWISE_BEZIER_KNOTS.);
#1165=CARTESIAN_POINT('',(-1.284523258,-2.6,4.328125027));
#1166=CARTESIAN_POINT('',(-1.284523258,-2.6,4.420199154));
#1167=CARTESIAN_POINT('',(-1.265008335,-2.516354782,4.5));
#1168=CARTESIAN_POINT('',(-1.243734303,-2.428125028,4.5));
#1169=ORIENTED_EDGE('',*,*,#442,.F.);
#1170=CYLINDRICAL_SURFACE('',#1171,0.171874972);
#1171=AXIS2_PLACEMENT_3D('',#1172,#1173,#1174);
#1172=CARTESIAN_POINT('',(-1.284523258,-2.428125028,4.328125027));
#1173=DIRECTION('',(1.0,-3.376200986E-16,0.0));
#1174=DIRECTION('',(3.376200986E-16,1.0,0.0));
#1175=ADVANCED_FACE('',(#1176),#1182,.T.);
#1176=FACE_BOUND('',#1177,.T.);
#1177=EDGE_LOOP('',(#1178,#1179,#1180,#1181));
#1178=ORIENTED_EDGE('',*,*,#1163,.F.);
#1179=ORIENTED_EDGE('',*,*,#491,.F.);
#1180=ORIENTED_EDGE('',*,*,#684,.F.);
#1181=ORIENTED_EDGE('',*,*,#303,.F.);
#1182=TOROIDAL_SURFACE('',#1183,2.728125028,0.171874972);
#1183=AXIS2_PLACEMENT_3D('',#1184,#1185,#1186);
#1184=CARTESIAN_POINT('',(0.0,0.0,4.328125027));
#1185=DIRECTION('',(0.0,0.0,-1.0));
#1186=DIRECTION('',(-1.0,0.0,0.0));
#1187=ADVANCED_FACE('',(#1188),#1200,.T.);
#1188=FACE_BOUND('',#1189,.T.);
#1189=EDGE_LOOP('',(#1190,#1191,#1192,#1199));
#1190=ORIENTED_EDGE('',*,*,#648,.F.);
#1191=ORIENTED_EDGE('',*,*,#409,.F.);
#1192=ORIENTED_EDGE('',*,*,#1193,.T.);
#1193=EDGE_CURVE('',#379,#464,#1194,.T.);
#1194=B_SPLINE_CURVE_WITH_KNOTS('',3,(#1195,#1196,#1197,#1198),.UNSPECIFIED.,.F.,.U.,(4,4),(0.0,2.722594623E-04),.PIECEWISE_BEZIER_KNOTS.);
#1195=CARTESIAN_POINT('',(1.284523258,2.6,4.328125027));
#1196=CARTESIAN_POINT('',(1.284523258,2.6,4.420199154));
#1197=CARTESIAN_POINT('',(1.265008335,2.516354782,4.5));
#1198=CARTESIAN_POINT('',(1.243734303,2.428125028,4.5));
#1199=ORIENTED_EDGE('',*,*,#526,.F.);
#1200=TOROIDAL_SURFACE('',#1201,2.728125028,0.171874972);
#1201=AXIS2_PLACEMENT_3D('',#1202,#1203,#1204);
#1202=CARTESIAN_POINT('',(0.0,0.0,4.328125027));
#1203=DIRECTION('',(0.0,0.0,-1.0));
#1204=DIRECTION('',(-1.0,0.0,0.0));
#1205=ADVANCED_FACE('',(#1206),#1218,.T.);
#1206=FACE_BOUND('',#1207,.T.);
#1207=EDGE_LOOP('',(#1208,#1209,#1210,#1217));
#1208=ORIENTED_EDGE('',*,*,#1193,.F.);
#1209=ORIENTED_EDGE('',*,*,#378,.F.);
#1210=ORIENTED_EDGE('',*,*,#1211,.T.);
#1211=EDGE_CURVE('',#262,#466,#1212,.T.);
#1212=B_SPLINE_CURVE_WITH_KNOTS('',3,(#1213,#1214,#1215,#1216),.UNSPECIFIED.,.F.,.U.,(4,4),(0.0,2.722594623E-04),.PIECEWISE_BEZIER_KNOTS.);
#1213=CARTESIAN_POINT('',(-1.284523258,2.6,4.328125027));
#1214=CARTESIAN_POINT('',(-1.284523258,2.6,4.420199154));
#1215=CARTESIAN_POINT('',(-1.265008335,2.516354782,4.5));
#1216=CARTESIAN_POINT('',(-1.243734303,2.428125028,4.5));
#1217=ORIENTED_EDGE('',*,*,#463,.F.);
#1218=CYLINDRICAL_SURFACE('',#1219,0.171874972);
#1219=AXIS2_PLACEMENT_3D('',#1220,#1221,#1222);
#1220=CARTESIAN_POINT('',(1.284523258,2.428125028,4.328125027));
#1221=DIRECTION('',(-1.0,-1.688100493E-16,0.0));
#1222=DIRECTION('',(1.688100493E-16,-1.0,0.0));
#1223=ADVANCED_FACE('',(#1224),#1230,.T.);
#1224=FACE_BOUND('',#1225,.T.);
#1225=EDGE_LOOP('',(#1226,#1227,#1228,#1229));
#1226=ORIENTED_EDGE('',*,*,#674,.F.);
#1227=ORIENTED_EDGE('',*,*,#473,.F.);
#1228=ORIENTED_EDGE('',*,*,#1211,.F.);
#1229=ORIENTED_EDGE('',*,*,#261,.F.);
#1230=TOROIDAL_SURFACE('',#1231,2.728125028,0.171874972);
#1231=AXIS2_PLACEMENT_3D('',#1232,#1233,#1234);
#1232=CARTESIAN_POINT('',(0.0,0.0,4.328125027));
#1233=DIRECTION('',(0.0,0.0,-1.0));
#1234=DIRECTION('',(-1.0,0.0,0.0));
#1235=MANIFOLD_SOLID_BREP('',#1236);
#1236=CLOSED_SHELL('',(#1237,#1953,#2463,#3281,#3792,#3864,#3936,#3950));
#1237=ADVANCED_FACE('',(#1238),#1564,.T.);
#1238=FACE_BOUND('',#1239,.T.);
#1239=EDGE_LOOP('',(#1240,#1251,#1353,#1362,#1464));
#1240=ORIENTED_EDGE('',*,*,#1241,.T.);
#1241=EDGE_CURVE('',#1242,#1244,#1246,.F.);
#1242=VERTEX_POINT('',#1243);
#1243=CARTESIAN_POINT('',(2.057874243,-3.680637175E-15,3.854467322));
#1244=VERTEX_POINT('',#1245);
#1245=CARTESIAN_POINT('',(1.966545885,-3.853318598E-15,3.675987736));
#1246=CIRCLE('',#1247,0.220062161);
#1247=AXIS2_PLACEMENT_3D('',#1248,#1249,#1250);
#1248=CARTESIAN_POINT('',(2.186608046,-4.284516072E-15,3.675987736));
#1249=DIRECTION('',(1.959434879E-15,1.0,0.0));
#1250=DIRECTION('',(1.0,-1.959434879E-15,0.0));
#1251=ORIENTED_EDGE('',*,*,#1252,.T.);
#1252=EDGE_CURVE('',#1244,#1253,#1255,.F.);
#1253=VERTEX_POINT('',#1254);
#1254=CARTESIAN_POINT('',(1.966545885,5.311058881E-32,0.820314362));
#1255=(BOUNDED_CURVE()B_SPLINE_CURVE(2,(#1256,#1257,#1258,#1259,#1260,#1261,#1262,#1263,#1264,#1265,#1266,#1267,#1268,#1269,#1270,#1271,#1272,#1273,#1274,#1275,#1276,#1277,#1278,#1279,#1280,#1281,#1282,#1283,#1284,#1285,#1286,#1287,#1288,#1289,#1290,#1291,#1292,#1293,#1294,#1295,#1296,#1297,#1298,#1299,#1300,#1301,#1302,#1303,#1304,#1305,#1306,#1307,#1308,#1309,#1310,#1311,#1312,#1313,#1314,#1315,#1316,#1317,#1318,#1319,#1320,#1321,#1322,#1323,#1324,#1325,#1326,#1327,#1328,#1329,#1330,#1331,#1332,#1333,#1334,#1335,#1336,#1337,#1338,#1339,#1340,#1341,#1342,#1343,#1344,#1345,#1346,#1347,#1348,#1349,#1350,#1351,#1352),.UNSPECIFIED.,.F.,.U.)B_SPLINE_CURVE_WITH_KNOTS((3,2,2,2,2,2,2,2,2,2,2,2,2,2,2,2,2,2,2,2,2,2,2,2,2,2,2,2,2,2,2,2,2,2,2,2,2,2,2,2,2,2,2,2,2,2,2,2,3),(0.0,0.020833333,0.041666667,0.0625,0.083333333,0.104166667,0.125,0.145833333,0.166666667,0.1875,0.208333333,0.229166667,0.25,0.270833333,0.291666667,0.3125,0.333333333,0.354166667,0.375,0.395833333,0.416666667,0.4375,0.458333333,0.479166667,0.5,0.520833333,0.541666667,0.5625,0.583333333,0.604166667,0.625,0.645833333,0.666666667,0.6875,0.708333333,0.729166667,0.75,0.770833333,0.791666667,0.8125,0.833333333,0.854166667,0.875,0.895833333,0.916666667,0.9375,0.958333333,0.979166667,1.0),.UNSPECIFIED.)CURVE()GEOMETRIC_REPRESENTATION_ITEM()RATIONAL_B_SPLINE_CURVE((1.0,0.866025404,1.0,0.866025404,1.0,0.866025404,1.0,0.866025404,1.0,0.866025404,1.0,0.866025404,1.0,0.866025404,1.0,0.866025404,1.0,0.866025404,1.0,0.866025404,1.0,0.866025404,1.0,0.866025404,1.0,0.866025404,1.0,0.866025404,1.0,0.866025404,1.0,0.866025404,1.0,0.866025404,1.0,0.866025404,1.0,0.866025404,1.0,0.866025404,1.0,0.866025404,1.0,0.866025404,1.0,0.866025404,1.0,0.866025404,1.0,0.866025404,1.0,0.866025404,1.0,0.866025404,1.0,0.866025404,1.0,0.866025404,1.0,0.866025404,1.0,0.866025404,1.0,0.866025404,1.0,0.866025404,1.0,0.866025404,1.0,0.866025404,1.0,0.866025404,1.0,0.866025404,1.0,0.866025404,1.0,0.866025404,1.0,0.866025404,1.0,0.866025404,1.0,0.866025404,1.0,0.866025404,1.0,0.866025404,1.0,0.866025404,1.0,0.866025404,1.0,0.866025404,1.0,0.866025404,1.0))REPRESENTATION_ITEM(''));
#1256=CARTESIAN_POINT('',(1.966545885,5.311058881E-32,0.820314362));
#1257=CARTESIAN_POINT('',(1.966545885,1.135385796,0.85006096));
#1258=CARTESIAN_POINT('',(0.983272943,1.703078694,0.879807558));
#1259=CARTESIAN_POINT('',(-7.779577638E-17,2.270771592,0.909554155));
#1260=CARTESIAN_POINT('',(-0.983272943,1.703078694,0.939300753));
#1261=CARTESIAN_POINT('',(-1.966545885,1.135385796,0.969047351));
#1262=CARTESIAN_POINT('',(-1.966545885,2.408324124E-16,0.998793948));
#1263=CARTESIAN_POINT('',(-1.966545885,-1.135385796,1.028540546));
#1264=CARTESIAN_POINT('',(-0.983272943,-1.703078694,1.058287144));
#1265=CARTESIAN_POINT('',(-6.339744088E-16,-2.270771592,1.088033741));
#1266=CARTESIAN_POINT('',(0.983272943,-1.703078694,1.117780339));
#1267=CARTESIAN_POINT('',(1.966545885,-1.135385796,1.147526936));
#1268=CARTESIAN_POINT('',(1.966545885,-4.816648248E-16,1.177273534));
#1269=CARTESIAN_POINT('',(1.966545885,1.135385796,1.207020132));
#1270=CARTESIAN_POINT('',(0.983272943,1.703078694,1.236766729));
#1271=CARTESIAN_POINT('',(2.495233181E-15,2.270771592,1.266513327));
#1272=CARTESIAN_POINT('',(-0.983272943,1.703078694,1.296259925));
#1273=CARTESIAN_POINT('',(-1.966545885,1.135385796,1.326006522));
#1274=CARTESIAN_POINT('',(-1.966545885,7.224972371E-16,1.35575312));
#1275=CARTESIAN_POINT('',(-1.966545885,-1.135385796,1.385499718));
#1276=CARTESIAN_POINT('',(-0.983272943,-1.703078694,1.415246315));
#1277=CARTESIAN_POINT('',(-1.190153041E-15,-2.270771592,1.444992913));
#1278=CARTESIAN_POINT('',(0.983272943,-1.703078694,1.47473951));
#1279=CARTESIAN_POINT('',(1.966545885,-1.135385796,1.504486108));
#1280=CARTESIAN_POINT('',(1.966545885,-9.633296495E-16,1.534232706));
#1281=CARTESIAN_POINT('',(1.966545885,1.135385796,1.563979303));
#1282=CARTESIAN_POINT('',(0.983272943,1.703078694,1.593725901));
#1283=CARTESIAN_POINT('',(5.068262138E-15,2.270771592,1.623472499));
#1284=CARTESIAN_POINT('',(-0.983272943,1.703078694,1.653219096));
#1285=CARTESIAN_POINT('',(-1.966545885,1.135385796,1.682965694));
#1286=CARTESIAN_POINT('',(-1.966545885,4.697449295E-15,1.712712292));
#1287=CARTESIAN_POINT('',(-1.966545885,-1.135385796,1.742458889));
#1288=CARTESIAN_POINT('',(-0.983272943,-1.703078694,1.772205487));
#1289=CARTESIAN_POINT('',(-5.780032323E-15,-2.270771592,1.801952084));
#1290=CARTESIAN_POINT('',(0.983272943,-1.703078694,1.831698682));
#1291=CARTESIAN_POINT('',(1.966545885,-1.135385796,1.86144528));
#1292=CARTESIAN_POINT('',(1.966545885,-1.444994474E-15,1.891191877));
#1293=CARTESIAN_POINT('',(1.966545885,1.135385796,1.920938475));
#1294=CARTESIAN_POINT('',(0.983272943,1.703078694,1.950685073));
#1295=CARTESIAN_POINT('',(5.62444077E-15,2.270771592,1.98043167));
#1296=CARTESIAN_POINT('',(-0.983272943,1.703078694,2.010178268));
#1297=CARTESIAN_POINT('',(-1.966545885,1.135385796,2.039924866));
#1298=CARTESIAN_POINT('',(-1.966545885,1.685826887E-15,2.069671463));
#1299=CARTESIAN_POINT('',(-1.966545885,-1.135385796,2.099418061));
#1300=CARTESIAN_POINT('',(-0.983272943,-1.703078694,2.129164659));
#1301=CARTESIAN_POINT('',(-6.336210955E-15,-2.270771592,2.158911256));
#1302=CARTESIAN_POINT('',(0.983272943,-1.703078694,2.188657854));
#1303=CARTESIAN_POINT('',(1.966545885,-1.135385796,2.218404451));
#1304=CARTESIAN_POINT('',(1.966545885,-1.926659299E-15,2.248151049));
#1305=CARTESIAN_POINT('',(1.966545885,1.135385796,2.277897647));
#1306=CARTESIAN_POINT('',(0.983272943,1.703078694,2.307644244));
#1307=CARTESIAN_POINT('',(6.180619402E-15,2.270771592,2.337390842));
#1308=CARTESIAN_POINT('',(-0.983272943,1.703078694,2.36713744));
#1309=CARTESIAN_POINT('',(-1.966545885,1.135385796,2.396884037));
#1310=CARTESIAN_POINT('',(-1.966545885,9.154066178E-15,2.426630635));
#1311=CARTESIAN_POINT('',(-1.966545885,-1.135385796,2.456377233));
#1312=CARTESIAN_POINT('',(-0.983272943,-1.703078694,2.48612383));
#1313=CARTESIAN_POINT('',(-6.892389588E-15,-2.270771592,2.515870428));
#1314=CARTESIAN_POINT('',(0.983272943,-1.703078694,2.545617025));
#1315=CARTESIAN_POINT('',(1.966545885,-1.135385796,2.575363623));
#1316=CARTESIAN_POINT('',(1.966545885,-9.39489859E-15,2.605110221));
#1317=CARTESIAN_POINT('',(1.966545885,1.135385796,2.634856818));
#1318=CARTESIAN_POINT('',(0.983272943,1.703078694,2.664603416));
#1319=CARTESIAN_POINT('',(1.480419933E-14,2.270771592,2.694350014));
#1320=CARTESIAN_POINT('',(-0.983272943,1.703078694,2.724096611));
#1321=CARTESIAN_POINT('',(-1.966545885,1.135385796,2.753843209));
#1322=CARTESIAN_POINT('',(-1.966545885,9.635731003E-15,2.783589807));
#1323=CARTESIAN_POINT('',(-1.966545885,-1.135385796,2.813336404));
#1324=CARTESIAN_POINT('',(-0.983272943,-1.703078694,2.843083002));
#1325=CARTESIAN_POINT('',(-7.44856822E-15,-2.270771592,2.8728296));
#1326=CARTESIAN_POINT('',(0.983272943,-1.703078694,2.902576197));
#1327=CARTESIAN_POINT('',(1.966545885,-1.135385796,2.932322795));
#1328=CARTESIAN_POINT('',(1.966545885,-2.889988949E-15,2.962069392));
#1329=CARTESIAN_POINT('',(1.966545885,1.135385796,2.99181599));
#1330=CARTESIAN_POINT('',(0.983272943,1.703078694,3.021562588));
#1331=CARTESIAN_POINT('',(1.536037797E-14,2.270771592,3.051309185));
#1332=CARTESIAN_POINT('',(-0.983272943,1.703078694,3.081055783));
#1333=CARTESIAN_POINT('',(-1.966545885,1.135385796,3.110802381));
#1334=CARTESIAN_POINT('',(-1.966545885,1.011739583E-14,3.140548978));
#1335=CARTESIAN_POINT('',(-1.966545885,-1.135385796,3.170295576));
#1336=CARTESIAN_POINT('',(-0.983272943,-1.703078694,3.200042174));
#1337=CARTESIAN_POINT('',(-8.004746853E-15,-2.270771592,3.229788771));
#1338=CARTESIAN_POINT('',(0.983272943,-1.703078694,3.259535369));
#1339=CARTESIAN_POINT('',(1.966545885,-1.135385796,3.289281966));
#1340=CARTESIAN_POINT('',(1.966545885,-3.371653773E-15,3.319028564));
#1341=CARTESIAN_POINT('',(1.966545885,1.135385796,3.348775162));
#1342=CARTESIAN_POINT('',(0.983272943,1.703078694,3.378521759));
#1343=CARTESIAN_POINT('',(1.59165566E-14,2.270771592,3.408268357));
#1344=CARTESIAN_POINT('',(-0.983272943,1.703078694,3.438014955));
#1345=CARTESIAN_POINT('',(-1.966545885,1.135385796,3.467761552));
#1346=CARTESIAN_POINT('',(-1.966545885,1.059906065E-14,3.49750815));
#1347=CARTESIAN_POINT('',(-1.966545885,-1.135385796,3.527254748));
#1348=CARTESIAN_POINT('',(-0.983272943,-1.703078694,3.557001345));
#1349=CARTESIAN_POINT('',(-8.560925485E-15,-2.270771592,3.586747943));
#1350=CARTESIAN_POINT('',(0.983272943,-1.703078694,3.616494541));
#1351=CARTESIAN_POINT('',(1.966545885,-1.135385796,3.646241138));
#1352=CARTESIAN_POINT('',(1.966545885,-3.853318598E-15,3.675987736));
#1353=ORIENTED_EDGE('',*,*,#1354,.T.);
#1354=EDGE_CURVE('',#1253,#1355,#1357,.T.);
#1355=VERTEX_POINT('',#1356);
#1356=CARTESIAN_POINT('',(2.057874243,7.03266785E-16,0.998793948));
#1357=CIRCLE('',#1358,0.220062161);
#1358=AXIS2_PLACEMENT_3D('',#1359,#1360,#1361);
#1359=CARTESIAN_POINT('',(2.186608046,5.311058881E-32,0.820314362));
#1360=DIRECTION('',(0.0,1.0,0.0));
#1361=DIRECTION('',(1.0,0.0,0.0));
#1362=ORIENTED_EDGE('',*,*,#1363,.T.);
#1363=EDGE_CURVE('',#1355,#1364,#1366,.T.);
#1364=VERTEX_POINT('',#1365);
#1365=CARTESIAN_POINT('',(2.057874243,-3.780253657E-15,3.49750815));
#1366=(BOUNDED_CURVE()B_SPLINE_CURVE(2,(#1367,#1368,#1369,#1370,#1371,#1372,#1373,#1374,#1375,#1376,#1377,#1378,#1379,#1380,#1381,#1382,#1383,#1384,#1385,#1386,#1387,#1388,#1389,#1390,#1391,#1392,#1393,#1394,#1395,#1396,#1397,#1398,#1399,#1400,#1401,#1402,#1403,#1404,#1405,#1406,#1407,#1408,#1409,#1410,#1411,#1412,#1413,#1414,#1415,#1416,#1417,#1418,#1419,#1420,#1421,#1422,#1423,#1424,#1425,#1426,#1427,#1428,#1429,#1430,#1431,#1432,#1433,#1434,#1435,#1436,#1437,#1438,#1439,#1440,#1441,#1442,#1443,#1444,#1445,#1446,#1447,#1448,#1449,#1450,#1451,#1452,#1453,#1454,#1455,#1456,#1457,#1458,#1459,#1460,#1461,#1462,#1463),.UNSPECIFIED.,.F.,.U.)B_SPLINE_CURVE_WITH_KNOTS((3,2,2,2,2,2,2,2,2,2,2,2,2,2,2,2,2,2,2,2,2,2,2,2,2,2,2,2,2,2,2,2,2,2,2,2,2,2,2,2,2,2,2,2,2,2,2,2,3),(0.0,0.020833333,0.041666667,0.0625,0.083333333,0.104166667,0.125,0.145833333,0.166666667,0.1875,0.208333333,0.229166667,0.25,0.270833333,0.291666667,0.3125,0.333333333,0.354166667,0.375,0.395833333,0.416666667,0.4375,0.458333333,0.479166667,0.5,0.520833333,0.541666667,0.5625,0.583333333,0.604166667,0.625,0.645833333,0.666666667,0.6875,0.708333333,0.729166667,0.75,0.770833333,0.791666667,0.8125,0.833333333,0.854166667,0.875,0.895833333,0.916666667,0.9375,0.958333333,0.979166667,1.0),.UNSPECIFIED.)CURVE()GEOMETRIC_REPRESENTATION_ITEM()RATIONAL_B_SPLINE_CURVE((1.0,0.866025404,1.0,0.866025404,1.0,0.866025404,1.0,0.866025404,1.0,0.866025404,1.0,0.866025404,1.0,0.866025404,1.0,0.866025404,1.0,0.866025404,1.0,0.866025404,1.0,0.866025404,1.0,0.866025404,1.0,0.866025404,1.0,0.866025404,1.0,0.866025404,1.0,0.866025404,1.0,0.866025404,1.0,0.866025404,1.0,0.866025404,1.0,0.866025404,1.0,0.866025404,1.0,0.866025404,1.0,0.866025404,1.0,0.866025404,1.0,0.866025404,1.0,0.866025404,1.0,0.866025404,1.0,0.866025404,1.0,0.866025404,1.0,0.866025404,1.0,0.866025404,1.0,0.866025404,1.0,0.866025404,1.0,0.866025404,1.0,0.866025404,1.0,0.866025404,1.0,0.866025404,1.0,0.866025404,1.0,0.866025404,1.0,0.866025404,1.0,0.866025404,1.0,0.866025404,1.0,0.866025404,1.0,0.866025404,1.0,0.866025404,1.0,0.866025404,1.0,0.866025404,1.0,0.866025404,1.0))REPRESENTATION_ITEM(''));
#1367=CARTESIAN_POINT('',(2.057874243,7.03266785E-16,0.998793948));
#1368=CARTESIAN_POINT('',(2.057874243,1.188114248,1.028540546));
#1369=CARTESIAN_POINT('',(1.028937121,1.782171372,1.058287144));
#1370=CARTESIAN_POINT('',(-8.834009387E-16,2.376228496,1.088033741));
#1371=CARTESIAN_POINT('',(-1.028937121,1.782171372,1.117780339));
#1372=CARTESIAN_POINT('',(-2.057874243,1.188114248,1.147526936));
#1373=CARTESIAN_POINT('',(-2.057874243,-4.512498746E-16,1.177273534));
#1374=CARTESIAN_POINT('',(-2.057874243,-1.188114248,1.207020132));
#1375=CARTESIAN_POINT('',(-1.028937121,-1.782171372,1.236766729));
#1376=CARTESIAN_POINT('',(1.587160075E-16,-2.376228496,1.266513327));
#1377=CARTESIAN_POINT('',(1.028937121,-1.782171372,1.296259925));
#1378=CARTESIAN_POINT('',(2.057874243,-1.188114248,1.326006522));
#1379=CARTESIAN_POINT('',(2.057874243,1.992329641E-16,1.35575312));
#1380=CARTESIAN_POINT('',(2.057874243,1.188114248,1.385499718));
#1381=CARTESIAN_POINT('',(1.028937121,1.782171372,1.415246315));
#1382=CARTESIAN_POINT('',(1.809122056E-15,2.376228496,1.444992913));
#1383=CARTESIAN_POINT('',(-1.028937121,1.782171372,1.47473951));
#1384=CARTESIAN_POINT('',(-2.057874243,1.188114248,1.504486108));
#1385=CARTESIAN_POINT('',(-2.057874243,5.278394636E-17,1.534232706));
#1386=CARTESIAN_POINT('',(-2.057874243,-1.188114248,1.563979303));
#1387=CARTESIAN_POINT('',(-1.028937121,-1.782171372,1.593725901));
#1388=CARTESIAN_POINT('',(-4.232921169E-16,-2.376228496,1.623472499));
#1389=CARTESIAN_POINT('',(1.028937121,-1.782171372,1.653219096));
#1390=CARTESIAN_POINT('',(2.057874243,-1.188114248,1.682965694));
#1391=CARTESIAN_POINT('',(2.057874243,-3.048008568E-16,1.712712292));
#1392=CARTESIAN_POINT('',(2.057874243,1.188114248,1.742458889));
#1393=CARTESIAN_POINT('',(1.028937121,1.782171372,1.772205487));
#1394=CARTESIAN_POINT('',(4.501645051E-15,2.376228496,1.801952084));
#1395=CARTESIAN_POINT('',(-1.028937121,1.782171372,1.831698682));
#1396=CARTESIAN_POINT('',(-2.057874243,1.188114248,1.86144528));
#1397=CARTESIAN_POINT('',(-2.057874243,4.212336753E-15,1.891191877));
#1398=CARTESIAN_POINT('',(-2.057874243,-1.188114248,1.920938475));
#1399=CARTESIAN_POINT('',(-1.028937121,-1.782171372,1.950685073));
#1400=CARTESIAN_POINT('',(-5.226329982E-15,-2.376228496,1.98043167));
#1401=CARTESIAN_POINT('',(1.028937121,-1.782171372,2.010178268));
#1402=CARTESIAN_POINT('',(2.057874243,-1.188114248,2.039924866));
#1403=CARTESIAN_POINT('',(2.057874243,-8.088346777E-16,2.069671463));
#1404=CARTESIAN_POINT('',(2.057874243,1.188114248,2.099418061));
#1405=CARTESIAN_POINT('',(1.028937121,1.782171372,2.129164659));
#1406=CARTESIAN_POINT('',(5.083653176E-15,2.376228496,2.158911256));
#1407=CARTESIAN_POINT('',(-1.028937121,1.782171372,2.188657854));
#1408=CARTESIAN_POINT('',(-2.057874243,1.188114248,2.218404451));
#1409=CARTESIAN_POINT('',(-2.057874243,1.060851588E-15,2.248151049));
#1410=CARTESIAN_POINT('',(-2.057874243,-1.188114248,2.277897647));
#1411=CARTESIAN_POINT('',(-1.028937121,-1.782171372,2.307644244));
#1412=CARTESIAN_POINT('',(-5.808338107E-15,-2.376228496,2.337390842));
#1413=CARTESIAN_POINT('',(1.028937121,-1.782171372,2.36713744));
#1414=CARTESIAN_POINT('',(2.057874243,-1.188114248,2.396884037));
#1415=CARTESIAN_POINT('',(2.057874243,-1.312868499E-15,2.426630635));
#1416=CARTESIAN_POINT('',(2.057874243,1.188114248,2.456377233));
#1417=CARTESIAN_POINT('',(1.028937121,1.782171372,2.48612383));
#1418=CARTESIAN_POINT('',(5.6656613E-15,2.376228496,2.515870428));
#1419=CARTESIAN_POINT('',(-1.028937121,1.782171372,2.545617025));
#1420=CARTESIAN_POINT('',(-2.057874243,1.188114248,2.575363623));
#1421=CARTESIAN_POINT('',(-2.057874243,8.875923381E-15,2.605110221));
#1422=CARTESIAN_POINT('',(-2.057874243,-1.188114248,2.634856818));
#1423=CARTESIAN_POINT('',(-1.028937121,-1.782171372,2.664603416));
#1424=CARTESIAN_POINT('',(-6.390346231E-15,-2.376228496,2.694350014));
#1425=CARTESIAN_POINT('',(1.028937121,-1.782171372,2.724096611));
#1426=CARTESIAN_POINT('',(2.057874243,-1.188114248,2.753843209));
#1427=CARTESIAN_POINT('',(2.057874243,-9.127940292E-15,2.783589807));
#1428=CARTESIAN_POINT('',(2.057874243,1.188114248,2.813336404));
#1429=CARTESIAN_POINT('',(1.028937121,1.782171372,2.843083002));
#1430=CARTESIAN_POINT('',(1.468972891E-14,2.376228496,2.8728296));
#1431=CARTESIAN_POINT('',(-1.028937121,1.782171372,2.902576197));
#1432=CARTESIAN_POINT('',(-2.057874243,1.188114248,2.932322795));
#1433=CARTESIAN_POINT('',(-2.057874243,9.379957202E-15,2.962069392));
#1434=CARTESIAN_POINT('',(-2.057874243,-1.188114248,2.99181599));
#1435=CARTESIAN_POINT('',(-1.028937121,-1.782171372,3.021562588));
#1436=CARTESIAN_POINT('',(-6.972354356E-15,-2.376228496,3.051309185));
#1437=CARTESIAN_POINT('',(1.028937121,-1.782171372,3.081055783));
#1438=CARTESIAN_POINT('',(2.057874243,-1.188114248,3.110802381));
#1439=CARTESIAN_POINT('',(2.057874243,-2.32093614E-15,3.140548978));
#1440=CARTESIAN_POINT('',(2.057874243,1.188114248,3.170295576));
#1441=CARTESIAN_POINT('',(1.028937121,1.782171372,3.200042174));
#1442=CARTESIAN_POINT('',(1.527173703E-14,2.376228496,3.229788771));
#1443=CARTESIAN_POINT('',(-1.028937121,1.782171372,3.259535369));
#1444=CARTESIAN_POINT('',(-2.057874243,1.188114248,3.289281966));
#1445=CARTESIAN_POINT('',(-2.057874243,9.883991023E-15,3.319028564));
#1446=CARTESIAN_POINT('',(-2.057874243,-1.188114248,3.348775162));
#1447=CARTESIAN_POINT('',(-1.028937121,-1.782171372,3.378521759));
#1448=CARTESIAN_POINT('',(-7.55436248E-15,-2.376228496,3.408268357));
#1449=CARTESIAN_POINT('',(1.028937121,-1.782171372,3.438014955));
#1450=CARTESIAN_POINT('',(2.057874243,-1.188114248,3.467761552));
#1451=CARTESIAN_POINT('',(2.057874243,-2.824969961E-15,3.49750815));
#1452=CARTESIAN_POINT('',(2.057874243,1.188114248,3.527254748));
#1453=CARTESIAN_POINT('',(1.028937121,1.782171372,3.557001345));
#1454=CARTESIAN_POINT('',(1.585374516E-14,2.376228496,3.586747943));
#1455=CARTESIAN_POINT('',(-1.028937121,1.782171372,3.616494541));
#1456=CARTESIAN_POINT('',(-2.057874243,1.188114248,3.646241138));
#1457=CARTESIAN_POINT('',(-2.057874243,1.038802484E-14,3.675987736));
#1458=CARTESIAN_POINT('',(-2.057874243,-1.188114248,3.705734333));
#1459=CARTESIAN_POINT('',(-1.028937121,-1.782171372,3.735480931));
#1460=CARTESIAN_POINT('',(-8.136370604E-15,-2.376228496,3.765227529));
#1461=CARTESIAN_POINT('',(1.028937121,-1.782171372,3.794974126));
#1462=CARTESIAN_POINT('',(2.057874243,-1.188114248,3.824720724));
#1463=CARTESIAN_POINT('',(2.057874243,-3.329003782E-15,3.854467322));
#1464=ORIENTED_EDGE('',*,*,#1465,.T.);
#1465=EDGE_CURVE('',#1364,#1242,#1466,.T.);
#1466=(BOUNDED_CURVE()B_SPLINE_CURVE(2,(#1467,#1468,#1469,#1470,#1471,#1472,#1473,#1474,#1475,#1476,#1477,#1478,#1479,#1480,#1481,#1482,#1483,#1484,#1485,#1486,#1487,#1488,#1489,#1490,#1491,#1492,#1493,#1494,#1495,#1496,#1497,#1498,#1499,#1500,#1501,#1502,#1503,#1504,#1505,#1506,#1507,#1508,#1509,#1510,#1511,#1512,#1513,#1514,#1515,#1516,#1517,#1518,#1519,#1520,#1521,#1522,#1523,#1524,#1525,#1526,#1527,#1528,#1529,#1530,#1531,#1532,#1533,#1534,#1535,#1536,#1537,#1538,#1539,#1540,#1541,#1542,#1543,#1544,#1545,#1546,#1547,#1548,#1549,#1550,#1551,#1552,#1553,#1554,#1555,#1556,#1557,#1558,#1559,#1560,#1561,#1562,#1563),.UNSPECIFIED.,.F.,.U.)B_SPLINE_CURVE_WITH_KNOTS((3,2,2,2,2,2,2,2,2,2,2,2,2,2,2,2,2,2,2,2,2,2,2,2,2,2,2,2,2,2,2,2,2,2,2,2,2,2,2,2,2,2,2,2,2,2,2,2,3),(0.0,0.020833333,0.041666667,0.0625,0.083333333,0.104166667,0.125,0.145833333,0.166666667,0.1875,0.208333333,0.229166667,0.25,0.270833333,0.291666667,0.3125,0.333333333,0.354166667,0.375,0.395833333,0.416666667,0.4375,0.458333333,0.479166667,0.5,0.520833333,0.541666667,0.5625,0.583333333,0.604166667,0.625,0.645833333,0.666666667,0.6875,0.708333333,0.729166667,0.75,0.770833333,0.791666667,0.8125,0.833333333,0.854166667,0.875,0.895833333,0.916666667,0.9375,0.958333333,0.979166667,1.0),.UNSPECIFIED.)CURVE()GEOMETRIC_REPRESENTATION_ITEM()RATIONAL_B_SPLINE_CURVE((1.0,0.866025404,1.0,0.866025404,1.0,0.866025404,1.0,0.866025404,1.0,0.866025404,1.0,0.866025404,1.0,0.866025404,1.0,0.866025404,1.0,0.866025404,1.0,0.866025404,1.0,0.866025404,1.0,0.866025404,1.0,0.866025404,1.0,0.866025404,1.0,0.866025404,1.0,0.866025404,1.0,0.866025404,1.0,0.866025404,1.0,0.866025404,1.0,0.866025404,1.0,0.866025404,1.0,0.866025404,1.0,0.866025404,1.0,0.866025404,1.0,0.866025404,1.0,0.866025404,1.0,0.866025404,1.0,0.866025404,1.0,0.866025404,1.0,0.866025404,1.0,0.866025404,1.0,0.866025404,1.0,0.866025404,1.0,0.866025404,1.0,0.866025404,1.0,0.866025404,1.0,0.866025404,1.0,0.866025404,1.0,0.866025404,1.0,0.866025404,1.0,0.866025404,1.0,0.866025404,1.0,0.866025404,1.0,0.866025404,1.0,0.866025404,1.0,0.866025404,1.0,0.866025404,1.0,0.866025404,1.0))REPRESENTATION_ITEM(''));
#1467=CARTESIAN_POINT('',(2.057874243,7.03266785E-16,0.998793948));
#1468=CARTESIAN_POINT('',(2.057874243,1.188114248,1.028540546));
#1469=CARTESIAN_POINT('',(1.028937121,1.782171372,1.058287144));
#1470=CARTESIAN_POINT('',(-8.834009387E-16,2.376228496,1.088033741));
#1471=CARTESIAN_POINT('',(-1.028937121,1.782171372,1.117780339));
#1472=CARTESIAN_POINT('',(-2.057874243,1.188114248,1.147526936));
#1473=CARTESIAN_POINT('',(-2.057874243,-4.512498746E-16,1.177273534));
#1474=CARTESIAN_POINT('',(-2.057874243,-1.188114248,1.207020132));
#1475=CARTESIAN_POINT('',(-1.028937121,-1.782171372,1.236766729));
#1476=CARTESIAN_POINT('',(1.587160075E-16,-2.376228496,1.266513327));
#1477=CARTESIAN_POINT('',(1.028937121,-1.782171372,1.296259925));
#1478=CARTESIAN_POINT('',(2.057874243,-1.188114248,1.326006522));
#1479=CARTESIAN_POINT('',(2.057874243,1.992329641E-16,1.35575312));
#1480=CARTESIAN_POINT('',(2.057874243,1.188114248,1.385499718));
#1481=CARTESIAN_POINT('',(1.028937121,1.782171372,1.415246315));
#1482=CARTESIAN_POINT('',(1.809122056E-15,2.376228496,1.444992913));
#1483=CARTESIAN_POINT('',(-1.028937121,1.782171372,1.47473951));
#1484=CARTESIAN_POINT('',(-2.057874243,1.188114248,1.504486108));
#1485=CARTESIAN_POINT('',(-2.057874243,5.278394636E-17,1.534232706));
#1486=CARTESIAN_POINT('',(-2.057874243,-1.188114248,1.563979303));
#1487=CARTESIAN_POINT('',(-1.028937121,-1.782171372,1.593725901));
#1488=CARTESIAN_POINT('',(-4.232921169E-16,-2.376228496,1.623472499));
#1489=CARTESIAN_POINT('',(1.028937121,-1.782171372,1.653219096));
#1490=CARTESIAN_POINT('',(2.057874243,-1.188114248,1.682965694));
#1491=CARTESIAN_POINT('',(2.057874243,-3.048008568E-16,1.712712292));
#1492=CARTESIAN_POINT('',(2.057874243,1.188114248,1.742458889));
#1493=CARTESIAN_POINT('',(1.028937121,1.782171372,1.772205487));
#1494=CARTESIAN_POINT('',(4.501645051E-15,2.376228496,1.801952084));
#1495=CARTESIAN_POINT('',(-1.028937121,1.782171372,1.831698682));
#1496=CARTESIAN_POINT('',(-2.057874243,1.188114248,1.86144528));
#1497=CARTESIAN_POINT('',(-2.057874243,4.212336753E-15,1.891191877));
#1498=CARTESIAN_POINT('',(-2.057874243,-1.188114248,1.920938475));
#1499=CARTESIAN_POINT('',(-1.028937121,-1.782171372,1.950685073));
#1500=CARTESIAN_POINT('',(-5.226329982E-15,-2.376228496,1.98043167));
#1501=CARTESIAN_POINT('',(1.028937121,-1.782171372,2.010178268));
#1502=CARTESIAN_POINT('',(2.057874243,-1.188114248,2.039924866));
#1503=CARTESIAN_POINT('',(2.057874243,-8.088346777E-16,2.069671463));
#1504=CARTESIAN_POINT('',(2.057874243,1.188114248,2.099418061));
#1505=CARTESIAN_POINT('',(1.028937121,1.782171372,2.129164659));
#1506=CARTESIAN_POINT('',(5.083653176E-15,2.376228496,2.158911256));
#1507=CARTESIAN_POINT('',(-1.028937121,1.782171372,2.188657854));
#1508=CARTESIAN_POINT('',(-2.057874243,1.188114248,2.218404451));
#1509=CARTESIAN_POINT('',(-2.057874243,1.060851588E-15,2.248151049));
#1510=CARTESIAN_POINT('',(-2.057874243,-1.188114248,2.277897647));
#1511=CARTESIAN_POINT('',(-1.028937121,-1.782171372,2.307644244));
#1512=CARTESIAN_POINT('',(-5.808338107E-15,-2.376228496,2.337390842));
#1513=CARTESIAN_POINT('',(1.028937121,-1.782171372,2.36713744));
#1514=CARTESIAN_POINT('',(2.057874243,-1.188114248,2.396884037));
#1515=CARTESIAN_POINT('',(2.057874243,-1.312868499E-15,2.426630635));
#1516=CARTESIAN_POINT('',(2.057874243,1.188114248,2.456377233));
#1517=CARTESIAN_POINT('',(1.028937121,1.782171372,2.48612383));
#1518=CARTESIAN_POINT('',(5.6656613E-15,2.376228496,2.515870428));
#1519=CARTESIAN_POINT('',(-1.028937121,1.782171372,2.545617025));
#1520=CARTESIAN_POINT('',(-2.057874243,1.188114248,2.575363623));
#1521=CARTESIAN_POINT('',(-2.057874243,8.875923381E-15,2.605110221));
#1522=CARTESIAN_POINT('',(-2.057874243,-1.188114248,2.634856818));
#1523=CARTESIAN_POINT('',(-1.028937121,-1.782171372,2.664603416));
#1524=CARTESIAN_POINT('',(-6.390346231E-15,-2.376228496,2.694350014));
#1525=CARTESIAN_POINT('',(1.028937121,-1.782171372,2.724096611));
#1526=CARTESIAN_POINT('',(2.057874243,-1.188114248,2.753843209));
#1527=CARTESIAN_POINT('',(2.057874243,-9.127940292E-15,2.783589807));
#1528=CARTESIAN_POINT('',(2.057874243,1.188114248,2.813336404));
#1529=CARTESIAN_POINT('',(1.028937121,1.782171372,2.843083002));
#1530=CARTESIAN_POINT('',(1.468972891E-14,2.376228496,2.8728296));
#1531=CARTESIAN_POINT('',(-1.028937121,1.782171372,2.902576197));
#1532=CARTESIAN_POINT('',(-2.057874243,1.188114248,2.932322795));
#1533=CARTESIAN_POINT('',(-2.057874243,9.379957202E-15,2.962069392));
#1534=CARTESIAN_POINT('',(-2.057874243,-1.188114248,2.99181599));
#1535=CARTESIAN_POINT('',(-1.028937121,-1.782171372,3.021562588));
#1536=CARTESIAN_POINT('',(-6.972354356E-15,-2.376228496,3.051309185));
#1537=CARTESIAN_POINT('',(1.028937121,-1.782171372,3.081055783));
#1538=CARTESIAN_POINT('',(2.057874243,-1.188114248,3.110802381));
#1539=CARTESIAN_POINT('',(2.057874243,-2.32093614E-15,3.140548978));
#1540=CARTESIAN_POINT('',(2.057874243,1.188114248,3.170295576));
#1541=CARTESIAN_POINT('',(1.028937121,1.782171372,3.200042174));
#1542=CARTESIAN_POINT('',(1.527173703E-14,2.376228496,3.229788771));
#1543=CARTESIAN_POINT('',(-1.028937121,1.782171372,3.259535369));
#1544=CARTESIAN_POINT('',(-2.057874243,1.188114248,3.289281966));
#1545=CARTESIAN_POINT('',(-2.057874243,9.883991023E-15,3.319028564));
#1546=CARTESIAN_POINT('',(-2.057874243,-1.188114248,3.348775162));
#1547=CARTESIAN_POINT('',(-1.028937121,-1.782171372,3.378521759));
#1548=CARTESIAN_POINT('',(-7.55436248E-15,-2.376228496,3.408268357));
#1549=CARTESIAN_POINT('',(1.028937121,-1.782171372,3.438014955));
#1550=CARTESIAN_POINT('',(2.057874243,-1.188114248,3.467761552));
#1551=CARTESIAN_POINT('',(2.057874243,-2.824969961E-15,3.49750815));
#1552=CARTESIAN_POINT('',(2.057874243,1.188114248,3.527254748));
#1553=CARTESIAN_POINT('',(1.028937121,1.782171372,3.557001345));
#1554=CARTESIAN_POINT('',(1.585374516E-14,2.376228496,3.586747943));
#1555=CARTESIAN_POINT('',(-1.028937121,1.782171372,3.616494541));
#1556=CARTESIAN_POINT('',(-2.057874243,1.188114248,3.646241138));
#1557=CARTESIAN_POINT('',(-2.057874243,1.038802484E-14,3.675987736));
#1558=CARTESIAN_POINT('',(-2.057874243,-1.188114248,3.705734333));
#1559=CARTESIAN_POINT('',(-1.028937121,-1.782171372,3.735480931));
#1560=CARTESIAN_POINT('',(-8.136370604E-15,-2.376228496,3.765227529));
#1561=CARTESIAN_POINT('',(1.028937121,-1.782171372,3.794974126));
#1562=CARTESIAN_POINT('',(2.057874243,-1.188114248,3.824720724));
#1563=CARTESIAN_POINT('',(2.057874243,-3.329003782E-15,3.854467322));
#1564=(BOUNDED_SURFACE()B_SPLINE_SURFACE(3,2,((#1565,#1566,#1567,#1568,#1569,#1570,#1571,#1572,#1573,#1574,#1575,#1576,#1577,#1578,#1579,#1580,#1581,#1582,#1583,#1584,#1585,#1586,#1587,#1588,#1589,#1590,#1591,#1592,#1593,#1594,#1595,#1596,#1597,#1598,#1599,#1600,#1601,#1602,#1603,#1604,#1605,#1606,#1607,#1608,#1609,#1610,#1611,#1612,#1613,#1614,#1615,#1616,#1617,#1618,#1619,#1620,#1621,#1622,#1623,#1624,#1625,#1626,#1627,#1628,#1629,#1630,#1631,#1632,#1633,#1634,#1635,#1636,#1637,#1638,#1639,#1640,#1641,#1642,#1643,#1644,#1645,#1646,#1647,#1648,#1649,#1650,#1651,#1652,#1653,#1654,#1655,#1656,#1657,#1658,#1659,#1660,#1661),(#1662,#1663,#1664,#1665,#1666,#1667,#1668,#1669,#1670,#1671,#1672,#1673,#1674,#1675,#1676,#1677,#1678,#1679,#1680,#1681,#1682,#1683,#1684,#1685,#1686,#1687,#1688,#1689,#1690,#1691,#1692,#1693,#1694,#1695,#1696,#1697,#1698,#1699,#1700,#1701,#1702,#1703,#1704,#1705,#1706,#1707,#1708,#1709,#1710,#1711,#1712,#1713,#1714,#1715,#1716,#1717,#1718,#1719,#1720,#1721,#1722,#1723,#1724,#1725,#1726,#1727,#1728,#1729,#1730,#1731,#1732,#1733,#1734,#1735,#1736,#1737,#1738,#1739,#1740,#1741,#1742,#1743,#1744,#1745,#1746,#1747,#1748,#1749,#1750,#1751,#1752,#1753,#1754,#1755,#1756,#1757,#1758),(#1759,#1760,#1761,#1762,#1763,#1764,#1765,#1766,#1767,#1768,#1769,#1770,#1771,#1772,#1773,#1774,#1775,#1776,#1777,#1778,#1779,#1780,#1781,#1782,#1783,#1784,#1785,#1786,#1787,#1788,#1789,#1790,#1791,#1792,#1793,#1794,#1795,#1796,#1797,#1798,#1799,#1800,#1801,#1802,#1803,#1804,#1805,#1806,#1807,#1808,#1809,#1810,#1811,#1812,#1813,#1814,#1815,#1816,#1817,#1818,#1819,#1820,#1821,#1822,#1823,#1824,#1825,#1826,#1827,#1828,#1829,#1830,#1831,#1832,#1833,#1834,#1835,#1836,#1837,#1838,#1839,#1840,#1841,#1842,#1843,#1844,#1845,#1846,#1847,#1848,#1849,#1850,#1851,#1852,#1853,#1854,#1855),(#1856,#1857,#1858,#1859,#1860,#1861,#1862,#1863,#1864,#1865,#1866,#1867,#1868,#1869,#1870,#1871,#1872,#1873,#1874,#1875,#1876,#1877,#1878,#1879,#1880,#1881,#1882,#1883,#1884,#1885,#1886,#1887,#1888,#1889,#1890,#1891,#1892,#1893,#1894,#1895,#1896,#1897,#1898,#1899,#1900,#1901,#1902,#1903,#1904,#1905,#1906,#1907,#1908,#1909,#1910,#1911,#1912,#1913,#1914,#1915,#1916,#1917,#1918,#1919,#1920,#1921,#1922,#1923,#1924,#1925,#1926,#1927,#1928,#1929,#1930,#1931,#1932,#1933,#1934,#1935,#1936,#1937,#1938,#1939,#1940,#1941,#1942,#1943,#1944,#1945,#1946,#1947,#1948,#1949,#1950,#1951,#1952)),.UNSPECIFIED.,.F.,.F.,.U.)B_SPLINE_SURFACE_WITH_KNOTS((4,4),(3,2,2,2,2,2,2,2,2,2,2,2,2,2,2,2,2,2,2,2,2,2,2,2,2,2,2,2,2,2,2,2,2,2,2,2,2,2,2,2,2,2,2,2,2,2,2,2,3),(0.0,1.0),(0.0,0.020833333,0.041666667,0.0625,0.083333333,0.104166667,0.125,0.145833333,0.166666667,0.1875,0.208333333,0.229166667,0.25,0.270833333,0.291666667,0.3125,0.333333333,0.354166667,0.375,0.395833333,0.416666667,0.4375,0.458333333,0.479166667,0.5,0.520833333,0.541666667,0.5625,0.583333333,0.604166667,0.625,0.645833333,0.666666667,0.6875,0.708333333,0.729166667,0.75,0.770833333,0.791666667,0.8125,0.833333333,0.854166667,0.875,0.895833333,0.916666667,0.9375,0.958333333,0.979166667,1.0),.UNSPECIFIED.)GEOMETRIC_REPRESENTATION_ITEM()RATIONAL_B_SPLINE_SURFACE(((1.0,0.866025404,1.0,0.866025404,1.0,0.866025404,1.0,0.866025404,1.0,0.866025404,1.0,0.866025404,1.0,0.866025404,1.0,0.866025404,1.0,0.866025404,1.0,0.866025404,1.0,0.866025404,1.0,0.866025404,1.0,0.866025404,1.0,0.866025404,1.0,0.866025404,1.0,0.866025404,1.0,0.866025404,1.0,0.866025404,1.0,0.866025404,1.0,0.866025404,1.0,0.866025404,1.0,0.866025404,1.0,0.866025404,1.0,0.866025404,1.0,0.866025404,1.0,0.866025404,1.0,0.866025404,1.0,0.866025404,1.0,0.866025404,1.0,0.866025404,1.0,0.866025404,1.0,0.866025404,1.0,0.866025404,1.0,0.866025404,1.0,0.866025404,1.0,0.866025404,1.0,0.866025404,1.0,0.866025404,1.0,0.866025404,1.0,0.866025404,1.0,0.866025404,1.0,0.866025404,1.0,0.866025404,1.0,0.866025404,1.0,0.866025404,1.0,0.866025404,1.0,0.866025404,1.0,0.866025404,1.0),(0.926814282,0.802644713,0.926814282,0.802644713,0.926814282,0.802644713,0.926814282,0.802644713,0.926814282,0.802644713,0.926814282,0.802644713,0.926814282,0.802644713,0.926814282,0.802644713,0.926814282,0.802644713,0.926814282,0.802644713,0.926814282,0.802644713,0.926814282,0.802644713,0.926814282,0.802644713,0.926814282,0.802644713,0.926814282,0.802644713,0.926814282,0.802644713,0.926814282,0.802644713,0.926814282,0.802644713,0.926814282,0.802644713,0.926814282,0.802644713,0.926814282,0.802644713,0.926814282,0.802644713,0.926814282,0.802644713,0.926814282,0.802644713,0.926814282,0.802644713,0.926814282,0.802644713,0.926814282,0.802644713,0.926814282,0.802644713,0.926814282,0.802644713,0.926814282,0.802644713,0.926814282,0.802644713,0.926814282,0.802644713,0.926814282,0.802644713,0.926814282,0.802644713,0.926814282,0.802644713,0.926814282,0.802644713,0.926814282,0.802644713,0.926814282,0.802644713,0.926814282,0.802644713,0.926814282,0.802644713,0.926814282,0.802644713,0.926814282,0.802644713,0.926814282,0.802644713,0.926814282,0.802644713,0.926814282,0.802644713,0.926814282,0.802644713,0.926814282,0.802644713,0.926814282,0.802644713,0.926814282),(0.926814282,0.802644713,0.926814282,0.802644713,0.926814282,0.802644713,0.926814282,0.802644713,0.926814282,0.802644713,0.926814282,0.802644713,0.926814282,0.802644713,0.926814282,0.802644713,0.926814282,0.802644713,0.926814282,0.802644713,0.926814282,0.802644713,0.926814282,0.802644713,0.926814282,0.802644713,0.926814282,0.802644713,0.926814282,0.802644713,0.926814282,0.802644713,0.926814282,0.802644713,0.926814282,0.802644713,0.926814282,0.802644713,0.926814282,0.802644713,0.926814282,0.802644713,0.926814282,0.802644713,0.926814282,0.802644713,0.926814282,0.802644713,0.926814282,0.802644713,0.926814282,0.802644713,0.926814282,0.802644713,0.926814282,0.802644713,0.926814282,0.802644713,0.926814282,0.802644713,0.926814282,0.802644713,0.926814282,0.802644713,0.926814282,0.802644713,0.926814282,0.802644713,0.926814282,0.802644713,0.926814282,0.802644713,0.926814282,0.802644713,0.926814282,0.802644713,0.926814282,0.802644713,0.926814282,0.802644713,0.926814282,0.802644713,0.926814282,0.802644713,0.926814282,0.802644713,0.926814282,0.802644713,0.926814282,0.802644713,0.926814282,0.802644713,0.926814282,0.802644713,0.926814282,0.802644713,0.926814282),(1.0,0.866025404,1.0,0.866025404,1.0,0.866025404,1.0,0.866025404,1.0,0.866025404,1.0,0.866025404,1.0,0.866025404,1.0,0.866025404,1.0,0.866025404,1.0,0.866025404,1.0,0.866025404,1.0,0.866025404,1.0,0.866025404,1.0,0.866025404,1.0,0.866025404,1.0,0.866025404,1.0,0.866025404,1.0,0.866025404,1.0,0.866025404,1.0,0.866025404,1.0,0.866025404,1.0,0.866025404,1.0,0.866025404,1.0,0.866025404,1.0,0.866025404,1.0,0.866025404,1.0,0.866025404,1.0,0.866025404,1.0,0.866025404,1.0,0.866025404,1.0,0.866025404,1.0,0.866025404,1.0,0.866025404,1.0,0.866025404,1.0,0.866025404,1.0,0.866025404,1.0,0.866025404,1.0,0.866025404,1.0,0.866025404,1.0,0.866025404,1.0,0.866025404,1.0,0.866025404,1.0,0.866025404,1.0,0.866025404,1.0,0.866025404,1.0,0.866025404,1.0,0.866025404,1.0,0.866025404,1.0)))REPRESENTATION_ITEM('')SURFACE());
#1565=CARTESIAN_POINT('',(1.966545885,5.311058881E-32,0.820314362));
#1566=CARTESIAN_POINT('',(1.966545885,1.135385796,0.85006096));
#1567=CARTESIAN_POINT('',(0.983272943,1.703078694,0.879807558));
#1568=CARTESIAN_POINT('',(-7.779577638E-17,2.270771592,0.909554155));
#1569=CARTESIAN_POINT('',(-0.983272943,1.703078694,0.939300753));
#1570=CARTESIAN_POINT('',(-1.966545885,1.135385796,0.969047351));
#1571=CARTESIAN_POINT('',(-1.966545885,2.408324124E-16,0.998793948));
#1572=CARTESIAN_POINT('',(-1.966545885,-1.135385796,1.028540546));
#1573=CARTESIAN_POINT('',(-0.983272943,-1.703078694,1.058287144));
#1574=CARTESIAN_POINT('',(-6.339744088E-16,-2.270771592,1.088033741));
#1575=CARTESIAN_POINT('',(0.983272943,-1.703078694,1.117780339));
#1576=CARTESIAN_POINT('',(1.966545885,-1.135385796,1.147526936));
#1577=CARTESIAN_POINT('',(1.966545885,5.311058881E-32,1.177273534));
#1578=CARTESIAN_POINT('',(1.966545885,1.135385796,1.207020132));
#1579=CARTESIAN_POINT('',(0.983272943,1.703078694,1.236766729));
#1580=CARTESIAN_POINT('',(-7.779577638E-17,2.270771592,1.266513327));
#1581=CARTESIAN_POINT('',(-0.983272943,1.703078694,1.296259925));
#1582=CARTESIAN_POINT('',(-1.966545885,1.135385796,1.326006522));
#1583=CARTESIAN_POINT('',(-1.966545885,2.408324124E-16,1.35575312));
#1584=CARTESIAN_POINT('',(-1.966545885,-1.135385796,1.385499718));
#1585=CARTESIAN_POINT('',(-0.983272943,-1.703078694,1.415246315));
#1586=CARTESIAN_POINT('',(-6.339744088E-16,-2.270771592,1.444992913));
#1587=CARTESIAN_POINT('',(0.983272943,-1.703078694,1.47473951));
#1588=CARTESIAN_POINT('',(1.966545885,-1.135385796,1.504486108));
#1589=CARTESIAN_POINT('',(1.966545885,5.311058881E-32,1.534232706));
#1590=CARTESIAN_POINT('',(1.966545885,1.135385796,1.563979303));
#1591=CARTESIAN_POINT('',(0.983272943,1.703078694,1.593725901));
#1592=CARTESIAN_POINT('',(-7.779577638E-17,2.270771592,1.623472499));
#1593=CARTESIAN_POINT('',(-0.983272943,1.703078694,1.653219096));
#1594=CARTESIAN_POINT('',(-1.966545885,1.135385796,1.682965694));
#1595=CARTESIAN_POINT('',(-1.966545885,2.408324124E-16,1.712712292));
#1596=CARTESIAN_POINT('',(-1.966545885,-1.135385796,1.742458889));
#1597=CARTESIAN_POINT('',(-0.983272943,-1.703078694,1.772205487));
#1598=CARTESIAN_POINT('',(-6.339744088E-16,-2.270771592,1.801952084));
#1599=CARTESIAN_POINT('',(0.983272943,-1.703078694,1.831698682));
#1600=CARTESIAN_POINT('',(1.966545885,-1.135385796,1.86144528));
#1601=CARTESIAN_POINT('',(1.966545885,5.311058881E-32,1.891191877));
#1602=CARTESIAN_POINT('',(1.966545885,1.135385796,1.920938475));
#1603=CARTESIAN_POINT('',(0.983272943,1.703078694,1.950685073));
#1604=CARTESIAN_POINT('',(-7.779577638E-17,2.270771592,1.98043167));
#1605=CARTESIAN_POINT('',(-0.983272943,1.703078694,2.010178268));
#1606=CARTESIAN_POINT('',(-1.966545885,1.135385796,2.039924866));
#1607=CARTESIAN_POINT('',(-1.966545885,2.408324124E-16,2.069671463));
#1608=CARTESIAN_POINT('',(-1.966545885,-1.135385796,2.099418061));
#1609=CARTESIAN_POINT('',(-0.983272943,-1.703078694,2.129164659));
#1610=CARTESIAN_POINT('',(-6.339744088E-16,-2.270771592,2.158911256));
#1611=CARTESIAN_POINT('',(0.983272943,-1.703078694,2.188657854));
#1612=CARTESIAN_POINT('',(1.966545885,-1.135385796,2.218404451));
#1613=CARTESIAN_POINT('',(1.966545885,5.311058881E-32,2.248151049));
#1614=CARTESIAN_POINT('',(1.966545885,1.135385796,2.277897647));
#1615=CARTESIAN_POINT('',(0.983272943,1.703078694,2.307644244));
#1616=CARTESIAN_POINT('',(-7.779577638E-17,2.270771592,2.337390842));
#1617=CARTESIAN_POINT('',(-0.983272943,1.703078694,2.36713744));
#1618=CARTESIAN_POINT('',(-1.966545885,1.135385796,2.396884037));
#1619=CARTESIAN_POINT('',(-1.966545885,2.408324124E-16,2.426630635));
#1620=CARTESIAN_POINT('',(-1.966545885,-1.135385796,2.456377233));
#1621=CARTESIAN_POINT('',(-0.983272943,-1.703078694,2.48612383));
#1622=CARTESIAN_POINT('',(-6.339744088E-16,-2.270771592,2.515870428));
#1623=CARTESIAN_POINT('',(0.983272943,-1.703078694,2.545617025));
#1624=CARTESIAN_POINT('',(1.966545885,-1.135385796,2.575363623));
#1625=CARTESIAN_POINT('',(1.966545885,5.311058881E-32,2.605110221));
#1626=CARTESIAN_POINT('',(1.966545885,1.135385796,2.634856818));
#1627=CARTESIAN_POINT('',(0.983272943,1.703078694,2.664603416));
#1628=CARTESIAN_POINT('',(-7.779577638E-17,2.270771592,2.694350014));
#1629=CARTESIAN_POINT('',(-0.983272943,1.703078694,2.724096611));
#1630=CARTESIAN_POINT('',(-1.966545885,1.135385796,2.753843209));
#1631=CARTESIAN_POINT('',(-1.966545885,2.408324124E-16,2.783589807));
#1632=CARTESIAN_POINT('',(-1.966545885,-1.135385796,2.813336404));
#1633=CARTESIAN_POINT('',(-0.983272943,-1.703078694,2.843083002));
#1634=CARTESIAN_POINT('',(-6.339744088E-16,-2.270771592,2.8728296));
#1635=CARTESIAN_POINT('',(0.983272943,-1.703078694,2.902576197));
#1636=CARTESIAN_POINT('',(1.966545885,-1.135385796,2.932322795));
#1637=CARTESIAN_POINT('',(1.966545885,5.311058881E-32,2.962069392));
#1638=CARTESIAN_POINT('',(1.966545885,1.135385796,2.99181599));
#1639=CARTESIAN_POINT('',(0.983272943,1.703078694,3.021562588));
#1640=CARTESIAN_POINT('',(-7.779577638E-17,2.270771592,3.051309185));
#1641=CARTESIAN_POINT('',(-0.983272943,1.703078694,3.081055783));
#1642=CARTESIAN_POINT('',(-1.966545885,1.135385796,3.110802381));
#1643=CARTESIAN_POINT('',(-1.966545885,2.408324124E-16,3.140548978));
#1644=CARTESIAN_POINT('',(-1.966545885,-1.135385796,3.170295576));
#1645=CARTESIAN_POINT('',(-0.983272943,-1.703078694,3.200042174));
#1646=CARTESIAN_POINT('',(-6.339744088E-16,-2.270771592,3.229788771));
#1647=CARTESIAN_POINT('',(0.983272943,-1.703078694,3.259535369));
#1648=CARTESIAN_POINT('',(1.966545885,-1.135385796,3.289281966));
#1649=CARTESIAN_POINT('',(1.966545885,5.311058881E-32,3.319028564));
#1650=CARTESIAN_POINT('',(1.966545885,1.135385796,3.348775162));
#1651=CARTESIAN_POINT('',(0.983272943,1.703078694,3.378521759));
#1652=CARTESIAN_POINT('',(-7.779577638E-17,2.270771592,3.408268357));
#1653=CARTESIAN_POINT('',(-0.983272943,1.703078694,3.438014955));
#1654=CARTESIAN_POINT('',(-1.966545885,1.135385796,3.467761552));
#1655=CARTESIAN_POINT('',(-1.966545885,2.408324124E-16,3.49750815));
#1656=CARTESIAN_POINT('',(-1.966545885,-1.135385796,3.527254748));
#1657=CARTESIAN_POINT('',(-0.983272943,-1.703078694,3.557001345));
#1658=CARTESIAN_POINT('',(-6.339744088E-16,-2.270771592,3.586747943));
#1659=CARTESIAN_POINT('',(0.983272943,-1.703078694,3.616494541));
#1660=CARTESIAN_POINT('',(1.966545885,-1.135385796,3.646241138));
#1661=CARTESIAN_POINT('',(1.966545885,5.311058881E-32,3.675987736));
#1662=CARTESIAN_POINT('',(1.966545885,5.311058881E-32,0.892421214));
#1663=CARTESIAN_POINT('',(1.966545885,1.135385796,0.922167812));
#1664=CARTESIAN_POINT('',(0.983272943,1.703078694,0.95191441));
#1665=CARTESIAN_POINT('',(-7.779577638E-17,2.270771592,0.981661007));
#1666=CARTESIAN_POINT('',(-0.983272943,1.703078694,1.011407605));
#1667=CARTESIAN_POINT('',(-1.966545885,1.135385796,1.041154203));
#1668=CARTESIAN_POINT('',(-1.966545885,2.408324124E-16,1.0709008));
#1669=CARTESIAN_POINT('',(-1.966545885,-1.135385796,1.100647398));
#1670=CARTESIAN_POINT('',(-0.983272943,-1.703078694,1.130393996));
#1671=CARTESIAN_POINT('',(-6.339744088E-16,-2.270771592,1.160140593));
#1672=CARTESIAN_POINT('',(0.983272943,-1.703078694,1.189887191));
#1673=CARTESIAN_POINT('',(1.966545885,-1.135385796,1.219633788));
#1674=CARTESIAN_POINT('',(1.966545885,5.311058881E-32,1.249380386));
#1675=CARTESIAN_POINT('',(1.966545885,1.135385796,1.279126984));
#1676=CARTESIAN_POINT('',(0.983272943,1.703078694,1.308873581));
#1677=CARTESIAN_POINT('',(-7.779577638E-17,2.270771592,1.338620179));
#1678=CARTESIAN_POINT('',(-0.983272943,1.703078694,1.368366777));
#1679=CARTESIAN_POINT('',(-1.966545885,1.135385796,1.398113374));
#1680=CARTESIAN_POINT('',(-1.966545885,2.408324124E-16,1.427859972));
#1681=CARTESIAN_POINT('',(-1.966545885,-1.135385796,1.45760657));
#1682=CARTESIAN_POINT('',(-0.983272943,-1.703078694,1.487353167));
#1683=CARTESIAN_POINT('',(-6.339744088E-16,-2.270771592,1.517099765));
#1684=CARTESIAN_POINT('',(0.983272943,-1.703078694,1.546846363));
#1685=CARTESIAN_POINT('',(1.966545885,-1.135385796,1.57659296));
#1686=CARTESIAN_POINT('',(1.966545885,5.311058881E-32,1.606339558));
#1687=CARTESIAN_POINT('',(1.966545885,1.135385796,1.636086155));
#1688=CARTESIAN_POINT('',(0.983272943,1.703078694,1.665832753));
#1689=CARTESIAN_POINT('',(-7.779577638E-17,2.270771592,1.695579351));
#1690=CARTESIAN_POINT('',(-0.983272943,1.703078694,1.725325948));
#1691=CARTESIAN_POINT('',(-1.966545885,1.135385796,1.755072546));
#1692=CARTESIAN_POINT('',(-1.966545885,2.408324124E-16,1.784819144));
#1693=CARTESIAN_POINT('',(-1.966545885,-1.135385796,1.814565741));
#1694=CARTESIAN_POINT('',(-0.983272943,-1.703078694,1.844312339));
#1695=CARTESIAN_POINT('',(-6.339744088E-16,-2.270771592,1.874058937));
#1696=CARTESIAN_POINT('',(0.983272943,-1.703078694,1.903805534));
#1697=CARTESIAN_POINT('',(1.966545885,-1.135385796,1.933552132));
#1698=CARTESIAN_POINT('',(1.966545885,5.311058881E-32,1.963298729));
#1699=CARTESIAN_POINT('',(1.966545885,1.135385796,1.993045327));
#1700=CARTESIAN_POINT('',(0.983272943,1.703078694,2.022791925));
#1701=CARTESIAN_POINT('',(-7.779577638E-17,2.270771592,2.052538522));
#1702=CARTESIAN_POINT('',(-0.983272943,1.703078694,2.08228512));
#1703=CARTESIAN_POINT('',(-1.966545885,1.135385796,2.112031718));
#1704=CARTESIAN_POINT('',(-1.966545885,2.408324124E-16,2.141778315));
#1705=CARTESIAN_POINT('',(-1.966545885,-1.135385796,2.171524913));
#1706=CARTESIAN_POINT('',(-0.983272943,-1.703078694,2.201271511));
#1707=CARTESIAN_POINT('',(-6.339744088E-16,-2.270771592,2.231018108));
#1708=CARTESIAN_POINT('',(0.983272943,-1.703078694,2.260764706));
#1709=CARTESIAN_POINT('',(1.966545885,-1.135385796,2.290511304));
#1710=CARTESIAN_POINT('',(1.966545885,5.311058881E-32,2.320257901));
#1711=CARTESIAN_POINT('',(1.966545885,1.135385796,2.350004499));
#1712=CARTESIAN_POINT('',(0.983272943,1.703078694,2.379751096));
#1713=CARTESIAN_POINT('',(-7.779577638E-17,2.270771592,2.409497694));
#1714=CARTESIAN_POINT('',(-0.983272943,1.703078694,2.439244292));
#1715=CARTESIAN_POINT('',(-1.966545885,1.135385796,2.468990889));
#1716=CARTESIAN_POINT('',(-1.966545885,2.408324124E-16,2.498737487));
#1717=CARTESIAN_POINT('',(-1.966545885,-1.135385796,2.528484085));
#1718=CARTESIAN_POINT('',(-0.983272943,-1.703078694,2.558230682));
#1719=CARTESIAN_POINT('',(-6.339744088E-16,-2.270771592,2.58797728));
#1720=CARTESIAN_POINT('',(0.983272943,-1.703078694,2.617723878));
#1721=CARTESIAN_POINT('',(1.966545885,-1.135385796,2.647470475));
#1722=CARTESIAN_POINT('',(1.966545885,5.311058881E-32,2.677217073));
#1723=CARTESIAN_POINT('',(1.966545885,1.135385796,2.70696367));
#1724=CARTESIAN_POINT('',(0.983272943,1.703078694,2.736710268));
#1725=CARTESIAN_POINT('',(-7.779577638E-17,2.270771592,2.766456866));
#1726=CARTESIAN_POINT('',(-0.983272943,1.703078694,2.796203463));
#1727=CARTESIAN_POINT('',(-1.966545885,1.135385796,2.825950061));
#1728=CARTESIAN_POINT('',(-1.966545885,2.408324124E-16,2.855696659));
#1729=CARTESIAN_POINT('',(-1.966545885,-1.135385796,2.885443256));
#1730=CARTESIAN_POINT('',(-0.983272943,-1.703078694,2.915189854));
#1731=CARTESIAN_POINT('',(-6.339744088E-16,-2.270771592,2.944936452));
#1732=CARTESIAN_POINT('',(0.983272943,-1.703078694,2.974683049));
#1733=CARTESIAN_POINT('',(1.966545885,-1.135385796,3.004429647));
#1734=CARTESIAN_POINT('',(1.966545885,5.311058881E-32,3.034176244));
#1735=CARTESIAN_POINT('',(1.966545885,1.135385796,3.063922842));
#1736=CARTESIAN_POINT('',(0.983272943,1.703078694,3.09366944));
#1737=CARTESIAN_POINT('',(-7.779577638E-17,2.270771592,3.123416037));
#1738=CARTESIAN_POINT('',(-0.983272943,1.703078694,3.153162635));
#1739=CARTESIAN_POINT('',(-1.966545885,1.135385796,3.182909233));
#1740=CARTESIAN_POINT('',(-1.966545885,2.408324124E-16,3.21265583));
#1741=CARTESIAN_POINT('',(-1.966545885,-1.135385796,3.242402428));
#1742=CARTESIAN_POINT('',(-0.983272943,-1.703078694,3.272149026));
#1743=CARTESIAN_POINT('',(-6.339744088E-16,-2.270771592,3.301895623));
#1744=CARTESIAN_POINT('',(0.983272943,-1.703078694,3.331642221));
#1745=CARTESIAN_POINT('',(1.966545885,-1.135385796,3.361388819));
#1746=CARTESIAN_POINT('',(1.966545885,5.311058881E-32,3.391135416));
#1747=CARTESIAN_POINT('',(1.966545885,1.135385796,3.420882014));
#1748=CARTESIAN_POINT('',(0.983272943,1.703078694,3.450628611));
#1749=CARTESIAN_POINT('',(-7.779577638E-17,2.270771592,3.480375209));
#1750=CARTESIAN_POINT('',(-0.983272943,1.703078694,3.510121807));
#1751=CARTESIAN_POINT('',(-1.966545885,1.135385796,3.539868404));
#1752=CARTESIAN_POINT('',(-1.966545885,2.408324124E-16,3.569615002));
#1753=CARTESIAN_POINT('',(-1.966545885,-1.135385796,3.5993616));
#1754=CARTESIAN_POINT('',(-0.983272943,-1.703078694,3.629108197));
#1755=CARTESIAN_POINT('',(-6.339744088E-16,-2.270771592,3.658854795));
#1756=CARTESIAN_POINT('',(0.983272943,-1.703078694,3.688601393));
#1757=CARTESIAN_POINT('',(1.966545885,-1.135385796,3.71834799));
#1758=CARTESIAN_POINT('',(1.966545885,5.311058881E-32,3.748094588));
#1759=CARTESIAN_POINT('',(1.99939258,5.311058881E-32,0.956612279));
#1760=CARTESIAN_POINT('',(1.99939258,1.154349844,0.986358877));
#1761=CARTESIAN_POINT('',(0.99969629,1.731524766,1.016105474));
#1762=CARTESIAN_POINT('',(-7.54733503E-17,2.308699689,1.045852072));
#1763=CARTESIAN_POINT('',(-0.99969629,1.731524766,1.075598669));
#1764=CARTESIAN_POINT('',(-1.99939258,1.154349844,1.105345267));
#1765=CARTESIAN_POINT('',(-1.99939258,2.448549723E-16,1.135091865));
#1766=CARTESIAN_POINT('',(-1.99939258,-1.154349844,1.164838462));
#1767=CARTESIAN_POINT('',(-0.99969629,-1.731524766,1.19458506));
#1768=CARTESIAN_POINT('',(-6.409416871E-16,-2.308699689,1.224331658));
#1769=CARTESIAN_POINT('',(0.99969629,-1.731524766,1.254078255));
#1770=CARTESIAN_POINT('',(1.99939258,-1.154349844,1.283824853));
#1771=CARTESIAN_POINT('',(1.99939258,5.311058881E-32,1.313571451));
#1772=CARTESIAN_POINT('',(1.99939258,1.154349844,1.343318048));
#1773=CARTESIAN_POINT('',(0.99969629,1.731524766,1.373064646));
#1774=CARTESIAN_POINT('',(-7.54733503E-17,2.308699689,1.402811243));
#1775=CARTESIAN_POINT('',(-0.99969629,1.731524766,1.432557841));
#1776=CARTESIAN_POINT('',(-1.99939258,1.154349844,1.462304439));
#1777=CARTESIAN_POINT('',(-1.99939258,2.448549723E-16,1.492051036));
#1778=CARTESIAN_POINT('',(-1.99939258,-1.154349844,1.521797634));
#1779=CARTESIAN_POINT('',(-0.99969629,-1.731524766,1.551544232));
#1780=CARTESIAN_POINT('',(-6.409416871E-16,-2.308699689,1.581290829));
#1781=CARTESIAN_POINT('',(0.99969629,-1.731524766,1.611037427));
#1782=CARTESIAN_POINT('',(1.99939258,-1.154349844,1.640784025));
#1783=CARTESIAN_POINT('',(1.99939258,5.311058881E-32,1.670530622));
#1784=CARTESIAN_POINT('',(1.99939258,1.154349844,1.70027722));
#1785=CARTESIAN_POINT('',(0.99969629,1.731524766,1.730023817));
#1786=CARTESIAN_POINT('',(-7.54733503E-17,2.308699689,1.759770415));
#1787=CARTESIAN_POINT('',(-0.99969629,1.731524766,1.789517013));
#1788=CARTESIAN_POINT('',(-1.99939258,1.154349844,1.81926361));
#1789=CARTESIAN_POINT('',(-1.99939258,2.448549723E-16,1.849010208));
#1790=CARTESIAN_POINT('',(-1.99939258,-1.154349844,1.878756806));
#1791=CARTESIAN_POINT('',(-0.99969629,-1.731524766,1.908503403));
#1792=CARTESIAN_POINT('',(-6.409416871E-16,-2.308699689,1.938250001));
#1793=CARTESIAN_POINT('',(0.99969629,-1.731524766,1.967996599));
#1794=CARTESIAN_POINT('',(1.99939258,-1.154349844,1.997743196));
#1795=CARTESIAN_POINT('',(1.99939258,5.311058881E-32,2.027489794));
#1796=CARTESIAN_POINT('',(1.99939258,1.154349844,2.057236392));
#1797=CARTESIAN_POINT('',(0.99969629,1.731524766,2.086982989));
#1798=CARTESIAN_POINT('',(-7.54733503E-17,2.308699689,2.116729587));
#1799=CARTESIAN_POINT('',(-0.99969629,1.731524766,2.146476184));
#1800=CARTESIAN_POINT('',(-1.99939258,1.154349844,2.176222782));
#1801=CARTESIAN_POINT('',(-1.99939258,2.448549723E-16,2.20596938));
#1802=CARTESIAN_POINT('',(-1.99939258,-1.154349844,2.235715977));
#1803=CARTESIAN_POINT('',(-0.99969629,-1.731524766,2.265462575));
#1804=CARTESIAN_POINT('',(-6.409416871E-16,-2.308699689,2.295209173));
#1805=CARTESIAN_POINT('',(0.99969629,-1.731524766,2.32495577));
#1806=CARTESIAN_POINT('',(1.99939258,-1.154349844,2.354702368));
#1807=CARTESIAN_POINT('',(1.99939258,5.311058881E-32,2.384448966));
#1808=CARTESIAN_POINT('',(1.99939258,1.154349844,2.414195563));
#1809=CARTESIAN_POINT('',(0.99969629,1.731524766,2.443942161));
#1810=CARTESIAN_POINT('',(-7.54733503E-17,2.308699689,2.473688758));
#1811=CARTESIAN_POINT('',(-0.99969629,1.731524766,2.503435356));
#1812=CARTESIAN_POINT('',(-1.99939258,1.154349844,2.533181954));
#1813=CARTESIAN_POINT('',(-1.99939258,2.448549723E-16,2.562928551));
#1814=CARTESIAN_POINT('',(-1.99939258,-1.154349844,2.592675149));
#1815=CARTESIAN_POINT('',(-0.99969629,-1.731524766,2.622421747));
#1816=CARTESIAN_POINT('',(-6.409416871E-16,-2.308699689,2.652168344));
#1817=CARTESIAN_POINT('',(0.99969629,-1.731524766,2.681914942));
#1818=CARTESIAN_POINT('',(1.99939258,-1.154349844,2.71166154));
#1819=CARTESIAN_POINT('',(1.99939258,5.311058881E-32,2.741408137));
#1820=CARTESIAN_POINT('',(1.99939258,1.154349844,2.771154735));
#1821=CARTESIAN_POINT('',(0.99969629,1.731524766,2.800901333));
#1822=CARTESIAN_POINT('',(-7.54733503E-17,2.308699689,2.83064793));
#1823=CARTESIAN_POINT('',(-0.99969629,1.731524766,2.860394528));
#1824=CARTESIAN_POINT('',(-1.99939258,1.154349844,2.890141125));
#1825=CARTESIAN_POINT('',(-1.99939258,2.448549723E-16,2.919887723));
#1826=CARTESIAN_POINT('',(-1.99939258,-1.154349844,2.949634321));
#1827=CARTESIAN_POINT('',(-0.99969629,-1.731524766,2.979380918));
#1828=CARTESIAN_POINT('',(-6.409416871E-16,-2.308699689,3.009127516));
#1829=CARTESIAN_POINT('',(0.99969629,-1.731524766,3.038874114));
#1830=CARTESIAN_POINT('',(1.99939258,-1.154349844,3.068620711));
#1831=CARTESIAN_POINT('',(1.99939258,5.311058881E-32,3.098367309));
#1832=CARTESIAN_POINT('',(1.99939258,1.154349844,3.128113907));
#1833=CARTESIAN_POINT('',(0.99969629,1.731524766,3.157860504));
#1834=CARTESIAN_POINT('',(-7.54733503E-17,2.308699689,3.187607102));
#1835=CARTESIAN_POINT('',(-0.99969629,1.731524766,3.217353699));
#1836=CARTESIAN_POINT('',(-1.99939258,1.154349844,3.247100297));
#1837=CARTESIAN_POINT('',(-1.99939258,2.448549723E-16,3.276846895));
#1838=CARTESIAN_POINT('',(-1.99939258,-1.154349844,3.306593492));
#1839=CARTESIAN_POINT('',(-0.99969629,-1.731524766,3.33634009));
#1840=CARTESIAN_POINT('',(-6.409416871E-16,-2.308699689,3.366086688));
#1841=CARTESIAN_POINT('',(0.99969629,-1.731524766,3.395833285));
#1842=CARTESIAN_POINT('',(1.99939258,-1.154349844,3.425579883));
#1843=CARTESIAN_POINT('',(1.99939258,5.311058881E-32,3.455326481));
#1844=CARTESIAN_POINT('',(1.99939258,1.154349844,3.485073078));
#1845=CARTESIAN_POINT('',(0.99969629,1.731524766,3.514819676));
#1846=CARTESIAN_POINT('',(-7.54733503E-17,2.308699689,3.544566274));
#1847=CARTESIAN_POINT('',(-0.99969629,1.731524766,3.574312871));
#1848=CARTESIAN_POINT('',(-1.99939258,1.154349844,3.604059469));
#1849=CARTESIAN_POINT('',(-1.99939258,2.448549723E-16,3.633806066));
#1850=CARTESIAN_POINT('',(-1.99939258,-1.154349844,3.663552664));
#1851=CARTESIAN_POINT('',(-0.99969629,-1.731524766,3.693299262));
#1852=CARTESIAN_POINT('',(-6.409416871E-16,-2.308699689,3.723045859));
#1853=CARTESIAN_POINT('',(0.99969629,-1.731524766,3.752792457));
#1854=CARTESIAN_POINT('',(1.99939258,-1.154349844,3.782539055));
#1855=CARTESIAN_POINT('',(1.99939258,5.311058881E-32,3.812285652));
#1856=CARTESIAN_POINT('',(2.057874243,5.311058881E-32,0.998793948));
#1857=CARTESIAN_POINT('',(2.057874243,1.188114248,1.028540546));
#1858=CARTESIAN_POINT('',(1.028937121,1.782171372,1.058287144));
#1859=CARTESIAN_POINT('',(-7.13384034E-17,2.376228496,1.088033741));
#1860=CARTESIAN_POINT('',(-1.028937121,1.782171372,1.117780339));
#1861=CARTESIAN_POINT('',(-2.057874243,1.188114248,1.147526936));
#1862=CARTESIAN_POINT('',(-2.057874243,2.520169105E-16,1.177273534));
#1863=CARTESIAN_POINT('',(-2.057874243,-1.188114248,1.207020132));
#1864=CARTESIAN_POINT('',(-1.028937121,-1.782171372,1.236766729));
#1865=CARTESIAN_POINT('',(-6.533465278E-16,-2.376228496,1.266513327));
#1866=CARTESIAN_POINT('',(1.028937121,-1.782171372,1.296259925));
#1867=CARTESIAN_POINT('',(2.057874243,-1.188114248,1.326006522));
#1868=CARTESIAN_POINT('',(2.057874243,5.311058881E-32,1.35575312));
#1869=CARTESIAN_POINT('',(2.057874243,1.188114248,1.385499718));
#1870=CARTESIAN_POINT('',(1.028937121,1.782171372,1.415246315));
#1871=CARTESIAN_POINT('',(-7.13384034E-17,2.376228496,1.444992913));
#1872=CARTESIAN_POINT('',(-1.028937121,1.782171372,1.47473951));
#1873=CARTESIAN_POINT('',(-2.057874243,1.188114248,1.504486108));
#1874=CARTESIAN_POINT('',(-2.057874243,2.520169105E-16,1.534232706));
#1875=CARTESIAN_POINT('',(-2.057874243,-1.188114248,1.563979303));
#1876=CARTESIAN_POINT('',(-1.028937121,-1.782171372,1.593725901));
#1877=CARTESIAN_POINT('',(-6.533465278E-16,-2.376228496,1.623472499));
#1878=CARTESIAN_POINT('',(1.028937121,-1.782171372,1.653219096));
#1879=CARTESIAN_POINT('',(2.057874243,-1.188114248,1.682965694));
#1880=CARTESIAN_POINT('',(2.057874243,5.311058881E-32,1.712712292));
#1881=CARTESIAN_POINT('',(2.057874243,1.188114248,1.742458889));
#1882=CARTESIAN_POINT('',(1.028937121,1.782171372,1.772205487));
#1883=CARTESIAN_POINT('',(-7.13384034E-17,2.376228496,1.801952084));
#1884=CARTESIAN_POINT('',(-1.028937121,1.782171372,1.831698682));
#1885=CARTESIAN_POINT('',(-2.057874243,1.188114248,1.86144528));
#1886=CARTESIAN_POINT('',(-2.057874243,2.520169105E-16,1.891191877));
#1887=CARTESIAN_POINT('',(-2.057874243,-1.188114248,1.920938475));
#1888=CARTESIAN_POINT('',(-1.028937121,-1.782171372,1.950685073));
#1889=CARTESIAN_POINT('',(-6.533465278E-16,-2.376228496,1.98043167));
#1890=CARTESIAN_POINT('',(1.028937121,-1.782171372,2.010178268));
#1891=CARTESIAN_POINT('',(2.057874243,-1.188114248,2.039924866));
#1892=CARTESIAN_POINT('',(2.057874243,5.311058881E-32,2.069671463));
#1893=CARTESIAN_POINT('',(2.057874243,1.188114248,2.099418061));
#1894=CARTESIAN_POINT('',(1.028937121,1.782171372,2.129164659));
#1895=CARTESIAN_POINT('',(-7.13384034E-17,2.376228496,2.158911256));
#1896=CARTESIAN_POINT('',(-1.028937121,1.782171372,2.188657854));
#1897=CARTESIAN_POINT('',(-2.057874243,1.188114248,2.218404451));
#1898=CARTESIAN_POINT('',(-2.057874243,2.520169105E-16,2.248151049));
#1899=CARTESIAN_POINT('',(-2.057874243,-1.188114248,2.277897647));
#1900=CARTESIAN_POINT('',(-1.028937121,-1.782171372,2.307644244));
#1901=CARTESIAN_POINT('',(-6.533465278E-16,-2.376228496,2.337390842));
#1902=CARTESIAN_POINT('',(1.028937121,-1.782171372,2.36713744));
#1903=CARTESIAN_POINT('',(2.057874243,-1.188114248,2.396884037));
#1904=CARTESIAN_POINT('',(2.057874243,5.311058881E-32,2.426630635));
#1905=CARTESIAN_POINT('',(2.057874243,1.188114248,2.456377233));
#1906=CARTESIAN_POINT('',(1.028937121,1.782171372,2.48612383));
#1907=CARTESIAN_POINT('',(-7.13384034E-17,2.376228496,2.515870428));
#1908=CARTESIAN_POINT('',(-1.028937121,1.782171372,2.545617025));
#1909=CARTESIAN_POINT('',(-2.057874243,1.188114248,2.575363623));
#1910=CARTESIAN_POINT('',(-2.057874243,2.520169105E-16,2.605110221));
#1911=CARTESIAN_POINT('',(-2.057874243,-1.188114248,2.634856818));
#1912=CARTESIAN_POINT('',(-1.028937121,-1.782171372,2.664603416));
#1913=CARTESIAN_POINT('',(-6.533465278E-16,-2.376228496,2.694350014));
#1914=CARTESIAN_POINT('',(1.028937121,-1.782171372,2.724096611));
#1915=CARTESIAN_POINT('',(2.057874243,-1.188114248,2.753843209));
#1916=CARTESIAN_POINT('',(2.057874243,5.311058881E-32,2.783589807));
#1917=CARTESIAN_POINT('',(2.057874243,1.188114248,2.813336404));
#1918=CARTESIAN_POINT('',(1.028937121,1.782171372,2.843083002));
#1919=CARTESIAN_POINT('',(-7.13384034E-17,2.376228496,2.8728296));
#1920=CARTESIAN_POINT('',(-1.028937121,1.782171372,2.902576197));
#1921=CARTESIAN_POINT('',(-2.057874243,1.188114248,2.932322795));
#1922=CARTESIAN_POINT('',(-2.057874243,2.520169105E-16,2.962069392));
#1923=CARTESIAN_POINT('',(-2.057874243,-1.188114248,2.99181599));
#1924=CARTESIAN_POINT('',(-1.028937121,-1.782171372,3.021562588));
#1925=CARTESIAN_POINT('',(-6.533465278E-16,-2.376228496,3.051309185));
#1926=CARTESIAN_POINT('',(1.028937121,-1.782171372,3.081055783));
#1927=CARTESIAN_POINT('',(2.057874243,-1.188114248,3.110802381));
#1928=CARTESIAN_POINT('',(2.057874243,5.311058881E-32,3.140548978));
#1929=CARTESIAN_POINT('',(2.057874243,1.188114248,3.170295576));
#1930=CARTESIAN_POINT('',(1.028937121,1.782171372,3.200042174));
#1931=CARTESIAN_POINT('',(-7.13384034E-17,2.376228496,3.229788771));
#1932=CARTESIAN_POINT('',(-1.028937121,1.782171372,3.259535369));
#1933=CARTESIAN_POINT('',(-2.057874243,1.188114248,3.289281966));
#1934=CARTESIAN_POINT('',(-2.057874243,2.520169105E-16,3.319028564));
#1935=CARTESIAN_POINT('',(-2.057874243,-1.188114248,3.348775162));
#1936=CARTESIAN_POINT('',(-1.028937121,-1.782171372,3.378521759));
#1937=CARTESIAN_POINT('',(-6.533465278E-16,-2.376228496,3.408268357));
#1938=CARTESIAN_POINT('',(1.028937121,-1.782171372,3.438014955));
#1939=CARTESIAN_POINT('',(2.057874243,-1.188114248,3.467761552));
#1940=CARTESIAN_POINT('',(2.057874243,5.311058881E-32,3.49750815));
#1941=CARTESIAN_POINT('',(2.057874243,1.188114248,3.527254748));
#1942=CARTESIAN_POINT('',(1.028937121,1.782171372,3.557001345));
#1943=CARTESIAN_POINT('',(-7.13384034E-17,2.376228496,3.586747943));
#1944=CARTESIAN_POINT('',(-1.028937121,1.782171372,3.616494541));
#1945=CARTESIAN_POINT('',(-2.057874243,1.188114248,3.646241138));
#1946=CARTESIAN_POINT('',(-2.057874243,2.520169105E-16,3.675987736));
#1947=CARTESIAN_POINT('',(-2.057874243,-1.188114248,3.705734333));
#1948=CARTESIAN_POINT('',(-1.028937121,-1.782171372,3.735480931));
#1949=CARTESIAN_POINT('',(-6.533465278E-16,-2.376228496,3.765227529));
#1950=CARTESIAN_POINT('',(1.028937121,-1.782171372,3.794974126));
#1951=CARTESIAN_POINT('',(2.057874243,-1.188114248,3.824720724));
#1952=CARTESIAN_POINT('',(2.057874243,5.311058881E-32,3.854467322));
#1953=ADVANCED_FACE('',(#1954),#2074,.T.);
#1954=FACE_BOUND('',#1955,.T.);
#1955=EDGE_LOOP('',(#1956,#1957,#1964,#1965,#2067));
#1956=ORIENTED_EDGE('',*,*,#1252,.F.);
#1957=ORIENTED_EDGE('',*,*,#1958,.T.);
#1958=EDGE_CURVE('',#1244,#1364,#1959,.F.);
#1959=CIRCLE('',#1960,0.220062161);
#1960=AXIS2_PLACEMENT_3D('',#1961,#1962,#1963);
#1961=CARTESIAN_POINT('',(2.186608046,-4.284516072E-15,3.675987736));
#1962=DIRECTION('',(1.959434879E-15,1.0,0.0));
#1963=DIRECTION('',(1.0,-1.959434879E-15,0.0));
#1964=ORIENTED_EDGE('',*,*,#1363,.F.);
#1965=ORIENTED_EDGE('',*,*,#1966,.T.);
#1966=EDGE_CURVE('',#1355,#1967,#1969,.F.);
#1967=VERTEX_POINT('',#1968);
#1968=CARTESIAN_POINT('',(2.057874243,-3.516333925E-16,0.641834777));
#1969=(BOUNDED_CURVE()B_SPLINE_CURVE(2,(#1970,#1971,#1972,#1973,#1974,#1975,#1976,#1977,#1978,#1979,#1980,#1981,#1982,#1983,#1984,#1985,#1986,#1987,#1988,#1989,#1990,#1991,#1992,#1993,#1994,#1995,#1996,#1997,#1998,#1999,#2000,#2001,#2002,#2003,#2004,#2005,#2006,#2007,#2008,#2009,#2010,#2011,#2012,#2013,#2014,#2015,#2016,#2017,#2018,#2019,#2020,#2021,#2022,#2023,#2024,#2025,#2026,#2027,#2028,#2029,#2030,#2031,#2032,#2033,#2034,#2035,#2036,#2037,#2038,#2039,#2040,#2041,#2042,#2043,#2044,#2045,#2046,#2047,#2048,#2049,#2050,#2051,#2052,#2053,#2054,#2055,#2056,#2057,#2058,#2059,#2060,#2061,#2062,#2063,#2064,#2065,#2066),.UNSPECIFIED.,.F.,.U.)B_SPLINE_CURVE_WITH_KNOTS((3,2,2,2,2,2,2,2,2,2,2,2,2,2,2,2,2,2,2,2,2,2,2,2,2,2,2,2,2,2,2,2,2,2,2,2,2,2,2,2,2,2,2,2,2,2,2,2,3),(0.0,0.020833333,0.041666667,0.0625,0.083333333,0.104166667,0.125,0.145833333,0.166666667,0.1875,0.208333333,0.229166667,0.25,0.270833333,0.291666667,0.3125,0.333333333,0.354166667,0.375,0.395833333,0.416666667,0.4375,0.458333333,0.479166667,0.5,0.520833333,0.541666667,0.5625,0.583333333,0.604166667,0.625,0.645833333,0.666666667,0.6875,0.708333333,0.729166667,0.75,0.770833333,0.791666667,0.8125,0.833333333,0.854166667,0.875,0.895833333,0.916666667,0.9375,0.958333333,0.979166667,1.0),.UNSPECIFIED.)CURVE()GEOMETRIC_REPRESENTATION_ITEM()RATIONAL_B_SPLINE_CURVE((1.0,0.866025404,1.0,0.866025404,1.0,0.866025404,1.0,0.866025404,1.0,0.866025404,1.0,0.866025404,1.0,0.866025404,1.0,0.866025404,1.0,0.866025404,1.0,0.866025404,1.0,0.866025404,1.0,0.866025404,1.0,0.866025404,1.0,0.866025404,1.0,0.866025404,1.0,0.866025404,1.0,0.866025404,1.0,0.866025404,1.0,0.866025404,1.0,0.866025404,1.0,0.866025404,1.0,0.866025404,1.0,0.866025404,1.0,0.866025404,1.0,0.866025404,1.0,0.866025404,1.0,0.866025404,1.0,0.866025404,1.0,0.866025404,1.0,0.866025404,1.0,0.866025404,1.0,0.866025404,1.0,0.866025404,1.0,0.866025404,1.0,0.866025404,1.0,0.866025404,1.0,0.866025404,1.0,0.866025404,1.0,0.866025404,1.0,0.866025404,1.0,0.866025404,1.0,0.866025404,1.0,0.866025404,1.0,0.866025404,1.0,0.866025404,1.0,0.866025404,1.0,0.866025404,1.0,0.866025404,1.0))REPRESENTATION_ITEM(''));
#1970=CARTESIAN_POINT('',(2.057874243,-7.03266785E-16,0.641834777));
#1971=CARTESIAN_POINT('',(2.057874243,1.188114248,0.671581374));
#1972=CARTESIAN_POINT('',(1.028937121,1.782171372,0.701327972));
#1973=CARTESIAN_POINT('',(7.407241319E-16,2.376228496,0.731074569));
#1974=CARTESIAN_POINT('',(-1.028937121,1.782171372,0.760821167));
#1975=CARTESIAN_POINT('',(-2.057874243,1.188114248,0.790567765));
#1976=CARTESIAN_POINT('',(-2.057874243,9.552836955E-16,0.820314362));
#1977=CARTESIAN_POINT('',(-2.057874243,-1.188114248,0.85006096));
#1978=CARTESIAN_POINT('',(-1.028937121,-1.782171372,0.879807558));
#1979=CARTESIAN_POINT('',(-1.465409063E-15,-2.376228496,0.909554155));
#1980=CARTESIAN_POINT('',(1.028937121,-1.782171372,0.939300753));
#1981=CARTESIAN_POINT('',(2.057874243,-1.188114248,0.969047351));
#1982=CARTESIAN_POINT('',(2.057874243,-1.207300606E-15,0.998793948));
#1983=CARTESIAN_POINT('',(2.057874243,1.188114248,1.028540546));
#1984=CARTESIAN_POINT('',(1.028937121,1.782171372,1.058287144));
#1985=CARTESIAN_POINT('',(3.433247127E-15,2.376228496,1.088033741));
#1986=CARTESIAN_POINT('',(-1.028937121,1.782171372,1.117780339));
#1987=CARTESIAN_POINT('',(-2.057874243,1.188114248,1.147526936));
#1988=CARTESIAN_POINT('',(-2.057874243,1.459317516E-15,1.177273534));
#1989=CARTESIAN_POINT('',(-2.057874243,-1.188114248,1.207020132));
#1990=CARTESIAN_POINT('',(-1.028937121,-1.782171372,1.236766729));
#1991=CARTESIAN_POINT('',(-2.047417187E-15,-2.376228496,1.266513327));
#1992=CARTESIAN_POINT('',(1.028937121,-1.782171372,1.296259925));
#1993=CARTESIAN_POINT('',(2.057874243,-1.188114248,1.326006522));
#1994=CARTESIAN_POINT('',(2.057874243,-1.711334427E-15,1.35575312));
#1995=CARTESIAN_POINT('',(2.057874243,1.188114248,1.385499718));
#1996=CARTESIAN_POINT('',(1.028937121,1.782171372,1.415246315));
#1997=CARTESIAN_POINT('',(6.125770122E-15,2.376228496,1.444992913));
#1998=CARTESIAN_POINT('',(-1.028937121,1.782171372,1.47473951));
#1999=CARTESIAN_POINT('',(-2.057874243,1.188114248,1.504486108));
#2000=CARTESIAN_POINT('',(-2.057874243,5.618870323E-15,1.534232706));
#2001=CARTESIAN_POINT('',(-2.057874243,-1.188114248,1.563979303));
#2002=CARTESIAN_POINT('',(-1.028937121,-1.782171372,1.593725901));
#2003=CARTESIAN_POINT('',(-6.850455053E-15,-2.376228496,1.623472499));
#2004=CARTESIAN_POINT('',(1.028937121,-1.782171372,1.653219096));
#2005=CARTESIAN_POINT('',(2.057874243,-1.188114248,1.682965694));
#2006=CARTESIAN_POINT('',(2.057874243,-2.215368248E-15,1.712712292));
#2007=CARTESIAN_POINT('',(2.057874243,1.188114248,1.742458889));
#2008=CARTESIAN_POINT('',(1.028937121,1.782171372,1.772205487));
#2009=CARTESIAN_POINT('',(6.707778246E-15,2.376228496,1.801952084));
#2010=CARTESIAN_POINT('',(-1.028937121,1.782171372,1.831698682));
#2011=CARTESIAN_POINT('',(-2.057874243,1.188114248,1.86144528));
#2012=CARTESIAN_POINT('',(-2.057874243,2.467385158E-15,1.891191877));
#2013=CARTESIAN_POINT('',(-2.057874243,-1.188114248,1.920938475));
#2014=CARTESIAN_POINT('',(-1.028937121,-1.782171372,1.950685073));
#2015=CARTESIAN_POINT('',(-7.432463177E-15,-2.376228496,1.98043167));
#2016=CARTESIAN_POINT('',(1.028937121,-1.782171372,2.010178268));
#2017=CARTESIAN_POINT('',(2.057874243,-1.188114248,2.039924866));
#2018=CARTESIAN_POINT('',(2.057874243,-2.719402069E-15,2.069671463));
#2019=CARTESIAN_POINT('',(2.057874243,1.188114248,2.099418061));
#2020=CARTESIAN_POINT('',(1.028937121,1.782171372,2.129164659));
#2021=CARTESIAN_POINT('',(7.289786371E-15,2.376228496,2.158911256));
#2022=CARTESIAN_POINT('',(-1.028937121,1.782171372,2.188657854));
#2023=CARTESIAN_POINT('',(-2.057874243,1.188114248,2.218404451));
#2024=CARTESIAN_POINT('',(-2.057874243,1.028245695E-14,2.248151049));
#2025=CARTESIAN_POINT('',(-2.057874243,-1.188114248,2.277897647));
#2026=CARTESIAN_POINT('',(-1.028937121,-1.782171372,2.307644244));
#2027=CARTESIAN_POINT('',(-8.014471302E-15,-2.376228496,2.337390842));
#2028=CARTESIAN_POINT('',(1.028937121,-1.782171372,2.36713744));
#2029=CARTESIAN_POINT('',(2.057874243,-1.188114248,2.396884037));
#2030=CARTESIAN_POINT('',(2.057874243,-1.053447386E-14,2.426630635));
#2031=CARTESIAN_POINT('',(2.057874243,1.188114248,2.456377233));
#2032=CARTESIAN_POINT('',(1.028937121,1.782171372,2.48612383));
#2033=CARTESIAN_POINT('',(1.631385398E-14,2.376228496,2.515870428));
#2034=CARTESIAN_POINT('',(-1.028937121,1.782171372,2.545617025));
#2035=CARTESIAN_POINT('',(-2.057874243,1.188114248,2.575363623));
#2036=CARTESIAN_POINT('',(-2.057874243,1.078649077E-14,2.605110221));
#2037=CARTESIAN_POINT('',(-2.057874243,-1.188114248,2.634856818));
#2038=CARTESIAN_POINT('',(-1.028937121,-1.782171372,2.664603416));
#2039=CARTESIAN_POINT('',(-8.596479426E-15,-2.376228496,2.694350014));
#2040=CARTESIAN_POINT('',(1.028937121,-1.782171372,2.724096611));
#2041=CARTESIAN_POINT('',(2.057874243,-1.188114248,2.753843209));
#2042=CARTESIAN_POINT('',(2.057874243,-3.727469711E-15,2.783589807));
#2043=CARTESIAN_POINT('',(2.057874243,1.188114248,2.813336404));
#2044=CARTESIAN_POINT('',(1.028937121,1.782171372,2.843083002));
#2045=CARTESIAN_POINT('',(1.68958621E-14,2.376228496,2.8728296));
#2046=CARTESIAN_POINT('',(-1.028937121,1.782171372,2.902576197));
#2047=CARTESIAN_POINT('',(-2.057874243,1.188114248,2.932322795));
#2048=CARTESIAN_POINT('',(-2.057874243,1.129052459E-14,2.962069392));
#2049=CARTESIAN_POINT('',(-2.057874243,-1.188114248,2.99181599));
#2050=CARTESIAN_POINT('',(-1.028937121,-1.782171372,3.021562588));
#2051=CARTESIAN_POINT('',(-9.17848755E-15,-2.376228496,3.051309185));
#2052=CARTESIAN_POINT('',(1.028937121,-1.782171372,3.081055783));
#2053=CARTESIAN_POINT('',(2.057874243,-1.188114248,3.110802381));
#2054=CARTESIAN_POINT('',(2.057874243,-4.231503531E-15,3.140548978));
#2055=CARTESIAN_POINT('',(2.057874243,1.188114248,3.170295576));
#2056=CARTESIAN_POINT('',(1.028937121,1.782171372,3.200042174));
#2057=CARTESIAN_POINT('',(1.747787023E-14,2.376228496,3.229788771));
#2058=CARTESIAN_POINT('',(-1.028937121,1.782171372,3.259535369));
#2059=CARTESIAN_POINT('',(-2.057874243,1.188114248,3.289281966));
#2060=CARTESIAN_POINT('',(-2.057874243,1.179455841E-14,3.319028564));
#2061=CARTESIAN_POINT('',(-2.057874243,-1.188114248,3.348775162));
#2062=CARTESIAN_POINT('',(-1.028937121,-1.782171372,3.378521759));
#2063=CARTESIAN_POINT('',(-9.760495675E-15,-2.376228496,3.408268357));
#2064=CARTESIAN_POINT('',(1.028937121,-1.782171372,3.438014955));
#2065=CARTESIAN_POINT('',(2.057874243,-1.188114248,3.467761552));
#2066=CARTESIAN_POINT('',(2.057874243,-4.735537352E-15,3.49750815));
#2067=ORIENTED_EDGE('',*,*,#2068,.T.);
#2068=EDGE_CURVE('',#1967,#1253,#2069,.T.);
#2069=CIRCLE('',#2070,0.220062161);
#2070=AXIS2_PLACEMENT_3D('',#2071,#2072,#2073);
#2071=CARTESIAN_POINT('',(2.186608046,5.311058881E-32,0.820314362));
#2072=DIRECTION('',(0.0,1.0,0.0));
#2073=DIRECTION('',(1.0,0.0,0.0));
#2074=(BOUNDED_SURFACE()B_SPLINE_SURFACE(3,2,((#2075,#2076,#2077,#2078,#2079,#2080,#2081,#2082,#2083,#2084,#2085,#2086,#2087,#2088,#2089,#2090,#2091,#2092,#2093,#2094,#2095,#2096,#2097,#2098,#2099,#2100,#2101,#2102,#2103,#2104,#2105,#2106,#2107,#2108,#2109,#2110,#2111,#2112,#2113,#2114,#2115,#2116,#2117,#2118,#2119,#2120,#2121,#2122,#2123,#2124,#2125,#2126,#2127,#2128,#2129,#2130,#2131,#2132,#2133,#2134,#2135,#2136,#2137,#2138,#2139,#2140,#2141,#2142,#2143,#2144,#2145,#2146,#2147,#2148,#2149,#2150,#2151,#2152,#2153,#2154,#2155,#2156,#2157,#2158,#2159,#2160,#2161,#2162,#2163,#2164,#2165,#2166,#2167,#2168,#2169,#2170,#2171),(#2172,#2173,#2174,#2175,#2176,#2177,#2178,#2179,#2180,#2181,#2182,#2183,#2184,#2185,#2186,#2187,#2188,#2189,#2190,#2191,#2192,#2193,#2194,#2195,#2196,#2197,#2198,#2199,#2200,#2201,#2202,#2203,#2204,#2205,#2206,#2207,#2208,#2209,#2210,#2211,#2212,#2213,#2214,#2215,#2216,#2217,#2218,#2219,#2220,#2221,#2222,#2223,#2224,#2225,#2226,#2227,#2228,#2229,#2230,#2231,#2232,#2233,#2234,#2235,#2236,#2237,#2238,#2239,#2240,#2241,#2242,#2243,#2244,#2245,#2246,#2247,#2248,#2249,#2250,#2251,#2252,#2253,#2254,#2255,#2256,#2257,#2258,#2259,#2260,#2261,#2262,#2263,#2264,#2265,#2266,#2267,#2268),(#2269,#2270,#2271,#2272,#2273,#2274,#2275,#2276,#2277,#2278,#2279,#2280,#2281,#2282,#2283,#2284,#2285,#2286,#2287,#2288,#2289,#2290,#2291,#2292,#2293,#2294,#2295,#2296,#2297,#2298,#2299,#2300,#2301,#2302,#2303,#2304,#2305,#2306,#2307,#2308,#2309,#2310,#2311,#2312,#2313,#2314,#2315,#2316,#2317,#2318,#2319,#2320,#2321,#2322,#2323,#2324,#2325,#2326,#2327,#2328,#2329,#2330,#2331,#2332,#2333,#2334,#2335,#2336,#2337,#2338,#2339,#2340,#2341,#2342,#2343,#2344,#2345,#2346,#2347,#2348,#2349,#2350,#2351,#2352,#2353,#2354,#2355,#2356,#2357,#2358,#2359,#2360,#2361,#2362,#2363,#2364,#2365),(#2366,#2367,#2368,#2369,#2370,#2371,#2372,#2373,#2374,#2375,#2376,#2377,#2378,#2379,#2380,#2381,#2382,#2383,#2384,#2385,#2386,#2387,#2388,#2389,#2390,#2391,#2392,#2393,#2394,#2395,#2396,#2397,#2398,#2399,#2400,#2401,#2402,#2403,#2404,#2405,#2406,#2407,#2408,#2409,#2410,#2411,#2412,#2413,#2414,#2415,#2416,#2417,#2418,#2419,#2420,#2421,#2422,#2423,#2424,#2425,#2426,#2427,#2428,#2429,#2430,#2431,#2432,#2433,#2434,#2435,#2436,#2437,#2438,#2439,#2440,#2441,#2442,#2443,#2444,#2445,#2446,#2447,#2448,#2449,#2450,#2451,#2452,#2453,#2454,#2455,#2456,#2457,#2458,#2459,#2460,#2461,#2462)),.UNSPECIFIED.,.F.,.F.,.U.)B_SPLINE_SURFACE_WITH_KNOTS((4,4),(3,2,2,2,2,2,2,2,2,2,2,2,2,2,2,2,2,2,2,2,2,2,2,2,2,2,2,2,2,2,2,2,2,2,2,2,2,2,2,2,2,2,2,2,2,2,2,2,3),(0.0,1.0),(0.0,0.020833333,0.041666667,0.0625,0.083333333,0.104166667,0.125,0.145833333,0.166666667,0.1875,0.208333333,0.229166667,0.25,0.270833333,0.291666667,0.3125,0.333333333,0.354166667,0.375,0.395833333,0.416666667,0.4375,0.458333333,0.479166667,0.5,0.520833333,0.541666667,0.5625,0.583333333,0.604166667,0.625,0.645833333,0.666666667,0.6875,0.708333333,0.729166667,0.75,0.770833333,0.791666667,0.8125,0.833333333,0.854166667,0.875,0.895833333,0.916666667,0.9375,0.958333333,0.979166667,1.0),.UNSPECIFIED.)GEOMETRIC_REPRESENTATION_ITEM()RATIONAL_B_SPLINE_SURFACE(((1.0,0.866025404,1.0,0.866025404,1.0,0.866025404,1.0,0.866025404,1.0,0.866025404,1.0,0.866025404,1.0,0.866025404,1.0,0.866025404,1.0,0.866025404,1.0,0.866025404,1.0,0.866025404,1.0,0.866025404,1.0,0.866025404,1.0,0.866025404,1.0,0.866025404,1.0,0.866025404,1.0,0.866025404,1.0,0.866025404,1.0,0.866025404,1.0,0.866025404,1.0,0.866025404,1.0,0.866025404,1.0,0.866025404,1.0,0.866025404,1.0,0.866025404,1.0,0.866025404,1.0,0.866025404,1.0,0.866025404,1.0,0.866025404,1.0,0.866025404,1.0,0.866025404,1.0,0.866025404,1.0,0.866025404,1.0,0.866025404,1.0,0.866025404,1.0,0.866025404,1.0,0.866025404,1.0,0.866025404,1.0,0.866025404,1.0,0.866025404,1.0,0.866025404,1.0,0.866025404,1.0,0.866025404,1.0,0.866025404,1.0,0.866025404,1.0,0.866025404,1.0,0.866025404,1.0,0.866025404,1.0),(0.926814282,0.802644713,0.926814282,0.802644713,0.926814282,0.802644713,0.926814282,0.802644713,0.926814282,0.802644713,0.926814282,0.802644713,0.926814282,0.802644713,0.926814282,0.802644713,0.926814282,0.802644713,0.926814282,0.802644713,0.926814282,0.802644713,0.926814282,0.802644713,0.926814282,0.802644713,0.926814282,0.802644713,0.926814282,0.802644713,0.926814282,0.802644713,0.926814282,0.802644713,0.926814282,0.802644713,0.926814282,0.802644713,0.926814282,0.802644713,0.926814282,0.802644713,0.926814282,0.802644713,0.926814282,0.802644713,0.926814282,0.802644713,0.926814282,0.802644713,0.926814282,0.802644713,0.926814282,0.802644713,0.926814282,0.802644713,0.926814282,0.802644713,0.926814282,0.802644713,0.926814282,0.802644713,0.926814282,0.802644713,0.926814282,0.802644713,0.926814282,0.802644713,0.926814282,0.802644713,0.926814282,0.802644713,0.926814282,0.802644713,0.926814282,0.802644713,0.926814282,0.802644713,0.926814282,0.802644713,0.926814282,0.802644713,0.926814282,0.802644713,0.926814282,0.802644713,0.926814282,0.802644713,0.926814282,0.802644713,0.926814282,0.802644713,0.926814282,0.802644713,0.926814282,0.802644713,0.926814282),(0.926814282,0.802644713,0.926814282,0.802644713,0.926814282,0.802644713,0.926814282,0.802644713,0.926814282,0.802644713,0.926814282,0.802644713,0.926814282,0.802644713,0.926814282,0.802644713,0.926814282,0.802644713,0.926814282,0.802644713,0.926814282,0.802644713,0.926814282,0.802644713,0.926814282,0.802644713,0.926814282,0.802644713,0.926814282,0.802644713,0.926814282,0.802644713,0.926814282,0.802644713,0.926814282,0.802644713,0.926814282,0.802644713,0.926814282,0.802644713,0.926814282,0.802644713,0.926814282,0.802644713,0.926814282,0.802644713,0.926814282,0.802644713,0.926814282,0.802644713,0.926814282,0.802644713,0.926814282,0.802644713,0.926814282,0.802644713,0.926814282,0.802644713,0.926814282,0.802644713,0.926814282,0.802644713,0.926814282,0.802644713,0.926814282,0.802644713,0.926814282,0.802644713,0.926814282,0.802644713,0.926814282,0.802644713,0.926814282,0.802644713,0.926814282,0.802644713,0.926814282,0.802644713,0.926814282,0.802644713,0.926814282,0.802644713,0.926814282,0.802644713,0.926814282,0.802644713,0.926814282,0.802644713,0.926814282,0.802644713,0.926814282,0.802644713,0.926814282,0.802644713,0.926814282,0.802644713,0.926814282),(1.0,0.866025404,1.0,0.866025404,1.0,0.866025404,1.0,0.866025404,1.0,0.866025404,1.0,0.866025404,1.0,0.866025404,1.0,0.866025404,1.0,0.866025404,1.0,0.866025404,1.0,0.866025404,1.0,0.866025404,1.0,0.866025404,1.0,0.866025404,1.0,0.866025404,1.0,0.866025404,1.0,0.866025404,1.0,0.866025404,1.0,0.866025404,1.0,0.866025404,1.0,0.866025404,1.0,0.866025404,1.0,0.866025404,1.0,0.866025404,1.0,0.866025404,1.0,0.866025404,1.0,0.866025404,1.0,0.866025404,1.0,0.866025404,1.0,0.866025404,1.0,0.866025404,1.0,0.866025404,1.0,0.866025404,1.0,0.866025404,1.0,0.866025404,1.0,0.866025404,1.0,0.866025404,1.0,0.866025404,1.0,0.866025404,1.0,0.866025404,1.0,0.866025404,1.0,0.866025404,1.0,0.866025404,1.0,0.866025404,1.0,0.866025404,1.0,0.866025404,1.0,0.866025404,1.0,0.866025404,1.0)))REPRESENTATION_ITEM('')SURFACE());
#2075=CARTESIAN_POINT('',(2.057874243,5.311058881E-32,0.641834777));
#2076=CARTESIAN_POINT('',(2.057874243,1.188114248,0.671581374));
#2077=CARTESIAN_POINT('',(1.028937121,1.782171372,0.701327972));
#2078=CARTESIAN_POINT('',(-7.13384034E-17,2.376228496,0.731074569));
#2079=CARTESIAN_POINT('',(-1.028937121,1.782171372,0.760821167));
#2080=CARTESIAN_POINT('',(-2.057874243,1.188114248,0.790567765));
#2081=CARTESIAN_POINT('',(-2.057874243,2.520169105E-16,0.820314362));
#2082=CARTESIAN_POINT('',(-2.057874243,-1.188114248,0.85006096));
#2083=CARTESIAN_POINT('',(-1.028937121,-1.782171372,0.879807558));
#2084=CARTESIAN_POINT('',(-6.533465278E-16,-2.376228496,0.909554155));
#2085=CARTESIAN_POINT('',(1.028937121,-1.782171372,0.939300753));
#2086=CARTESIAN_POINT('',(2.057874243,-1.188114248,0.969047351));
#2087=CARTESIAN_POINT('',(2.057874243,5.311058881E-32,0.998793948));
#2088=CARTESIAN_POINT('',(2.057874243,1.188114248,1.028540546));
#2089=CARTESIAN_POINT('',(1.028937121,1.782171372,1.058287144));
#2090=CARTESIAN_POINT('',(-7.13384034E-17,2.376228496,1.088033741));
#2091=CARTESIAN_POINT('',(-1.028937121,1.782171372,1.117780339));
#2092=CARTESIAN_POINT('',(-2.057874243,1.188114248,1.147526936));
#2093=CARTESIAN_POINT('',(-2.057874243,2.520169105E-16,1.177273534));
#2094=CARTESIAN_POINT('',(-2.057874243,-1.188114248,1.207020132));
#2095=CARTESIAN_POINT('',(-1.028937121,-1.782171372,1.236766729));
#2096=CARTESIAN_POINT('',(-6.533465278E-16,-2.376228496,1.266513327));
#2097=CARTESIAN_POINT('',(1.028937121,-1.782171372,1.296259925));
#2098=CARTESIAN_POINT('',(2.057874243,-1.188114248,1.326006522));
#2099=CARTESIAN_POINT('',(2.057874243,5.311058881E-32,1.35575312));
#2100=CARTESIAN_POINT('',(2.057874243,1.188114248,1.385499718));
#2101=CARTESIAN_POINT('',(1.028937121,1.782171372,1.415246315));
#2102=CARTESIAN_POINT('',(-7.13384034E-17,2.376228496,1.444992913));
#2103=CARTESIAN_POINT('',(-1.028937121,1.782171372,1.47473951));
#2104=CARTESIAN_POINT('',(-2.057874243,1.188114248,1.504486108));
#2105=CARTESIAN_POINT('',(-2.057874243,2.520169105E-16,1.534232706));
#2106=CARTESIAN_POINT('',(-2.057874243,-1.188114248,1.563979303));
#2107=CARTESIAN_POINT('',(-1.028937121,-1.782171372,1.593725901));
#2108=CARTESIAN_POINT('',(-6.533465278E-16,-2.376228496,1.623472499));
#2109=CARTESIAN_POINT('',(1.028937121,-1.782171372,1.653219096));
#2110=CARTESIAN_POINT('',(2.057874243,-1.188114248,1.682965694));
#2111=CARTESIAN_POINT('',(2.057874243,5.311058881E-32,1.712712292));
#2112=CARTESIAN_POINT('',(2.057874243,1.188114248,1.742458889));
#2113=CARTESIAN_POINT('',(1.028937121,1.782171372,1.772205487));
#2114=CARTESIAN_POINT('',(-7.13384034E-17,2.376228496,1.801952084));
#2115=CARTESIAN_POINT('',(-1.028937121,1.782171372,1.831698682));
#2116=CARTESIAN_POINT('',(-2.057874243,1.188114248,1.86144528));
#2117=CARTESIAN_POINT('',(-2.057874243,2.520169105E-16,1.891191877));
#2118=CARTESIAN_POINT('',(-2.057874243,-1.188114248,1.920938475));
#2119=CARTESIAN_POINT('',(-1.028937121,-1.782171372,1.950685073));
#2120=CARTESIAN_POINT('',(-6.533465278E-16,-2.376228496,1.98043167));
#2121=CARTESIAN_POINT('',(1.028937121,-1.782171372,2.010178268));
#2122=CARTESIAN_POINT('',(2.057874243,-1.188114248,2.039924866));
#2123=CARTESIAN_POINT('',(2.057874243,5.311058881E-32,2.069671463));
#2124=CARTESIAN_POINT('',(2.057874243,1.188114248,2.099418061));
#2125=CARTESIAN_POINT('',(1.028937121,1.782171372,2.129164659));
#2126=CARTESIAN_POINT('',(-7.13384034E-17,2.376228496,2.158911256));
#2127=CARTESIAN_POINT('',(-1.028937121,1.782171372,2.188657854));
#2128=CARTESIAN_POINT('',(-2.057874243,1.188114248,2.218404451));
#2129=CARTESIAN_POINT('',(-2.057874243,2.520169105E-16,2.248151049));
#2130=CARTESIAN_POINT('',(-2.057874243,-1.188114248,2.277897647));
#2131=CARTESIAN_POINT('',(-1.028937121,-1.782171372,2.307644244));
#2132=CARTESIAN_POINT('',(-6.533465278E-16,-2.376228496,2.337390842));
#2133=CARTESIAN_POINT('',(1.028937121,-1.782171372,2.36713744));
#2134=CARTESIAN_POINT('',(2.057874243,-1.188114248,2.396884037));
#2135=CARTESIAN_POINT('',(2.057874243,5.311058881E-32,2.426630635));
#2136=CARTESIAN_POINT('',(2.057874243,1.188114248,2.456377233));
#2137=CARTESIAN_POINT('',(1.028937121,1.782171372,2.48612383));
#2138=CARTESIAN_POINT('',(-7.13384034E-17,2.376228496,2.515870428));
#2139=CARTESIAN_POINT('',(-1.028937121,1.782171372,2.545617025));
#2140=CARTESIAN_POINT('',(-2.057874243,1.188114248,2.575363623));
#2141=CARTESIAN_POINT('',(-2.057874243,2.520169105E-16,2.605110221));
#2142=CARTESIAN_POINT('',(-2.057874243,-1.188114248,2.634856818));
#2143=CARTESIAN_POINT('',(-1.028937121,-1.782171372,2.664603416));
#2144=CARTESIAN_POINT('',(-6.533465278E-16,-2.376228496,2.694350014));
#2145=CARTESIAN_POINT('',(1.028937121,-1.782171372,2.724096611));
#2146=CARTESIAN_POINT('',(2.057874243,-1.188114248,2.753843209));
#2147=CARTESIAN_POINT('',(2.057874243,5.311058881E-32,2.783589807));
#2148=CARTESIAN_POINT('',(2.057874243,1.188114248,2.813336404));
#2149=CARTESIAN_POINT('',(1.028937121,1.782171372,2.843083002));
#2150=CARTESIAN_POINT('',(-7.13384034E-17,2.376228496,2.8728296));
#2151=CARTESIAN_POINT('',(-1.028937121,1.782171372,2.902576197));
#2152=CARTESIAN_POINT('',(-2.057874243,1.188114248,2.932322795));
#2153=CARTESIAN_POINT('',(-2.057874243,2.520169105E-16,2.962069392));
#2154=CARTESIAN_POINT('',(-2.057874243,-1.188114248,2.99181599));
#2155=CARTESIAN_POINT('',(-1.028937121,-1.782171372,3.021562588));
#2156=CARTESIAN_POINT('',(-6.533465278E-16,-2.376228496,3.051309185));
#2157=CARTESIAN_POINT('',(1.028937121,-1.782171372,3.081055783));
#2158=CARTESIAN_POINT('',(2.057874243,-1.188114248,3.110802381));
#2159=CARTESIAN_POINT('',(2.057874243,5.311058881E-32,3.140548978));
#2160=CARTESIAN_POINT('',(2.057874243,1.188114248,3.170295576));
#2161=CARTESIAN_POINT('',(1.028937121,1.782171372,3.200042174));
#2162=CARTESIAN_POINT('',(-7.13384034E-17,2.376228496,3.229788771));
#2163=CARTESIAN_POINT('',(-1.028937121,1.782171372,3.259535369));
#2164=CARTESIAN_POINT('',(-2.057874243,1.188114248,3.289281966));
#2165=CARTESIAN_POINT('',(-2.057874243,2.520169105E-16,3.319028564));
#2166=CARTESIAN_POINT('',(-2.057874243,-1.188114248,3.348775162));
#2167=CARTESIAN_POINT('',(-1.028937121,-1.782171372,3.378521759));
#2168=CARTESIAN_POINT('',(-6.533465278E-16,-2.376228496,3.408268357));
#2169=CARTESIAN_POINT('',(1.028937121,-1.782171372,3.438014955));
#2170=CARTESIAN_POINT('',(2.057874243,-1.188114248,3.467761552));
#2171=CARTESIAN_POINT('',(2.057874243,5.311058881E-32,3.49750815));
#2172=CARTESIAN_POINT('',(1.99939258,5.311058881E-32,0.684016446));
#2173=CARTESIAN_POINT('',(1.99939258,1.154349844,0.713763044));
#2174=CARTESIAN_POINT('',(0.99969629,1.731524766,0.743509641));
#2175=CARTESIAN_POINT('',(-7.54733503E-17,2.308699689,0.773256239));
#2176=CARTESIAN_POINT('',(-0.99969629,1.731524766,0.803002836));
#2177=CARTESIAN_POINT('',(-1.99939258,1.154349844,0.832749434));
#2178=CARTESIAN_POINT('',(-1.99939258,2.448549723E-16,0.862496032));
#2179=CARTESIAN_POINT('',(-1.99939258,-1.154349844,0.892242629));
#2180=CARTESIAN_POINT('',(-0.99969629,-1.731524766,0.921989227));
#2181=CARTESIAN_POINT('',(-6.409416871E-16,-2.308699689,0.951735825));
#2182=CARTESIAN_POINT('',(0.99969629,-1.731524766,0.981482422));
#2183=CARTESIAN_POINT('',(1.99939258,-1.154349844,1.01122902));
#2184=CARTESIAN_POINT('',(1.99939258,5.311058881E-32,1.040975618));
#2185=CARTESIAN_POINT('',(1.99939258,1.154349844,1.070722215));
#2186=CARTESIAN_POINT('',(0.99969629,1.731524766,1.100468813));
#2187=CARTESIAN_POINT('',(-7.54733503E-17,2.308699689,1.130215411));
#2188=CARTESIAN_POINT('',(-0.99969629,1.731524766,1.159962008));
#2189=CARTESIAN_POINT('',(-1.99939258,1.154349844,1.189708606));
#2190=CARTESIAN_POINT('',(-1.99939258,2.448549723E-16,1.219455203));
#2191=CARTESIAN_POINT('',(-1.99939258,-1.154349844,1.249201801));
#2192=CARTESIAN_POINT('',(-0.99969629,-1.731524766,1.278948399));
#2193=CARTESIAN_POINT('',(-6.409416871E-16,-2.308699689,1.308694996));
#2194=CARTESIAN_POINT('',(0.99969629,-1.731524766,1.338441594));
#2195=CARTESIAN_POINT('',(1.99939258,-1.154349844,1.368188192));
#2196=CARTESIAN_POINT('',(1.99939258,5.311058881E-32,1.397934789));
#2197=CARTESIAN_POINT('',(1.99939258,1.154349844,1.427681387));
#2198=CARTESIAN_POINT('',(0.99969629,1.731524766,1.457427985));
#2199=CARTESIAN_POINT('',(-7.54733503E-17,2.308699689,1.487174582));
#2200=CARTESIAN_POINT('',(-0.99969629,1.731524766,1.51692118));
#2201=CARTESIAN_POINT('',(-1.99939258,1.154349844,1.546667777));
#2202=CARTESIAN_POINT('',(-1.99939258,2.448549723E-16,1.576414375));
#2203=CARTESIAN_POINT('',(-1.99939258,-1.154349844,1.606160973));
#2204=CARTESIAN_POINT('',(-0.99969629,-1.731524766,1.63590757));
#2205=CARTESIAN_POINT('',(-6.409416871E-16,-2.308699689,1.665654168));
#2206=CARTESIAN_POINT('',(0.99969629,-1.731524766,1.695400766));
#2207=CARTESIAN_POINT('',(1.99939258,-1.154349844,1.725147363));
#2208=CARTESIAN_POINT('',(1.99939258,5.311058881E-32,1.754893961));
#2209=CARTESIAN_POINT('',(1.99939258,1.154349844,1.784640559));
#2210=CARTESIAN_POINT('',(0.99969629,1.731524766,1.814387156));
#2211=CARTESIAN_POINT('',(-7.54733503E-17,2.308699689,1.844133754));
#2212=CARTESIAN_POINT('',(-0.99969629,1.731524766,1.873880351));
#2213=CARTESIAN_POINT('',(-1.99939258,1.154349844,1.903626949));
#2214=CARTESIAN_POINT('',(-1.99939258,2.448549723E-16,1.933373547));
#2215=CARTESIAN_POINT('',(-1.99939258,-1.154349844,1.963120144));
#2216=CARTESIAN_POINT('',(-0.99969629,-1.731524766,1.992866742));
#2217=CARTESIAN_POINT('',(-6.409416871E-16,-2.308699689,2.02261334));
#2218=CARTESIAN_POINT('',(0.99969629,-1.731524766,2.052359937));
#2219=CARTESIAN_POINT('',(1.99939258,-1.154349844,2.082106535));
#2220=CARTESIAN_POINT('',(1.99939258,5.311058881E-32,2.111853133));
#2221=CARTESIAN_POINT('',(1.99939258,1.154349844,2.14159973));
#2222=CARTESIAN_POINT('',(0.99969629,1.731524766,2.171346328));
#2223=CARTESIAN_POINT('',(-7.54733503E-17,2.308699689,2.201092926));
#2224=CARTESIAN_POINT('',(-0.99969629,1.731524766,2.230839523));
#2225=CARTESIAN_POINT('',(-1.99939258,1.154349844,2.260586121));
#2226=CARTESIAN_POINT('',(-1.99939258,2.448549723E-16,2.290332718));
#2227=CARTESIAN_POINT('',(-1.99939258,-1.154349844,2.320079316));
#2228=CARTESIAN_POINT('',(-0.99969629,-1.731524766,2.349825914));
#2229=CARTESIAN_POINT('',(-6.409416871E-16,-2.308699689,2.379572511));
#2230=CARTESIAN_POINT('',(0.99969629,-1.731524766,2.409319109));
#2231=CARTESIAN_POINT('',(1.99939258,-1.154349844,2.439065707));
#2232=CARTESIAN_POINT('',(1.99939258,5.311058881E-32,2.468812304));
#2233=CARTESIAN_POINT('',(1.99939258,1.154349844,2.498558902));
#2234=CARTESIAN_POINT('',(0.99969629,1.731524766,2.5283055));
#2235=CARTESIAN_POINT('',(-7.54733503E-17,2.308699689,2.558052097));
#2236=CARTESIAN_POINT('',(-0.99969629,1.731524766,2.587798695));
#2237=CARTESIAN_POINT('',(-1.99939258,1.154349844,2.617545292));
#2238=CARTESIAN_POINT('',(-1.99939258,2.448549723E-16,2.64729189));
#2239=CARTESIAN_POINT('',(-1.99939258,-1.154349844,2.677038488));
#2240=CARTESIAN_POINT('',(-0.99969629,-1.731524766,2.706785085));
#2241=CARTESIAN_POINT('',(-6.409416871E-16,-2.308699689,2.736531683));
#2242=CARTESIAN_POINT('',(0.99969629,-1.731524766,2.766278281));
#2243=CARTESIAN_POINT('',(1.99939258,-1.154349844,2.796024878));
#2244=CARTESIAN_POINT('',(1.99939258,5.311058881E-32,2.825771476));
#2245=CARTESIAN_POINT('',(1.99939258,1.154349844,2.855518074));
#2246=CARTESIAN_POINT('',(0.99969629,1.731524766,2.885264671));
#2247=CARTESIAN_POINT('',(-7.54733503E-17,2.308699689,2.915011269));
#2248=CARTESIAN_POINT('',(-0.99969629,1.731524766,2.944757867));
#2249=CARTESIAN_POINT('',(-1.99939258,1.154349844,2.974504464));
#2250=CARTESIAN_POINT('',(-1.99939258,2.448549723E-16,3.004251062));
#2251=CARTESIAN_POINT('',(-1.99939258,-1.154349844,3.033997659));
#2252=CARTESIAN_POINT('',(-0.99969629,-1.731524766,3.063744257));
#2253=CARTESIAN_POINT('',(-6.409416871E-16,-2.308699689,3.093490855));
#2254=CARTESIAN_POINT('',(0.99969629,-1.731524766,3.123237452));
#2255=CARTESIAN_POINT('',(1.99939258,-1.154349844,3.15298405));
#2256=CARTESIAN_POINT('',(1.99939258,5.311058881E-32,3.182730648));
#2257=CARTESIAN_POINT('',(1.99939258,1.154349844,3.212477245));
#2258=CARTESIAN_POINT('',(0.99969629,1.731524766,3.242223843));
#2259=CARTESIAN_POINT('',(-7.54733503E-17,2.308699689,3.271970441));
#2260=CARTESIAN_POINT('',(-0.99969629,1.731524766,3.301717038));
#2261=CARTESIAN_POINT('',(-1.99939258,1.154349844,3.331463636));
#2262=CARTESIAN_POINT('',(-1.99939258,2.448549723E-16,3.361210233));
#2263=CARTESIAN_POINT('',(-1.99939258,-1.154349844,3.390956831));
#2264=CARTESIAN_POINT('',(-0.99969629,-1.731524766,3.420703429));
#2265=CARTESIAN_POINT('',(-6.409416871E-16,-2.308699689,3.450450026));
#2266=CARTESIAN_POINT('',(0.99969629,-1.731524766,3.480196624));
#2267=CARTESIAN_POINT('',(1.99939258,-1.154349844,3.509943222));
#2268=CARTESIAN_POINT('',(1.99939258,5.311058881E-32,3.539689819));
#2269=CARTESIAN_POINT('',(1.966545885,5.311058881E-32,0.74820751));
#2270=CARTESIAN_POINT('',(1.966545885,1.135385796,0.777954108));
#2271=CARTESIAN_POINT('',(0.983272943,1.703078694,0.807700706));
#2272=CARTESIAN_POINT('',(-7.779577638E-17,2.270771592,0.837447303));
#2273=CARTESIAN_POINT('',(-0.983272943,1.703078694,0.867193901));
#2274=CARTESIAN_POINT('',(-1.966545885,1.135385796,0.896940499));
#2275=CARTESIAN_POINT('',(-1.966545885,2.408324124E-16,0.926687096));
#2276=CARTESIAN_POINT('',(-1.966545885,-1.135385796,0.956433694));
#2277=CARTESIAN_POINT('',(-0.983272943,-1.703078694,0.986180291));
#2278=CARTESIAN_POINT('',(-6.339744088E-16,-2.270771592,1.015926889));
#2279=CARTESIAN_POINT('',(0.983272943,-1.703078694,1.045673487));
#2280=CARTESIAN_POINT('',(1.966545885,-1.135385796,1.075420084));
#2281=CARTESIAN_POINT('',(1.966545885,5.311058881E-32,1.105166682));
#2282=CARTESIAN_POINT('',(1.966545885,1.135385796,1.13491328));
#2283=CARTESIAN_POINT('',(0.983272943,1.703078694,1.164659877));
#2284=CARTESIAN_POINT('',(-7.779577638E-17,2.270771592,1.194406475));
#2285=CARTESIAN_POINT('',(-0.983272943,1.703078694,1.224153073));
#2286=CARTESIAN_POINT('',(-1.966545885,1.135385796,1.25389967));
#2287=CARTESIAN_POINT('',(-1.966545885,2.408324124E-16,1.283646268));
#2288=CARTESIAN_POINT('',(-1.966545885,-1.135385796,1.313392865));
#2289=CARTESIAN_POINT('',(-0.983272943,-1.703078694,1.343139463));
#2290=CARTESIAN_POINT('',(-6.339744088E-16,-2.270771592,1.372886061));
#2291=CARTESIAN_POINT('',(0.983272943,-1.703078694,1.402632658));
#2292=CARTESIAN_POINT('',(1.966545885,-1.135385796,1.432379256));
#2293=CARTESIAN_POINT('',(1.966545885,5.311058881E-32,1.462125854));
#2294=CARTESIAN_POINT('',(1.966545885,1.135385796,1.491872451));
#2295=CARTESIAN_POINT('',(0.983272943,1.703078694,1.521619049));
#2296=CARTESIAN_POINT('',(-7.779577638E-17,2.270771592,1.551365647));
#2297=CARTESIAN_POINT('',(-0.983272943,1.703078694,1.581112244));
#2298=CARTESIAN_POINT('',(-1.966545885,1.135385796,1.610858842));
#2299=CARTESIAN_POINT('',(-1.966545885,2.408324124E-16,1.64060544));
#2300=CARTESIAN_POINT('',(-1.966545885,-1.135385796,1.670352037));
#2301=CARTESIAN_POINT('',(-0.983272943,-1.703078694,1.700098635));
#2302=CARTESIAN_POINT('',(-6.339744088E-16,-2.270771592,1.729845232));
#2303=CARTESIAN_POINT('',(0.983272943,-1.703078694,1.75959183));
#2304=CARTESIAN_POINT('',(1.966545885,-1.135385796,1.789338428));
#2305=CARTESIAN_POINT('',(1.966545885,5.311058881E-32,1.819085025));
#2306=CARTESIAN_POINT('',(1.966545885,1.135385796,1.848831623));
#2307=CARTESIAN_POINT('',(0.983272943,1.703078694,1.878578221));
#2308=CARTESIAN_POINT('',(-7.779577638E-17,2.270771592,1.908324818));
#2309=CARTESIAN_POINT('',(-0.983272943,1.703078694,1.938071416));
#2310=CARTESIAN_POINT('',(-1.966545885,1.135385796,1.967818014));
#2311=CARTESIAN_POINT('',(-1.966545885,2.408324124E-16,1.997564611));
#2312=CARTESIAN_POINT('',(-1.966545885,-1.135385796,2.027311209));
#2313=CARTESIAN_POINT('',(-0.983272943,-1.703078694,2.057057806));
#2314=CARTESIAN_POINT('',(-6.339744088E-16,-2.270771592,2.086804404));
#2315=CARTESIAN_POINT('',(0.983272943,-1.703078694,2.116551002));
#2316=CARTESIAN_POINT('',(1.966545885,-1.135385796,2.146297599));
#2317=CARTESIAN_POINT('',(1.966545885,5.311058881E-32,2.176044197));
#2318=CARTESIAN_POINT('',(1.966545885,1.135385796,2.205790795));
#2319=CARTESIAN_POINT('',(0.983272943,1.703078694,2.235537392));
#2320=CARTESIAN_POINT('',(-7.779577638E-17,2.270771592,2.26528399));
#2321=CARTESIAN_POINT('',(-0.983272943,1.703078694,2.295030588));
#2322=CARTESIAN_POINT('',(-1.966545885,1.135385796,2.324777185));
#2323=CARTESIAN_POINT('',(-1.966545885,2.408324124E-16,2.354523783));
#2324=CARTESIAN_POINT('',(-1.966545885,-1.135385796,2.384270381));
#2325=CARTESIAN_POINT('',(-0.983272943,-1.703078694,2.414016978));
#2326=CARTESIAN_POINT('',(-6.339744088E-16,-2.270771592,2.443763576));
#2327=CARTESIAN_POINT('',(0.983272943,-1.703078694,2.473510173));
#2328=CARTESIAN_POINT('',(1.966545885,-1.135385796,2.503256771));
#2329=CARTESIAN_POINT('',(1.966545885,5.311058881E-32,2.533003369));
#2330=CARTESIAN_POINT('',(1.966545885,1.135385796,2.562749966));
#2331=CARTESIAN_POINT('',(0.983272943,1.703078694,2.592496564));
#2332=CARTESIAN_POINT('',(-7.779577638E-17,2.270771592,2.622243162));
#2333=CARTESIAN_POINT('',(-0.983272943,1.703078694,2.651989759));
#2334=CARTESIAN_POINT('',(-1.966545885,1.135385796,2.681736357));
#2335=CARTESIAN_POINT('',(-1.966545885,2.408324124E-16,2.711482955));
#2336=CARTESIAN_POINT('',(-1.966545885,-1.135385796,2.741229552));
#2337=CARTESIAN_POINT('',(-0.983272943,-1.703078694,2.77097615));
#2338=CARTESIAN_POINT('',(-6.339744088E-16,-2.270771592,2.800722747));
#2339=CARTESIAN_POINT('',(0.983272943,-1.703078694,2.830469345));
#2340=CARTESIAN_POINT('',(1.966545885,-1.135385796,2.860215943));
#2341=CARTESIAN_POINT('',(1.966545885,5.311058881E-32,2.88996254));
#2342=CARTESIAN_POINT('',(1.966545885,1.135385796,2.919709138));
#2343=CARTESIAN_POINT('',(0.983272943,1.703078694,2.949455736));
#2344=CARTESIAN_POINT('',(-7.779577638E-17,2.270771592,2.979202333));
#2345=CARTESIAN_POINT('',(-0.983272943,1.703078694,3.008948931));
#2346=CARTESIAN_POINT('',(-1.966545885,1.135385796,3.038695529));
#2347=CARTESIAN_POINT('',(-1.966545885,2.408324124E-16,3.068442126));
#2348=CARTESIAN_POINT('',(-1.966545885,-1.135385796,3.098188724));
#2349=CARTESIAN_POINT('',(-0.983272943,-1.703078694,3.127935322));
#2350=CARTESIAN_POINT('',(-6.339744088E-16,-2.270771592,3.157681919));
#2351=CARTESIAN_POINT('',(0.983272943,-1.703078694,3.187428517));
#2352=CARTESIAN_POINT('',(1.966545885,-1.135385796,3.217175114));
#2353=CARTESIAN_POINT('',(1.966545885,5.311058881E-32,3.246921712));
#2354=CARTESIAN_POINT('',(1.966545885,1.135385796,3.27666831));
#2355=CARTESIAN_POINT('',(0.983272943,1.703078694,3.306414907));
#2356=CARTESIAN_POINT('',(-7.779577638E-17,2.270771592,3.336161505));
#2357=CARTESIAN_POINT('',(-0.983272943,1.703078694,3.365908103));
#2358=CARTESIAN_POINT('',(-1.966545885,1.135385796,3.3956547));
#2359=CARTESIAN_POINT('',(-1.966545885,2.408324124E-16,3.425401298));
#2360=CARTESIAN_POINT('',(-1.966545885,-1.135385796,3.455147896));
#2361=CARTESIAN_POINT('',(-0.983272943,-1.703078694,3.484894493));
#2362=CARTESIAN_POINT('',(-6.339744088E-16,-2.270771592,3.514641091));
#2363=CARTESIAN_POINT('',(0.983272943,-1.703078694,3.544387688));
#2364=CARTESIAN_POINT('',(1.966545885,-1.135385796,3.574134286));
#2365=CARTESIAN_POINT('',(1.966545885,5.311058881E-32,3.603880884));
#2366=CARTESIAN_POINT('',(1.966545885,5.311058881E-32,0.820314362));
#2367=CARTESIAN_POINT('',(1.966545885,1.135385796,0.85006096));
#2368=CARTESIAN_POINT('',(0.983272943,1.703078694,0.879807558));
#2369=CARTESIAN_POINT('',(-7.779577638E-17,2.270771592,0.909554155));
#2370=CARTESIAN_POINT('',(-0.983272943,1.703078694,0.939300753));
#2371=CARTESIAN_POINT('',(-1.966545885,1.135385796,0.969047351));
#2372=CARTESIAN_POINT('',(-1.966545885,2.408324124E-16,0.998793948));
#2373=CARTESIAN_POINT('',(-1.966545885,-1.135385796,1.028540546));
#2374=CARTESIAN_POINT('',(-0.983272943,-1.703078694,1.058287144));
#2375=CARTESIAN_POINT('',(-6.339744088E-16,-2.270771592,1.088033741));
#2376=CARTESIAN_POINT('',(0.983272943,-1.703078694,1.117780339));
#2377=CARTESIAN_POINT('',(1.966545885,-1.135385796,1.147526936));
#2378=CARTESIAN_POINT('',(1.966545885,5.311058881E-32,1.177273534));
#2379=CARTESIAN_POINT('',(1.966545885,1.135385796,1.207020132));
#2380=CARTESIAN_POINT('',(0.983272943,1.703078694,1.236766729));
#2381=CARTESIAN_POINT('',(-7.779577638E-17,2.270771592,1.266513327));
#2382=CARTESIAN_POINT('',(-0.983272943,1.703078694,1.296259925));
#2383=CARTESIAN_POINT('',(-1.966545885,1.135385796,1.326006522));
#2384=CARTESIAN_POINT('',(-1.966545885,2.408324124E-16,1.35575312));
#2385=CARTESIAN_POINT('',(-1.966545885,-1.135385796,1.385499718));
#2386=CARTESIAN_POINT('',(-0.983272943,-1.703078694,1.415246315));
#2387=CARTESIAN_POINT('',(-6.339744088E-16,-2.270771592,1.444992913));
#2388=CARTESIAN_POINT('',(0.983272943,-1.703078694,1.47473951));
#2389=CARTESIAN_POINT('',(1.966545885,-1.135385796,1.504486108));
#2390=CARTESIAN_POINT('',(1.966545885,5.311058881E-32,1.534232706));
#2391=CARTESIAN_POINT('',(1.966545885,1.135385796,1.563979303));
#2392=CARTESIAN_POINT('',(0.983272943,1.703078694,1.593725901));
#2393=CARTESIAN_POINT('',(-7.779577638E-17,2.270771592,1.623472499));
#2394=CARTESIAN_POINT('',(-0.983272943,1.703078694,1.653219096));
#2395=CARTESIAN_POINT('',(-1.966545885,1.135385796,1.682965694));
#2396=CARTESIAN_POINT('',(-1.966545885,2.408324124E-16,1.712712292));
#2397=CARTESIAN_POINT('',(-1.966545885,-1.135385796,1.742458889));
#2398=CARTESIAN_POINT('',(-0.983272943,-1.703078694,1.772205487));
#2399=CARTESIAN_POINT('',(-6.339744088E-16,-2.270771592,1.801952084));
#2400=CARTESIAN_POINT('',(0.983272943,-1.703078694,1.831698682));
#2401=CARTESIAN_POINT('',(1.966545885,-1.135385796,1.86144528));
#2402=CARTESIAN_POINT('',(1.966545885,5.311058881E-32,1.891191877));
#2403=CARTESIAN_POINT('',(1.966545885,1.135385796,1.920938475));
#2404=CARTESIAN_POINT('',(0.983272943,1.703078694,1.950685073));
#2405=CARTESIAN_POINT('',(-7.779577638E-17,2.270771592,1.98043167));
#2406=CARTESIAN_POINT('',(-0.983272943,1.703078694,2.010178268));
#2407=CARTESIAN_POINT('',(-1.966545885,1.135385796,2.039924866));
#2408=CARTESIAN_POINT('',(-1.966545885,2.408324124E-16,2.069671463));
#2409=CARTESIAN_POINT('',(-1.966545885,-1.135385796,2.099418061));
#2410=CARTESIAN_POINT('',(-0.983272943,-1.703078694,2.129164659));
#2411=CARTESIAN_POINT('',(-6.339744088E-16,-2.270771592,2.158911256));
#2412=CARTESIAN_POINT('',(0.983272943,-1.703078694,2.188657854));
#2413=CARTESIAN_POINT('',(1.966545885,-1.135385796,2.218404451));
#2414=CARTESIAN_POINT('',(1.966545885,5.311058881E-32,2.248151049));
#2415=CARTESIAN_POINT('',(1.966545885,1.135385796,2.277897647));
#2416=CARTESIAN_POINT('',(0.983272943,1.703078694,2.307644244));
#2417=CARTESIAN_POINT('',(-7.779577638E-17,2.270771592,2.337390842));
#2418=CARTESIAN_POINT('',(-0.983272943,1.703078694,2.36713744));
#2419=CARTESIAN_POINT('',(-1.966545885,1.135385796,2.396884037));
#2420=CARTESIAN_POINT('',(-1.966545885,2.408324124E-16,2.426630635));
#2421=CARTESIAN_POINT('',(-1.966545885,-1.135385796,2.456377233));
#2422=CARTESIAN_POINT('',(-0.983272943,-1.703078694,2.48612383));
#2423=CARTESIAN_POINT('',(-6.339744088E-16,-2.270771592,2.515870428));
#2424=CARTESIAN_POINT('',(0.983272943,-1.703078694,2.545617025));
#2425=CARTESIAN_POINT('',(1.966545885,-1.135385796,2.575363623));
#2426=CARTESIAN_POINT('',(1.966545885,5.311058881E-32,2.605110221));
#2427=CARTESIAN_POINT('',(1.966545885,1.135385796,2.634856818));
#2428=CARTESIAN_POINT('',(0.983272943,1.703078694,2.664603416));
#2429=CARTESIAN_POINT('',(-7.779577638E-17,2.270771592,2.694350014));
#2430=CARTESIAN_POINT('',(-0.983272943,1.703078694,2.724096611));
#2431=CARTESIAN_POINT('',(-1.966545885,1.135385796,2.753843209));
#2432=CARTESIAN_POINT('',(-1.966545885,2.408324124E-16,2.783589807));
#2433=CARTESIAN_POINT('',(-1.966545885,-1.135385796,2.813336404));
#2434=CARTESIAN_POINT('',(-0.983272943,-1.703078694,2.843083002));
#2435=CARTESIAN_POINT('',(-6.339744088E-16,-2.270771592,2.8728296));
#2436=CARTESIAN_POINT('',(0.983272943,-1.703078694,2.902576197));
#2437=CARTESIAN_POINT('',(1.966545885,-1.135385796,2.932322795));
#2438=CARTESIAN_POINT('',(1.966545885,5.311058881E-32,2.962069392));
#2439=CARTESIAN_POINT('',(1.966545885,1.135385796,2.99181599));
#2440=CARTESIAN_POINT('',(0.983272943,1.703078694,3.021562588));
#2441=CARTESIAN_POINT('',(-7.779577638E-17,2.270771592,3.051309185));
#2442=CARTESIAN_POINT('',(-0.983272943,1.703078694,3.081055783));
#2443=CARTESIAN_POINT('',(-1.966545885,1.135385796,3.110802381));
#2444=CARTESIAN_POINT('',(-1.966545885,2.408324124E-16,3.140548978));
#2445=CARTESIAN_POINT('',(-1.966545885,-1.135385796,3.170295576));
#2446=CARTESIAN_POINT('',(-0.983272943,-1.703078694,3.200042174));
#2447=CARTESIAN_POINT('',(-6.339744088E-16,-2.270771592,3.229788771));
#2448=CARTESIAN_POINT('',(0.983272943,-1.703078694,3.259535369));
#2449=CARTESIAN_POINT('',(1.966545885,-1.135385796,3.289281966));
#2450=CARTESIAN_POINT('',(1.966545885,5.311058881E-32,3.319028564));
#2451=CARTESIAN_POINT('',(1.966545885,1.135385796,3.348775162));
#2452=CARTESIAN_POINT('',(0.983272943,1.703078694,3.378521759));
#2453=CARTESIAN_POINT('',(-7.779577638E-17,2.270771592,3.408268357));
#2454=CARTESIAN_POINT('',(-0.983272943,1.703078694,3.438014955));
#2455=CARTESIAN_POINT('',(-1.966545885,1.135385796,3.467761552));
#2456=CARTESIAN_POINT('',(-1.966545885,2.408324124E-16,3.49750815));
#2457=CARTESIAN_POINT('',(-1.966545885,-1.135385796,3.527254748));
#2458=CARTESIAN_POINT('',(-0.983272943,-1.703078694,3.557001345));
#2459=CARTESIAN_POINT('',(-6.339744088E-16,-2.270771592,3.586747943));
#2460=CARTESIAN_POINT('',(0.983272943,-1.703078694,3.616494541));
#2461=CARTESIAN_POINT('',(1.966545885,-1.135385796,3.646241138));
#2462=CARTESIAN_POINT('',(1.966545885,5.311058881E-32,3.675987736));
#2463=ADVANCED_FACE('',(#2464),#2892,.T.);
#2464=FACE_BOUND('',#2465,.T.);
#2465=EDGE_LOOP('',(#2466,#2570,#2579,#2681,#2690,#2792));
#2466=ORIENTED_EDGE('',*,*,#2467,.T.);
#2467=EDGE_CURVE('',#2468,#2470,#2472,.T.);
#2468=VERTEX_POINT('',#2469);
#2469=CARTESIAN_POINT('',(2.31534185,-2.699304397E-15,3.140548978));
#2470=VERTEX_POINT('',#2471);
#2471=CARTESIAN_POINT('',(2.31534185,-4.253213977E-15,3.49750815));
#2472=(BOUNDED_CURVE()B_SPLINE_CURVE(2,(#2473,#2474,#2475,#2476,#2477,#2478,#2479,#2480,#2481,#2482,#2483,#2484,#2485,#2486,#2487,#2488,#2489,#2490,#2491,#2492,#2493,#2494,#2495,#2496,#2497,#2498,#2499,#2500,#2501,#2502,#2503,#2504,#2505,#2506,#2507,#2508,#2509,#2510,#2511,#2512,#2513,#2514,#2515,#2516,#2517,#2518,#2519,#2520,#2521,#2522,#2523,#2524,#2525,#2526,#2527,#2528,#2529,#2530,#2531,#2532,#2533,#2534,#2535,#2536,#2537,#2538,#2539,#2540,#2541,#2542,#2543,#2544,#2545,#2546,#2547,#2548,#2549,#2550,#2551,#2552,#2553,#2554,#2555,#2556,#2557,#2558,#2559,#2560,#2561,#2562,#2563,#2564,#2565,#2566,#2567,#2568,#2569),.UNSPECIFIED.,.F.,.U.)B_SPLINE_CURVE_WITH_KNOTS((3,2,2,2,2,2,2,2,2,2,2,2,2,2,2,2,2,2,2,2,2,2,2,2,2,2,2,2,2,2,2,2,2,2,2,2,2,2,2,2,2,2,2,2,2,2,2,2,3),(0.0,0.020833333,0.041666667,0.0625,0.083333333,0.104166667,0.125,0.145833333,0.166666667,0.1875,0.208333333,0.229166667,0.25,0.270833333,0.291666667,0.3125,0.333333333,0.354166667,0.375,0.395833333,0.416666667,0.4375,0.458333333,0.479166667,0.5,0.520833333,0.541666667,0.5625,0.583333333,0.604166667,0.625,0.645833333,0.666666667,0.6875,0.708333333,0.729166667,0.75,0.770833333,0.791666667,0.8125,0.833333333,0.854166667,0.875,0.895833333,0.916666667,0.9375,0.958333333,0.979166667,1.0),.UNSPECIFIED.)CURVE()GEOMETRIC_REPRESENTATION_ITEM()RATIONAL_B_SPLINE_CURVE((1.0,0.866025404,1.0,0.866025404,1.0,0.866025404,1.0,0.866025404,1.0,0.866025404,1.0,0.866025404,1.0,0.866025404,1.0,0.866025404,1.0,0.866025404,1.0,0.866025404,1.0,0.866025404,1.0,0.866025404,1.0,0.866025404,1.0,0.866025404,1.0,0.866025404,1.0,0.866025404,1.0,0.866025404,1.0,0.866025404,1.0,0.866025404,1.0,0.866025404,1.0,0.866025404,1.0,0.866025404,1.0,0.866025404,1.0,0.866025404,1.0,0.866025404,1.0,0.866025404,1.0,0.866025404,1.0,0.866025404,1.0,0.866025404,1.0,0.866025404,1.0,0.866025404,1.0,0.866025404,1.0,0.866025404,1.0,0.866025404,1.0,0.866025404,1.0,0.866025404,1.0,0.866025404,1.0,0.866025404,1.0,0.866025404,1.0,0.866025404,1.0,0.866025404,1.0,0.866025404,1.0,0.866025404,1.0,0.866025404,1.0,0.866025404,1.0,0.866025404,1.0,0.866025404,1.0,0.866025404,1.0))REPRESENTATION_ITEM(''));
#2473=CARTESIAN_POINT('',(2.31534185,-7.03266785E-16,0.641834777));
#2474=CARTESIAN_POINT('',(2.31534185,1.33676324,0.671581374));
#2475=CARTESIAN_POINT('',(1.157670925,2.00514486,0.701327972));
#2476=CARTESIAN_POINT('',(7.589283831E-16,2.67352648,0.731074569));
#2477=CARTESIAN_POINT('',(-1.157670925,2.00514486,0.760821167));
#2478=CARTESIAN_POINT('',(-2.31534185,1.33676324,0.790567765));
#2479=CARTESIAN_POINT('',(-2.31534185,9.868143835E-16,0.820314362));
#2480=CARTESIAN_POINT('',(-2.31534185,-1.33676324,0.85006096));
#2481=CARTESIAN_POINT('',(-1.157670925,-2.00514486,0.879807558));
#2482=CARTESIAN_POINT('',(-1.520021817E-15,-2.67352648,0.909554155));
#2483=CARTESIAN_POINT('',(1.157670925,-2.00514486,0.939300753));
#2484=CARTESIAN_POINT('',(2.31534185,-1.33676324,0.969047351));
#2485=CARTESIAN_POINT('',(2.31534185,-1.270361982E-15,0.998793948));
#2486=CARTESIAN_POINT('',(2.31534185,1.33676324,1.028540546));
#2487=CARTESIAN_POINT('',(1.157670925,2.00514486,1.058287144));
#2488=CARTESIAN_POINT('',(3.788322037E-15,2.67352648,1.088033741));
#2489=CARTESIAN_POINT('',(-1.157670925,2.00514486,1.117780339));
#2490=CARTESIAN_POINT('',(-2.31534185,1.33676324,1.147526936));
#2491=CARTESIAN_POINT('',(-2.31534185,1.553909581E-15,1.177273534));
#2492=CARTESIAN_POINT('',(-2.31534185,-1.33676324,1.207020132));
#2493=CARTESIAN_POINT('',(-1.157670925,-2.00514486,1.236766729));
#2494=CARTESIAN_POINT('',(-2.174846946E-15,-2.67352648,1.266513327));
#2495=CARTESIAN_POINT('',(1.157670925,-2.00514486,1.296259925));
#2496=CARTESIAN_POINT('',(2.31534185,-1.33676324,1.326006522));
#2497=CARTESIAN_POINT('',(2.31534185,-1.837457179E-15,1.35575312));
#2498=CARTESIAN_POINT('',(2.31534185,1.33676324,1.385499718));
#2499=CARTESIAN_POINT('',(1.157670925,2.00514486,1.415246315));
#2500=CARTESIAN_POINT('',(6.81771569E-15,2.67352648,1.444992913));
#2501=CARTESIAN_POINT('',(-1.157670925,2.00514486,1.47473951));
#2502=CARTESIAN_POINT('',(-2.31534185,1.33676324,1.504486108));
#2503=CARTESIAN_POINT('',(-2.31534185,6.233878108E-15,1.534232706));
#2504=CARTESIAN_POINT('',(-2.31534185,-1.33676324,1.563979303));
#2505=CARTESIAN_POINT('',(-1.157670925,-2.00514486,1.593725901));
#2506=CARTESIAN_POINT('',(-7.578809124E-15,-2.67352648,1.623472499));
#2507=CARTESIAN_POINT('',(1.157670925,-2.00514486,1.653219096));
#2508=CARTESIAN_POINT('',(2.31534185,-1.33676324,1.682965694));
#2509=CARTESIAN_POINT('',(2.31534185,-2.404552376E-15,1.712712292));
#2510=CARTESIAN_POINT('',(2.31534185,1.33676324,1.742458889));
#2511=CARTESIAN_POINT('',(1.157670925,2.00514486,1.772205487));
#2512=CARTESIAN_POINT('',(7.472540819E-15,2.67352648,1.801952084));
#2513=CARTESIAN_POINT('',(-1.157670925,2.00514486,1.831698682));
#2514=CARTESIAN_POINT('',(-2.31534185,1.33676324,1.86144528));
#2515=CARTESIAN_POINT('',(-2.31534185,2.688099975E-15,1.891191877));
#2516=CARTESIAN_POINT('',(-2.31534185,-1.33676324,1.920938475));
#2517=CARTESIAN_POINT('',(-1.157670925,-2.00514486,1.950685073));
#2518=CARTESIAN_POINT('',(-8.233634253E-15,-2.67352648,1.98043167));
#2519=CARTESIAN_POINT('',(1.157670925,-2.00514486,2.010178268));
#2520=CARTESIAN_POINT('',(2.31534185,-1.33676324,2.039924866));
#2521=CARTESIAN_POINT('',(2.31534185,-2.971647573E-15,2.069671463));
#2522=CARTESIAN_POINT('',(2.31534185,1.33676324,2.099418061));
#2523=CARTESIAN_POINT('',(1.157670925,2.00514486,2.129164659));
#2524=CARTESIAN_POINT('',(8.127365949E-15,2.67352648,2.158911256));
#2525=CARTESIAN_POINT('',(-1.157670925,2.00514486,2.188657854));
#2526=CARTESIAN_POINT('',(-2.31534185,1.33676324,2.218404451));
#2527=CARTESIAN_POINT('',(-2.31534185,1.148094183E-14,2.248151049));
#2528=CARTESIAN_POINT('',(-2.31534185,-1.33676324,2.277897647));
#2529=CARTESIAN_POINT('',(-1.157670925,-2.00514486,2.307644244));
#2530=CARTESIAN_POINT('',(-8.888459382E-15,-2.67352648,2.337390842));
#2531=CARTESIAN_POINT('',(1.157670925,-2.00514486,2.36713744));
#2532=CARTESIAN_POINT('',(2.31534185,-1.33676324,2.396884037));
#2533=CARTESIAN_POINT('',(2.31534185,-1.176448943E-14,2.426630635));
#2534=CARTESIAN_POINT('',(2.31534185,1.33676324,2.456377233));
#2535=CARTESIAN_POINT('',(1.157670925,2.00514486,2.48612383));
#2536=CARTESIAN_POINT('',(1.828046517E-14,2.67352648,2.515870428));
#2537=CARTESIAN_POINT('',(-1.157670925,2.00514486,2.545617025));
#2538=CARTESIAN_POINT('',(-2.31534185,1.33676324,2.575363623));
#2539=CARTESIAN_POINT('',(-2.31534185,1.204803703E-14,2.605110221));
#2540=CARTESIAN_POINT('',(-2.31534185,-1.33676324,2.634856818));
#2541=CARTESIAN_POINT('',(-1.157670925,-2.00514486,2.664603416));
#2542=CARTESIAN_POINT('',(-9.543284512E-15,-2.67352648,2.694350014));
#2543=CARTESIAN_POINT('',(1.157670925,-2.00514486,2.724096611));
#2544=CARTESIAN_POINT('',(2.31534185,-1.33676324,2.753843209));
#2545=CARTESIAN_POINT('',(2.31534185,-4.105837967E-15,2.783589807));
#2546=CARTESIAN_POINT('',(2.31534185,1.33676324,2.813336404));
#2547=CARTESIAN_POINT('',(1.157670925,2.00514486,2.843083002));
#2548=CARTESIAN_POINT('',(1.89352903E-14,2.67352648,2.8728296));
#2549=CARTESIAN_POINT('',(-1.157670925,2.00514486,2.902576197));
#2550=CARTESIAN_POINT('',(-2.31534185,1.33676324,2.932322795));
#2551=CARTESIAN_POINT('',(-2.31534185,1.261513223E-14,2.962069392));
#2552=CARTESIAN_POINT('',(-2.31534185,-1.33676324,2.99181599));
#2553=CARTESIAN_POINT('',(-1.157670925,-2.00514486,3.021562588));
#2554=CARTESIAN_POINT('',(-1.019810964E-14,-2.67352648,3.051309185));
#2555=CARTESIAN_POINT('',(1.157670925,-2.00514486,3.081055783));
#2556=CARTESIAN_POINT('',(2.31534185,-1.33676324,3.110802381));
#2557=CARTESIAN_POINT('',(2.31534185,-4.672933164E-15,3.140548978));
#2558=CARTESIAN_POINT('',(2.31534185,1.33676324,3.170295576));
#2559=CARTESIAN_POINT('',(1.157670925,2.00514486,3.200042174));
#2560=CARTESIAN_POINT('',(1.959011543E-14,2.67352648,3.229788771));
#2561=CARTESIAN_POINT('',(-1.157670925,2.00514486,3.259535369));
#2562=CARTESIAN_POINT('',(-2.31534185,1.33676324,3.289281966));
#2563=CARTESIAN_POINT('',(-2.31534185,1.318222742E-14,3.319028564));
#2564=CARTESIAN_POINT('',(-2.31534185,-1.33676324,3.348775162));
#2565=CARTESIAN_POINT('',(-1.157670925,-2.00514486,3.378521759));
#2566=CARTESIAN_POINT('',(-1.085293477E-14,-2.67352648,3.408268357));
#2567=CARTESIAN_POINT('',(1.157670925,-2.00514486,3.438014955));
#2568=CARTESIAN_POINT('',(2.31534185,-1.33676324,3.467761552));
#2569=CARTESIAN_POINT('',(2.31534185,-5.240028361E-15,3.49750815));
#2570=ORIENTED_EDGE('',*,*,#2571,.T.);
#2571=EDGE_CURVE('',#2470,#2572,#2574,.F.);
#2572=VERTEX_POINT('',#2573);
#2573=CARTESIAN_POINT('',(2.406670207,-4.715713545E-15,3.675987736));
#2574=CIRCLE('',#2575,0.220062161);
#2575=AXIS2_PLACEMENT_3D('',#2576,#2577,#2578);
#2576=CARTESIAN_POINT('',(2.186608046,-4.284516072E-15,3.675987736));
#2577=DIRECTION('',(1.959434879E-15,1.0,0.0));
#2578=DIRECTION('',(1.0,-1.959434879E-15,0.0));
#2579=ORIENTED_EDGE('',*,*,#2580,.T.);
#2580=EDGE_CURVE('',#2572,#2581,#2583,.F.);
#2581=VERTEX_POINT('',#2582);
#2582=CARTESIAN_POINT('',(2.406670207,5.311058881E-32,0.820314362));
#2583=(BOUNDED_CURVE()B_SPLINE_CURVE(2,(#2584,#2585,#2586,#2587,#2588,#2589,#2590,#2591,#2592,#2593,#2594,#2595,#2596,#2597,#2598,#2599,#2600,#2601,#2602,#2603,#2604,#2605,#2606,#2607,#2608,#2609,#2610,#2611,#2612,#2613,#2614,#2615,#2616,#2617,#2618,#2619,#2620,#2621,#2622,#2623,#2624,#2625,#2626,#2627,#2628,#2629,#2630,#2631,#2632,#2633,#2634,#2635,#2636,#2637,#2638,#2639,#2640,#2641,#2642,#2643,#2644,#2645,#2646,#2647,#2648,#2649,#2650,#2651,#2652,#2653,#2654,#2655,#2656,#2657,#2658,#2659,#2660,#2661,#2662,#2663,#2664,#2665,#2666,#2667,#2668,#2669,#2670,#2671,#2672,#2673,#2674,#2675,#2676,#2677,#2678,#2679,#2680),.UNSPECIFIED.,.F.,.U.)B_SPLINE_CURVE_WITH_KNOTS((3,2,2,2,2,2,2,2,2,2,2,2,2,2,2,2,2,2,2,2,2,2,2,2,2,2,2,2,2,2,2,2,2,2,2,2,2,2,2,2,2,2,2,2,2,2,2,2,3),(0.0,0.020833333,0.041666667,0.0625,0.083333333,0.104166667,0.125,0.145833333,0.166666667,0.1875,0.208333333,0.229166667,0.25,0.270833333,0.291666667,0.3125,0.333333333,0.354166667,0.375,0.395833333,0.416666667,0.4375,0.458333333,0.479166667,0.5,0.520833333,0.541666667,0.5625,0.583333333,0.604166667,0.625,0.645833333,0.666666667,0.6875,0.708333333,0.729166667,0.75,0.770833333,0.791666667,0.8125,0.833333333,0.854166667,0.875,0.895833333,0.916666667,0.9375,0.958333333,0.979166667,1.0),.UNSPECIFIED.)CURVE()GEOMETRIC_REPRESENTATION_ITEM()RATIONAL_B_SPLINE_CURVE((1.0,0.866025404,1.0,0.866025404,1.0,0.866025404,1.0,0.866025404,1.0,0.866025404,1.0,0.866025404,1.0,0.866025404,1.0,0.866025404,1.0,0.866025404,1.0,0.866025404,1.0,0.866025404,1.0,0.866025404,1.0,0.866025404,1.0,0.866025404,1.0,0.866025404,1.0,0.866025404,1.0,0.866025404,1.0,0.866025404,1.0,0.866025404,1.0,0.866025404,1.0,0.866025404,1.0,0.866025404,1.0,0.866025404,1.0,0.866025404,1.0,0.866025404,1.0,0.866025404,1.0,0.866025404,1.0,0.866025404,1.0,0.866025404,1.0,0.866025404,1.0,0.866025404,1.0,0.866025404,1.0,0.866025404,1.0,0.866025404,1.0,0.866025404,1.0,0.866025404,1.0,0.866025404,1.0,0.866025404,1.0,0.866025404,1.0,0.866025404,1.0,0.866025404,1.0,0.866025404,1.0,0.866025404,1.0,0.866025404,1.0,0.866025404,1.0,0.866025404,1.0,0.866025404,1.0,0.866025404,1.0))REPRESENTATION_ITEM(''));
#2584=CARTESIAN_POINT('',(2.406670207,5.311058881E-32,0.820314362));
#2585=CARTESIAN_POINT('',(2.406670207,1.389491692,0.85006096));
#2586=CARTESIAN_POINT('',(1.203335104,2.084237538,0.879807558));
#2587=CARTESIAN_POINT('',(-4.66767792E-17,2.778983384,0.909554155));
#2588=CARTESIAN_POINT('',(-1.203335104,2.084237538,0.939300753));
#2589=CARTESIAN_POINT('',(-2.406670207,1.389491692,0.969047351));
#2590=CARTESIAN_POINT('',(-2.406670207,2.947320966E-16,0.998793948));
#2591=CARTESIAN_POINT('',(-2.406670207,-1.389491692,1.028540546));
#2592=CARTESIAN_POINT('',(-1.203335104,-2.084237538,1.058287144));
#2593=CARTESIAN_POINT('',(-7.273314004E-16,-2.778983384,1.088033741));
#2594=CARTESIAN_POINT('',(1.203335104,-2.084237538,1.117780339));
#2595=CARTESIAN_POINT('',(2.406670207,-1.389491692,1.147526936));
#2596=CARTESIAN_POINT('',(2.406670207,-5.894641932E-16,1.177273534));
#2597=CARTESIAN_POINT('',(2.406670207,1.389491692,1.207020132));
#2598=CARTESIAN_POINT('',(1.203335104,2.084237538,1.236766729));
#2599=CARTESIAN_POINT('',(3.102210912E-15,2.778983384,1.266513327));
#2600=CARTESIAN_POINT('',(-1.203335104,2.084237538,1.296259925));
#2601=CARTESIAN_POINT('',(-2.406670207,1.389491692,1.326006522));
#2602=CARTESIAN_POINT('',(-2.406670207,8.841962897E-16,1.35575312));
#2603=CARTESIAN_POINT('',(-2.406670207,-1.389491692,1.385499718));
#2604=CARTESIAN_POINT('',(-1.203335104,-2.084237538,1.415246315));
#2605=CARTESIAN_POINT('',(-1.407986022E-15,-2.778983384,1.444992913));
#2606=CARTESIAN_POINT('',(1.203335104,-2.084237538,1.47473951));
#2607=CARTESIAN_POINT('',(2.406670207,-1.389491692,1.504486108));
#2608=CARTESIAN_POINT('',(2.406670207,-1.178928386E-15,1.534232706));
#2609=CARTESIAN_POINT('',(2.406670207,1.389491692,1.563979303));
#2610=CARTESIAN_POINT('',(1.203335104,2.084237538,1.593725901));
#2611=CARTESIAN_POINT('',(6.251098604E-15,2.778983384,1.623472499));
#2612=CARTESIAN_POINT('',(-1.203335104,2.084237538,1.653219096));
#2613=CARTESIAN_POINT('',(-2.406670207,1.389491692,1.682965694));
#2614=CARTESIAN_POINT('',(-2.406670207,5.748765566E-15,1.712712292));
#2615=CARTESIAN_POINT('',(-2.406670207,-1.389491692,1.742458889));
#2616=CARTESIAN_POINT('',(-1.203335104,-2.084237538,1.772205487));
#2617=CARTESIAN_POINT('',(-7.025106783E-15,-2.778983384,1.801952084));
#2618=CARTESIAN_POINT('',(1.203335104,-2.084237538,1.831698682));
#2619=CARTESIAN_POINT('',(2.406670207,-1.389491692,1.86144528));
#2620=CARTESIAN_POINT('',(2.406670207,-1.768392579E-15,1.891191877));
#2621=CARTESIAN_POINT('',(2.406670207,1.389491692,1.920938475));
#2622=CARTESIAN_POINT('',(1.203335104,2.084237538,1.950685073));
#2623=CARTESIAN_POINT('',(6.931753225E-15,2.778983384,1.98043167));
#2624=CARTESIAN_POINT('',(-1.203335104,2.084237538,2.010178268));
#2625=CARTESIAN_POINT('',(-2.406670207,1.389491692,2.039924866));
#2626=CARTESIAN_POINT('',(-2.406670207,2.063124676E-15,2.069671463));
#2627=CARTESIAN_POINT('',(-2.406670207,-1.389491692,2.099418061));
#2628=CARTESIAN_POINT('',(-1.203335104,-2.084237538,2.129164659));
#2629=CARTESIAN_POINT('',(-7.705761405E-15,-2.778983384,2.158911256));
#2630=CARTESIAN_POINT('',(1.203335104,-2.084237538,2.188657854));
#2631=CARTESIAN_POINT('',(2.406670207,-1.389491692,2.218404451));
#2632=CARTESIAN_POINT('',(2.406670207,-2.357856773E-15,2.248151049));
#2633=CARTESIAN_POINT('',(2.406670207,1.389491692,2.277897647));
#2634=CARTESIAN_POINT('',(1.203335104,2.084237538,2.307644244));
#2635=CARTESIAN_POINT('',(7.612407846E-15,2.778983384,2.337390842));
#2636=CARTESIAN_POINT('',(-1.203335104,2.084237538,2.36713744));
#2637=CARTESIAN_POINT('',(-2.406670207,1.389491692,2.396884037));
#2638=CARTESIAN_POINT('',(-2.406670207,1.120279903E-14,2.426630635));
#2639=CARTESIAN_POINT('',(-2.406670207,-1.389491692,2.456377233));
#2640=CARTESIAN_POINT('',(-1.203335104,-2.084237538,2.48612383));
#2641=CARTESIAN_POINT('',(-8.386416026E-15,-2.778983384,2.515870428));
#2642=CARTESIAN_POINT('',(1.203335104,-2.084237538,2.545617025));
#2643=CARTESIAN_POINT('',(2.406670207,-1.389491692,2.575363623));
#2644=CARTESIAN_POINT('',(2.406670207,-1.149753113E-14,2.605110221));
#2645=CARTESIAN_POINT('',(2.406670207,1.389491692,2.634856818));
#2646=CARTESIAN_POINT('',(1.203335104,2.084237538,2.664603416));
#2647=CARTESIAN_POINT('',(1.816599475E-14,2.778983384,2.694350014));
#2648=CARTESIAN_POINT('',(-1.203335104,2.084237538,2.724096611));
#2649=CARTESIAN_POINT('',(-2.406670207,1.389491692,2.753843209));
#2650=CARTESIAN_POINT('',(-2.406670207,1.179226323E-14,2.783589807));
#2651=CARTESIAN_POINT('',(-2.406670207,-1.389491692,2.813336404));
#2652=CARTESIAN_POINT('',(-1.203335104,-2.084237538,2.843083002));
#2653=CARTESIAN_POINT('',(-9.067070647E-15,-2.778983384,2.8728296));
#2654=CARTESIAN_POINT('',(1.203335104,-2.084237538,2.902576197));
#2655=CARTESIAN_POINT('',(2.406670207,-1.389491692,2.932322795));
#2656=CARTESIAN_POINT('',(2.406670207,-3.536785159E-15,2.962069392));
#2657=CARTESIAN_POINT('',(2.406670207,1.389491692,2.99181599));
#2658=CARTESIAN_POINT('',(1.203335104,2.084237538,3.021562588));
#2659=CARTESIAN_POINT('',(1.884664937E-14,2.778983384,3.051309185));
#2660=CARTESIAN_POINT('',(-1.203335104,2.084237538,3.081055783));
#2661=CARTESIAN_POINT('',(-2.406670207,1.389491692,3.110802381));
#2662=CARTESIAN_POINT('',(-2.406670207,1.238172742E-14,3.140548978));
#2663=CARTESIAN_POINT('',(-2.406670207,-1.389491692,3.170295576));
#2664=CARTESIAN_POINT('',(-1.203335104,-2.084237538,3.200042174));
#2665=CARTESIAN_POINT('',(-9.747725268E-15,-2.778983384,3.229788771));
#2666=CARTESIAN_POINT('',(1.203335104,-2.084237538,3.259535369));
#2667=CARTESIAN_POINT('',(2.406670207,-1.389491692,3.289281966));
#2668=CARTESIAN_POINT('',(2.406670207,-4.126249352E-15,3.319028564));
#2669=CARTESIAN_POINT('',(2.406670207,1.389491692,3.348775162));
#2670=CARTESIAN_POINT('',(1.203335104,2.084237538,3.378521759));
#2671=CARTESIAN_POINT('',(1.952730399E-14,2.778983384,3.408268357));
#2672=CARTESIAN_POINT('',(-1.203335104,2.084237538,3.438014955));
#2673=CARTESIAN_POINT('',(-2.406670207,1.389491692,3.467761552));
#2674=CARTESIAN_POINT('',(-2.406670207,1.297119161E-14,3.49750815));
#2675=CARTESIAN_POINT('',(-2.406670207,-1.389491692,3.527254748));
#2676=CARTESIAN_POINT('',(-1.203335104,-2.084237538,3.557001345));
#2677=CARTESIAN_POINT('',(-1.042837989E-14,-2.778983384,3.586747943));
#2678=CARTESIAN_POINT('',(1.203335104,-2.084237538,3.616494541));
#2679=CARTESIAN_POINT('',(2.406670207,-1.389491692,3.646241138));
#2680=CARTESIAN_POINT('',(2.406670207,-4.715713545E-15,3.675987736));
#2681=ORIENTED_EDGE('',*,*,#2682,.T.);
#2682=EDGE_CURVE('',#2581,#2683,#2685,.T.);
#2683=VERTEX_POINT('',#2684);
#2684=CARTESIAN_POINT('',(2.31534185,-3.516333925E-16,0.641834777));
#2685=CIRCLE('',#2686,0.220062161);
#2686=AXIS2_PLACEMENT_3D('',#2687,#2688,#2689);
#2687=CARTESIAN_POINT('',(2.186608046,5.311058881E-32,0.820314362));
#2688=DIRECTION('',(0.0,1.0,0.0));
#2689=DIRECTION('',(1.0,0.0,0.0));
#2690=ORIENTED_EDGE('',*,*,#2691,.T.);
#2691=EDGE_CURVE('',#2683,#2692,#2694,.T.);
#2692=VERTEX_POINT('',#2693);
#2693=CARTESIAN_POINT('',(2.31534185,7.03266785E-16,0.998793948));
#2694=(BOUNDED_CURVE()B_SPLINE_CURVE(2,(#2695,#2696,#2697,#2698,#2699,#2700,#2701,#2702,#2703,#2704,#2705,#2706,#2707,#2708,#2709,#2710,#2711,#2712,#2713,#2714,#2715,#2716,#2717,#2718,#2719,#2720,#2721,#2722,#2723,#2724,#2725,#2726,#2727,#2728,#2729,#2730,#2731,#2732,#2733,#2734,#2735,#2736,#2737,#2738,#2739,#2740,#2741,#2742,#2743,#2744,#2745,#2746,#2747,#2748,#2749,#2750,#2751,#2752,#2753,#2754,#2755,#2756,#2757,#2758,#2759,#2760,#2761,#2762,#2763,#2764,#2765,#2766,#2767,#2768,#2769,#2770,#2771,#2772,#2773,#2774,#2775,#2776,#2777,#2778,#2779,#2780,#2781,#2782,#2783,#2784,#2785,#2786,#2787,#2788,#2789,#2790,#2791),.UNSPECIFIED.,.F.,.U.)B_SPLINE_CURVE_WITH_KNOTS((3,2,2,2,2,2,2,2,2,2,2,2,2,2,2,2,2,2,2,2,2,2,2,2,2,2,2,2,2,2,2,2,2,2,2,2,2,2,2,2,2,2,2,2,2,2,2,2,3),(0.0,0.020833333,0.041666667,0.0625,0.083333333,0.104166667,0.125,0.145833333,0.166666667,0.1875,0.208333333,0.229166667,0.25,0.270833333,0.291666667,0.3125,0.333333333,0.354166667,0.375,0.395833333,0.416666667,0.4375,0.458333333,0.479166667,0.5,0.520833333,0.541666667,0.5625,0.583333333,0.604166667,0.625,0.645833333,0.666666667,0.6875,0.708333333,0.729166667,0.75,0.770833333,0.791666667,0.8125,0.833333333,0.854166667,0.875,0.895833333,0.916666667,0.9375,0.958333333,0.979166667,1.0),.UNSPECIFIED.)CURVE()GEOMETRIC_REPRESENTATION_ITEM()RATIONAL_B_SPLINE_CURVE((1.0,0.866025404,1.0,0.866025404,1.0,0.866025404,1.0,0.866025404,1.0,0.866025404,1.0,0.866025404,1.0,0.866025404,1.0,0.866025404,1.0,0.866025404,1.0,0.866025404,1.0,0.866025404,1.0,0.866025404,1.0,0.866025404,1.0,0.866025404,1.0,0.866025404,1.0,0.866025404,1.0,0.866025404,1.0,0.866025404,1.0,0.866025404,1.0,0.866025404,1.0,0.866025404,1.0,0.866025404,1.0,0.866025404,1.0,0.866025404,1.0,0.866025404,1.0,0.866025404,1.0,0.866025404,1.0,0.866025404,1.0,0.866025404,1.0,0.866025404,1.0,0.866025404,1.0,0.866025404,1.0,0.866025404,1.0,0.866025404,1.0,0.866025404,1.0,0.866025404,1.0,0.866025404,1.0,0.866025404,1.0,0.866025404,1.0,0.866025404,1.0,0.866025404,1.0,0.866025404,1.0,0.866025404,1.0,0.866025404,1.0,0.866025404,1.0,0.866025404,1.0,0.866025404,1.0,0.866025404,1.0))REPRESENTATION_ITEM(''));
#2695=CARTESIAN_POINT('',(2.31534185,-7.03266785E-16,0.641834777));
#2696=CARTESIAN_POINT('',(2.31534185,1.33676324,0.671581374));
#2697=CARTESIAN_POINT('',(1.157670925,2.00514486,0.701327972));
#2698=CARTESIAN_POINT('',(7.589283831E-16,2.67352648,0.731074569));
#2699=CARTESIAN_POINT('',(-1.157670925,2.00514486,0.760821167));
#2700=CARTESIAN_POINT('',(-2.31534185,1.33676324,0.790567765));
#2701=CARTESIAN_POINT('',(-2.31534185,9.868143835E-16,0.820314362));
#2702=CARTESIAN_POINT('',(-2.31534185,-1.33676324,0.85006096));
#2703=CARTESIAN_POINT('',(-1.157670925,-2.00514486,0.879807558));
#2704=CARTESIAN_POINT('',(-1.520021817E-15,-2.67352648,0.909554155));
#2705=CARTESIAN_POINT('',(1.157670925,-2.00514486,0.939300753));
#2706=CARTESIAN_POINT('',(2.31534185,-1.33676324,0.969047351));
#2707=CARTESIAN_POINT('',(2.31534185,-1.270361982E-15,0.998793948));
#2708=CARTESIAN_POINT('',(2.31534185,1.33676324,1.028540546));
#2709=CARTESIAN_POINT('',(1.157670925,2.00514486,1.058287144));
#2710=CARTESIAN_POINT('',(3.788322037E-15,2.67352648,1.088033741));
#2711=CARTESIAN_POINT('',(-1.157670925,2.00514486,1.117780339));
#2712=CARTESIAN_POINT('',(-2.31534185,1.33676324,1.147526936));
#2713=CARTESIAN_POINT('',(-2.31534185,1.553909581E-15,1.177273534));
#2714=CARTESIAN_POINT('',(-2.31534185,-1.33676324,1.207020132));
#2715=CARTESIAN_POINT('',(-1.157670925,-2.00514486,1.236766729));
#2716=CARTESIAN_POINT('',(-2.174846946E-15,-2.67352648,1.266513327));
#2717=CARTESIAN_POINT('',(1.157670925,-2.00514486,1.296259925));
#2718=CARTESIAN_POINT('',(2.31534185,-1.33676324,1.326006522));
#2719=CARTESIAN_POINT('',(2.31534185,-1.837457179E-15,1.35575312));
#2720=CARTESIAN_POINT('',(2.31534185,1.33676324,1.385499718));
#2721=CARTESIAN_POINT('',(1.157670925,2.00514486,1.415246315));
#2722=CARTESIAN_POINT('',(6.81771569E-15,2.67352648,1.444992913));
#2723=CARTESIAN_POINT('',(-1.157670925,2.00514486,1.47473951));
#2724=CARTESIAN_POINT('',(-2.31534185,1.33676324,1.504486108));
#2725=CARTESIAN_POINT('',(-2.31534185,6.233878108E-15,1.534232706));
#2726=CARTESIAN_POINT('',(-2.31534185,-1.33676324,1.563979303));
#2727=CARTESIAN_POINT('',(-1.157670925,-2.00514486,1.593725901));
#2728=CARTESIAN_POINT('',(-7.578809124E-15,-2.67352648,1.623472499));
#2729=CARTESIAN_POINT('',(1.157670925,-2.00514486,1.653219096));
#2730=CARTESIAN_POINT('',(2.31534185,-1.33676324,1.682965694));
#2731=CARTESIAN_POINT('',(2.31534185,-2.404552376E-15,1.712712292));
#2732=CARTESIAN_POINT('',(2.31534185,1.33676324,1.742458889));
#2733=CARTESIAN_POINT('',(1.157670925,2.00514486,1.772205487));
#2734=CARTESIAN_POINT('',(7.472540819E-15,2.67352648,1.801952084));
#2735=CARTESIAN_POINT('',(-1.157670925,2.00514486,1.831698682));
#2736=CARTESIAN_POINT('',(-2.31534185,1.33676324,1.86144528));
#2737=CARTESIAN_POINT('',(-2.31534185,2.688099975E-15,1.891191877));
#2738=CARTESIAN_POINT('',(-2.31534185,-1.33676324,1.920938475));
#2739=CARTESIAN_POINT('',(-1.157670925,-2.00514486,1.950685073));
#2740=CARTESIAN_POINT('',(-8.233634253E-15,-2.67352648,1.98043167));
#2741=CARTESIAN_POINT('',(1.157670925,-2.00514486,2.010178268));
#2742=CARTESIAN_POINT('',(2.31534185,-1.33676324,2.039924866));
#2743=CARTESIAN_POINT('',(2.31534185,-2.971647573E-15,2.069671463));
#2744=CARTESIAN_POINT('',(2.31534185,1.33676324,2.099418061));
#2745=CARTESIAN_POINT('',(1.157670925,2.00514486,2.129164659));
#2746=CARTESIAN_POINT('',(8.127365949E-15,2.67352648,2.158911256));
#2747=CARTESIAN_POINT('',(-1.157670925,2.00514486,2.188657854));
#2748=CARTESIAN_POINT('',(-2.31534185,1.33676324,2.218404451));
#2749=CARTESIAN_POINT('',(-2.31534185,1.148094183E-14,2.248151049));
#2750=CARTESIAN_POINT('',(-2.31534185,-1.33676324,2.277897647));
#2751=CARTESIAN_POINT('',(-1.157670925,-2.00514486,2.307644244));
#2752=CARTESIAN_POINT('',(-8.888459382E-15,-2.67352648,2.337390842));
#2753=CARTESIAN_POINT('',(1.157670925,-2.00514486,2.36713744));
#2754=CARTESIAN_POINT('',(2.31534185,-1.33676324,2.396884037));
#2755=CARTESIAN_POINT('',(2.31534185,-1.176448943E-14,2.426630635));
#2756=CARTESIAN_POINT('',(2.31534185,1.33676324,2.456377233));
#2757=CARTESIAN_POINT('',(1.157670925,2.00514486,2.48612383));
#2758=CARTESIAN_POINT('',(1.828046517E-14,2.67352648,2.515870428));
#2759=CARTESIAN_POINT('',(-1.157670925,2.00514486,2.545617025));
#2760=CARTESIAN_POINT('',(-2.31534185,1.33676324,2.575363623));
#2761=CARTESIAN_POINT('',(-2.31534185,1.204803703E-14,2.605110221));
#2762=CARTESIAN_POINT('',(-2.31534185,-1.33676324,2.634856818));
#2763=CARTESIAN_POINT('',(-1.157670925,-2.00514486,2.664603416));
#2764=CARTESIAN_POINT('',(-9.543284512E-15,-2.67352648,2.694350014));
#2765=CARTESIAN_POINT('',(1.157670925,-2.00514486,2.724096611));
#2766=CARTESIAN_POINT('',(2.31534185,-1.33676324,2.753843209));
#2767=CARTESIAN_POINT('',(2.31534185,-4.105837967E-15,2.783589807));
#2768=CARTESIAN_POINT('',(2.31534185,1.33676324,2.813336404));
#2769=CARTESIAN_POINT('',(1.157670925,2.00514486,2.843083002));
#2770=CARTESIAN_POINT('',(1.89352903E-14,2.67352648,2.8728296));
#2771=CARTESIAN_POINT('',(-1.157670925,2.00514486,2.902576197));
#2772=CARTESIAN_POINT('',(-2.31534185,1.33676324,2.932322795));
#2773=CARTESIAN_POINT('',(-2.31534185,1.261513223E-14,2.962069392));
#2774=CARTESIAN_POINT('',(-2.31534185,-1.33676324,2.99181599));
#2775=CARTESIAN_POINT('',(-1.157670925,-2.00514486,3.021562588));
#2776=CARTESIAN_POINT('',(-1.019810964E-14,-2.67352648,3.051309185));
#2777=CARTESIAN_POINT('',(1.157670925,-2.00514486,3.081055783));
#2778=CARTESIAN_POINT('',(2.31534185,-1.33676324,3.110802381));
#2779=CARTESIAN_POINT('',(2.31534185,-4.672933164E-15,3.140548978));
#2780=CARTESIAN_POINT('',(2.31534185,1.33676324,3.170295576));
#2781=CARTESIAN_POINT('',(1.157670925,2.00514486,3.200042174));
#2782=CARTESIAN_POINT('',(1.959011543E-14,2.67352648,3.229788771));
#2783=CARTESIAN_POINT('',(-1.157670925,2.00514486,3.259535369));
#2784=CARTESIAN_POINT('',(-2.31534185,1.33676324,3.289281966));
#2785=CARTESIAN_POINT('',(-2.31534185,1.318222742E-14,3.319028564));
#2786=CARTESIAN_POINT('',(-2.31534185,-1.33676324,3.348775162));
#2787=CARTESIAN_POINT('',(-1.157670925,-2.00514486,3.378521759));
#2788=CARTESIAN_POINT('',(-1.085293477E-14,-2.67352648,3.408268357));
#2789=CARTESIAN_POINT('',(1.157670925,-2.00514486,3.438014955));
#2790=CARTESIAN_POINT('',(2.31534185,-1.33676324,3.467761552));
#2791=CARTESIAN_POINT('',(2.31534185,-5.240028361E-15,3.49750815));
#2792=ORIENTED_EDGE('',*,*,#2793,.T.);
#2793=EDGE_CURVE('',#2692,#2468,#2794,.T.);
#2794=(BOUNDED_CURVE()B_SPLINE_CURVE(2,(#2795,#2796,#2797,#2798,#2799,#2800,#2801,#2802,#2803,#2804,#2805,#2806,#2807,#2808,#2809,#2810,#2811,#2812,#2813,#2814,#2815,#2816,#2817,#2818,#2819,#2820,#2821,#2822,#2823,#2824,#2825,#2826,#2827,#2828,#2829,#2830,#2831,#2832,#2833,#2834,#2835,#2836,#2837,#2838,#2839,#2840,#2841,#2842,#2843,#2844,#2845,#2846,#2847,#2848,#2849,#2850,#2851,#2852,#2853,#2854,#2855,#2856,#2857,#2858,#2859,#2860,#2861,#2862,#2863,#2864,#2865,#2866,#2867,#2868,#2869,#2870,#2871,#2872,#2873,#2874,#2875,#2876,#2877,#2878,#2879,#2880,#2881,#2882,#2883,#2884,#2885,#2886,#2887,#2888,#2889,#2890,#2891),.UNSPECIFIED.,.F.,.U.)B_SPLINE_CURVE_WITH_KNOTS((3,2,2,2,2,2,2,2,2,2,2,2,2,2,2,2,2,2,2,2,2,2,2,2,2,2,2,2,2,2,2,2,2,2,2,2,2,2,2,2,2,2,2,2,2,2,2,2,3),(0.0,0.020833333,0.041666667,0.0625,0.083333333,0.104166667,0.125,0.145833333,0.166666667,0.1875,0.208333333,0.229166667,0.25,0.270833333,0.291666667,0.3125,0.333333333,0.354166667,0.375,0.395833333,0.416666667,0.4375,0.458333333,0.479166667,0.5,0.520833333,0.541666667,0.5625,0.583333333,0.604166667,0.625,0.645833333,0.666666667,0.6875,0.708333333,0.729166667,0.75,0.770833333,0.791666667,0.8125,0.833333333,0.854166667,0.875,0.895833333,0.916666667,0.9375,0.958333333,0.979166667,1.0),.UNSPECIFIED.)CURVE()GEOMETRIC_REPRESENTATION_ITEM()RATIONAL_B_SPLINE_CURVE((1.0,0.866025404,1.0,0.866025404,1.0,0.866025404,1.0,0.866025404,1.0,0.866025404,1.0,0.866025404,1.0,0.866025404,1.0,0.866025404,1.0,0.866025404,1.0,0.866025404,1.0,0.866025404,1.0,0.866025404,1.0,0.866025404,1.0,0.866025404,1.0,0.866025404,1.0,0.866025404,1.0,0.866025404,1.0,0.866025404,1.0,0.866025404,1.0,0.866025404,1.0,0.866025404,1.0,0.866025404,1.0,0.866025404,1.0,0.866025404,1.0,0.866025404,1.0,0.866025404,1.0,0.866025404,1.0,0.866025404,1.0,0.866025404,1.0,0.866025404,1.0,0.866025404,1.0,0.866025404,1.0,0.866025404,1.0,0.866025404,1.0,0.866025404,1.0,0.866025404,1.0,0.866025404,1.0,0.866025404,1.0,0.866025404,1.0,0.866025404,1.0,0.866025404,1.0,0.866025404,1.0,0.866025404,1.0,0.866025404,1.0,0.866025404,1.0,0.866025404,1.0,0.866025404,1.0,0.866025404,1.0))REPRESENTATION_ITEM(''));
#2795=CARTESIAN_POINT('',(2.31534185,7.03266785E-16,0.998793948));
#2796=CARTESIAN_POINT('',(2.31534185,1.33676324,1.028540546));
#2797=CARTESIAN_POINT('',(1.157670925,2.00514486,1.058287144));
#2798=CARTESIAN_POINT('',(-8.651966875E-16,2.67352648,1.088033741));
#2799=CARTESIAN_POINT('',(-1.157670925,2.00514486,1.117780339));
#2800=CARTESIAN_POINT('',(-2.31534185,1.33676324,1.147526936));
#2801=CARTESIAN_POINT('',(-2.31534185,-4.197191865E-16,1.177273534));
#2802=CARTESIAN_POINT('',(-2.31534185,-1.33676324,1.207020132));
#2803=CARTESIAN_POINT('',(-1.157670925,-2.00514486,1.236766729));
#2804=CARTESIAN_POINT('',(1.041032538E-16,-2.67352648,1.266513327));
#2805=CARTESIAN_POINT('',(1.157670925,-2.00514486,1.296259925));
#2806=CARTESIAN_POINT('',(2.31534185,-1.33676324,1.326006522));
#2807=CARTESIAN_POINT('',(2.31534185,1.36171588E-16,1.35575312));
#2808=CARTESIAN_POINT('',(2.31534185,1.33676324,1.385499718));
#2809=CARTESIAN_POINT('',(1.157670925,2.00514486,1.415246315));
#2810=CARTESIAN_POINT('',(2.164196966E-15,2.67352648,1.444992913));
#2811=CARTESIAN_POINT('',(-1.157670925,2.00514486,1.47473951));
#2812=CARTESIAN_POINT('',(-2.31534185,1.33676324,1.504486108));
#2813=CARTESIAN_POINT('',(-2.31534185,1.473760105E-16,1.534232706));
#2814=CARTESIAN_POINT('',(-2.31534185,-1.33676324,1.563979303));
#2815=CARTESIAN_POINT('',(-1.157670925,-2.00514486,1.593725901));
#2816=CARTESIAN_POINT('',(-5.507218755E-16,-2.67352648,1.623472499));
#2817=CARTESIAN_POINT('',(1.157670925,-2.00514486,1.653219096));
#2818=CARTESIAN_POINT('',(2.31534185,-1.33676324,1.682965694));
#2819=CARTESIAN_POINT('',(2.31534185,-4.30923609E-16,1.712712292));
#2820=CARTESIAN_POINT('',(2.31534185,1.33676324,1.742458889));
#2821=CARTESIAN_POINT('',(1.157670925,2.00514486,1.772205487));
#2822=CARTESIAN_POINT('',(5.19359062E-15,2.67352648,1.801952084));
#2823=CARTESIAN_POINT('',(-1.157670925,2.00514486,1.831698682));
#2824=CARTESIAN_POINT('',(-2.31534185,1.33676324,1.86144528));
#2825=CARTESIAN_POINT('',(-2.31534185,4.827344537E-15,1.891191877));
#2826=CARTESIAN_POINT('',(-2.31534185,-1.33676324,1.920938475));
#2827=CARTESIAN_POINT('',(-1.157670925,-2.00514486,1.950685073));
#2828=CARTESIAN_POINT('',(-5.954684053E-15,-2.67352648,1.98043167));
#2829=CARTESIAN_POINT('',(1.157670925,-2.00514486,2.010178268));
#2830=CARTESIAN_POINT('',(2.31534185,-1.33676324,2.039924866));
#2831=CARTESIAN_POINT('',(2.31534185,-9.98018806E-16,2.069671463));
#2832=CARTESIAN_POINT('',(2.31534185,1.33676324,2.099418061));
#2833=CARTESIAN_POINT('',(1.157670925,2.00514486,2.129164659));
#2834=CARTESIAN_POINT('',(5.848415749E-15,2.67352648,2.158911256));
#2835=CARTESIAN_POINT('',(-1.157670925,2.00514486,2.188657854));
#2836=CARTESIAN_POINT('',(-2.31534185,1.33676324,2.218404451));
#2837=CARTESIAN_POINT('',(-2.31534185,1.281566404E-15,2.248151049));
#2838=CARTESIAN_POINT('',(-2.31534185,-1.33676324,2.277897647));
#2839=CARTESIAN_POINT('',(-1.157670925,-2.00514486,2.307644244));
#2840=CARTESIAN_POINT('',(-6.609509182E-15,-2.67352648,2.337390842));
#2841=CARTESIAN_POINT('',(1.157670925,-2.00514486,2.36713744));
#2842=CARTESIAN_POINT('',(2.31534185,-1.33676324,2.396884037));
#2843=CARTESIAN_POINT('',(2.31534185,-1.565114003E-15,2.426630635));
#2844=CARTESIAN_POINT('',(2.31534185,1.33676324,2.456377233));
#2845=CARTESIAN_POINT('',(1.157670925,2.00514486,2.48612383));
#2846=CARTESIAN_POINT('',(6.503240878E-15,2.67352648,2.515870428));
#2847=CARTESIAN_POINT('',(-1.157670925,2.00514486,2.545617025));
#2848=CARTESIAN_POINT('',(-2.31534185,1.33676324,2.575363623));
#2849=CARTESIAN_POINT('',(-2.31534185,1.007440826E-14,2.605110221));
#2850=CARTESIAN_POINT('',(-2.31534185,-1.33676324,2.634856818));
#2851=CARTESIAN_POINT('',(-1.157670925,-2.00514486,2.664603416));
#2852=CARTESIAN_POINT('',(-7.264334312E-15,-2.67352648,2.694350014));
#2853=CARTESIAN_POINT('',(1.157670925,-2.00514486,2.724096611));
#2854=CARTESIAN_POINT('',(2.31534185,-1.33676324,2.753843209));
#2855=CARTESIAN_POINT('',(2.31534185,-1.035795586E-14,2.783589807));
#2856=CARTESIAN_POINT('',(2.31534185,1.33676324,2.813336404));
#2857=CARTESIAN_POINT('',(1.157670925,2.00514486,2.843083002));
#2858=CARTESIAN_POINT('',(1.66563401E-14,2.67352648,2.8728296));
#2859=CARTESIAN_POINT('',(-1.157670925,2.00514486,2.902576197));
#2860=CARTESIAN_POINT('',(-2.31534185,1.33676324,2.932322795));
#2861=CARTESIAN_POINT('',(-2.31534185,1.064150346E-14,2.962069392));
#2862=CARTESIAN_POINT('',(-2.31534185,-1.33676324,2.99181599));
#2863=CARTESIAN_POINT('',(-1.157670925,-2.00514486,3.021562588));
#2864=CARTESIAN_POINT('',(-7.919159441E-15,-2.67352648,3.051309185));
#2865=CARTESIAN_POINT('',(1.157670925,-2.00514486,3.081055783));
#2866=CARTESIAN_POINT('',(2.31534185,-1.33676324,3.110802381));
#2867=CARTESIAN_POINT('',(2.31534185,-2.699304397E-15,3.140548978));
#2868=CARTESIAN_POINT('',(2.31534185,1.33676324,3.170295576));
#2869=CARTESIAN_POINT('',(1.157670925,2.00514486,3.200042174));
#2870=CARTESIAN_POINT('',(1.731116523E-14,2.67352648,3.229788771));
#2871=CARTESIAN_POINT('',(-1.157670925,2.00514486,3.259535369));
#2872=CARTESIAN_POINT('',(-2.31534185,1.33676324,3.289281966));
#2873=CARTESIAN_POINT('',(-2.31534185,1.120859866E-14,3.319028564));
#2874=CARTESIAN_POINT('',(-2.31534185,-1.33676324,3.348775162));
#2875=CARTESIAN_POINT('',(-1.157670925,-2.00514486,3.378521759));
#2876=CARTESIAN_POINT('',(-8.57398457E-15,-2.67352648,3.408268357));
#2877=CARTESIAN_POINT('',(1.157670925,-2.00514486,3.438014955));
#2878=CARTESIAN_POINT('',(2.31534185,-1.33676324,3.467761552));
#2879=CARTESIAN_POINT('',(2.31534185,-3.266399594E-15,3.49750815));
#2880=CARTESIAN_POINT('',(2.31534185,1.33676324,3.527254748));
#2881=CARTESIAN_POINT('',(1.157670925,2.00514486,3.557001345));
#2882=CARTESIAN_POINT('',(1.796599036E-14,2.67352648,3.586747943));
#2883=CARTESIAN_POINT('',(-1.157670925,2.00514486,3.616494541));
#2884=CARTESIAN_POINT('',(-2.31534185,1.33676324,3.646241138));
#2885=CARTESIAN_POINT('',(-2.31534185,1.177569385E-14,3.675987736));
#2886=CARTESIAN_POINT('',(-2.31534185,-1.33676324,3.705734333));
#2887=CARTESIAN_POINT('',(-1.157670925,-2.00514486,3.735480931));
#2888=CARTESIAN_POINT('',(-9.2288097E-15,-2.67352648,3.765227529));
#2889=CARTESIAN_POINT('',(1.157670925,-2.00514486,3.794974126));
#2890=CARTESIAN_POINT('',(2.31534185,-1.33676324,3.824720724));
#2891=CARTESIAN_POINT('',(2.31534185,-3.833494791E-15,3.854467322));
#2892=(BOUNDED_SURFACE()B_SPLINE_SURFACE(3,2,((#2893,#2894,#2895,#2896,#2897,#2898,#2899,#2900,#2901,#2902,#2903,#2904,#2905,#2906,#2907,#2908,#2909,#2910,#2911,#2912,#2913,#2914,#2915,#2916,#2917,#2918,#2919,#2920,#2921,#2922,#2923,#2924,#2925,#2926,#2927,#2928,#2929,#2930,#2931,#2932,#2933,#2934,#2935,#2936,#2937,#2938,#2939,#2940,#2941,#2942,#2943,#2944,#2945,#2946,#2947,#2948,#2949,#2950,#2951,#2952,#2953,#2954,#2955,#2956,#2957,#2958,#2959,#2960,#2961,#2962,#2963,#2964,#2965,#2966,#2967,#2968,#2969,#2970,#2971,#2972,#2973,#2974,#2975,#2976,#2977,#2978,#2979,#2980,#2981,#2982,#2983,#2984,#2985,#2986,#2987,#2988,#2989),(#2990,#2991,#2992,#2993,#2994,#2995,#2996,#2997,#2998,#2999,#3000,#3001,#3002,#3003,#3004,#3005,#3006,#3007,#3008,#3009,#3010,#3011,#3012,#3013,#3014,#3015,#3016,#3017,#3018,#3019,#3020,#3021,#3022,#3023,#3024,#3025,#3026,#3027,#3028,#3029,#3030,#3031,#3032,#3033,#3034,#3035,#3036,#3037,#3038,#3039,#3040,#3041,#3042,#3043,#3044,#3045,#3046,#3047,#3048,#3049,#3050,#3051,#3052,#3053,#3054,#3055,#3056,#3057,#3058,#3059,#3060,#3061,#3062,#3063,#3064,#3065,#3066,#3067,#3068,#3069,#3070,#3071,#3072,#3073,#3074,#3075,#3076,#3077,#3078,#3079,#3080,#3081,#3082,#3083,#3084,#3085,#3086),(#3087,#3088,#3089,#3090,#3091,#3092,#3093,#3094,#3095,#3096,#3097,#3098,#3099,#3100,#3101,#3102,#3103,#3104,#3105,#3106,#3107,#3108,#3109,#3110,#3111,#3112,#3113,#3114,#3115,#3116,#3117,#3118,#3119,#3120,#3121,#3122,#3123,#3124,#3125,#3126,#3127,#3128,#3129,#3130,#3131,#3132,#3133,#3134,#3135,#3136,#3137,#3138,#3139,#3140,#3141,#3142,#3143,#3144,#3145,#3146,#3147,#3148,#3149,#3150,#3151,#3152,#3153,#3154,#3155,#3156,#3157,#3158,#3159,#3160,#3161,#3162,#3163,#3164,#3165,#3166,#3167,#3168,#3169,#3170,#3171,#3172,#3173,#3174,#3175,#3176,#3177,#3178,#3179,#3180,#3181,#3182,#3183),(#3184,#3185,#3186,#3187,#3188,#3189,#3190,#3191,#3192,#3193,#3194,#3195,#3196,#3197,#3198,#3199,#3200,#3201,#3202,#3203,#3204,#3205,#3206,#3207,#3208,#3209,#3210,#3211,#3212,#3213,#3214,#3215,#3216,#3217,#3218,#3219,#3220,#3221,#3222,#3223,#3224,#3225,#3226,#3227,#3228,#3229,#3230,#3231,#3232,#3233,#3234,#3235,#3236,#3237,#3238,#3239,#3240,#3241,#3242,#3243,#3244,#3245,#3246,#3247,#3248,#3249,#3250,#3251,#3252,#3253,#3254,#3255,#3256,#3257,#3258,#3259,#3260,#3261,#3262,#3263,#3264,#3265,#3266,#3267,#3268,#3269,#3270,#3271,#3272,#3273,#3274,#3275,#3276,#3277,#3278,#3279,#3280)),.UNSPECIFIED.,.F.,.F.,.U.)B_SPLINE_SURFACE_WITH_KNOTS((4,4),(3,2,2,2,2,2,2,2,2,2,2,2,2,2,2,2,2,2,2,2,2,2,2,2,2,2,2,2,2,2,2,2,2,2,2,2,2,2,2,2,2,2,2,2,2,2,2,2,3),(0.0,1.0),(0.0,0.020833333,0.041666667,0.0625,0.083333333,0.104166667,0.125,0.145833333,0.166666667,0.1875,0.208333333,0.229166667,0.25,0.270833333,0.291666667,0.3125,0.333333333,0.354166667,0.375,0.395833333,0.416666667,0.4375,0.458333333,0.479166667,0.5,0.520833333,0.541666667,0.5625,0.583333333,0.604166667,0.625,0.645833333,0.666666667,0.6875,0.708333333,0.729166667,0.75,0.770833333,0.791666667,0.8125,0.833333333,0.854166667,0.875,0.895833333,0.916666667,0.9375,0.958333333,0.979166667,1.0),.UNSPECIFIED.)GEOMETRIC_REPRESENTATION_ITEM()RATIONAL_B_SPLINE_SURFACE(((1.0,0.866025404,1.0,0.866025404,1.0,0.866025404,1.0,0.866025404,1.0,0.866025404,1.0,0.866025404,1.0,0.866025404,1.0,0.866025404,1.0,0.866025404,1.0,0.866025404,1.0,0.866025404,1.0,0.866025404,1.0,0.866025404,1.0,0.866025404,1.0,0.866025404,1.0,0.866025404,1.0,0.866025404,1.0,0.866025404,1.0,0.866025404,1.0,0.866025404,1.0,0.866025404,1.0,0.866025404,1.0,0.866025404,1.0,0.866025404,1.0,0.866025404,1.0,0.866025404,1.0,0.866025404,1.0,0.866025404,1.0,0.866025404,1.0,0.866025404,1.0,0.866025404,1.0,0.866025404,1.0,0.866025404,1.0,0.866025404,1.0,0.866025404,1.0,0.866025404,1.0,0.866025404,1.0,0.866025404,1.0,0.866025404,1.0,0.866025404,1.0,0.866025404,1.0,0.866025404,1.0,0.866025404,1.0,0.866025404,1.0,0.866025404,1.0,0.866025404,1.0,0.866025404,1.0,0.866025404,1.0),(0.926814282,0.802644713,0.926814282,0.802644713,0.926814282,0.802644713,0.926814282,0.802644713,0.926814282,0.802644713,0.926814282,0.802644713,0.926814282,0.802644713,0.926814282,0.802644713,0.926814282,0.802644713,0.926814282,0.802644713,0.926814282,0.802644713,0.926814282,0.802644713,0.926814282,0.802644713,0.926814282,0.802644713,0.926814282,0.802644713,0.926814282,0.802644713,0.926814282,0.802644713,0.926814282,0.802644713,0.926814282,0.802644713,0.926814282,0.802644713,0.926814282,0.802644713,0.926814282,0.802644713,0.926814282,0.802644713,0.926814282,0.802644713,0.926814282,0.802644713,0.926814282,0.802644713,0.926814282,0.802644713,0.926814282,0.802644713,0.926814282,0.802644713,0.926814282,0.802644713,0.926814282,0.802644713,0.926814282,0.802644713,0.926814282,0.802644713,0.926814282,0.802644713,0.926814282,0.802644713,0.926814282,0.802644713,0.926814282,0.802644713,0.926814282,0.802644713,0.926814282,0.802644713,0.926814282,0.802644713,0.926814282,0.802644713,0.926814282,0.802644713,0.926814282,0.802644713,0.926814282,0.802644713,0.926814282,0.802644713,0.926814282,0.802644713,0.926814282,0.802644713,0.926814282,0.802644713,0.926814282),(0.926814282,0.802644713,0.926814282,0.802644713,0.926814282,0.802644713,0.926814282,0.802644713,0.926814282,0.802644713,0.926814282,0.802644713,0.926814282,0.802644713,0.926814282,0.802644713,0.926814282,0.802644713,0.926814282,0.802644713,0.926814282,0.802644713,0.926814282,0.802644713,0.926814282,0.802644713,0.926814282,0.802644713,0.926814282,0.802644713,0.926814282,0.802644713,0.926814282,0.802644713,0.926814282,0.802644713,0.926814282,0.802644713,0.926814282,0.802644713,0.926814282,0.802644713,0.926814282,0.802644713,0.926814282,0.802644713,0.926814282,0.802644713,0.926814282,0.802644713,0.926814282,0.802644713,0.926814282,0.802644713,0.926814282,0.802644713,0.926814282,0.802644713,0.926814282,0.802644713,0.926814282,0.802644713,0.926814282,0.802644713,0.926814282,0.802644713,0.926814282,0.802644713,0.926814282,0.802644713,0.926814282,0.802644713,0.926814282,0.802644713,0.926814282,0.802644713,0.926814282,0.802644713,0.926814282,0.802644713,0.926814282,0.802644713,0.926814282,0.802644713,0.926814282,0.802644713,0.926814282,0.802644713,0.926814282,0.802644713,0.926814282,0.802644713,0.926814282,0.802644713,0.926814282,0.802644713,0.926814282),(1.0,0.866025404,1.0,0.866025404,1.0,0.866025404,1.0,0.866025404,1.0,0.866025404,1.0,0.866025404,1.0,0.866025404,1.0,0.866025404,1.0,0.866025404,1.0,0.866025404,1.0,0.866025404,1.0,0.866025404,1.0,0.866025404,1.0,0.866025404,1.0,0.866025404,1.0,0.866025404,1.0,0.866025404,1.0,0.866025404,1.0,0.866025404,1.0,0.866025404,1.0,0.866025404,1.0,0.866025404,1.0,0.866025404,1.0,0.866025404,1.0,0.866025404,1.0,0.866025404,1.0,0.866025404,1.0,0.866025404,1.0,0.866025404,1.0,0.866025404,1.0,0.866025404,1.0,0.866025404,1.0,0.866025404,1.0,0.866025404,1.0,0.866025404,1.0,0.866025404,1.0,0.866025404,1.0,0.866025404,1.0,0.866025404,1.0,0.866025404,1.0,0.866025404,1.0,0.866025404,1.0,0.866025404,1.0,0.866025404,1.0,0.866025404,1.0,0.866025404,1.0,0.866025404,1.0,0.866025404,1.0)))REPRESENTATION_ITEM('')SURFACE());
#2893=CARTESIAN_POINT('',(2.406670207,5.311058881E-32,0.820314362));
#2894=CARTESIAN_POINT('',(2.406670207,1.389491692,0.85006096));
#2895=CARTESIAN_POINT('',(1.203335104,2.084237538,0.879807558));
#2896=CARTESIAN_POINT('',(-4.66767792E-17,2.778983384,0.909554155));
#2897=CARTESIAN_POINT('',(-1.203335104,2.084237538,0.939300753));
#2898=CARTESIAN_POINT('',(-2.406670207,1.389491692,0.969047351));
#2899=CARTESIAN_POINT('',(-2.406670207,2.947320966E-16,0.998793948));
#2900=CARTESIAN_POINT('',(-2.406670207,-1.389491692,1.028540546));
#2901=CARTESIAN_POINT('',(-1.203335104,-2.084237538,1.058287144));
#2902=CARTESIAN_POINT('',(-7.273314004E-16,-2.778983384,1.088033741));
#2903=CARTESIAN_POINT('',(1.203335104,-2.084237538,1.117780339));
#2904=CARTESIAN_POINT('',(2.406670207,-1.389491692,1.147526936));
#2905=CARTESIAN_POINT('',(2.406670207,5.311058881E-32,1.177273534));
#2906=CARTESIAN_POINT('',(2.406670207,1.389491692,1.207020132));
#2907=CARTESIAN_POINT('',(1.203335104,2.084237538,1.236766729));
#2908=CARTESIAN_POINT('',(-4.66767792E-17,2.778983384,1.266513327));
#2909=CARTESIAN_POINT('',(-1.203335104,2.084237538,1.296259925));
#2910=CARTESIAN_POINT('',(-2.406670207,1.389491692,1.326006522));
#2911=CARTESIAN_POINT('',(-2.406670207,2.947320966E-16,1.35575312));
#2912=CARTESIAN_POINT('',(-2.406670207,-1.389491692,1.385499718));
#2913=CARTESIAN_POINT('',(-1.203335104,-2.084237538,1.415246315));
#2914=CARTESIAN_POINT('',(-7.273314004E-16,-2.778983384,1.444992913));
#2915=CARTESIAN_POINT('',(1.203335104,-2.084237538,1.47473951));
#2916=CARTESIAN_POINT('',(2.406670207,-1.389491692,1.504486108));
#2917=CARTESIAN_POINT('',(2.406670207,5.311058881E-32,1.534232706));
#2918=CARTESIAN_POINT('',(2.406670207,1.389491692,1.563979303));
#2919=CARTESIAN_POINT('',(1.203335104,2.084237538,1.593725901));
#2920=CARTESIAN_POINT('',(-4.66767792E-17,2.778983384,1.623472499));
#2921=CARTESIAN_POINT('',(-1.203335104,2.084237538,1.653219096));
#2922=CARTESIAN_POINT('',(-2.406670207,1.389491692,1.682965694));
#2923=CARTESIAN_POINT('',(-2.406670207,2.947320966E-16,1.712712292));
#2924=CARTESIAN_POINT('',(-2.406670207,-1.389491692,1.742458889));
#2925=CARTESIAN_POINT('',(-1.203335104,-2.084237538,1.772205487));
#2926=CARTESIAN_POINT('',(-7.273314004E-16,-2.778983384,1.801952084));
#2927=CARTESIAN_POINT('',(1.203335104,-2.084237538,1.831698682));
#2928=CARTESIAN_POINT('',(2.406670207,-1.389491692,1.86144528));
#2929=CARTESIAN_POINT('',(2.406670207,5.311058881E-32,1.891191877));
#2930=CARTESIAN_POINT('',(2.406670207,1.389491692,1.920938475));
#2931=CARTESIAN_POINT('',(1.203335104,2.084237538,1.950685073));
#2932=CARTESIAN_POINT('',(-4.66767792E-17,2.778983384,1.98043167));
#2933=CARTESIAN_POINT('',(-1.203335104,2.084237538,2.010178268));
#2934=CARTESIAN_POINT('',(-2.406670207,1.389491692,2.039924866));
#2935=CARTESIAN_POINT('',(-2.406670207,2.947320966E-16,2.069671463));
#2936=CARTESIAN_POINT('',(-2.406670207,-1.389491692,2.099418061));
#2937=CARTESIAN_POINT('',(-1.203335104,-2.084237538,2.129164659));
#2938=CARTESIAN_POINT('',(-7.273314004E-16,-2.778983384,2.158911256));
#2939=CARTESIAN_POINT('',(1.203335104,-2.084237538,2.188657854));
#2940=CARTESIAN_POINT('',(2.406670207,-1.389491692,2.218404451));
#2941=CARTESIAN_POINT('',(2.406670207,5.311058881E-32,2.248151049));
#2942=CARTESIAN_POINT('',(2.406670207,1.389491692,2.277897647));
#2943=CARTESIAN_POINT('',(1.203335104,2.084237538,2.307644244));
#2944=CARTESIAN_POINT('',(-4.66767792E-17,2.778983384,2.337390842));
#2945=CARTESIAN_POINT('',(-1.203335104,2.084237538,2.36713744));
#2946=CARTESIAN_POINT('',(-2.406670207,1.389491692,2.396884037));
#2947=CARTESIAN_POINT('',(-2.406670207,2.947320966E-16,2.426630635));
#2948=CARTESIAN_POINT('',(-2.406670207,-1.389491692,2.456377233));
#2949=CARTESIAN_POINT('',(-1.203335104,-2.084237538,2.48612383));
#2950=CARTESIAN_POINT('',(-7.273314004E-16,-2.778983384,2.515870428));
#2951=CARTESIAN_POINT('',(1.203335104,-2.084237538,2.545617025));
#2952=CARTESIAN_POINT('',(2.406670207,-1.389491692,2.575363623));
#2953=CARTESIAN_POINT('',(2.406670207,5.311058881E-32,2.605110221));
#2954=CARTESIAN_POINT('',(2.406670207,1.389491692,2.634856818));
#2955=CARTESIAN_POINT('',(1.203335104,2.084237538,2.664603416));
#2956=CARTESIAN_POINT('',(-4.66767792E-17,2.778983384,2.694350014));
#2957=CARTESIAN_POINT('',(-1.203335104,2.084237538,2.724096611));
#2958=CARTESIAN_POINT('',(-2.406670207,1.389491692,2.753843209));
#2959=CARTESIAN_POINT('',(-2.406670207,2.947320966E-16,2.783589807));
#2960=CARTESIAN_POINT('',(-2.406670207,-1.389491692,2.813336404));
#2961=CARTESIAN_POINT('',(-1.203335104,-2.084237538,2.843083002));
#2962=CARTESIAN_POINT('',(-7.273314004E-16,-2.778983384,2.8728296));
#2963=CARTESIAN_POINT('',(1.203335104,-2.084237538,2.902576197));
#2964=CARTESIAN_POINT('',(2.406670207,-1.389491692,2.932322795));
#2965=CARTESIAN_POINT('',(2.406670207,5.311058881E-32,2.962069392));
#2966=CARTESIAN_POINT('',(2.406670207,1.389491692,2.99181599));
#2967=CARTESIAN_POINT('',(1.203335104,2.084237538,3.021562588));
#2968=CARTESIAN_POINT('',(-4.66767792E-17,2.778983384,3.051309185));
#2969=CARTESIAN_POINT('',(-1.203335104,2.084237538,3.081055783));
#2970=CARTESIAN_POINT('',(-2.406670207,1.389491692,3.110802381));
#2971=CARTESIAN_POINT('',(-2.406670207,2.947320966E-16,3.140548978));
#2972=CARTESIAN_POINT('',(-2.406670207,-1.389491692,3.170295576));
#2973=CARTESIAN_POINT('',(-1.203335104,-2.084237538,3.200042174));
#2974=CARTESIAN_POINT('',(-7.273314004E-16,-2.778983384,3.229788771));
#2975=CARTESIAN_POINT('',(1.203335104,-2.084237538,3.259535369));
#2976=CARTESIAN_POINT('',(2.406670207,-1.389491692,3.289281966));
#2977=CARTESIAN_POINT('',(2.406670207,5.311058881E-32,3.319028564));
#2978=CARTESIAN_POINT('',(2.406670207,1.389491692,3.348775162));
#2979=CARTESIAN_POINT('',(1.203335104,2.084237538,3.378521759));
#2980=CARTESIAN_POINT('',(-4.66767792E-17,2.778983384,3.408268357));
#2981=CARTESIAN_POINT('',(-1.203335104,2.084237538,3.438014955));
#2982=CARTESIAN_POINT('',(-2.406670207,1.389491692,3.467761552));
#2983=CARTESIAN_POINT('',(-2.406670207,2.947320966E-16,3.49750815));
#2984=CARTESIAN_POINT('',(-2.406670207,-1.389491692,3.527254748));
#2985=CARTESIAN_POINT('',(-1.203335104,-2.084237538,3.557001345));
#2986=CARTESIAN_POINT('',(-7.273314004E-16,-2.778983384,3.586747943));
#2987=CARTESIAN_POINT('',(1.203335104,-2.084237538,3.616494541));
#2988=CARTESIAN_POINT('',(2.406670207,-1.389491692,3.646241138));
#2989=CARTESIAN_POINT('',(2.406670207,5.311058881E-32,3.675987736));
#2990=CARTESIAN_POINT('',(2.406670207,5.311058881E-32,0.74820751));
#2991=CARTESIAN_POINT('',(2.406670207,1.389491692,0.777954108));
#2992=CARTESIAN_POINT('',(1.203335104,2.084237538,0.807700706));
#2993=CARTESIAN_POINT('',(-4.66767792E-17,2.778983384,0.837447303));
#2994=CARTESIAN_POINT('',(-1.203335104,2.084237538,0.867193901));
#2995=CARTESIAN_POINT('',(-2.406670207,1.389491692,0.896940499));
#2996=CARTESIAN_POINT('',(-2.406670207,2.947320966E-16,0.926687096));
#2997=CARTESIAN_POINT('',(-2.406670207,-1.389491692,0.956433694));
#2998=CARTESIAN_POINT('',(-1.203335104,-2.084237538,0.986180291));
#2999=CARTESIAN_POINT('',(-7.273314004E-16,-2.778983384,1.015926889));
#3000=CARTESIAN_POINT('',(1.203335104,-2.084237538,1.045673487));
#3001=CARTESIAN_POINT('',(2.406670207,-1.389491692,1.075420084));
#3002=CARTESIAN_POINT('',(2.406670207,5.311058881E-32,1.105166682));
#3003=CARTESIAN_POINT('',(2.406670207,1.389491692,1.13491328));
#3004=CARTESIAN_POINT('',(1.203335104,2.084237538,1.164659877));
#3005=CARTESIAN_POINT('',(-4.66767792E-17,2.778983384,1.194406475));
#3006=CARTESIAN_POINT('',(-1.203335104,2.084237538,1.224153073));
#3007=CARTESIAN_POINT('',(-2.406670207,1.389491692,1.25389967));
#3008=CARTESIAN_POINT('',(-2.406670207,2.947320966E-16,1.283646268));
#3009=CARTESIAN_POINT('',(-2.406670207,-1.389491692,1.313392865));
#3010=CARTESIAN_POINT('',(-1.203335104,-2.084237538,1.343139463));
#3011=CARTESIAN_POINT('',(-7.273314004E-16,-2.778983384,1.372886061));
#3012=CARTESIAN_POINT('',(1.203335104,-2.084237538,1.402632658));
#3013=CARTESIAN_POINT('',(2.406670207,-1.389491692,1.432379256));
#3014=CARTESIAN_POINT('',(2.406670207,5.311058881E-32,1.462125854));
#3015=CARTESIAN_POINT('',(2.406670207,1.389491692,1.491872451));
#3016=CARTESIAN_POINT('',(1.203335104,2.084237538,1.521619049));
#3017=CARTESIAN_POINT('',(-4.66767792E-17,2.778983384,1.551365647));
#3018=CARTESIAN_POINT('',(-1.203335104,2.084237538,1.581112244));
#3019=CARTESIAN_POINT('',(-2.406670207,1.389491692,1.610858842));
#3020=CARTESIAN_POINT('',(-2.406670207,2.947320966E-16,1.64060544));
#3021=CARTESIAN_POINT('',(-2.406670207,-1.389491692,1.670352037));
#3022=CARTESIAN_POINT('',(-1.203335104,-2.084237538,1.700098635));
#3023=CARTESIAN_POINT('',(-7.273314004E-16,-2.778983384,1.729845232));
#3024=CARTESIAN_POINT('',(1.203335104,-2.084237538,1.75959183));
#3025=CARTESIAN_POINT('',(2.406670207,-1.389491692,1.789338428));
#3026=CARTESIAN_POINT('',(2.406670207,5.311058881E-32,1.819085025));
#3027=CARTESIAN_POINT('',(2.406670207,1.389491692,1.848831623));
#3028=CARTESIAN_POINT('',(1.203335104,2.084237538,1.878578221));
#3029=CARTESIAN_POINT('',(-4.66767792E-17,2.778983384,1.908324818));
#3030=CARTESIAN_POINT('',(-1.203335104,2.084237538,1.938071416));
#3031=CARTESIAN_POINT('',(-2.406670207,1.389491692,1.967818014));
#3032=CARTESIAN_POINT('',(-2.406670207,2.947320966E-16,1.997564611));
#3033=CARTESIAN_POINT('',(-2.406670207,-1.389491692,2.027311209));
#3034=CARTESIAN_POINT('',(-1.203335104,-2.084237538,2.057057806));
#3035=CARTESIAN_POINT('',(-7.273314004E-16,-2.778983384,2.086804404));
#3036=CARTESIAN_POINT('',(1.203335104,-2.084237538,2.116551002));
#3037=CARTESIAN_POINT('',(2.406670207,-1.389491692,2.146297599));
#3038=CARTESIAN_POINT('',(2.406670207,5.311058881E-32,2.176044197));
#3039=CARTESIAN_POINT('',(2.406670207,1.389491692,2.205790795));
#3040=CARTESIAN_POINT('',(1.203335104,2.084237538,2.235537392));
#3041=CARTESIAN_POINT('',(-4.66767792E-17,2.778983384,2.26528399));
#3042=CARTESIAN_POINT('',(-1.203335104,2.084237538,2.295030588));
#3043=CARTESIAN_POINT('',(-2.406670207,1.389491692,2.324777185));
#3044=CARTESIAN_POINT('',(-2.406670207,2.947320966E-16,2.354523783));
#3045=CARTESIAN_POINT('',(-2.406670207,-1.389491692,2.384270381));
#3046=CARTESIAN_POINT('',(-1.203335104,-2.084237538,2.414016978));
#3047=CARTESIAN_POINT('',(-7.273314004E-16,-2.778983384,2.443763576));
#3048=CARTESIAN_POINT('',(1.203335104,-2.084237538,2.473510173));
#3049=CARTESIAN_POINT('',(2.406670207,-1.389491692,2.503256771));
#3050=CARTESIAN_POINT('',(2.406670207,5.311058881E-32,2.533003369));
#3051=CARTESIAN_POINT('',(2.406670207,1.389491692,2.562749966));
#3052=CARTESIAN_POINT('',(1.203335104,2.084237538,2.592496564));
#3053=CARTESIAN_POINT('',(-4.66767792E-17,2.778983384,2.622243162));
#3054=CARTESIAN_POINT('',(-1.203335104,2.084237538,2.651989759));
#3055=CARTESIAN_POINT('',(-2.406670207,1.389491692,2.681736357));
#3056=CARTESIAN_POINT('',(-2.406670207,2.947320966E-16,2.711482955));
#3057=CARTESIAN_POINT('',(-2.406670207,-1.389491692,2.741229552));
#3058=CARTESIAN_POINT('',(-1.203335104,-2.084237538,2.77097615));
#3059=CARTESIAN_POINT('',(-7.273314004E-16,-2.778983384,2.800722747));
#3060=CARTESIAN_POINT('',(1.203335104,-2.084237538,2.830469345));
#3061=CARTESIAN_POINT('',(2.406670207,-1.389491692,2.860215943));
#3062=CARTESIAN_POINT('',(2.406670207,5.311058881E-32,2.88996254));
#3063=CARTESIAN_POINT('',(2.406670207,1.389491692,2.919709138));
#3064=CARTESIAN_POINT('',(1.203335104,2.084237538,2.949455736));
#3065=CARTESIAN_POINT('',(-4.66767792E-17,2.778983384,2.979202333));
#3066=CARTESIAN_POINT('',(-1.203335104,2.084237538,3.008948931));
#3067=CARTESIAN_POINT('',(-2.406670207,1.389491692,3.038695529));
#3068=CARTESIAN_POINT('',(-2.406670207,2.947320966E-16,3.068442126));
#3069=CARTESIAN_POINT('',(-2.406670207,-1.389491692,3.098188724));
#3070=CARTESIAN_POINT('',(-1.203335104,-2.084237538,3.127935322));
#3071=CARTESIAN_POINT('',(-7.273314004E-16,-2.778983384,3.157681919));
#3072=CARTESIAN_POINT('',(1.203335104,-2.084237538,3.187428517));
#3073=CARTESIAN_POINT('',(2.406670207,-1.389491692,3.217175114));
#3074=CARTESIAN_POINT('',(2.406670207,5.311058881E-32,3.246921712));
#3075=CARTESIAN_POINT('',(2.406670207,1.389491692,3.27666831));
#3076=CARTESIAN_POINT('',(1.203335104,2.084237538,3.306414907));
#3077=CARTESIAN_POINT('',(-4.66767792E-17,2.778983384,3.336161505));
#3078=CARTESIAN_POINT('',(-1.203335104,2.084237538,3.365908103));
#3079=CARTESIAN_POINT('',(-2.406670207,1.389491692,3.3956547));
#3080=CARTESIAN_POINT('',(-2.406670207,2.947320966E-16,3.425401298));
#3081=CARTESIAN_POINT('',(-2.406670207,-1.389491692,3.455147896));
#3082=CARTESIAN_POINT('',(-1.203335104,-2.084237538,3.484894493));
#3083=CARTESIAN_POINT('',(-7.273314004E-16,-2.778983384,3.514641091));
#3084=CARTESIAN_POINT('',(1.203335104,-2.084237538,3.544387688));
#3085=CARTESIAN_POINT('',(2.406670207,-1.389491692,3.574134286));
#3086=CARTESIAN_POINT('',(2.406670207,5.311058881E-32,3.603880884));
#3087=CARTESIAN_POINT('',(2.373823512,5.311058881E-32,0.684016446));
#3088=CARTESIAN_POINT('',(2.373823512,1.370527644,0.713763044));
#3089=CARTESIAN_POINT('',(1.186911756,2.055791466,0.743509641));
#3090=CARTESIAN_POINT('',(-4.899920528E-17,2.741055288,0.773256239));
#3091=CARTESIAN_POINT('',(-1.186911756,2.055791466,0.803002836));
#3092=CARTESIAN_POINT('',(-2.373823512,1.370527644,0.832749434));
#3093=CARTESIAN_POINT('',(-2.373823512,2.907095366E-16,0.862496032));
#3094=CARTESIAN_POINT('',(-2.373823512,-1.370527644,0.892242629));
#3095=CARTESIAN_POINT('',(-1.186911756,-2.055791466,0.921989227));
#3096=CARTESIAN_POINT('',(-7.203641222E-16,-2.741055288,0.951735825));
#3097=CARTESIAN_POINT('',(1.186911756,-2.055791466,0.981482422));
#3098=CARTESIAN_POINT('',(2.373823512,-1.370527644,1.01122902));
#3099=CARTESIAN_POINT('',(2.373823512,5.311058881E-32,1.040975618));
#3100=CARTESIAN_POINT('',(2.373823512,1.370527644,1.070722215));
#3101=CARTESIAN_POINT('',(1.186911756,2.055791466,1.100468813));
#3102=CARTESIAN_POINT('',(-4.899920528E-17,2.741055288,1.130215411));
#3103=CARTESIAN_POINT('',(-1.186911756,2.055791466,1.159962008));
#3104=CARTESIAN_POINT('',(-2.373823512,1.370527644,1.189708606));
#3105=CARTESIAN_POINT('',(-2.373823512,2.907095366E-16,1.219455203));
#3106=CARTESIAN_POINT('',(-2.373823512,-1.370527644,1.249201801));
#3107=CARTESIAN_POINT('',(-1.186911756,-2.055791466,1.278948399));
#3108=CARTESIAN_POINT('',(-7.203641222E-16,-2.741055288,1.308694996));
#3109=CARTESIAN_POINT('',(1.186911756,-2.055791466,1.338441594));
#3110=CARTESIAN_POINT('',(2.373823512,-1.370527644,1.368188192));
#3111=CARTESIAN_POINT('',(2.373823512,5.311058881E-32,1.397934789));
#3112=CARTESIAN_POINT('',(2.373823512,1.370527644,1.427681387));
#3113=CARTESIAN_POINT('',(1.186911756,2.055791466,1.457427985));
#3114=CARTESIAN_POINT('',(-4.899920528E-17,2.741055288,1.487174582));
#3115=CARTESIAN_POINT('',(-1.186911756,2.055791466,1.51692118));
#3116=CARTESIAN_POINT('',(-2.373823512,1.370527644,1.546667777));
#3117=CARTESIAN_POINT('',(-2.373823512,2.907095366E-16,1.576414375));
#3118=CARTESIAN_POINT('',(-2.373823512,-1.370527644,1.606160973));
#3119=CARTESIAN_POINT('',(-1.186911756,-2.055791466,1.63590757));
#3120=CARTESIAN_POINT('',(-7.203641222E-16,-2.741055288,1.665654168));
#3121=CARTESIAN_POINT('',(1.186911756,-2.055791466,1.695400766));
#3122=CARTESIAN_POINT('',(2.373823512,-1.370527644,1.725147363));
#3123=CARTESIAN_POINT('',(2.373823512,5.311058881E-32,1.754893961));
#3124=CARTESIAN_POINT('',(2.373823512,1.370527644,1.784640559));
#3125=CARTESIAN_POINT('',(1.186911756,2.055791466,1.814387156));
#3126=CARTESIAN_POINT('',(-4.899920528E-17,2.741055288,1.844133754));
#3127=CARTESIAN_POINT('',(-1.186911756,2.055791466,1.873880351));
#3128=CARTESIAN_POINT('',(-2.373823512,1.370527644,1.903626949));
#3129=CARTESIAN_POINT('',(-2.373823512,2.907095366E-16,1.933373547));
#3130=CARTESIAN_POINT('',(-2.373823512,-1.370527644,1.963120144));
#3131=CARTESIAN_POINT('',(-1.186911756,-2.055791466,1.992866742));
#3132=CARTESIAN_POINT('',(-7.203641222E-16,-2.741055288,2.02261334));
#3133=CARTESIAN_POINT('',(1.186911756,-2.055791466,2.052359937));
#3134=CARTESIAN_POINT('',(2.373823512,-1.370527644,2.082106535));
#3135=CARTESIAN_POINT('',(2.373823512,5.311058881E-32,2.111853133));
#3136=CARTESIAN_POINT('',(2.373823512,1.370527644,2.14159973));
#3137=CARTESIAN_POINT('',(1.186911756,2.055791466,2.171346328));
#3138=CARTESIAN_POINT('',(-4.899920528E-17,2.741055288,2.201092926));
#3139=CARTESIAN_POINT('',(-1.186911756,2.055791466,2.230839523));
#3140=CARTESIAN_POINT('',(-2.373823512,1.370527644,2.260586121));
#3141=CARTESIAN_POINT('',(-2.373823512,2.907095366E-16,2.290332718));
#3142=CARTESIAN_POINT('',(-2.373823512,-1.370527644,2.320079316));
#3143=CARTESIAN_POINT('',(-1.186911756,-2.055791466,2.349825914));
#3144=CARTESIAN_POINT('',(-7.203641222E-16,-2.741055288,2.379572511));
#3145=CARTESIAN_POINT('',(1.186911756,-2.055791466,2.409319109));
#3146=CARTESIAN_POINT('',(2.373823512,-1.370527644,2.439065707));
#3147=CARTESIAN_POINT('',(2.373823512,5.311058881E-32,2.468812304));
#3148=CARTESIAN_POINT('',(2.373823512,1.370527644,2.498558902));
#3149=CARTESIAN_POINT('',(1.186911756,2.055791466,2.5283055));
#3150=CARTESIAN_POINT('',(-4.899920528E-17,2.741055288,2.558052097));
#3151=CARTESIAN_POINT('',(-1.186911756,2.055791466,2.587798695));
#3152=CARTESIAN_POINT('',(-2.373823512,1.370527644,2.617545292));
#3153=CARTESIAN_POINT('',(-2.373823512,2.907095366E-16,2.64729189));
#3154=CARTESIAN_POINT('',(-2.373823512,-1.370527644,2.677038488));
#3155=CARTESIAN_POINT('',(-1.186911756,-2.055791466,2.706785085));
#3156=CARTESIAN_POINT('',(-7.203641222E-16,-2.741055288,2.736531683));
#3157=CARTESIAN_POINT('',(1.186911756,-2.055791466,2.766278281));
#3158=CARTESIAN_POINT('',(2.373823512,-1.370527644,2.796024878));
#3159=CARTESIAN_POINT('',(2.373823512,5.311058881E-32,2.825771476));
#3160=CARTESIAN_POINT('',(2.373823512,1.370527644,2.855518074));
#3161=CARTESIAN_POINT('',(1.186911756,2.055791466,2.885264671));
#3162=CARTESIAN_POINT('',(-4.899920528E-17,2.741055288,2.915011269));
#3163=CARTESIAN_POINT('',(-1.186911756,2.055791466,2.944757867));
#3164=CARTESIAN_POINT('',(-2.373823512,1.370527644,2.974504464));
#3165=CARTESIAN_POINT('',(-2.373823512,2.907095366E-16,3.004251062));
#3166=CARTESIAN_POINT('',(-2.373823512,-1.370527644,3.033997659));
#3167=CARTESIAN_POINT('',(-1.186911756,-2.055791466,3.063744257));
#3168=CARTESIAN_POINT('',(-7.203641222E-16,-2.741055288,3.093490855));
#3169=CARTESIAN_POINT('',(1.186911756,-2.055791466,3.123237452));
#3170=CARTESIAN_POINT('',(2.373823512,-1.370527644,3.15298405));
#3171=CARTESIAN_POINT('',(2.373823512,5.311058881E-32,3.182730648));
#3172=CARTESIAN_POINT('',(2.373823512,1.370527644,3.212477245));
#3173=CARTESIAN_POINT('',(1.186911756,2.055791466,3.242223843));
#3174=CARTESIAN_POINT('',(-4.899920528E-17,2.741055288,3.271970441));
#3175=CARTESIAN_POINT('',(-1.186911756,2.055791466,3.301717038));
#3176=CARTESIAN_POINT('',(-2.373823512,1.370527644,3.331463636));
#3177=CARTESIAN_POINT('',(-2.373823512,2.907095366E-16,3.361210233));
#3178=CARTESIAN_POINT('',(-2.373823512,-1.370527644,3.390956831));
#3179=CARTESIAN_POINT('',(-1.186911756,-2.055791466,3.420703429));
#3180=CARTESIAN_POINT('',(-7.203641222E-16,-2.741055288,3.450450026));
#3181=CARTESIAN_POINT('',(1.186911756,-2.055791466,3.480196624));
#3182=CARTESIAN_POINT('',(2.373823512,-1.370527644,3.509943222));
#3183=CARTESIAN_POINT('',(2.373823512,5.311058881E-32,3.539689819));
#3184=CARTESIAN_POINT('',(2.31534185,5.311058881E-32,0.641834777));
#3185=CARTESIAN_POINT('',(2.31534185,1.33676324,0.671581374));
#3186=CARTESIAN_POINT('',(1.157670925,2.00514486,0.701327972));
#3187=CARTESIAN_POINT('',(-5.313415218E-17,2.67352648,0.731074569));
#3188=CARTESIAN_POINT('',(-1.157670925,2.00514486,0.760821167));
#3189=CARTESIAN_POINT('',(-2.31534185,1.33676324,0.790567765));
#3190=CARTESIAN_POINT('',(-2.31534185,2.835475985E-16,0.820314362));
#3191=CARTESIAN_POINT('',(-2.31534185,-1.33676324,0.85006096));
#3192=CARTESIAN_POINT('',(-1.157670925,-2.00514486,0.879807558));
#3193=CARTESIAN_POINT('',(-7.079592815E-16,-2.67352648,0.909554155));
#3194=CARTESIAN_POINT('',(1.157670925,-2.00514486,0.939300753));
#3195=CARTESIAN_POINT('',(2.31534185,-1.33676324,0.969047351));
#3196=CARTESIAN_POINT('',(2.31534185,5.311058881E-32,0.998793948));
#3197=CARTESIAN_POINT('',(2.31534185,1.33676324,1.028540546));
#3198=CARTESIAN_POINT('',(1.157670925,2.00514486,1.058287144));
#3199=CARTESIAN_POINT('',(-5.313415218E-17,2.67352648,1.088033741));
#3200=CARTESIAN_POINT('',(-1.157670925,2.00514486,1.117780339));
#3201=CARTESIAN_POINT('',(-2.31534185,1.33676324,1.147526936));
#3202=CARTESIAN_POINT('',(-2.31534185,2.835475985E-16,1.177273534));
#3203=CARTESIAN_POINT('',(-2.31534185,-1.33676324,1.207020132));
#3204=CARTESIAN_POINT('',(-1.157670925,-2.00514486,1.236766729));
#3205=CARTESIAN_POINT('',(-7.079592815E-16,-2.67352648,1.266513327));
#3206=CARTESIAN_POINT('',(1.157670925,-2.00514486,1.296259925));
#3207=CARTESIAN_POINT('',(2.31534185,-1.33676324,1.326006522));
#3208=CARTESIAN_POINT('',(2.31534185,5.311058881E-32,1.35575312));
#3209=CARTESIAN_POINT('',(2.31534185,1.33676324,1.385499718));
#3210=CARTESIAN_POINT('',(1.157670925,2.00514486,1.415246315));
#3211=CARTESIAN_POINT('',(-5.313415218E-17,2.67352648,1.444992913));
#3212=CARTESIAN_POINT('',(-1.157670925,2.00514486,1.47473951));
#3213=CARTESIAN_POINT('',(-2.31534185,1.33676324,1.504486108));
#3214=CARTESIAN_POINT('',(-2.31534185,2.835475985E-16,1.534232706));
#3215=CARTESIAN_POINT('',(-2.31534185,-1.33676324,1.563979303));
#3216=CARTESIAN_POINT('',(-1.157670925,-2.00514486,1.593725901));
#3217=CARTESIAN_POINT('',(-7.079592815E-16,-2.67352648,1.623472499));
#3218=CARTESIAN_POINT('',(1.157670925,-2.00514486,1.653219096));
#3219=CARTESIAN_POINT('',(2.31534185,-1.33676324,1.682965694));
#3220=CARTESIAN_POINT('',(2.31534185,5.311058881E-32,1.712712292));
#3221=CARTESIAN_POINT('',(2.31534185,1.33676324,1.742458889));
#3222=CARTESIAN_POINT('',(1.157670925,2.00514486,1.772205487));
#3223=CARTESIAN_POINT('',(-5.313415218E-17,2.67352648,1.801952084));
#3224=CARTESIAN_POINT('',(-1.157670925,2.00514486,1.831698682));
#3225=CARTESIAN_POINT('',(-2.31534185,1.33676324,1.86144528));
#3226=CARTESIAN_POINT('',(-2.31534185,2.835475985E-16,1.891191877));
#3227=CARTESIAN_POINT('',(-2.31534185,-1.33676324,1.920938475));
#3228=CARTESIAN_POINT('',(-1.157670925,-2.00514486,1.950685073));
#3229=CARTESIAN_POINT('',(-7.079592815E-16,-2.67352648,1.98043167));
#3230=CARTESIAN_POINT('',(1.157670925,-2.00514486,2.010178268));
#3231=CARTESIAN_POINT('',(2.31534185,-1.33676324,2.039924866));
#3232=CARTESIAN_POINT('',(2.31534185,5.311058881E-32,2.069671463));
#3233=CARTESIAN_POINT('',(2.31534185,1.33676324,2.099418061));
#3234=CARTESIAN_POINT('',(1.157670925,2.00514486,2.129164659));
#3235=CARTESIAN_POINT('',(-5.313415218E-17,2.67352648,2.158911256));
#3236=CARTESIAN_POINT('',(-1.157670925,2.00514486,2.188657854));
#3237=CARTESIAN_POINT('',(-2.31534185,1.33676324,2.218404451));
#3238=CARTESIAN_POINT('',(-2.31534185,2.835475985E-16,2.248151049));
#3239=CARTESIAN_POINT('',(-2.31534185,-1.33676324,2.277897647));
#3240=CARTESIAN_POINT('',(-1.157670925,-2.00514486,2.307644244));
#3241=CARTESIAN_POINT('',(-7.079592815E-16,-2.67352648,2.337390842));
#3242=CARTESIAN_POINT('',(1.157670925,-2.00514486,2.36713744));
#3243=CARTESIAN_POINT('',(2.31534185,-1.33676324,2.396884037));
#3244=CARTESIAN_POINT('',(2.31534185,5.311058881E-32,2.426630635));
#3245=CARTESIAN_POINT('',(2.31534185,1.33676324,2.456377233));
#3246=CARTESIAN_POINT('',(1.157670925,2.00514486,2.48612383));
#3247=CARTESIAN_POINT('',(-5.313415218E-17,2.67352648,2.515870428));
#3248=CARTESIAN_POINT('',(-1.157670925,2.00514486,2.545617025));
#3249=CARTESIAN_POINT('',(-2.31534185,1.33676324,2.575363623));
#3250=CARTESIAN_POINT('',(-2.31534185,2.835475985E-16,2.605110221));
#3251=CARTESIAN_POINT('',(-2.31534185,-1.33676324,2.634856818));
#3252=CARTESIAN_POINT('',(-1.157670925,-2.00514486,2.664603416));
#3253=CARTESIAN_POINT('',(-7.079592815E-16,-2.67352648,2.694350014));
#3254=CARTESIAN_POINT('',(1.157670925,-2.00514486,2.724096611));
#3255=CARTESIAN_POINT('',(2.31534185,-1.33676324,2.753843209));
#3256=CARTESIAN_POINT('',(2.31534185,5.311058881E-32,2.783589807));
#3257=CARTESIAN_POINT('',(2.31534185,1.33676324,2.813336404));
#3258=CARTESIAN_POINT('',(1.157670925,2.00514486,2.843083002));
#3259=CARTESIAN_POINT('',(-5.313415218E-17,2.67352648,2.8728296));
#3260=CARTESIAN_POINT('',(-1.157670925,2.00514486,2.902576197));
#3261=CARTESIAN_POINT('',(-2.31534185,1.33676324,2.932322795));
#3262=CARTESIAN_POINT('',(-2.31534185,2.835475985E-16,2.962069392));
#3263=CARTESIAN_POINT('',(-2.31534185,-1.33676324,2.99181599));
#3264=CARTESIAN_POINT('',(-1.157670925,-2.00514486,3.021562588));
#3265=CARTESIAN_POINT('',(-7.079592815E-16,-2.67352648,3.051309185));
#3266=CARTESIAN_POINT('',(1.157670925,-2.00514486,3.081055783));
#3267=CARTESIAN_POINT('',(2.31534185,-1.33676324,3.110802381));
#3268=CARTESIAN_POINT('',(2.31534185,5.311058881E-32,3.140548978));
#3269=CARTESIAN_POINT('',(2.31534185,1.33676324,3.170295576));
#3270=CARTESIAN_POINT('',(1.157670925,2.00514486,3.200042174));
#3271=CARTESIAN_POINT('',(-5.313415218E-17,2.67352648,3.229788771));
#3272=CARTESIAN_POINT('',(-1.157670925,2.00514486,3.259535369));
#3273=CARTESIAN_POINT('',(-2.31534185,1.33676324,3.289281966));
#3274=CARTESIAN_POINT('',(-2.31534185,2.835475985E-16,3.319028564));
#3275=CARTESIAN_POINT('',(-2.31534185,-1.33676324,3.348775162));
#3276=CARTESIAN_POINT('',(-1.157670925,-2.00514486,3.378521759));
#3277=CARTESIAN_POINT('',(-7.079592815E-16,-2.67352648,3.408268357));
#3278=CARTESIAN_POINT('',(1.157670925,-2.00514486,3.438014955));
#3279=CARTESIAN_POINT('',(2.31534185,-1.33676324,3.467761552));
#3280=CARTESIAN_POINT('',(2.31534185,5.311058881E-32,3.49750815));
#3281=ADVANCED_FACE('',(#3282),#3403,.T.);
#3282=FACE_BOUND('',#3283,.T.);
#3283=EDGE_LOOP('',(#3284,#3285,#3294,#3394,#3395,#3396));
#3284=ORIENTED_EDGE('',*,*,#2580,.F.);
#3285=ORIENTED_EDGE('',*,*,#3286,.T.);
#3286=EDGE_CURVE('',#2572,#3287,#3289,.F.);
#3287=VERTEX_POINT('',#3288);
#3288=CARTESIAN_POINT('',(2.31534185,-4.185128183E-15,3.854467322));
#3289=CIRCLE('',#3290,0.220062161);
#3290=AXIS2_PLACEMENT_3D('',#3291,#3292,#3293);
#3291=CARTESIAN_POINT('',(2.186608046,-4.284516072E-15,3.675987736));
#3292=DIRECTION('',(1.959434879E-15,1.0,0.0));
#3293=DIRECTION('',(1.0,-1.959434879E-15,0.0));
#3294=ORIENTED_EDGE('',*,*,#3295,.T.);
#3295=EDGE_CURVE('',#3287,#2470,#3296,.F.);
#3296=(BOUNDED_CURVE()B_SPLINE_CURVE(2,(#3297,#3298,#3299,#3300,#3301,#3302,#3303,#3304,#3305,#3306,#3307,#3308,#3309,#3310,#3311,#3312,#3313,#3314,#3315,#3316,#3317,#3318,#3319,#3320,#3321,#3322,#3323,#3324,#3325,#3326,#3327,#3328,#3329,#3330,#3331,#3332,#3333,#3334,#3335,#3336,#3337,#3338,#3339,#3340,#3341,#3342,#3343,#3344,#3345,#3346,#3347,#3348,#3349,#3350,#3351,#3352,#3353,#3354,#3355,#3356,#3357,#3358,#3359,#3360,#3361,#3362,#3363,#3364,#3365,#3366,#3367,#3368,#3369,#3370,#3371,#3372,#3373,#3374,#3375,#3376,#3377,#3378,#3379,#3380,#3381,#3382,#3383,#3384,#3385,#3386,#3387,#3388,#3389,#3390,#3391,#3392,#3393),.UNSPECIFIED.,.F.,.U.)B_SPLINE_CURVE_WITH_KNOTS((3,2,2,2,2,2,2,2,2,2,2,2,2,2,2,2,2,2,2,2,2,2,2,2,2,2,2,2,2,2,2,2,2,2,2,2,2,2,2,2,2,2,2,2,2,2,2,2,3),(0.0,0.020833333,0.041666667,0.0625,0.083333333,0.104166667,0.125,0.145833333,0.166666667,0.1875,0.208333333,0.229166667,0.25,0.270833333,0.291666667,0.3125,0.333333333,0.354166667,0.375,0.395833333,0.416666667,0.4375,0.458333333,0.479166667,0.5,0.520833333,0.541666667,0.5625,0.583333333,0.604166667,0.625,0.645833333,0.666666667,0.6875,0.708333333,0.729166667,0.75,0.770833333,0.791666667,0.8125,0.833333333,0.854166667,0.875,0.895833333,0.916666667,0.9375,0.958333333,0.979166667,1.0),.UNSPECIFIED.)CURVE()GEOMETRIC_REPRESENTATION_ITEM()RATIONAL_B_SPLINE_CURVE((1.0,0.866025404,1.0,0.866025404,1.0,0.866025404,1.0,0.866025404,1.0,0.866025404,1.0,0.866025404,1.0,0.866025404,1.0,0.866025404,1.0,0.866025404,1.0,0.866025404,1.0,0.866025404,1.0,0.866025404,1.0,0.866025404,1.0,0.866025404,1.0,0.866025404,1.0,0.866025404,1.0,0.866025404,1.0,0.866025404,1.0,0.866025404,1.0,0.866025404,1.0,0.866025404,1.0,0.866025404,1.0,0.866025404,1.0,0.866025404,1.0,0.866025404,1.0,0.866025404,1.0,0.866025404,1.0,0.866025404,1.0,0.866025404,1.0,0.866025404,1.0,0.866025404,1.0,0.866025404,1.0,0.866025404,1.0,0.866025404,1.0,0.866025404,1.0,0.866025404,1.0,0.866025404,1.0,0.866025404,1.0,0.866025404,1.0,0.866025404,1.0,0.866025404,1.0,0.866025404,1.0,0.866025404,1.0,0.866025404,1.0,0.866025404,1.0,0.866025404,1.0,0.866025404,1.0,0.866025404,1.0))REPRESENTATION_ITEM(''));
#3297=CARTESIAN_POINT('',(2.31534185,7.03266785E-16,0.998793948));
#3298=CARTESIAN_POINT('',(2.31534185,1.33676324,1.028540546));
#3299=CARTESIAN_POINT('',(1.157670925,2.00514486,1.058287144));
#3300=CARTESIAN_POINT('',(-8.651966875E-16,2.67352648,1.088033741));
#3301=CARTESIAN_POINT('',(-1.157670925,2.00514486,1.117780339));
#3302=CARTESIAN_POINT('',(-2.31534185,1.33676324,1.147526936));
#3303=CARTESIAN_POINT('',(-2.31534185,-4.197191865E-16,1.177273534));
#3304=CARTESIAN_POINT('',(-2.31534185,-1.33676324,1.207020132));
#3305=CARTESIAN_POINT('',(-1.157670925,-2.00514486,1.236766729));
#3306=CARTESIAN_POINT('',(1.041032538E-16,-2.67352648,1.266513327));
#3307=CARTESIAN_POINT('',(1.157670925,-2.00514486,1.296259925));
#3308=CARTESIAN_POINT('',(2.31534185,-1.33676324,1.326006522));
#3309=CARTESIAN_POINT('',(2.31534185,1.36171588E-16,1.35575312));
#3310=CARTESIAN_POINT('',(2.31534185,1.33676324,1.385499718));
#3311=CARTESIAN_POINT('',(1.157670925,2.00514486,1.415246315));
#3312=CARTESIAN_POINT('',(2.164196966E-15,2.67352648,1.444992913));
#3313=CARTESIAN_POINT('',(-1.157670925,2.00514486,1.47473951));
#3314=CARTESIAN_POINT('',(-2.31534185,1.33676324,1.504486108));
#3315=CARTESIAN_POINT('',(-2.31534185,1.473760105E-16,1.534232706));
#3316=CARTESIAN_POINT('',(-2.31534185,-1.33676324,1.563979303));
#3317=CARTESIAN_POINT('',(-1.157670925,-2.00514486,1.593725901));
#3318=CARTESIAN_POINT('',(-5.507218755E-16,-2.67352648,1.623472499));
#3319=CARTESIAN_POINT('',(1.157670925,-2.00514486,1.653219096));
#3320=CARTESIAN_POINT('',(2.31534185,-1.33676324,1.682965694));
#3321=CARTESIAN_POINT('',(2.31534185,-4.30923609E-16,1.712712292));
#3322=CARTESIAN_POINT('',(2.31534185,1.33676324,1.742458889));
#3323=CARTESIAN_POINT('',(1.157670925,2.00514486,1.772205487));
#3324=CARTESIAN_POINT('',(5.19359062E-15,2.67352648,1.801952084));
#3325=CARTESIAN_POINT('',(-1.157670925,2.00514486,1.831698682));
#3326=CARTESIAN_POINT('',(-2.31534185,1.33676324,1.86144528));
#3327=CARTESIAN_POINT('',(-2.31534185,4.827344537E-15,1.891191877));
#3328=CARTESIAN_POINT('',(-2.31534185,-1.33676324,1.920938475));
#3329=CARTESIAN_POINT('',(-1.157670925,-2.00514486,1.950685073));
#3330=CARTESIAN_POINT('',(-5.954684053E-15,-2.67352648,1.98043167));
#3331=CARTESIAN_POINT('',(1.157670925,-2.00514486,2.010178268));
#3332=CARTESIAN_POINT('',(2.31534185,-1.33676324,2.039924866));
#3333=CARTESIAN_POINT('',(2.31534185,-9.98018806E-16,2.069671463));
#3334=CARTESIAN_POINT('',(2.31534185,1.33676324,2.099418061));
#3335=CARTESIAN_POINT('',(1.157670925,2.00514486,2.129164659));
#3336=CARTESIAN_POINT('',(5.848415749E-15,2.67352648,2.158911256));
#3337=CARTESIAN_POINT('',(-1.157670925,2.00514486,2.188657854));
#3338=CARTESIAN_POINT('',(-2.31534185,1.33676324,2.218404451));
#3339=CARTESIAN_POINT('',(-2.31534185,1.281566404E-15,2.248151049));
#3340=CARTESIAN_POINT('',(-2.31534185,-1.33676324,2.277897647));
#3341=CARTESIAN_POINT('',(-1.157670925,-2.00514486,2.307644244));
#3342=CARTESIAN_POINT('',(-6.609509182E-15,-2.67352648,2.337390842));
#3343=CARTESIAN_POINT('',(1.157670925,-2.00514486,2.36713744));
#3344=CARTESIAN_POINT('',(2.31534185,-1.33676324,2.396884037));
#3345=CARTESIAN_POINT('',(2.31534185,-1.565114003E-15,2.426630635));
#3346=CARTESIAN_POINT('',(2.31534185,1.33676324,2.456377233));
#3347=CARTESIAN_POINT('',(1.157670925,2.00514486,2.48612383));
#3348=CARTESIAN_POINT('',(6.503240878E-15,2.67352648,2.515870428));
#3349=CARTESIAN_POINT('',(-1.157670925,2.00514486,2.545617025));
#3350=CARTESIAN_POINT('',(-2.31534185,1.33676324,2.575363623));
#3351=CARTESIAN_POINT('',(-2.31534185,1.007440826E-14,2.605110221));
#3352=CARTESIAN_POINT('',(-2.31534185,-1.33676324,2.634856818));
#3353=CARTESIAN_POINT('',(-1.157670925,-2.00514486,2.664603416));
#3354=CARTESIAN_POINT('',(-7.264334312E-15,-2.67352648,2.694350014));
#3355=CARTESIAN_POINT('',(1.157670925,-2.00514486,2.724096611));
#3356=CARTESIAN_POINT('',(2.31534185,-1.33676324,2.753843209));
#3357=CARTESIAN_POINT('',(2.31534185,-1.035795586E-14,2.783589807));
#3358=CARTESIAN_POINT('',(2.31534185,1.33676324,2.813336404));
#3359=CARTESIAN_POINT('',(1.157670925,2.00514486,2.843083002));
#3360=CARTESIAN_POINT('',(1.66563401E-14,2.67352648,2.8728296));
#3361=CARTESIAN_POINT('',(-1.157670925,2.00514486,2.902576197));
#3362=CARTESIAN_POINT('',(-2.31534185,1.33676324,2.932322795));
#3363=CARTESIAN_POINT('',(-2.31534185,1.064150346E-14,2.962069392));
#3364=CARTESIAN_POINT('',(-2.31534185,-1.33676324,2.99181599));
#3365=CARTESIAN_POINT('',(-1.157670925,-2.00514486,3.021562588));
#3366=CARTESIAN_POINT('',(-7.919159441E-15,-2.67352648,3.051309185));
#3367=CARTESIAN_POINT('',(1.157670925,-2.00514486,3.081055783));
#3368=CARTESIAN_POINT('',(2.31534185,-1.33676324,3.110802381));
#3369=CARTESIAN_POINT('',(2.31534185,-2.699304397E-15,3.140548978));
#3370=CARTESIAN_POINT('',(2.31534185,1.33676324,3.170295576));
#3371=CARTESIAN_POINT('',(1.157670925,2.00514486,3.200042174));
#3372=CARTESIAN_POINT('',(1.731116523E-14,2.67352648,3.229788771));
#3373=CARTESIAN_POINT('',(-1.157670925,2.00514486,3.259535369));
#3374=CARTESIAN_POINT('',(-2.31534185,1.33676324,3.289281966));
#3375=CARTESIAN_POINT('',(-2.31534185,1.120859866E-14,3.319028564));
#3376=CARTESIAN_POINT('',(-2.31534185,-1.33676324,3.348775162));
#3377=CARTESIAN_POINT('',(-1.157670925,-2.00514486,3.378521759));
#3378=CARTESIAN_POINT('',(-8.57398457E-15,-2.67352648,3.408268357));
#3379=CARTESIAN_POINT('',(1.157670925,-2.00514486,3.438014955));
#3380=CARTESIAN_POINT('',(2.31534185,-1.33676324,3.467761552));
#3381=CARTESIAN_POINT('',(2.31534185,-3.266399594E-15,3.49750815));
#3382=CARTESIAN_POINT('',(2.31534185,1.33676324,3.527254748));
#3383=CARTESIAN_POINT('',(1.157670925,2.00514486,3.557001345));
#3384=CARTESIAN_POINT('',(1.796599036E-14,2.67352648,3.586747943));
#3385=CARTESIAN_POINT('',(-1.157670925,2.00514486,3.616494541));
#3386=CARTESIAN_POINT('',(-2.31534185,1.33676324,3.646241138));
#3387=CARTESIAN_POINT('',(-2.31534185,1.177569385E-14,3.675987736));
#3388=CARTESIAN_POINT('',(-2.31534185,-1.33676324,3.705734333));
#3389=CARTESIAN_POINT('',(-1.157670925,-2.00514486,3.735480931));
#3390=CARTESIAN_POINT('',(-9.2288097E-15,-2.67352648,3.765227529));
#3391=CARTESIAN_POINT('',(1.157670925,-2.00514486,3.794974126));
#3392=CARTESIAN_POINT('',(2.31534185,-1.33676324,3.824720724));
#3393=CARTESIAN_POINT('',(2.31534185,-3.833494791E-15,3.854467322));
#3394=ORIENTED_EDGE('',*,*,#2467,.F.);
#3395=ORIENTED_EDGE('',*,*,#2793,.F.);
#3396=ORIENTED_EDGE('',*,*,#3397,.T.);
#3397=EDGE_CURVE('',#2692,#2581,#3398,.T.);
#3398=CIRCLE('',#3399,0.220062161);
#3399=AXIS2_PLACEMENT_3D('',#3400,#3401,#3402);
#3400=CARTESIAN_POINT('',(2.186608046,5.311058881E-32,0.820314362));
#3401=DIRECTION('',(0.0,1.0,0.0));
#3402=DIRECTION('',(1.0,0.0,0.0));
#3403=(BOUNDED_SURFACE()B_SPLINE_SURFACE(3,2,((#3404,#3405,#3406,#3407,#3408,#3409,#3410,#3411,#3412,#3413,#3414,#3415,#3416,#3417,#3418,#3419,#3420,#3421,#3422,#3423,#3424,#3425,#3426,#3427,#3428,#3429,#3430,#3431,#3432,#3433,#3434,#3435,#3436,#3437,#3438,#3439,#3440,#3441,#3442,#3443,#3444,#3445,#3446,#3447,#3448,#3449,#3450,#3451,#3452,#3453,#3454,#3455,#3456,#3457,#3458,#3459,#3460,#3461,#3462,#3463,#3464,#3465,#3466,#3467,#3468,#3469,#3470,#3471,#3472,#3473,#3474,#3475,#3476,#3477,#3478,#3479,#3480,#3481,#3482,#3483,#3484,#3485,#3486,#3487,#3488,#3489,#3490,#3491,#3492,#3493,#3494,#3495,#3496,#3497,#3498,#3499,#3500),(#3501,#3502,#3503,#3504,#3505,#3506,#3507,#3508,#3509,#3510,#3511,#3512,#3513,#3514,#3515,#3516,#3517,#3518,#3519,#3520,#3521,#3522,#3523,#3524,#3525,#3526,#3527,#3528,#3529,#3530,#3531,#3532,#3533,#3534,#3535,#3536,#3537,#3538,#3539,#3540,#3541,#3542,#3543,#3544,#3545,#3546,#3547,#3548,#3549,#3550,#3551,#3552,#3553,#3554,#3555,#3556,#3557,#3558,#3559,#3560,#3561,#3562,#3563,#3564,#3565,#3566,#3567,#3568,#3569,#3570,#3571,#3572,#3573,#3574,#3575,#3576,#3577,#3578,#3579,#3580,#3581,#3582,#3583,#3584,#3585,#3586,#3587,#3588,#3589,#3590,#3591,#3592,#3593,#3594,#3595,#3596,#3597),(#3598,#3599,#3600,#3601,#3602,#3603,#3604,#3605,#3606,#3607,#3608,#3609,#3610,#3611,#3612,#3613,#3614,#3615,#3616,#3617,#3618,#3619,#3620,#3621,#3622,#3623,#3624,#3625,#3626,#3627,#3628,#3629,#3630,#3631,#3632,#3633,#3634,#3635,#3636,#3637,#3638,#3639,#3640,#3641,#3642,#3643,#3644,#3645,#3646,#3647,#3648,#3649,#3650,#3651,#3652,#3653,#3654,#3655,#3656,#3657,#3658,#3659,#3660,#3661,#3662,#3663,#3664,#3665,#3666,#3667,#3668,#3669,#3670,#3671,#3672,#3673,#3674,#3675,#3676,#3677,#3678,#3679,#3680,#3681,#3682,#3683,#3684,#3685,#3686,#3687,#3688,#3689,#3690,#3691,#3692,#3693,#3694),(#3695,#3696,#3697,#3698,#3699,#3700,#3701,#3702,#3703,#3704,#3705,#3706,#3707,#3708,#3709,#3710,#3711,#3712,#3713,#3714,#3715,#3716,#3717,#3718,#3719,#3720,#3721,#3722,#3723,#3724,#3725,#3726,#3727,#3728,#3729,#3730,#3731,#3732,#3733,#3734,#3735,#3736,#3737,#3738,#3739,#3740,#3741,#3742,#3743,#3744,#3745,#3746,#3747,#3748,#3749,#3750,#3751,#3752,#3753,#3754,#3755,#3756,#3757,#3758,#3759,#3760,#3761,#3762,#3763,#3764,#3765,#3766,#3767,#3768,#3769,#3770,#3771,#3772,#3773,#3774,#3775,#3776,#3777,#3778,#3779,#3780,#3781,#3782,#3783,#3784,#3785,#3786,#3787,#3788,#3789,#3790,#3791)),.UNSPECIFIED.,.F.,.F.,.U.)B_SPLINE_SURFACE_WITH_KNOTS((4,4),(3,2,2,2,2,2,2,2,2,2,2,2,2,2,2,2,2,2,2,2,2,2,2,2,2,2,2,2,2,2,2,2,2,2,2,2,2,2,2,2,2,2,2,2,2,2,2,2,3),(0.0,1.0),(0.0,0.020833333,0.041666667,0.0625,0.083333333,0.104166667,0.125,0.145833333,0.166666667,0.1875,0.208333333,0.229166667,0.25,0.270833333,0.291666667,0.3125,0.333333333,0.354166667,0.375,0.395833333,0.416666667,0.4375,0.458333333,0.479166667,0.5,0.520833333,0.541666667,0.5625,0.583333333,0.604166667,0.625,0.645833333,0.666666667,0.6875,0.708333333,0.729166667,0.75,0.770833333,0.791666667,0.8125,0.833333333,0.854166667,0.875,0.895833333,0.916666667,0.9375,0.958333333,0.979166667,1.0),.UNSPECIFIED.)GEOMETRIC_REPRESENTATION_ITEM()RATIONAL_B_SPLINE_SURFACE(((1.0,0.866025404,1.0,0.866025404,1.0,0.866025404,1.0,0.866025404,1.0,0.866025404,1.0,0.866025404,1.0,0.866025404,1.0,0.866025404,1.0,0.866025404,1.0,0.866025404,1.0,0.866025404,1.0,0.866025404,1.0,0.866025404,1.0,0.866025404,1.0,0.866025404,1.0,0.866025404,1.0,0.866025404,1.0,0.866025404,1.0,0.866025404,1.0,0.866025404,1.0,0.866025404,1.0,0.866025404,1.0,0.866025404,1.0,0.866025404,1.0,0.866025404,1.0,0.866025404,1.0,0.866025404,1.0,0.866025404,1.0,0.866025404,1.0,0.866025404,1.0,0.866025404,1.0,0.866025404,1.0,0.866025404,1.0,0.866025404,1.0,0.866025404,1.0,0.866025404,1.0,0.866025404,1.0,0.866025404,1.0,0.866025404,1.0,0.866025404,1.0,0.866025404,1.0,0.866025404,1.0,0.866025404,1.0,0.866025404,1.0,0.866025404,1.0,0.866025404,1.0,0.866025404,1.0,0.866025404,1.0),(0.926814282,0.802644713,0.926814282,0.802644713,0.926814282,0.802644713,0.926814282,0.802644713,0.926814282,0.802644713,0.926814282,0.802644713,0.926814282,0.802644713,0.926814282,0.802644713,0.926814282,0.802644713,0.926814282,0.802644713,0.926814282,0.802644713,0.926814282,0.802644713,0.926814282,0.802644713,0.926814282,0.802644713,0.926814282,0.802644713,0.926814282,0.802644713,0.926814282,0.802644713,0.926814282,0.802644713,0.926814282,0.802644713,0.926814282,0.802644713,0.926814282,0.802644713,0.926814282,0.802644713,0.926814282,0.802644713,0.926814282,0.802644713,0.926814282,0.802644713,0.926814282,0.802644713,0.926814282,0.802644713,0.926814282,0.802644713,0.926814282,0.802644713,0.926814282,0.802644713,0.926814282,0.802644713,0.926814282,0.802644713,0.926814282,0.802644713,0.926814282,0.802644713,0.926814282,0.802644713,0.926814282,0.802644713,0.926814282,0.802644713,0.926814282,0.802644713,0.926814282,0.802644713,0.926814282,0.802644713,0.926814282,0.802644713,0.926814282,0.802644713,0.926814282,0.802644713,0.926814282,0.802644713,0.926814282,0.802644713,0.926814282,0.802644713,0.926814282,0.802644713,0.926814282,0.802644713,0.926814282),(0.926814282,0.802644713,0.926814282,0.802644713,0.926814282,0.802644713,0.926814282,0.802644713,0.926814282,0.802644713,0.926814282,0.802644713,0.926814282,0.802644713,0.926814282,0.802644713,0.926814282,0.802644713,0.926814282,0.802644713,0.926814282,0.802644713,0.926814282,0.802644713,0.926814282,0.802644713,0.926814282,0.802644713,0.926814282,0.802644713,0.926814282,0.802644713,0.926814282,0.802644713,0.926814282,0.802644713,0.926814282,0.802644713,0.926814282,0.802644713,0.926814282,0.802644713,0.926814282,0.802644713,0.926814282,0.802644713,0.926814282,0.802644713,0.926814282,0.802644713,0.926814282,0.802644713,0.926814282,0.802644713,0.926814282,0.802644713,0.926814282,0.802644713,0.926814282,0.802644713,0.926814282,0.802644713,0.926814282,0.802644713,0.926814282,0.802644713,0.926814282,0.802644713,0.926814282,0.802644713,0.926814282,0.802644713,0.926814282,0.802644713,0.926814282,0.802644713,0.926814282,0.802644713,0.926814282,0.802644713,0.926814282,0.802644713,0.926814282,0.802644713,0.926814282,0.802644713,0.926814282,0.802644713,0.926814282,0.802644713,0.926814282,0.802644713,0.926814282,0.802644713,0.926814282,0.802644713,0.926814282),(1.0,0.866025404,1.0,0.866025404,1.0,0.866025404,1.0,0.866025404,1.0,0.866025404,1.0,0.866025404,1.0,0.866025404,1.0,0.866025404,1.0,0.866025404,1.0,0.866025404,1.0,0.866025404,1.0,0.866025404,1.0,0.866025404,1.0,0.866025404,1.0,0.866025404,1.0,0.866025404,1.0,0.866025404,1.0,0.866025404,1.0,0.866025404,1.0,0.866025404,1.0,0.866025404,1.0,0.866025404,1.0,0.866025404,1.0,0.866025404,1.0,0.866025404,1.0,0.866025404,1.0,0.866025404,1.0,0.866025404,1.0,0.866025404,1.0,0.866025404,1.0,0.866025404,1.0,0.866025404,1.0,0.866025404,1.0,0.866025404,1.0,0.866025404,1.0,0.866025404,1.0,0.866025404,1.0,0.866025404,1.0,0.866025404,1.0,0.866025404,1.0,0.866025404,1.0,0.866025404,1.0,0.866025404,1.0,0.866025404,1.0,0.866025404,1.0,0.866025404,1.0,0.866025404,1.0,0.866025404,1.0)))REPRESENTATION_ITEM('')SURFACE());
#3404=CARTESIAN_POINT('',(2.31534185,5.311058881E-32,0.998793948));
#3405=CARTESIAN_POINT('',(2.31534185,1.33676324,1.028540546));
#3406=CARTESIAN_POINT('',(1.157670925,2.00514486,1.058287144));
#3407=CARTESIAN_POINT('',(-5.313415218E-17,2.67352648,1.088033741));
#3408=CARTESIAN_POINT('',(-1.157670925,2.00514486,1.117780339));
#3409=CARTESIAN_POINT('',(-2.31534185,1.33676324,1.147526936));
#3410=CARTESIAN_POINT('',(-2.31534185,2.835475985E-16,1.177273534));
#3411=CARTESIAN_POINT('',(-2.31534185,-1.33676324,1.207020132));
#3412=CARTESIAN_POINT('',(-1.157670925,-2.00514486,1.236766729));
#3413=CARTESIAN_POINT('',(-7.079592815E-16,-2.67352648,1.266513327));
#3414=CARTESIAN_POINT('',(1.157670925,-2.00514486,1.296259925));
#3415=CARTESIAN_POINT('',(2.31534185,-1.33676324,1.326006522));
#3416=CARTESIAN_POINT('',(2.31534185,5.311058881E-32,1.35575312));
#3417=CARTESIAN_POINT('',(2.31534185,1.33676324,1.385499718));
#3418=CARTESIAN_POINT('',(1.157670925,2.00514486,1.415246315));
#3419=CARTESIAN_POINT('',(-5.313415218E-17,2.67352648,1.444992913));
#3420=CARTESIAN_POINT('',(-1.157670925,2.00514486,1.47473951));
#3421=CARTESIAN_POINT('',(-2.31534185,1.33676324,1.504486108));
#3422=CARTESIAN_POINT('',(-2.31534185,2.835475985E-16,1.534232706));
#3423=CARTESIAN_POINT('',(-2.31534185,-1.33676324,1.563979303));
#3424=CARTESIAN_POINT('',(-1.157670925,-2.00514486,1.593725901));
#3425=CARTESIAN_POINT('',(-7.079592815E-16,-2.67352648,1.623472499));
#3426=CARTESIAN_POINT('',(1.157670925,-2.00514486,1.653219096));
#3427=CARTESIAN_POINT('',(2.31534185,-1.33676324,1.682965694));
#3428=CARTESIAN_POINT('',(2.31534185,5.311058881E-32,1.712712292));
#3429=CARTESIAN_POINT('',(2.31534185,1.33676324,1.742458889));
#3430=CARTESIAN_POINT('',(1.157670925,2.00514486,1.772205487));
#3431=CARTESIAN_POINT('',(-5.313415218E-17,2.67352648,1.801952084));
#3432=CARTESIAN_POINT('',(-1.157670925,2.00514486,1.831698682));
#3433=CARTESIAN_POINT('',(-2.31534185,1.33676324,1.86144528));
#3434=CARTESIAN_POINT('',(-2.31534185,2.835475985E-16,1.891191877));
#3435=CARTESIAN_POINT('',(-2.31534185,-1.33676324,1.920938475));
#3436=CARTESIAN_POINT('',(-1.157670925,-2.00514486,1.950685073));
#3437=CARTESIAN_POINT('',(-7.079592815E-16,-2.67352648,1.98043167));
#3438=CARTESIAN_POINT('',(1.157670925,-2.00514486,2.010178268));
#3439=CARTESIAN_POINT('',(2.31534185,-1.33676324,2.039924866));
#3440=CARTESIAN_POINT('',(2.31534185,5.311058881E-32,2.069671463));
#3441=CARTESIAN_POINT('',(2.31534185,1.33676324,2.099418061));
#3442=CARTESIAN_POINT('',(1.157670925,2.00514486,2.129164659));
#3443=CARTESIAN_POINT('',(-5.313415218E-17,2.67352648,2.158911256));
#3444=CARTESIAN_POINT('',(-1.157670925,2.00514486,2.188657854));
#3445=CARTESIAN_POINT('',(-2.31534185,1.33676324,2.218404451));
#3446=CARTESIAN_POINT('',(-2.31534185,2.835475985E-16,2.248151049));
#3447=CARTESIAN_POINT('',(-2.31534185,-1.33676324,2.277897647));
#3448=CARTESIAN_POINT('',(-1.157670925,-2.00514486,2.307644244));
#3449=CARTESIAN_POINT('',(-7.079592815E-16,-2.67352648,2.337390842));
#3450=CARTESIAN_POINT('',(1.157670925,-2.00514486,2.36713744));
#3451=CARTESIAN_POINT('',(2.31534185,-1.33676324,2.396884037));
#3452=CARTESIAN_POINT('',(2.31534185,5.311058881E-32,2.426630635));
#3453=CARTESIAN_POINT('',(2.31534185,1.33676324,2.456377233));
#3454=CARTESIAN_POINT('',(1.157670925,2.00514486,2.48612383));
#3455=CARTESIAN_POINT('',(-5.313415218E-17,2.67352648,2.515870428));
#3456=CARTESIAN_POINT('',(-1.157670925,2.00514486,2.545617025));
#3457=CARTESIAN_POINT('',(-2.31534185,1.33676324,2.575363623));
#3458=CARTESIAN_POINT('',(-2.31534185,2.835475985E-16,2.605110221));
#3459=CARTESIAN_POINT('',(-2.31534185,-1.33676324,2.634856818));
#3460=CARTESIAN_POINT('',(-1.157670925,-2.00514486,2.664603416));
#3461=CARTESIAN_POINT('',(-7.079592815E-16,-2.67352648,2.694350014));
#3462=CARTESIAN_POINT('',(1.157670925,-2.00514486,2.724096611));
#3463=CARTESIAN_POINT('',(2.31534185,-1.33676324,2.753843209));
#3464=CARTESIAN_POINT('',(2.31534185,5.311058881E-32,2.783589807));
#3465=CARTESIAN_POINT('',(2.31534185,1.33676324,2.813336404));
#3466=CARTESIAN_POINT('',(1.157670925,2.00514486,2.843083002));
#3467=CARTESIAN_POINT('',(-5.313415218E-17,2.67352648,2.8728296));
#3468=CARTESIAN_POINT('',(-1.157670925,2.00514486,2.902576197));
#3469=CARTESIAN_POINT('',(-2.31534185,1.33676324,2.932322795));
#3470=CARTESIAN_POINT('',(-2.31534185,2.835475985E-16,2.962069392));
#3471=CARTESIAN_POINT('',(-2.31534185,-1.33676324,2.99181599));
#3472=CARTESIAN_POINT('',(-1.157670925,-2.00514486,3.021562588));
#3473=CARTESIAN_POINT('',(-7.079592815E-16,-2.67352648,3.051309185));
#3474=CARTESIAN_POINT('',(1.157670925,-2.00514486,3.081055783));
#3475=CARTESIAN_POINT('',(2.31534185,-1.33676324,3.110802381));
#3476=CARTESIAN_POINT('',(2.31534185,5.311058881E-32,3.140548978));
#3477=CARTESIAN_POINT('',(2.31534185,1.33676324,3.170295576));
#3478=CARTESIAN_POINT('',(1.157670925,2.00514486,3.200042174));
#3479=CARTESIAN_POINT('',(-5.313415218E-17,2.67352648,3.229788771));
#3480=CARTESIAN_POINT('',(-1.157670925,2.00514486,3.259535369));
#3481=CARTESIAN_POINT('',(-2.31534185,1.33676324,3.289281966));
#3482=CARTESIAN_POINT('',(-2.31534185,2.835475985E-16,3.319028564));
#3483=CARTESIAN_POINT('',(-2.31534185,-1.33676324,3.348775162));
#3484=CARTESIAN_POINT('',(-1.157670925,-2.00514486,3.378521759));
#3485=CARTESIAN_POINT('',(-7.079592815E-16,-2.67352648,3.408268357));
#3486=CARTESIAN_POINT('',(1.157670925,-2.00514486,3.438014955));
#3487=CARTESIAN_POINT('',(2.31534185,-1.33676324,3.467761552));
#3488=CARTESIAN_POINT('',(2.31534185,5.311058881E-32,3.49750815));
#3489=CARTESIAN_POINT('',(2.31534185,1.33676324,3.527254748));
#3490=CARTESIAN_POINT('',(1.157670925,2.00514486,3.557001345));
#3491=CARTESIAN_POINT('',(-5.313415218E-17,2.67352648,3.586747943));
#3492=CARTESIAN_POINT('',(-1.157670925,2.00514486,3.616494541));
#3493=CARTESIAN_POINT('',(-2.31534185,1.33676324,3.646241138));
#3494=CARTESIAN_POINT('',(-2.31534185,2.835475985E-16,3.675987736));
#3495=CARTESIAN_POINT('',(-2.31534185,-1.33676324,3.705734333));
#3496=CARTESIAN_POINT('',(-1.157670925,-2.00514486,3.735480931));
#3497=CARTESIAN_POINT('',(-7.079592815E-16,-2.67352648,3.765227529));
#3498=CARTESIAN_POINT('',(1.157670925,-2.00514486,3.794974126));
#3499=CARTESIAN_POINT('',(2.31534185,-1.33676324,3.824720724));
#3500=CARTESIAN_POINT('',(2.31534185,5.311058881E-32,3.854467322));
#3501=CARTESIAN_POINT('',(2.373823512,5.311058881E-32,0.956612279));
#3502=CARTESIAN_POINT('',(2.373823512,1.370527644,0.986358877));
#3503=CARTESIAN_POINT('',(1.186911756,2.055791466,1.016105474));
#3504=CARTESIAN_POINT('',(-4.899920528E-17,2.741055288,1.045852072));
#3505=CARTESIAN_POINT('',(-1.186911756,2.055791466,1.075598669));
#3506=CARTESIAN_POINT('',(-2.373823512,1.370527644,1.105345267));
#3507=CARTESIAN_POINT('',(-2.373823512,2.907095366E-16,1.135091865));
#3508=CARTESIAN_POINT('',(-2.373823512,-1.370527644,1.164838462));
#3509=CARTESIAN_POINT('',(-1.186911756,-2.055791466,1.19458506));
#3510=CARTESIAN_POINT('',(-7.203641222E-16,-2.741055288,1.224331658));
#3511=CARTESIAN_POINT('',(1.186911756,-2.055791466,1.254078255));
#3512=CARTESIAN_POINT('',(2.373823512,-1.370527644,1.283824853));
#3513=CARTESIAN_POINT('',(2.373823512,5.311058881E-32,1.313571451));
#3514=CARTESIAN_POINT('',(2.373823512,1.370527644,1.343318048));
#3515=CARTESIAN_POINT('',(1.186911756,2.055791466,1.373064646));
#3516=CARTESIAN_POINT('',(-4.899920528E-17,2.741055288,1.402811243));
#3517=CARTESIAN_POINT('',(-1.186911756,2.055791466,1.432557841));
#3518=CARTESIAN_POINT('',(-2.373823512,1.370527644,1.462304439));
#3519=CARTESIAN_POINT('',(-2.373823512,2.907095366E-16,1.492051036));
#3520=CARTESIAN_POINT('',(-2.373823512,-1.370527644,1.521797634));
#3521=CARTESIAN_POINT('',(-1.186911756,-2.055791466,1.551544232));
#3522=CARTESIAN_POINT('',(-7.203641222E-16,-2.741055288,1.581290829));
#3523=CARTESIAN_POINT('',(1.186911756,-2.055791466,1.611037427));
#3524=CARTESIAN_POINT('',(2.373823512,-1.370527644,1.640784025));
#3525=CARTESIAN_POINT('',(2.373823512,5.311058881E-32,1.670530622));
#3526=CARTESIAN_POINT('',(2.373823512,1.370527644,1.70027722));
#3527=CARTESIAN_POINT('',(1.186911756,2.055791466,1.730023817));
#3528=CARTESIAN_POINT('',(-4.899920528E-17,2.741055288,1.759770415));
#3529=CARTESIAN_POINT('',(-1.186911756,2.055791466,1.789517013));
#3530=CARTESIAN_POINT('',(-2.373823512,1.370527644,1.81926361));
#3531=CARTESIAN_POINT('',(-2.373823512,2.907095366E-16,1.849010208));
#3532=CARTESIAN_POINT('',(-2.373823512,-1.370527644,1.878756806));
#3533=CARTESIAN_POINT('',(-1.186911756,-2.055791466,1.908503403));
#3534=CARTESIAN_POINT('',(-7.203641222E-16,-2.741055288,1.938250001));
#3535=CARTESIAN_POINT('',(1.186911756,-2.055791466,1.967996599));
#3536=CARTESIAN_POINT('',(2.373823512,-1.370527644,1.997743196));
#3537=CARTESIAN_POINT('',(2.373823512,5.311058881E-32,2.027489794));
#3538=CARTESIAN_POINT('',(2.373823512,1.370527644,2.057236392));
#3539=CARTESIAN_POINT('',(1.186911756,2.055791466,2.086982989));
#3540=CARTESIAN_POINT('',(-4.899920528E-17,2.741055288,2.116729587));
#3541=CARTESIAN_POINT('',(-1.186911756,2.055791466,2.146476184));
#3542=CARTESIAN_POINT('',(-2.373823512,1.370527644,2.176222782));
#3543=CARTESIAN_POINT('',(-2.373823512,2.907095366E-16,2.20596938));
#3544=CARTESIAN_POINT('',(-2.373823512,-1.370527644,2.235715977));
#3545=CARTESIAN_POINT('',(-1.186911756,-2.055791466,2.265462575));
#3546=CARTESIAN_POINT('',(-7.203641222E-16,-2.741055288,2.295209173));
#3547=CARTESIAN_POINT('',(1.186911756,-2.055791466,2.32495577));
#3548=CARTESIAN_POINT('',(2.373823512,-1.370527644,2.354702368));
#3549=CARTESIAN_POINT('',(2.373823512,5.311058881E-32,2.384448966));
#3550=CARTESIAN_POINT('',(2.373823512,1.370527644,2.414195563));
#3551=CARTESIAN_POINT('',(1.186911756,2.055791466,2.443942161));
#3552=CARTESIAN_POINT('',(-4.899920528E-17,2.741055288,2.473688758));
#3553=CARTESIAN_POINT('',(-1.186911756,2.055791466,2.503435356));
#3554=CARTESIAN_POINT('',(-2.373823512,1.370527644,2.533181954));
#3555=CARTESIAN_POINT('',(-2.373823512,2.907095366E-16,2.562928551));
#3556=CARTESIAN_POINT('',(-2.373823512,-1.370527644,2.592675149));
#3557=CARTESIAN_POINT('',(-1.186911756,-2.055791466,2.622421747));
#3558=CARTESIAN_POINT('',(-7.203641222E-16,-2.741055288,2.652168344));
#3559=CARTESIAN_POINT('',(1.186911756,-2.055791466,2.681914942));
#3560=CARTESIAN_POINT('',(2.373823512,-1.370527644,2.71166154));
#3561=CARTESIAN_POINT('',(2.373823512,5.311058881E-32,2.741408137));
#3562=CARTESIAN_POINT('',(2.373823512,1.370527644,2.771154735));
#3563=CARTESIAN_POINT('',(1.186911756,2.055791466,2.800901333));
#3564=CARTESIAN_POINT('',(-4.899920528E-17,2.741055288,2.83064793));
#3565=CARTESIAN_POINT('',(-1.186911756,2.055791466,2.860394528));
#3566=CARTESIAN_POINT('',(-2.373823512,1.370527644,2.890141125));
#3567=CARTESIAN_POINT('',(-2.373823512,2.907095366E-16,2.919887723));
#3568=CARTESIAN_POINT('',(-2.373823512,-1.370527644,2.949634321));
#3569=CARTESIAN_POINT('',(-1.186911756,-2.055791466,2.979380918));
#3570=CARTESIAN_POINT('',(-7.203641222E-16,-2.741055288,3.009127516));
#3571=CARTESIAN_POINT('',(1.186911756,-2.055791466,3.038874114));
#3572=CARTESIAN_POINT('',(2.373823512,-1.370527644,3.068620711));
#3573=CARTESIAN_POINT('',(2.373823512,5.311058881E-32,3.098367309));
#3574=CARTESIAN_POINT('',(2.373823512,1.370527644,3.128113907));
#3575=CARTESIAN_POINT('',(1.186911756,2.055791466,3.157860504));
#3576=CARTESIAN_POINT('',(-4.899920528E-17,2.741055288,3.187607102));
#3577=CARTESIAN_POINT('',(-1.186911756,2.055791466,3.217353699));
#3578=CARTESIAN_POINT('',(-2.373823512,1.370527644,3.247100297));
#3579=CARTESIAN_POINT('',(-2.373823512,2.907095366E-16,3.276846895));
#3580=CARTESIAN_POINT('',(-2.373823512,-1.370527644,3.306593492));
#3581=CARTESIAN_POINT('',(-1.186911756,-2.055791466,3.33634009));
#3582=CARTESIAN_POINT('',(-7.203641222E-16,-2.741055288,3.366086688));
#3583=CARTESIAN_POINT('',(1.186911756,-2.055791466,3.395833285));
#3584=CARTESIAN_POINT('',(2.373823512,-1.370527644,3.425579883));
#3585=CARTESIAN_POINT('',(2.373823512,5.311058881E-32,3.455326481));
#3586=CARTESIAN_POINT('',(2.373823512,1.370527644,3.485073078));
#3587=CARTESIAN_POINT('',(1.186911756,2.055791466,3.514819676));
#3588=CARTESIAN_POINT('',(-4.899920528E-17,2.741055288,3.544566274));
#3589=CARTESIAN_POINT('',(-1.186911756,2.055791466,3.574312871));
#3590=CARTESIAN_POINT('',(-2.373823512,1.370527644,3.604059469));
#3591=CARTESIAN_POINT('',(-2.373823512,2.907095366E-16,3.633806066));
#3592=CARTESIAN_POINT('',(-2.373823512,-1.370527644,3.663552664));
#3593=CARTESIAN_POINT('',(-1.186911756,-2.055791466,3.693299262));
#3594=CARTESIAN_POINT('',(-7.203641222E-16,-2.741055288,3.723045859));
#3595=CARTESIAN_POINT('',(1.186911756,-2.055791466,3.752792457));
#3596=CARTESIAN_POINT('',(2.373823512,-1.370527644,3.782539055));
#3597=CARTESIAN_POINT('',(2.373823512,5.311058881E-32,3.812285652));
#3598=CARTESIAN_POINT('',(2.406670207,5.311058881E-32,0.892421214));
#3599=CARTESIAN_POINT('',(2.406670207,1.389491692,0.922167812));
#3600=CARTESIAN_POINT('',(1.203335104,2.084237538,0.95191441));
#3601=CARTESIAN_POINT('',(-4.66767792E-17,2.778983384,0.981661007));
#3602=CARTESIAN_POINT('',(-1.203335104,2.084237538,1.011407605));
#3603=CARTESIAN_POINT('',(-2.406670207,1.389491692,1.041154203));
#3604=CARTESIAN_POINT('',(-2.406670207,2.947320966E-16,1.0709008));
#3605=CARTESIAN_POINT('',(-2.406670207,-1.389491692,1.100647398));
#3606=CARTESIAN_POINT('',(-1.203335104,-2.084237538,1.130393996));
#3607=CARTESIAN_POINT('',(-7.273314004E-16,-2.778983384,1.160140593));
#3608=CARTESIAN_POINT('',(1.203335104,-2.084237538,1.189887191));
#3609=CARTESIAN_POINT('',(2.406670207,-1.389491692,1.219633788));
#3610=CARTESIAN_POINT('',(2.406670207,5.311058881E-32,1.249380386));
#3611=CARTESIAN_POINT('',(2.406670207,1.389491692,1.279126984));
#3612=CARTESIAN_POINT('',(1.203335104,2.084237538,1.308873581));
#3613=CARTESIAN_POINT('',(-4.66767792E-17,2.778983384,1.338620179));
#3614=CARTESIAN_POINT('',(-1.203335104,2.084237538,1.368366777));
#3615=CARTESIAN_POINT('',(-2.406670207,1.389491692,1.398113374));
#3616=CARTESIAN_POINT('',(-2.406670207,2.947320966E-16,1.427859972));
#3617=CARTESIAN_POINT('',(-2.406670207,-1.389491692,1.45760657));
#3618=CARTESIAN_POINT('',(-1.203335104,-2.084237538,1.487353167));
#3619=CARTESIAN_POINT('',(-7.273314004E-16,-2.778983384,1.517099765));
#3620=CARTESIAN_POINT('',(1.203335104,-2.084237538,1.546846363));
#3621=CARTESIAN_POINT('',(2.406670207,-1.389491692,1.57659296));
#3622=CARTESIAN_POINT('',(2.406670207,5.311058881E-32,1.606339558));
#3623=CARTESIAN_POINT('',(2.406670207,1.389491692,1.636086155));
#3624=CARTESIAN_POINT('',(1.203335104,2.084237538,1.665832753));
#3625=CARTESIAN_POINT('',(-4.66767792E-17,2.778983384,1.695579351));
#3626=CARTESIAN_POINT('',(-1.203335104,2.084237538,1.725325948));
#3627=CARTESIAN_POINT('',(-2.406670207,1.389491692,1.755072546));
#3628=CARTESIAN_POINT('',(-2.406670207,2.947320966E-16,1.784819144));
#3629=CARTESIAN_POINT('',(-2.406670207,-1.389491692,1.814565741));
#3630=CARTESIAN_POINT('',(-1.203335104,-2.084237538,1.844312339));
#3631=CARTESIAN_POINT('',(-7.273314004E-16,-2.778983384,1.874058937));
#3632=CARTESIAN_POINT('',(1.203335104,-2.084237538,1.903805534));
#3633=CARTESIAN_POINT('',(2.406670207,-1.389491692,1.933552132));
#3634=CARTESIAN_POINT('',(2.406670207,5.311058881E-32,1.963298729));
#3635=CARTESIAN_POINT('',(2.406670207,1.389491692,1.993045327));
#3636=CARTESIAN_POINT('',(1.203335104,2.084237538,2.022791925));
#3637=CARTESIAN_POINT('',(-4.66767792E-17,2.778983384,2.052538522));
#3638=CARTESIAN_POINT('',(-1.203335104,2.084237538,2.08228512));
#3639=CARTESIAN_POINT('',(-2.406670207,1.389491692,2.112031718));
#3640=CARTESIAN_POINT('',(-2.406670207,2.947320966E-16,2.141778315));
#3641=CARTESIAN_POINT('',(-2.406670207,-1.389491692,2.171524913));
#3642=CARTESIAN_POINT('',(-1.203335104,-2.084237538,2.201271511));
#3643=CARTESIAN_POINT('',(-7.273314004E-16,-2.778983384,2.231018108));
#3644=CARTESIAN_POINT('',(1.203335104,-2.084237538,2.260764706));
#3645=CARTESIAN_POINT('',(2.406670207,-1.389491692,2.290511304));
#3646=CARTESIAN_POINT('',(2.406670207,5.311058881E-32,2.320257901));
#3647=CARTESIAN_POINT('',(2.406670207,1.389491692,2.350004499));
#3648=CARTESIAN_POINT('',(1.203335104,2.084237538,2.379751096));
#3649=CARTESIAN_POINT('',(-4.66767792E-17,2.778983384,2.409497694));
#3650=CARTESIAN_POINT('',(-1.203335104,2.084237538,2.439244292));
#3651=CARTESIAN_POINT('',(-2.406670207,1.389491692,2.468990889));
#3652=CARTESIAN_POINT('',(-2.406670207,2.947320966E-16,2.498737487));
#3653=CARTESIAN_POINT('',(-2.406670207,-1.389491692,2.528484085));
#3654=CARTESIAN_POINT('',(-1.203335104,-2.084237538,2.558230682));
#3655=CARTESIAN_POINT('',(-7.273314004E-16,-2.778983384,2.58797728));
#3656=CARTESIAN_POINT('',(1.203335104,-2.084237538,2.617723878));
#3657=CARTESIAN_POINT('',(2.406670207,-1.389491692,2.647470475));
#3658=CARTESIAN_POINT('',(2.406670207,5.311058881E-32,2.677217073));
#3659=CARTESIAN_POINT('',(2.406670207,1.389491692,2.70696367));
#3660=CARTESIAN_POINT('',(1.203335104,2.084237538,2.736710268));
#3661=CARTESIAN_POINT('',(-4.66767792E-17,2.778983384,2.766456866));
#3662=CARTESIAN_POINT('',(-1.203335104,2.084237538,2.796203463));
#3663=CARTESIAN_POINT('',(-2.406670207,1.389491692,2.825950061));
#3664=CARTESIAN_POINT('',(-2.406670207,2.947320966E-16,2.855696659));
#3665=CARTESIAN_POINT('',(-2.406670207,-1.389491692,2.885443256));
#3666=CARTESIAN_POINT('',(-1.203335104,-2.084237538,2.915189854));
#3667=CARTESIAN_POINT('',(-7.273314004E-16,-2.778983384,2.944936452));
#3668=CARTESIAN_POINT('',(1.203335104,-2.084237538,2.974683049));
#3669=CARTESIAN_POINT('',(2.406670207,-1.389491692,3.004429647));
#3670=CARTESIAN_POINT('',(2.406670207,5.311058881E-32,3.034176244));
#3671=CARTESIAN_POINT('',(2.406670207,1.389491692,3.063922842));
#3672=CARTESIAN_POINT('',(1.203335104,2.084237538,3.09366944));
#3673=CARTESIAN_POINT('',(-4.66767792E-17,2.778983384,3.123416037));
#3674=CARTESIAN_POINT('',(-1.203335104,2.084237538,3.153162635));
#3675=CARTESIAN_POINT('',(-2.406670207,1.389491692,3.182909233));
#3676=CARTESIAN_POINT('',(-2.406670207,2.947320966E-16,3.21265583));
#3677=CARTESIAN_POINT('',(-2.406670207,-1.389491692,3.242402428));
#3678=CARTESIAN_POINT('',(-1.203335104,-2.084237538,3.272149026));
#3679=CARTESIAN_POINT('',(-7.273314004E-16,-2.778983384,3.301895623));
#3680=CARTESIAN_POINT('',(1.203335104,-2.084237538,3.331642221));
#3681=CARTESIAN_POINT('',(2.406670207,-1.389491692,3.361388819));
#3682=CARTESIAN_POINT('',(2.406670207,5.311058881E-32,3.391135416));
#3683=CARTESIAN_POINT('',(2.406670207,1.389491692,3.420882014));
#3684=CARTESIAN_POINT('',(1.203335104,2.084237538,3.450628611));
#3685=CARTESIAN_POINT('',(-4.66767792E-17,2.778983384,3.480375209));
#3686=CARTESIAN_POINT('',(-1.203335104,2.084237538,3.510121807));
#3687=CARTESIAN_POINT('',(-2.406670207,1.389491692,3.539868404));
#3688=CARTESIAN_POINT('',(-2.406670207,2.947320966E-16,3.569615002));
#3689=CARTESIAN_POINT('',(-2.406670207,-1.389491692,3.5993616));
#3690=CARTESIAN_POINT('',(-1.203335104,-2.084237538,3.629108197));
#3691=CARTESIAN_POINT('',(-7.273314004E-16,-2.778983384,3.658854795));
#3692=CARTESIAN_POINT('',(1.203335104,-2.084237538,3.688601393));
#3693=CARTESIAN_POINT('',(2.406670207,-1.389491692,3.71834799));
#3694=CARTESIAN_POINT('',(2.406670207,5.311058881E-32,3.748094588));
#3695=CARTESIAN_POINT('',(2.406670207,5.311058881E-32,0.820314362));
#3696=CARTESIAN_POINT('',(2.406670207,1.389491692,0.85006096));
#3697=CARTESIAN_POINT('',(1.203335104,2.084237538,0.879807558));
#3698=CARTESIAN_POINT('',(-4.66767792E-17,2.778983384,0.909554155));
#3699=CARTESIAN_POINT('',(-1.203335104,2.084237538,0.939300753));
#3700=CARTESIAN_POINT('',(-2.406670207,1.389491692,0.969047351));
#3701=CARTESIAN_POINT('',(-2.406670207,2.947320966E-16,0.998793948));
#3702=CARTESIAN_POINT('',(-2.406670207,-1.389491692,1.028540546));
#3703=CARTESIAN_POINT('',(-1.203335104,-2.084237538,1.058287144));
#3704=CARTESIAN_POINT('',(-7.273314004E-16,-2.778983384,1.088033741));
#3705=CARTESIAN_POINT('',(1.203335104,-2.084237538,1.117780339));
#3706=CARTESIAN_POINT('',(2.406670207,-1.389491692,1.147526936));
#3707=CARTESIAN_POINT('',(2.406670207,5.311058881E-32,1.177273534));
#3708=CARTESIAN_POINT('',(2.406670207,1.389491692,1.207020132));
#3709=CARTESIAN_POINT('',(1.203335104,2.084237538,1.236766729));
#3710=CARTESIAN_POINT('',(-4.66767792E-17,2.778983384,1.266513327));
#3711=CARTESIAN_POINT('',(-1.203335104,2.084237538,1.296259925));
#3712=CARTESIAN_POINT('',(-2.406670207,1.389491692,1.326006522));
#3713=CARTESIAN_POINT('',(-2.406670207,2.947320966E-16,1.35575312));
#3714=CARTESIAN_POINT('',(-2.406670207,-1.389491692,1.385499718));
#3715=CARTESIAN_POINT('',(-1.203335104,-2.084237538,1.415246315));
#3716=CARTESIAN_POINT('',(-7.273314004E-16,-2.778983384,1.444992913));
#3717=CARTESIAN_POINT('',(1.203335104,-2.084237538,1.47473951));
#3718=CARTESIAN_POINT('',(2.406670207,-1.389491692,1.504486108));
#3719=CARTESIAN_POINT('',(2.406670207,5.311058881E-32,1.534232706));
#3720=CARTESIAN_POINT('',(2.406670207,1.389491692,1.563979303));
#3721=CARTESIAN_POINT('',(1.203335104,2.084237538,1.593725901));
#3722=CARTESIAN_POINT('',(-4.66767792E-17,2.778983384,1.623472499));
#3723=CARTESIAN_POINT('',(-1.203335104,2.084237538,1.653219096));
#3724=CARTESIAN_POINT('',(-2.406670207,1.389491692,1.682965694));
#3725=CARTESIAN_POINT('',(-2.406670207,2.947320966E-16,1.712712292));
#3726=CARTESIAN_POINT('',(-2.406670207,-1.389491692,1.742458889));
#3727=CARTESIAN_POINT('',(-1.203335104,-2.084237538,1.772205487));
#3728=CARTESIAN_POINT('',(-7.273314004E-16,-2.778983384,1.801952084));
#3729=CARTESIAN_POINT('',(1.203335104,-2.084237538,1.831698682));
#3730=CARTESIAN_POINT('',(2.406670207,-1.389491692,1.86144528));
#3731=CARTESIAN_POINT('',(2.406670207,5.311058881E-32,1.891191877));
#3732=CARTESIAN_POINT('',(2.406670207,1.389491692,1.920938475));
#3733=CARTESIAN_POINT('',(1.203335104,2.084237538,1.950685073));
#3734=CARTESIAN_POINT('',(-4.66767792E-17,2.778983384,1.98043167));
#3735=CARTESIAN_POINT('',(-1.203335104,2.084237538,2.010178268));
#3736=CARTESIAN_POINT('',(-2.406670207,1.389491692,2.039924866));
#3737=CARTESIAN_POINT('',(-2.406670207,2.947320966E-16,2.069671463));
#3738=CARTESIAN_POINT('',(-2.406670207,-1.389491692,2.099418061));
#3739=CARTESIAN_POINT('',(-1.203335104,-2.084237538,2.129164659));
#3740=CARTESIAN_POINT('',(-7.273314004E-16,-2.778983384,2.158911256));
#3741=CARTESIAN_POINT('',(1.203335104,-2.084237538,2.188657854));
#3742=CARTESIAN_POINT('',(2.406670207,-1.389491692,2.218404451));
#3743=CARTESIAN_POINT('',(2.406670207,5.311058881E-32,2.248151049));
#3744=CARTESIAN_POINT('',(2.406670207,1.389491692,2.277897647));
#3745=CARTESIAN_POINT('',(1.203335104,2.084237538,2.307644244));
#3746=CARTESIAN_POINT('',(-4.66767792E-17,2.778983384,2.337390842));
#3747=CARTESIAN_POINT('',(-1.203335104,2.084237538,2.36713744));
#3748=CARTESIAN_POINT('',(-2.406670207,1.389491692,2.396884037));
#3749=CARTESIAN_POINT('',(-2.406670207,2.947320966E-16,2.426630635));
#3750=CARTESIAN_POINT('',(-2.406670207,-1.389491692,2.456377233));
#3751=CARTESIAN_POINT('',(-1.203335104,-2.084237538,2.48612383));
#3752=CARTESIAN_POINT('',(-7.273314004E-16,-2.778983384,2.515870428));
#3753=CARTESIAN_POINT('',(1.203335104,-2.084237538,2.545617025));
#3754=CARTESIAN_POINT('',(2.406670207,-1.389491692,2.575363623));
#3755=CARTESIAN_POINT('',(2.406670207,5.311058881E-32,2.605110221));
#3756=CARTESIAN_POINT('',(2.406670207,1.389491692,2.634856818));
#3757=CARTESIAN_POINT('',(1.203335104,2.084237538,2.664603416));
#3758=CARTESIAN_POINT('',(-4.66767792E-17,2.778983384,2.694350014));
#3759=CARTESIAN_POINT('',(-1.203335104,2.084237538,2.724096611));
#3760=CARTESIAN_POINT('',(-2.406670207,1.389491692,2.753843209));
#3761=CARTESIAN_POINT('',(-2.406670207,2.947320966E-16,2.783589807));
#3762=CARTESIAN_POINT('',(-2.406670207,-1.389491692,2.813336404));
#3763=CARTESIAN_POINT('',(-1.203335104,-2.084237538,2.843083002));
#3764=CARTESIAN_POINT('',(-7.273314004E-16,-2.778983384,2.8728296));
#3765=CARTESIAN_POINT('',(1.203335104,-2.084237538,2.902576197));
#3766=CARTESIAN_POINT('',(2.406670207,-1.389491692,2.932322795));
#3767=CARTESIAN_POINT('',(2.406670207,5.311058881E-32,2.962069392));
#3768=CARTESIAN_POINT('',(2.406670207,1.389491692,2.99181599));
#3769=CARTESIAN_POINT('',(1.203335104,2.084237538,3.021562588));
#3770=CARTESIAN_POINT('',(-4.66767792E-17,2.778983384,3.051309185));
#3771=CARTESIAN_POINT('',(-1.203335104,2.084237538,3.081055783));
#3772=CARTESIAN_POINT('',(-2.406670207,1.389491692,3.110802381));
#3773=CARTESIAN_POINT('',(-2.406670207,2.947320966E-16,3.140548978));
#3774=CARTESIAN_POINT('',(-2.406670207,-1.389491692,3.170295576));
#3775=CARTESIAN_POINT('',(-1.203335104,-2.084237538,3.200042174));
#3776=CARTESIAN_POINT('',(-7.273314004E-16,-2.778983384,3.229788771));
#3777=CARTESIAN_POINT('',(1.203335104,-2.084237538,3.259535369));
#3778=CARTESIAN_POINT('',(2.406670207,-1.389491692,3.289281966));
#3779=CARTESIAN_POINT('',(2.406670207,5.311058881E-32,3.319028564));
#3780=CARTESIAN_POINT('',(2.406670207,1.389491692,3.348775162));
#3781=CARTESIAN_POINT('',(1.203335104,2.084237538,3.378521759));
#3782=CARTESIAN_POINT('',(-4.66767792E-17,2.778983384,3.408268357));
#3783=CARTESIAN_POINT('',(-1.203335104,2.084237538,3.438014955));
#3784=CARTESIAN_POINT('',(-2.406670207,1.389491692,3.467761552));
#3785=CARTESIAN_POINT('',(-2.406670207,2.947320966E-16,3.49750815));
#3786=CARTESIAN_POINT('',(-2.406670207,-1.389491692,3.527254748));
#3787=CARTESIAN_POINT('',(-1.203335104,-2.084237538,3.557001345));
#3788=CARTESIAN_POINT('',(-7.273314004E-16,-2.778983384,3.586747943));
#3789=CARTESIAN_POINT('',(1.203335104,-2.084237538,3.616494541));
#3790=CARTESIAN_POINT('',(2.406670207,-1.389491692,3.646241138));
#3791=CARTESIAN_POINT('',(2.406670207,5.311058881E-32,3.675987736));
#3792=ADVANCED_FACE('',(#3793),#3811,.T.);
#3793=FACE_BOUND('',#3794,.T.);
#3794=EDGE_LOOP('',(#3795,#3796,#3803,#3804));
#3795=ORIENTED_EDGE('',*,*,#3295,.F.);
#3796=ORIENTED_EDGE('',*,*,#3797,.T.);
#3797=EDGE_CURVE('',#3287,#1242,#3798,.F.);
#3798=CIRCLE('',#3799,0.220062161);
#3799=AXIS2_PLACEMENT_3D('',#3800,#3801,#3802);
#3800=CARTESIAN_POINT('',(2.186608046,-4.284516072E-15,3.675987736));
#3801=DIRECTION('',(1.959434879E-15,1.0,0.0));
#3802=DIRECTION('',(1.0,-1.959434879E-15,0.0));
#3803=ORIENTED_EDGE('',*,*,#1465,.F.);
#3804=ORIENTED_EDGE('',*,*,#3805,.T.);
#3805=EDGE_CURVE('',#1364,#2470,#3806,.T.);
#3806=CIRCLE('',#3807,0.220062161);
#3807=AXIS2_PLACEMENT_3D('',#3808,#3809,#3810);
#3808=CARTESIAN_POINT('',(2.186608046,-3.748951563E-15,3.319028564));
#3809=DIRECTION('',(1.714505519E-15,1.0,0.0));
#3810=DIRECTION('',(1.0,-1.714505519E-15,0.0));
#3811=(BOUNDED_SURFACE()B_SPLINE_SURFACE(3,2,((#3812,#3813,#3814,#3815,#3816,#3817,#3818,#3819,#3820,#3821,#3822,#3823,#3824),(#3825,#3826,#3827,#3828,#3829,#3830,#3831,#3832,#3833,#3834,#3835,#3836,#3837),(#3838,#3839,#3840,#3841,#3842,#3843,#3844,#3845,#3846,#3847,#3848,#3849,#3850),(#3851,#3852,#3853,#3854,#3855,#3856,#3857,#3858,#3859,#3860,#3861,#3862,#3863)),.UNSPECIFIED.,.F.,.F.,.U.)B_SPLINE_SURFACE_WITH_KNOTS((4,4),(3,2,2,2,2,2,3),(0.0,1.0),(0.0,0.166666667,0.333333333,0.5,0.666666667,0.833333333,1.0),.UNSPECIFIED.)GEOMETRIC_REPRESENTATION_ITEM()RATIONAL_B_SPLINE_SURFACE(((1.0,0.866025404,1.0,0.866025404,1.0,0.866025404,1.0,0.866025404,1.0,0.866025404,1.0,0.866025404,1.0),(0.87402779,0.75693027,0.87402779,0.75693027,0.87402779,0.75693027,0.87402779,0.75693027,0.87402779,0.75693027,0.87402779,0.75693027,0.87402779),(0.87402779,0.75693027,0.87402779,0.75693027,0.87402779,0.75693027,0.87402779,0.75693027,0.87402779,0.75693027,0.87402779,0.75693027,0.87402779),(1.0,0.866025404,1.0,0.866025404,1.0,0.866025404,1.0,0.866025404,1.0,0.866025404,1.0,0.866025404,1.0)))REPRESENTATION_ITEM('')SURFACE());
#3812=CARTESIAN_POINT('',(2.057874243,-3.528236746E-15,3.49750815));
#3813=CARTESIAN_POINT('',(2.057874243,1.188114248,3.527254748));
#3814=CARTESIAN_POINT('',(1.028937121,1.782171372,3.557001345));
#3815=CARTESIAN_POINT('',(4.002718467E-15,2.376228496,3.586747943));
#3816=CARTESIAN_POINT('',(-1.028937121,1.782171372,3.616494541));
#3817=CARTESIAN_POINT('',(-2.057874243,1.188114248,3.646241138));
#3818=CARTESIAN_POINT('',(-2.057874243,3.780253657E-15,3.675987736));
#3819=CARTESIAN_POINT('',(-2.057874243,-1.188114248,3.705734333));
#3820=CARTESIAN_POINT('',(-1.028937121,-1.782171372,3.735480931));
#3821=CARTESIAN_POINT('',(-4.727403398E-15,-2.376228496,3.765227529));
#3822=CARTESIAN_POINT('',(1.028937121,-1.782171372,3.794974126));
#3823=CARTESIAN_POINT('',(2.057874243,-1.188114248,3.824720724));
#3824=CARTESIAN_POINT('',(2.057874243,-3.528236746E-15,3.854467322));
#3825=CARTESIAN_POINT('',(2.137512047,-3.664776201E-15,3.554949327));
#3826=CARTESIAN_POINT('',(2.137512047,1.234093156,3.584695924));
#3827=CARTESIAN_POINT('',(1.068756023,1.851139734,3.614442522));
#3828=CARTESIAN_POINT('',(4.166011441E-15,2.468186311,3.644189119));
#3829=CARTESIAN_POINT('',(-1.068756023,1.851139734,3.673935717));
#3830=CARTESIAN_POINT('',(-2.137512047,1.234093156,3.703682315));
#3831=CARTESIAN_POINT('',(-2.137512047,3.92654593E-15,3.733428912));
#3832=CARTESIAN_POINT('',(-2.137512047,-1.234093156,3.76317551));
#3833=CARTESIAN_POINT('',(-1.068756023,-1.851139734,3.792922108));
#3834=CARTESIAN_POINT('',(-4.901957957E-15,-2.468186311,3.822668705));
#3835=CARTESIAN_POINT('',(1.068756023,-1.851139734,3.852415303));
#3836=CARTESIAN_POINT('',(2.137512047,-1.234093156,3.882161901));
#3837=CARTESIAN_POINT('',(2.137512047,-3.664776201E-15,3.911908498));
#3838=CARTESIAN_POINT('',(2.235704046,-3.833126924E-15,3.554949327));
#3839=CARTESIAN_POINT('',(2.235704046,1.290784333,3.584695924));
#3840=CARTESIAN_POINT('',(1.117852023,1.936176499,3.614442522));
#3841=CARTESIAN_POINT('',(4.367348779E-15,2.581568665,3.644189119));
#3842=CARTESIAN_POINT('',(-1.117852023,1.936176499,3.673935717));
#3843=CARTESIAN_POINT('',(-2.235704046,1.290784333,3.703682315));
#3844=CARTESIAN_POINT('',(-2.235704046,4.106921705E-15,3.733428912));
#3845=CARTESIAN_POINT('',(-2.235704046,-1.290784333,3.76317551));
#3846=CARTESIAN_POINT('',(-1.117852023,-1.936176499,3.792922108));
#3847=CARTESIAN_POINT('',(-5.117180628E-15,-2.581568665,3.822668705));
#3848=CARTESIAN_POINT('',(1.117852023,-1.936176499,3.852415303));
#3849=CARTESIAN_POINT('',(2.235704046,-1.290784333,3.882161901));
#3850=CARTESIAN_POINT('',(2.235704046,-3.833126924E-15,3.911908498));
#3851=CARTESIAN_POINT('',(2.31534185,-3.969666379E-15,3.49750815));
#3852=CARTESIAN_POINT('',(2.31534185,1.33676324,3.527254748));
#3853=CARTESIAN_POINT('',(1.157670925,2.00514486,3.557001345));
#3854=CARTESIAN_POINT('',(4.530641753E-15,2.67352648,3.586747943));
#3855=CARTESIAN_POINT('',(-1.157670925,2.00514486,3.616494541));
#3856=CARTESIAN_POINT('',(-2.31534185,1.33676324,3.646241138));
#3857=CARTESIAN_POINT('',(-2.31534185,4.253213977E-15,3.675987736));
#3858=CARTESIAN_POINT('',(-2.31534185,-1.33676324,3.705734333));
#3859=CARTESIAN_POINT('',(-1.157670925,-2.00514486,3.735480931));
#3860=CARTESIAN_POINT('',(-5.291735186E-15,-2.67352648,3.765227529));
#3861=CARTESIAN_POINT('',(1.157670925,-2.00514486,3.794974126));
#3862=CARTESIAN_POINT('',(2.31534185,-1.33676324,3.824720724));
#3863=CARTESIAN_POINT('',(2.31534185,-3.969666379E-15,3.854467322));
#3864=ADVANCED_FACE('',(#3865),#3883,.T.);
#3865=FACE_BOUND('',#3866,.T.);
#3866=EDGE_LOOP('',(#3867,#3868,#3875,#3876));
#3867=ORIENTED_EDGE('',*,*,#1966,.F.);
#3868=ORIENTED_EDGE('',*,*,#3869,.T.);
#3869=EDGE_CURVE('',#1355,#2692,#3870,.F.);
#3870=CIRCLE('',#3871,0.220062161);
#3871=AXIS2_PLACEMENT_3D('',#3872,#3873,#3874);
#3872=CARTESIAN_POINT('',(2.186608046,1.40653357E-15,1.177273534));
#3873=DIRECTION('',(-6.432490599E-16,1.0,0.0));
#3874=DIRECTION('',(1.0,6.432490599E-16,0.0));
#3875=ORIENTED_EDGE('',*,*,#2691,.F.);
#3876=ORIENTED_EDGE('',*,*,#3877,.T.);
#3877=EDGE_CURVE('',#2683,#1967,#3878,.T.);
#3878=CIRCLE('',#3879,0.220062161);
#3879=AXIS2_PLACEMENT_3D('',#3880,#3881,#3882);
#3880=CARTESIAN_POINT('',(2.186608046,5.311058881E-32,0.820314362));
#3881=DIRECTION('',(0.0,1.0,0.0));
#3882=DIRECTION('',(1.0,0.0,0.0));
#3883=(BOUNDED_SURFACE()B_SPLINE_SURFACE(3,2,((#3884,#3885,#3886,#3887,#3888,#3889,#3890,#3891,#3892,#3893,#3894,#3895,#3896),(#3897,#3898,#3899,#3900,#3901,#3902,#3903,#3904,#3905,#3906,#3907,#3908,#3909),(#3910,#3911,#3912,#3913,#3914,#3915,#3916,#3917,#3918,#3919,#3920,#3921,#3922),(#3923,#3924,#3925,#3926,#3927,#3928,#3929,#3930,#3931,#3932,#3933,#3934,#3935)),.UNSPECIFIED.,.F.,.F.,.U.)B_SPLINE_SURFACE_WITH_KNOTS((4,4),(3,2,2,2,2,2,3),(0.0,1.0),(0.0,0.166666667,0.333333333,0.5,0.666666667,0.833333333,1.0),.UNSPECIFIED.)GEOMETRIC_REPRESENTATION_ITEM()RATIONAL_B_SPLINE_SURFACE(((1.0,0.866025404,1.0,0.866025404,1.0,0.866025404,1.0,0.866025404,1.0,0.866025404,1.0,0.866025404,1.0),(0.87402779,0.75693027,0.87402779,0.75693027,0.87402779,0.75693027,0.87402779,0.75693027,0.87402779,0.75693027,0.87402779,0.75693027,0.87402779),(0.87402779,0.75693027,0.87402779,0.75693027,0.87402779,0.75693027,0.87402779,0.75693027,0.87402779,0.75693027,0.87402779,0.75693027,0.87402779),(1.0,0.866025404,1.0,0.866025404,1.0,0.866025404,1.0,0.866025404,1.0,0.866025404,1.0,0.866025404,1.0)))REPRESENTATION_ITEM('')SURFACE());
#3884=CARTESIAN_POINT('',(2.31534185,5.311058881E-32,0.641834777));
#3885=CARTESIAN_POINT('',(2.31534185,1.33676324,0.671581374));
#3886=CARTESIAN_POINT('',(1.157670925,2.00514486,0.701327972));
#3887=CARTESIAN_POINT('',(-5.313415218E-17,2.67352648,0.731074569));
#3888=CARTESIAN_POINT('',(-1.157670925,2.00514486,0.760821167));
#3889=CARTESIAN_POINT('',(-2.31534185,1.33676324,0.790567765));
#3890=CARTESIAN_POINT('',(-2.31534185,2.835475985E-16,0.820314362));
#3891=CARTESIAN_POINT('',(-2.31534185,-1.33676324,0.85006096));
#3892=CARTESIAN_POINT('',(-1.157670925,-2.00514486,0.879807558));
#3893=CARTESIAN_POINT('',(-7.079592815E-16,-2.67352648,0.909554155));
#3894=CARTESIAN_POINT('',(1.157670925,-2.00514486,0.939300753));
#3895=CARTESIAN_POINT('',(2.31534185,-1.33676324,0.969047351));
#3896=CARTESIAN_POINT('',(2.31534185,5.311058881E-32,0.998793948));
#3897=CARTESIAN_POINT('',(2.235704046,5.311058881E-32,0.5843936));
#3898=CARTESIAN_POINT('',(2.235704046,1.290784333,0.614140198));
#3899=CARTESIAN_POINT('',(1.117852023,1.936176499,0.643886795));
#3900=CARTESIAN_POINT('',(-5.876494438E-17,2.581568665,0.673633393));
#3901=CARTESIAN_POINT('',(-1.117852023,1.936176499,0.703379991));
#3902=CARTESIAN_POINT('',(-2.235704046,1.290784333,0.733126588));
#3903=CARTESIAN_POINT('',(-2.235704046,2.737947803E-16,0.762873186));
#3904=CARTESIAN_POINT('',(-2.235704046,-1.290784333,0.792619783));
#3905=CARTESIAN_POINT('',(-1.117852023,-1.936176499,0.822366381));
#3906=CARTESIAN_POINT('',(-6.910669049E-16,-2.581568665,0.852112979));
#3907=CARTESIAN_POINT('',(1.117852023,-1.936176499,0.881859576));
#3908=CARTESIAN_POINT('',(2.235704046,-1.290784333,0.911606174));
#3909=CARTESIAN_POINT('',(2.235704046,5.311058881E-32,0.941352772));
#3910=CARTESIAN_POINT('',(2.137512047,5.311058881E-32,0.5843936));
#3911=CARTESIAN_POINT('',(2.137512047,1.234093156,0.614140198));
#3912=CARTESIAN_POINT('',(1.068756023,1.851139734,0.643886795));
#3913=CARTESIAN_POINT('',(-6.57076112E-17,2.468186311,0.673633393));
#3914=CARTESIAN_POINT('',(-1.068756023,1.851139734,0.703379991));
#3915=CARTESIAN_POINT('',(-2.137512047,1.234093156,0.733126588));
#3916=CARTESIAN_POINT('',(-2.137512047,2.617697286E-16,0.762873186));
#3917=CARTESIAN_POINT('',(-2.137512047,-1.234093156,0.792619783));
#3918=CARTESIAN_POINT('',(-1.068756023,-1.851139734,0.822366381));
#3919=CARTESIAN_POINT('',(-6.702389044E-16,-2.468186311,0.852112979));
#3920=CARTESIAN_POINT('',(1.068756023,-1.851139734,0.881859576));
#3921=CARTESIAN_POINT('',(2.137512047,-1.234093156,0.911606174));
#3922=CARTESIAN_POINT('',(2.137512047,5.311058881E-32,0.941352772));
#3923=CARTESIAN_POINT('',(2.057874243,5.311058881E-32,0.641834777));
#3924=CARTESIAN_POINT('',(2.057874243,1.188114248,0.671581374));
#3925=CARTESIAN_POINT('',(1.028937121,1.782171372,0.701327972));
#3926=CARTESIAN_POINT('',(-7.13384034E-17,2.376228496,0.731074569));
#3927=CARTESIAN_POINT('',(-1.028937121,1.782171372,0.760821167));
#3928=CARTESIAN_POINT('',(-2.057874243,1.188114248,0.790567765));
#3929=CARTESIAN_POINT('',(-2.057874243,2.520169105E-16,0.820314362));
#3930=CARTESIAN_POINT('',(-2.057874243,-1.188114248,0.85006096));
#3931=CARTESIAN_POINT('',(-1.028937121,-1.782171372,0.879807558));
#3932=CARTESIAN_POINT('',(-6.533465278E-16,-2.376228496,0.909554155));
#3933=CARTESIAN_POINT('',(1.028937121,-1.782171372,0.939300753));
#3934=CARTESIAN_POINT('',(2.057874243,-1.188114248,0.969047351));
#3935=CARTESIAN_POINT('',(2.057874243,5.311058881E-32,0.998793948));
#3936=ADVANCED_FACE('',(#3937),#3945,.T.);
#3937=FACE_BOUND('',#3938,.T.);
#3938=EDGE_LOOP('',(#3939,#3940,#3941,#3942,#3943,#3944));
#3939=ORIENTED_EDGE('',*,*,#3805,.F.);
#3940=ORIENTED_EDGE('',*,*,#1958,.F.);
#3941=ORIENTED_EDGE('',*,*,#1241,.F.);
#3942=ORIENTED_EDGE('',*,*,#3797,.F.);
#3943=ORIENTED_EDGE('',*,*,#3286,.F.);
#3944=ORIENTED_EDGE('',*,*,#2571,.F.);
#3945=PLANE('',#3946);
#3946=AXIS2_PLACEMENT_3D('',#3947,#3948,#3949);
#3947=CARTESIAN_POINT('',(2.186608046,-4.284516072E-15,3.675987736));
#3948=DIRECTION('',(1.959434879E-15,1.0,0.0));
#3949=DIRECTION('',(0.0,0.0,1.0));
#3950=ADVANCED_FACE('',(#3951),#3959,.F.);
#3951=FACE_BOUND('',#3952,.T.);
#3952=EDGE_LOOP('',(#3953,#3954,#3955,#3956,#3957,#3958));
#3953=ORIENTED_EDGE('',*,*,#3397,.F.);
#3954=ORIENTED_EDGE('',*,*,#3869,.F.);
#3955=ORIENTED_EDGE('',*,*,#1354,.F.);
#3956=ORIENTED_EDGE('',*,*,#2068,.F.);
#3957=ORIENTED_EDGE('',*,*,#3877,.F.);
#3958=ORIENTED_EDGE('',*,*,#2682,.F.);
#3959=PLANE('',#3960);
#3960=AXIS2_PLACEMENT_3D('',#3961,#3962,#3963);
#3961=CARTESIAN_POINT('',(2.186608046,5.311058881E-32,0.820314362));
#3962=DIRECTION('',(0.0,1.0,0.0));
#3963=DIRECTION('',(0.0,0.0,1.0));
#3964=AXIS2_PLACEMENT_3D('',#3965,#3966,#3967);
#3965=CARTESIAN_POINT('',(0.0,0.0,0.0));
#3966=DIRECTION('',(0.0,0.0,1.0));
#3967=DIRECTION('',(1.0,0.0,0.0));
#3968=(GEOMETRIC_REPRESENTATION_CONTEXT(3)GLOBAL_UNCERTAINTY_ASSIGNED_CONTEXT((#3972))GLOBAL_UNIT_ASSIGNED_CONTEXT((#3969,#3970,#3971))REPRESENTATION_CONTEXT('',''));
#3969=(LENGTH_UNIT()NAMED_UNIT(*)SI_UNIT(.MILLI.,.METRE.));
#3970=(NAMED_UNIT(*)PLANE_ANGLE_UNIT()SI_UNIT($,.RADIAN.));
#3971=(NAMED_UNIT(*)SI_UNIT($,.STERADIAN.)SOLID_ANGLE_UNIT());
#3972=UNCERTAINTY_MEASURE_WITH_UNIT(LENGTH_MEASURE(0.002871296),#3969,'','maximum tolerance');
#3973=ADVANCED_BREP_SHAPE_REPRESENTATION('',(#9,#1235,#3964),#3968);
#3974=SHAPE_DEFINITION_REPRESENTATION(#8,#3973);
#3975=PRODUCT_RELATED_PRODUCT_CATEGORY('part',$,(#4));
#3976=STYLED_ITEM('',(#3977),#11);
#3977=PRESENTATION_STYLE_ASSIGNMENT((#3978));
#3978=SURFACE_STYLE_USAGE(.BOTH.,#3979);
#3979=SURFACE_SIDE_STYLE('',(#3980));
#3980=SURFACE_STYLE_FILL_AREA(#3981);
#3981=FILL_AREA_STYLE('',(#3983));
#3982=COLOUR_RGB('',0.200000003,0.200000003,0.200000003);
#3983=FILL_AREA_STYLE_COLOUR('',#3982);
#3984=STYLED_ITEM('',(#3985),#51);
#3985=PRESENTATION_STYLE_ASSIGNMENT((#3986));
#3986=SURFACE_STYLE_USAGE(.BOTH.,#3987);
#3987=SURFACE_SIDE_STYLE('',(#3988));
#3988=SURFACE_STYLE_FILL_AREA(#3989);
#3989=FILL_AREA_STYLE('',(#3991));
#3990=COLOUR_RGB('',0.200000003,0.200000003,0.200000003);
#3991=FILL_AREA_STYLE_COLOUR('',#3990);
#3992=STYLED_ITEM('',(#3993),#91);
#3993=PRESENTATION_STYLE_ASSIGNMENT((#3994));
#3994=SURFACE_STYLE_USAGE(.BOTH.,#3995);
#3995=SURFACE_SIDE_STYLE('',(#3996));
#3996=SURFACE_STYLE_FILL_AREA(#3997);
#3997=FILL_AREA_STYLE('',(#3999));
#3998=COLOUR_RGB('',0.200000003,0.200000003,0.200000003);
#3999=FILL_AREA_STYLE_COLOUR('',#3998);
#4000=STYLED_ITEM('',(#4001),#124);
#4001=PRESENTATION_STYLE_ASSIGNMENT((#4002));
#4002=SURFACE_STYLE_USAGE(.BOTH.,#4003);
#4003=SURFACE_SIDE_STYLE('',(#4004));
#4004=SURFACE_STYLE_FILL_AREA(#4005);
#4005=FILL_AREA_STYLE('',(#4007));
#4006=COLOUR_RGB('',0.200000003,0.200000003,0.200000003);
#4007=FILL_AREA_STYLE_COLOUR('',#4006);
#4008=STYLED_ITEM('',(#4009),#157);
#4009=PRESENTATION_STYLE_ASSIGNMENT((#4010));
#4010=SURFACE_STYLE_USAGE(.BOTH.,#4011);
#4011=SURFACE_SIDE_STYLE('',(#4012));
#4012=SURFACE_STYLE_FILL_AREA(#4013);
#4013=FILL_AREA_STYLE('',(#4015));
#4014=COLOUR_RGB('',0.200000003,0.200000003,0.200000003);
#4015=FILL_AREA_STYLE_COLOUR('',#4014);
#4016=STYLED_ITEM('',(#4017),#190);
#4017=PRESENTATION_STYLE_ASSIGNMENT((#4018));
#4018=SURFACE_STYLE_USAGE(.BOTH.,#4019);
#4019=SURFACE_SIDE_STYLE('',(#4020));
#4020=SURFACE_STYLE_FILL_AREA(#4021);
#4021=FILL_AREA_STYLE('',(#4023));
#4022=COLOUR_RGB('',0.200000003,0.200000003,0.200000003);
#4023=FILL_AREA_STYLE_COLOUR('',#4022);
#4024=STYLED_ITEM('',(#4025),#223);
#4025=PRESENTATION_STYLE_ASSIGNMENT((#4026));
#4026=SURFACE_STYLE_USAGE(.BOTH.,#4027);
#4027=SURFACE_SIDE_STYLE('',(#4028));
#4028=SURFACE_STYLE_FILL_AREA(#4029);
#4029=FILL_AREA_STYLE('',(#4031));
#4030=COLOUR_RGB('',0.200000003,0.200000003,0.200000003);
#4031=FILL_AREA_STYLE_COLOUR('',#4030);
#4032=STYLED_ITEM('',(#4033),#247);
#4033=PRESENTATION_STYLE_ASSIGNMENT((#4034));
#4034=SURFACE_STYLE_USAGE(.BOTH.,#4035);
#4035=SURFACE_SIDE_STYLE('',(#4036));
#4036=SURFACE_STYLE_FILL_AREA(#4037);
#4037=FILL_AREA_STYLE('',(#4039));
#4038=COLOUR_RGB('',0.200000003,0.200000003,0.200000003);
#4039=FILL_AREA_STYLE_COLOUR('',#4038);
#4040=STYLED_ITEM('',(#4041),#289);
#4041=PRESENTATION_STYLE_ASSIGNMENT((#4042));
#4042=SURFACE_STYLE_USAGE(.BOTH.,#4043);
#4043=SURFACE_SIDE_STYLE('',(#4044));
#4044=SURFACE_STYLE_FILL_AREA(#4045);
#4045=FILL_AREA_STYLE('',(#4047));
#4046=COLOUR_RGB('',0.200000003,0.200000003,0.200000003);
#4047=FILL_AREA_STYLE_COLOUR('',#4046);
#4048=STYLED_ITEM('',(#4049),#331);
#4049=PRESENTATION_STYLE_ASSIGNMENT((#4050));
#4050=SURFACE_STYLE_USAGE(.BOTH.,#4051);
#4051=SURFACE_SIDE_STYLE('',(#4052));
#4052=SURFACE_STYLE_FILL_AREA(#4053);
#4053=FILL_AREA_STYLE('',(#4055));
#4054=COLOUR_RGB('',0.200000003,0.200000003,0.200000003);
#4055=FILL_AREA_STYLE_COLOUR('',#4054);
#4056=STYLED_ITEM('',(#4057),#373);
#4057=PRESENTATION_STYLE_ASSIGNMENT((#4058));
#4058=SURFACE_STYLE_USAGE(.BOTH.,#4059);
#4059=SURFACE_SIDE_STYLE('',(#4060));
#4060=SURFACE_STYLE_FILL_AREA(#4061);
#4061=FILL_AREA_STYLE('',(#4063));
#4062=COLOUR_RGB('',0.200000003,0.200000003,0.200000003);
#4063=FILL_AREA_STYLE_COLOUR('',#4062);
#4064=STYLED_ITEM('',(#4065),#404);
#4065=PRESENTATION_STYLE_ASSIGNMENT((#4066));
#4066=SURFACE_STYLE_USAGE(.BOTH.,#4067);
#4067=SURFACE_SIDE_STYLE('',(#4068));
#4068=SURFACE_STYLE_FILL_AREA(#4069);
#4069=FILL_AREA_STYLE('',(#4071));
#4070=COLOUR_RGB('',0.200000003,0.200000003,0.200000003);
#4071=FILL_AREA_STYLE_COLOUR('',#4070);
#4072=STYLED_ITEM('',(#4073),#437);
#4073=PRESENTATION_STYLE_ASSIGNMENT((#4074));
#4074=SURFACE_STYLE_USAGE(.BOTH.,#4075);
#4075=SURFACE_SIDE_STYLE('',(#4076));
#4076=SURFACE_STYLE_FILL_AREA(#4077);
#4077=FILL_AREA_STYLE('',(#4079));
#4078=COLOUR_RGB('',0.200000003,0.200000003,0.200000003);
#4079=FILL_AREA_STYLE_COLOUR('',#4078);
#4080=STYLED_ITEM('',(#4081),#459);
#4081=PRESENTATION_STYLE_ASSIGNMENT((#4082));
#4082=SURFACE_STYLE_USAGE(.BOTH.,#4083);
#4083=SURFACE_SIDE_STYLE('',(#4084));
#4084=SURFACE_STYLE_FILL_AREA(#4085);
#4085=FILL_AREA_STYLE('',(#4087));
#4086=COLOUR_RGB('',0.200000003,0.200000003,0.200000003);
#4087=FILL_AREA_STYLE_COLOUR('',#4086);
#4088=STYLED_ITEM('',(#4089),#537);
#4089=PRESENTATION_STYLE_ASSIGNMENT((#4090));
#4090=SURFACE_STYLE_USAGE(.BOTH.,#4091);
#4091=SURFACE_SIDE_STYLE('',(#4092));
#4092=SURFACE_STYLE_FILL_AREA(#4093);
#4093=FILL_AREA_STYLE('',(#4095));
#4094=COLOUR_RGB('',0.200000003,0.200000003,0.200000003);
#4095=FILL_AREA_STYLE_COLOUR('',#4094);
#4096=STYLED_ITEM('',(#4097),#576);
#4097=PRESENTATION_STYLE_ASSIGNMENT((#4098));
#4098=SURFACE_STYLE_USAGE(.BOTH.,#4099);
#4099=SURFACE_SIDE_STYLE('',(#4100));
#4100=SURFACE_STYLE_FILL_AREA(#4101);
#4101=FILL_AREA_STYLE('',(#4103));
#4102=COLOUR_RGB('',0.200000003,0.200000003,0.200000003);
#4103=FILL_AREA_STYLE_COLOUR('',#4102);
#4104=STYLED_ITEM('',(#4105),#600);
#4105=PRESENTATION_STYLE_ASSIGNMENT((#4106));
#4106=SURFACE_STYLE_USAGE(.BOTH.,#4107);
#4107=SURFACE_SIDE_STYLE('',(#4108));
#4108=SURFACE_STYLE_FILL_AREA(#4109);
#4109=FILL_AREA_STYLE('',(#4111));
#4110=COLOUR_RGB('',0.200000003,0.200000003,0.200000003);
#4111=FILL_AREA_STYLE_COLOUR('',#4110);
#4112=STYLED_ITEM('',(#4113),#625);
#4113=PRESENTATION_STYLE_ASSIGNMENT((#4114));
#4114=SURFACE_STYLE_USAGE(.BOTH.,#4115);
#4115=SURFACE_SIDE_STYLE('',(#4116));
#4116=SURFACE_STYLE_FILL_AREA(#4117);
#4117=FILL_AREA_STYLE('',(#4119));
#4118=COLOUR_RGB('',0.200000003,0.200000003,0.200000003);
#4119=FILL_AREA_STYLE_COLOUR('',#4118);
#4120=STYLED_ITEM('',(#4121),#643);
#4121=PRESENTATION_STYLE_ASSIGNMENT((#4122));
#4122=SURFACE_STYLE_USAGE(.BOTH.,#4123);
#4123=SURFACE_SIDE_STYLE('',(#4124));
#4124=SURFACE_STYLE_FILL_AREA(#4125);
#4125=FILL_AREA_STYLE('',(#4127));
#4126=COLOUR_RGB('',0.200000003,0.200000003,0.200000003);
#4127=FILL_AREA_STYLE_COLOUR('',#4126);
#4128=STYLED_ITEM('',(#4129),#669);
#4129=PRESENTATION_STYLE_ASSIGNMENT((#4130));
#4130=SURFACE_STYLE_USAGE(.BOTH.,#4131);
#4131=SURFACE_SIDE_STYLE('',(#4132));
#4132=SURFACE_STYLE_FILL_AREA(#4133);
#4133=FILL_AREA_STYLE('',(#4135));
#4134=COLOUR_RGB('',0.200000003,0.200000003,0.200000003);
#4135=FILL_AREA_STYLE_COLOUR('',#4134);
#4136=STYLED_ITEM('',(#4137),#695);
#4137=PRESENTATION_STYLE_ASSIGNMENT((#4138));
#4138=SURFACE_STYLE_USAGE(.BOTH.,#4139);
#4139=SURFACE_SIDE_STYLE('',(#4140));
#4140=SURFACE_STYLE_FILL_AREA(#4141);
#4141=FILL_AREA_STYLE('',(#4143));
#4142=COLOUR_RGB('',0.699999988,0.699999988,0.699999988);
#4143=FILL_AREA_STYLE_COLOUR('',#4142);
#4144=STYLED_ITEM('',(#4145),#735);
#4145=PRESENTATION_STYLE_ASSIGNMENT((#4146));
#4146=SURFACE_STYLE_USAGE(.BOTH.,#4147);
#4147=SURFACE_SIDE_STYLE('',(#4148));
#4148=SURFACE_STYLE_FILL_AREA(#4149);
#4149=FILL_AREA_STYLE('',(#4151));
#4150=COLOUR_RGB('',0.699999988,0.699999988,0.699999988);
#4151=FILL_AREA_STYLE_COLOUR('',#4150);
#4152=STYLED_ITEM('',(#4153),#766);
#4153=PRESENTATION_STYLE_ASSIGNMENT((#4154));
#4154=SURFACE_STYLE_USAGE(.BOTH.,#4155);
#4155=SURFACE_SIDE_STYLE('',(#4156));
#4156=SURFACE_STYLE_FILL_AREA(#4157);
#4157=FILL_AREA_STYLE('',(#4159));
#4158=COLOUR_RGB('',0.699999988,0.699999988,0.699999988);
#4159=FILL_AREA_STYLE_COLOUR('',#4158);
#4160=STYLED_ITEM('',(#4161),#797);
#4161=PRESENTATION_STYLE_ASSIGNMENT((#4162));
#4162=SURFACE_STYLE_USAGE(.BOTH.,#4163);
#4163=SURFACE_SIDE_STYLE('',(#4164));
#4164=SURFACE_STYLE_FILL_AREA(#4165);
#4165=FILL_AREA_STYLE('',(#4167));
#4166=COLOUR_RGB('',0.699999988,0.699999988,0.699999988);
#4167=FILL_AREA_STYLE_COLOUR('',#4166);
#4168=STYLED_ITEM('',(#4169),#830);
#4169=PRESENTATION_STYLE_ASSIGNMENT((#4170));
#4170=SURFACE_STYLE_USAGE(.BOTH.,#4171);
#4171=SURFACE_SIDE_STYLE('',(#4172));
#4172=SURFACE_STYLE_FILL_AREA(#4173);
#4173=FILL_AREA_STYLE('',(#4175));
#4174=COLOUR_RGB('',0.699999988,0.699999988,0.699999988);
#4175=FILL_AREA_STYLE_COLOUR('',#4174);
#4176=STYLED_ITEM('',(#4177),#863);
#4177=PRESENTATION_STYLE_ASSIGNMENT((#4178));
#4178=SURFACE_STYLE_USAGE(.BOTH.,#4179);
#4179=SURFACE_SIDE_STYLE('',(#4180));
#4180=SURFACE_STYLE_FILL_AREA(#4181);
#4181=FILL_AREA_STYLE('',(#4183));
#4182=COLOUR_RGB('',0.699999988,0.699999988,0.699999988);
#4183=FILL_AREA_STYLE_COLOUR('',#4182);
#4184=STYLED_ITEM('',(#4185),#905);
#4185=PRESENTATION_STYLE_ASSIGNMENT((#4186));
#4186=SURFACE_STYLE_USAGE(.BOTH.,#4187);
#4187=SURFACE_SIDE_STYLE('',(#4188));
#4188=SURFACE_STYLE_FILL_AREA(#4189);
#4189=FILL_AREA_STYLE('',(#4191));
#4190=COLOUR_RGB('',0.699999988,0.699999988,0.699999988);
#4191=FILL_AREA_STYLE_COLOUR('',#4190);
#4192=STYLED_ITEM('',(#4193),#936);
#4193=PRESENTATION_STYLE_ASSIGNMENT((#4194));
#4194=SURFACE_STYLE_USAGE(.BOTH.,#4195);
#4195=SURFACE_SIDE_STYLE('',(#4196));
#4196=SURFACE_STYLE_FILL_AREA(#4197);
#4197=FILL_AREA_STYLE('',(#4199));
#4198=COLOUR_RGB('',0.699999988,0.699999988,0.699999988);
#4199=FILL_AREA_STYLE_COLOUR('',#4198);
#4200=STYLED_ITEM('',(#4201),#967);
#4201=PRESENTATION_STYLE_ASSIGNMENT((#4202));
#4202=SURFACE_STYLE_USAGE(.BOTH.,#4203);
#4203=SURFACE_SIDE_STYLE('',(#4204));
#4204=SURFACE_STYLE_FILL_AREA(#4205);
#4205=FILL_AREA_STYLE('',(#4207));
#4206=COLOUR_RGB('',0.699999988,0.699999988,0.699999988);
#4207=FILL_AREA_STYLE_COLOUR('',#4206);
#4208=STYLED_ITEM('',(#4209),#998);
#4209=PRESENTATION_STYLE_ASSIGNMENT((#4210));
#4210=SURFACE_STYLE_USAGE(.BOTH.,#4211);
#4211=SURFACE_SIDE_STYLE('',(#4212));
#4212=SURFACE_STYLE_FILL_AREA(#4213);
#4213=FILL_AREA_STYLE('',(#4215));
#4214=COLOUR_RGB('',0.699999988,0.699999988,0.699999988);
#4215=FILL_AREA_STYLE_COLOUR('',#4214);
#4216=STYLED_ITEM('',(#4217),#1031);
#4217=PRESENTATION_STYLE_ASSIGNMENT((#4218));
#4218=SURFACE_STYLE_USAGE(.BOTH.,#4219);
#4219=SURFACE_SIDE_STYLE('',(#4220));
#4220=SURFACE_STYLE_FILL_AREA(#4221);
#4221=FILL_AREA_STYLE('',(#4223));
#4222=COLOUR_RGB('',0.699999988,0.699999988,0.699999988);
#4223=FILL_AREA_STYLE_COLOUR('',#4222);
#4224=STYLED_ITEM('',(#4225),#1055);
#4225=PRESENTATION_STYLE_ASSIGNMENT((#4226));
#4226=SURFACE_STYLE_USAGE(.BOTH.,#4227);
#4227=SURFACE_SIDE_STYLE('',(#4228));
#4228=SURFACE_STYLE_FILL_AREA(#4229);
#4229=FILL_AREA_STYLE('',(#4231));
#4230=COLOUR_RGB('',0.699999988,0.699999988,0.699999988);
#4231=FILL_AREA_STYLE_COLOUR('',#4230);
#4232=STYLED_ITEM('',(#4233),#1079);
#4233=PRESENTATION_STYLE_ASSIGNMENT((#4234));
#4234=SURFACE_STYLE_USAGE(.BOTH.,#4235);
#4235=SURFACE_SIDE_STYLE('',(#4236));
#4236=SURFACE_STYLE_FILL_AREA(#4237);
#4237=FILL_AREA_STYLE('',(#4239));
#4238=COLOUR_RGB('',0.200000003,0.200000003,0.200000003);
#4239=FILL_AREA_STYLE_COLOUR('',#4238);
#4240=STYLED_ITEM('',(#4241),#1111);
#4241=PRESENTATION_STYLE_ASSIGNMENT((#4242));
#4242=SURFACE_STYLE_USAGE(.BOTH.,#4243);
#4243=SURFACE_SIDE_STYLE('',(#4244));
#4244=SURFACE_STYLE_FILL_AREA(#4245);
#4245=FILL_AREA_STYLE('',(#4247));
#4246=COLOUR_RGB('',0.699999988,0.699999988,0.699999988);
#4247=FILL_AREA_STYLE_COLOUR('',#4246);
#4248=STYLED_ITEM('',(#4249),#1125);
#4249=PRESENTATION_STYLE_ASSIGNMENT((#4250));
#4250=SURFACE_STYLE_USAGE(.BOTH.,#4251);
#4251=SURFACE_SIDE_STYLE('',(#4252));
#4252=SURFACE_STYLE_FILL_AREA(#4253);
#4253=FILL_AREA_STYLE('',(#4255));
#4254=COLOUR_RGB('',0.699999988,0.699999988,0.699999988);
#4255=FILL_AREA_STYLE_COLOUR('',#4254);
#4256=STYLED_ITEM('',(#4257),#1139);
#4257=PRESENTATION_STYLE_ASSIGNMENT((#4258));
#4258=SURFACE_STYLE_USAGE(.BOTH.,#4259);
#4259=SURFACE_SIDE_STYLE('',(#4260));
#4260=SURFACE_STYLE_FILL_AREA(#4261);
#4261=FILL_AREA_STYLE('',(#4263));
#4262=COLOUR_RGB('',0.200000003,0.200000003,0.200000003);
#4263=FILL_AREA_STYLE_COLOUR('',#4262);
#4264=STYLED_ITEM('',(#4265),#1157);
#4265=PRESENTATION_STYLE_ASSIGNMENT((#4266));
#4266=SURFACE_STYLE_USAGE(.BOTH.,#4267);
#4267=SURFACE_SIDE_STYLE('',(#4268));
#4268=SURFACE_STYLE_FILL_AREA(#4269);
#4269=FILL_AREA_STYLE('',(#4271));
#4270=COLOUR_RGB('',0.200000003,0.200000003,0.200000003);
#4271=FILL_AREA_STYLE_COLOUR('',#4270);
#4272=STYLED_ITEM('',(#4273),#1175);
#4273=PRESENTATION_STYLE_ASSIGNMENT((#4274));
#4274=SURFACE_STYLE_USAGE(.BOTH.,#4275);
#4275=SURFACE_SIDE_STYLE('',(#4276));
#4276=SURFACE_STYLE_FILL_AREA(#4277);
#4277=FILL_AREA_STYLE('',(#4279));
#4278=COLOUR_RGB('',0.200000003,0.200000003,0.200000003);
#4279=FILL_AREA_STYLE_COLOUR('',#4278);
#4280=STYLED_ITEM('',(#4281),#1187);
#4281=PRESENTATION_STYLE_ASSIGNMENT((#4282));
#4282=SURFACE_STYLE_USAGE(.BOTH.,#4283);
#4283=SURFACE_SIDE_STYLE('',(#4284));
#4284=SURFACE_STYLE_FILL_AREA(#4285);
#4285=FILL_AREA_STYLE('',(#4287));
#4286=COLOUR_RGB('',0.200000003,0.200000003,0.200000003);
#4287=FILL_AREA_STYLE_COLOUR('',#4286);
#4288=STYLED_ITEM('',(#4289),#1205);
#4289=PRESENTATION_STYLE_ASSIGNMENT((#4290));
#4290=SURFACE_STYLE_USAGE(.BOTH.,#4291);
#4291=SURFACE_SIDE_STYLE('',(#4292));
#4292=SURFACE_STYLE_FILL_AREA(#4293);
#4293=FILL_AREA_STYLE('',(#4295));
#4294=COLOUR_RGB('',0.200000003,0.200000003,0.200000003);
#4295=FILL_AREA_STYLE_COLOUR('',#4294);
#4296=STYLED_ITEM('',(#4297),#1223);
#4297=PRESENTATION_STYLE_ASSIGNMENT((#4298));
#4298=SURFACE_STYLE_USAGE(.BOTH.,#4299);
#4299=SURFACE_SIDE_STYLE('',(#4300));
#4300=SURFACE_STYLE_FILL_AREA(#4301);
#4301=FILL_AREA_STYLE('',(#4303));
#4302=COLOUR_RGB('',0.200000003,0.200000003,0.200000003);
#4303=FILL_AREA_STYLE_COLOUR('',#4302);
#4304=STYLED_ITEM('',(#4305),#1235);
#4305=PRESENTATION_STYLE_ASSIGNMENT((#4306));
#4306=SURFACE_STYLE_USAGE(.BOTH.,#4307);
#4307=SURFACE_SIDE_STYLE('',(#4308));
#4308=SURFACE_STYLE_FILL_AREA(#4309);
#4309=FILL_AREA_STYLE('',(#4311));
#4310=COLOUR_RGB('',0.550000012,0.311243504,0.218416497);
#4311=FILL_AREA_STYLE_COLOUR('',#4310);
#4312=MECHANICAL_DESIGN_GEOMETRIC_PRESENTATION_REPRESENTATION('',(#3976,#3984,#3992,#4000,#4008,#4016,#4024,#4032,#4040,#4048,#4056,#4064,#4072,#4080,#4088,#4096,#4104,#4112,#4120,#4128,#4136,#4144,#4152,#4160,#4168,#4176,#4184,#4192,#4200,#4208,#4216,#4224,#4232,#4240,#4248,#4256,#4264,#4272,#4280,#4288,#4296,#4304),#3968);
ENDSEC;
END-ISO-10303-21;
