ISO-10303-21;
HEADER;
FILE_DESCRIPTION(('FreeCAD Model'),'2;1');
FILE_NAME('Open CASCADE Shape Model','2026-02-02T20:58:12',(''),(''),
  'Open CASCADE STEP processor 7.8','FreeCAD','Unknown');
FILE_SCHEMA(('AUTOMOTIVE_DESIGN { 1 0 10303 214 1 1 1 1 }'));
ENDSEC;
DATA;
#1 = APPLICATION_PROTOCOL_DEFINITION('international standard',
  'automotive_design',2000,#2);
#2 = APPLICATION_CONTEXT(
  'core data for automotive mechanical design processes');
#3 = SHAPE_DEFINITION_REPRESENTATION(#4,#10);
#4 = PRODUCT_DEFINITION_SHAPE('','',#5);
#5 = PRODUCT_DEFINITION('design','',#6,#9);
#6 = PRODUCT_DEFINITION_FORMATION('','',#7);
#7 = PRODUCT('Part','Part','',(#8));
#8 = PRODUCT_CONTEXT('',#2,'mechanical');
#9 = PRODUCT_DEFINITION_CONTEXT('part definition',#2,'design');
#10 = SHAPE_REPRESENTATION('',(#11,#15,#19,#23,#27),#31);
#11 = AXIS2_PLACEMENT_3D('',#12,#13,#14);
#12 = CARTESIAN_POINT('',(0.,0.,0.));
#13 = DIRECTION('',(0.,0.,1.));
#14 = DIRECTION('',(1.,0.,-0.));
#15 = AXIS2_PLACEMENT_3D('',#16,#17,#18);
#16 = CARTESIAN_POINT('',(0.,0.,0.));
#17 = DIRECTION('',(0.,0.,1.));
#18 = DIRECTION('',(1.,0.,0.));
#19 = AXIS2_PLACEMENT_3D('',#20,#21,#22);
#20 = CARTESIAN_POINT('',(0.,0.,0.));
#21 = DIRECTION('',(0.,0.,1.));
#22 = DIRECTION('',(1.,0.,0.));
#23 = AXIS2_PLACEMENT_3D('',#24,#25,#26);
#24 = CARTESIAN_POINT('',(0.,0.,0.));
#25 = DIRECTION('',(0.,0.,1.));
#26 = DIRECTION('',(1.,0.,0.));
#27 = AXIS2_PLACEMENT_3D('',#28,#29,#30);
#28 = CARTESIAN_POINT('',(0.,0.,0.));
#29 = DIRECTION('',(0.,0.,1.));
#30 = DIRECTION('',(1.,0.,0.));
#31 = ( GEOMETRIC_REPRESENTATION_CONTEXT(3) 
GLOBAL_UNCERTAINTY_ASSIGNED_CONTEXT((#35)) GLOBAL_UNIT_ASSIGNED_CONTEXT(
(#32,#33,#34)) REPRESENTATION_CONTEXT('Context #1',
  '3D Context with UNIT and UNCERTAINTY') );
#32 = ( LENGTH_UNIT() NAMED_UNIT(*) SI_UNIT(.MILLI.,.METRE.) );
#33 = ( NAMED_UNIT(*) PLANE_ANGLE_UNIT() SI_UNIT($,.RADIAN.) );
#34 = ( NAMED_UNIT(*) SI_UNIT($,.STERADIAN.) SOLID_ANGLE_UNIT() );
#35 = UNCERTAINTY_MEASURE_WITH_UNIT(LENGTH_MEASURE(1.E-07),#32,
  'distance_accuracy_value','confusion accuracy');
#36 = PRODUCT_RELATED_PRODUCT_CATEGORY('part',$,(#7));
#37 = SHAPE_DEFINITION_REPRESENTATION(#38,#44);
#38 = PRODUCT_DEFINITION_SHAPE('','',#39);
#39 = PRODUCT_DEFINITION('design','',#40,#43);
#40 = PRODUCT_DEFINITION_FORMATION('','',#41);
#41 = PRODUCT('Board','Board','',(#42));
#42 = PRODUCT_CONTEXT('',#2,'mechanical');
#43 = PRODUCT_DEFINITION_CONTEXT('part definition',#2,'design');
#44 = ADVANCED_BREP_SHAPE_REPRESENTATION('',(#11,#45),#491);
#45 = MANIFOLD_SOLID_BREP('',#46);
#46 = CLOSED_SHELL('',(#47,#87,#198,#223,#248,#343,#360,#377,#394,#411,
    #423,#440,#457,#474));
#47 = ADVANCED_FACE('',(#48),#82,.F.);
#48 = FACE_BOUND('',#49,.F.);
#49 = EDGE_LOOP('',(#50,#60,#68,#76));
#50 = ORIENTED_EDGE('',*,*,#51,.F.);
#51 = EDGE_CURVE('',#52,#54,#56,.T.);
#52 = VERTEX_POINT('',#53);
#53 = CARTESIAN_POINT('',(2.,0.,0.));
#54 = VERTEX_POINT('',#55);
#55 = CARTESIAN_POINT('',(31.,0.,0.));
#56 = LINE('',#57,#58);
#57 = CARTESIAN_POINT('',(0.,0.,0.));
#58 = VECTOR('',#59,1.);
#59 = DIRECTION('',(1.,0.,0.));
#60 = ORIENTED_EDGE('',*,*,#61,.T.);
#61 = EDGE_CURVE('',#52,#62,#64,.T.);
#62 = VERTEX_POINT('',#63);
#63 = CARTESIAN_POINT('',(2.,0.,1.6));
#64 = LINE('',#65,#66);
#65 = CARTESIAN_POINT('',(2.,-4.4E-16,0.));
#66 = VECTOR('',#67,1.);
#67 = DIRECTION('',(0.,0.,1.));
#68 = ORIENTED_EDGE('',*,*,#69,.T.);
#69 = EDGE_CURVE('',#62,#70,#72,.T.);
#70 = VERTEX_POINT('',#71);
#71 = CARTESIAN_POINT('',(31.,0.,1.6));
#72 = LINE('',#73,#74);
#73 = CARTESIAN_POINT('',(0.,0.,1.6));
#74 = VECTOR('',#75,1.);
#75 = DIRECTION('',(1.,0.,0.));
#76 = ORIENTED_EDGE('',*,*,#77,.F.);
#77 = EDGE_CURVE('',#54,#70,#78,.T.);
#78 = LINE('',#79,#80);
#79 = CARTESIAN_POINT('',(31.,-4.4E-16,0.));
#80 = VECTOR('',#81,1.);
#81 = DIRECTION('',(0.,0.,1.));
#82 = PLANE('',#83);
#83 = AXIS2_PLACEMENT_3D('',#84,#85,#86);
#84 = CARTESIAN_POINT('',(0.,0.,0.));
#85 = DIRECTION('',(0.,1.,0.));
#86 = DIRECTION('',(1.,0.,0.));
#87 = ADVANCED_FACE('',(#88,#149,#160,#171,#182),#193,.F.);
#88 = FACE_BOUND('',#89,.F.);
#89 = EDGE_LOOP('',(#90,#91,#100,#108,#117,#125,#134,#142));
#90 = ORIENTED_EDGE('',*,*,#51,.T.);
#91 = ORIENTED_EDGE('',*,*,#92,.T.);
#92 = EDGE_CURVE('',#54,#93,#95,.T.);
#93 = VERTEX_POINT('',#94);
#94 = CARTESIAN_POINT('',(33.,2.,0.));
#95 = CIRCLE('',#96,2.);
#96 = AXIS2_PLACEMENT_3D('',#97,#98,#99);
#97 = CARTESIAN_POINT('',(31.,2.,0.));
#98 = DIRECTION('',(-0.,0.,1.));
#99 = DIRECTION('',(0.,-1.,0.));
#100 = ORIENTED_EDGE('',*,*,#101,.T.);
#101 = EDGE_CURVE('',#93,#102,#104,.T.);
#102 = VERTEX_POINT('',#103);
#103 = CARTESIAN_POINT('',(33.,59.,0.));
#104 = LINE('',#105,#106);
#105 = CARTESIAN_POINT('',(33.,0.,0.));
#106 = VECTOR('',#107,1.);
#107 = DIRECTION('',(0.,1.,0.));
#108 = ORIENTED_EDGE('',*,*,#109,.T.);
#109 = EDGE_CURVE('',#102,#110,#112,.T.);
#110 = VERTEX_POINT('',#111);
#111 = CARTESIAN_POINT('',(31.,61.,0.));
#112 = CIRCLE('',#113,2.);
#113 = AXIS2_PLACEMENT_3D('',#114,#115,#116);
#114 = CARTESIAN_POINT('',(31.,59.,0.));
#115 = DIRECTION('',(-0.,0.,1.));
#116 = DIRECTION('',(0.,-1.,0.));
#117 = ORIENTED_EDGE('',*,*,#118,.T.);
#118 = EDGE_CURVE('',#110,#119,#121,.T.);
#119 = VERTEX_POINT('',#120);
#120 = CARTESIAN_POINT('',(2.,61.,0.));
#121 = LINE('',#122,#123);
#122 = CARTESIAN_POINT('',(33.,61.,0.));
#123 = VECTOR('',#124,1.);
#124 = DIRECTION('',(-1.,0.,0.));
#125 = ORIENTED_EDGE('',*,*,#126,.T.);
#126 = EDGE_CURVE('',#119,#127,#129,.T.);
#127 = VERTEX_POINT('',#128);
#128 = CARTESIAN_POINT('',(0.,59.,0.));
#129 = CIRCLE('',#130,2.);
#130 = AXIS2_PLACEMENT_3D('',#131,#132,#133);
#131 = CARTESIAN_POINT('',(2.,59.,0.));
#132 = DIRECTION('',(-0.,0.,1.));
#133 = DIRECTION('',(0.,-1.,0.));
#134 = ORIENTED_EDGE('',*,*,#135,.T.);
#135 = EDGE_CURVE('',#127,#136,#138,.T.);
#136 = VERTEX_POINT('',#137);
#137 = CARTESIAN_POINT('',(0.,2.,0.));
#138 = LINE('',#139,#140);
#139 = CARTESIAN_POINT('',(0.,61.,0.));
#140 = VECTOR('',#141,1.);
#141 = DIRECTION('',(0.,-1.,0.));
#142 = ORIENTED_EDGE('',*,*,#143,.F.);
#143 = EDGE_CURVE('',#52,#136,#144,.T.);
#144 = CIRCLE('',#145,2.);
#145 = AXIS2_PLACEMENT_3D('',#146,#147,#148);
#146 = CARTESIAN_POINT('',(2.,2.,0.));
#147 = DIRECTION('',(-0.,-0.,-1.));
#148 = DIRECTION('',(0.,-1.,0.));
#149 = FACE_BOUND('',#150,.T.);
#150 = EDGE_LOOP('',(#151));
#151 = ORIENTED_EDGE('',*,*,#152,.T.);
#152 = EDGE_CURVE('',#153,#153,#155,.T.);
#153 = VERTEX_POINT('',#154);
#154 = CARTESIAN_POINT('',(4.,2.5,0.));
#155 = CIRCLE('',#156,1.5);
#156 = AXIS2_PLACEMENT_3D('',#157,#158,#159);
#157 = CARTESIAN_POINT('',(2.5,2.5,0.));
#158 = DIRECTION('',(0.,0.,1.));
#159 = DIRECTION('',(1.,0.,0.));
#160 = FACE_BOUND('',#161,.T.);
#161 = EDGE_LOOP('',(#162));
#162 = ORIENTED_EDGE('',*,*,#163,.T.);
#163 = EDGE_CURVE('',#164,#164,#166,.T.);
#164 = VERTEX_POINT('',#165);
#165 = CARTESIAN_POINT('',(4.,58.5,0.));
#166 = CIRCLE('',#167,1.5);
#167 = AXIS2_PLACEMENT_3D('',#168,#169,#170);
#168 = CARTESIAN_POINT('',(2.5,58.5,0.));
#169 = DIRECTION('',(0.,0.,1.));
#170 = DIRECTION('',(1.,0.,0.));
#171 = FACE_BOUND('',#172,.T.);
#172 = EDGE_LOOP('',(#173));
#173 = ORIENTED_EDGE('',*,*,#174,.T.);
#174 = EDGE_CURVE('',#175,#175,#177,.T.);
#175 = VERTEX_POINT('',#176);
#176 = CARTESIAN_POINT('',(32.,2.5,0.));
#177 = CIRCLE('',#178,1.5);
#178 = AXIS2_PLACEMENT_3D('',#179,#180,#181);
#179 = CARTESIAN_POINT('',(30.5,2.5,0.));
#180 = DIRECTION('',(0.,0.,1.));
#181 = DIRECTION('',(1.,0.,0.));
#182 = FACE_BOUND('',#183,.T.);
#183 = EDGE_LOOP('',(#184));
#184 = ORIENTED_EDGE('',*,*,#185,.T.);
#185 = EDGE_CURVE('',#186,#186,#188,.T.);
#186 = VERTEX_POINT('',#187);
#187 = CARTESIAN_POINT('',(32.,58.5,0.));
#188 = CIRCLE('',#189,1.5);
#189 = AXIS2_PLACEMENT_3D('',#190,#191,#192);
#190 = CARTESIAN_POINT('',(30.5,58.5,0.));
#191 = DIRECTION('',(0.,0.,1.));
#192 = DIRECTION('',(1.,0.,0.));
#193 = PLANE('',#194);
#194 = AXIS2_PLACEMENT_3D('',#195,#196,#197);
#195 = CARTESIAN_POINT('',(16.5,30.5,0.));
#196 = DIRECTION('',(0.,0.,1.));
#197 = DIRECTION('',(1.,0.,0.));
#198 = ADVANCED_FACE('',(#199),#218,.T.);
#199 = FACE_BOUND('',#200,.F.);
#200 = EDGE_LOOP('',(#201,#202,#210,#217));
#201 = ORIENTED_EDGE('',*,*,#143,.T.);
#202 = ORIENTED_EDGE('',*,*,#203,.T.);
#203 = EDGE_CURVE('',#136,#204,#206,.T.);
#204 = VERTEX_POINT('',#205);
#205 = CARTESIAN_POINT('',(0.,2.,1.6));
#206 = LINE('',#207,#208);
#207 = CARTESIAN_POINT('',(-4.4E-16,2.,0.));
#208 = VECTOR('',#209,1.);
#209 = DIRECTION('',(0.,0.,1.));
#210 = ORIENTED_EDGE('',*,*,#211,.F.);
#211 = EDGE_CURVE('',#62,#204,#212,.T.);
#212 = CIRCLE('',#213,2.);
#213 = AXIS2_PLACEMENT_3D('',#214,#215,#216);
#214 = CARTESIAN_POINT('',(2.,2.,1.6));
#215 = DIRECTION('',(-0.,-0.,-1.));
#216 = DIRECTION('',(0.,-1.,0.));
#217 = ORIENTED_EDGE('',*,*,#61,.F.);
#218 = CYLINDRICAL_SURFACE('',#219,2.);
#219 = AXIS2_PLACEMENT_3D('',#220,#221,#222);
#220 = CARTESIAN_POINT('',(2.,2.,0.));
#221 = DIRECTION('',(0.,0.,1.));
#222 = DIRECTION('',(0.,-1.,0.));
#223 = ADVANCED_FACE('',(#224),#243,.T.);
#224 = FACE_BOUND('',#225,.T.);
#225 = EDGE_LOOP('',(#226,#227,#235,#242));
#226 = ORIENTED_EDGE('',*,*,#92,.T.);
#227 = ORIENTED_EDGE('',*,*,#228,.T.);
#228 = EDGE_CURVE('',#93,#229,#231,.T.);
#229 = VERTEX_POINT('',#230);
#230 = CARTESIAN_POINT('',(33.,2.,1.6));
#231 = LINE('',#232,#233);
#232 = CARTESIAN_POINT('',(33.,2.,0.));
#233 = VECTOR('',#234,1.);
#234 = DIRECTION('',(0.,0.,1.));
#235 = ORIENTED_EDGE('',*,*,#236,.F.);
#236 = EDGE_CURVE('',#70,#229,#237,.T.);
#237 = CIRCLE('',#238,2.);
#238 = AXIS2_PLACEMENT_3D('',#239,#240,#241);
#239 = CARTESIAN_POINT('',(31.,2.,1.6));
#240 = DIRECTION('',(-0.,0.,1.));
#241 = DIRECTION('',(0.,-1.,0.));
#242 = ORIENTED_EDGE('',*,*,#77,.F.);
#243 = CYLINDRICAL_SURFACE('',#244,2.);
#244 = AXIS2_PLACEMENT_3D('',#245,#246,#247);
#245 = CARTESIAN_POINT('',(31.,2.,0.));
#246 = DIRECTION('',(0.,0.,1.));
#247 = DIRECTION('',(0.,-1.,0.));
#248 = ADVANCED_FACE('',(#249,#294,#305,#316,#327),#338,.T.);
#249 = FACE_BOUND('',#250,.T.);
#250 = EDGE_LOOP('',(#251,#252,#253,#261,#270,#278,#287,#293));
#251 = ORIENTED_EDGE('',*,*,#69,.T.);
#252 = ORIENTED_EDGE('',*,*,#236,.T.);
#253 = ORIENTED_EDGE('',*,*,#254,.T.);
#254 = EDGE_CURVE('',#229,#255,#257,.T.);
#255 = VERTEX_POINT('',#256);
#256 = CARTESIAN_POINT('',(33.,59.,1.6));
#257 = LINE('',#258,#259);
#258 = CARTESIAN_POINT('',(33.,0.,1.6));
#259 = VECTOR('',#260,1.);
#260 = DIRECTION('',(0.,1.,0.));
#261 = ORIENTED_EDGE('',*,*,#262,.T.);
#262 = EDGE_CURVE('',#255,#263,#265,.T.);
#263 = VERTEX_POINT('',#264);
#264 = CARTESIAN_POINT('',(31.,61.,1.6));
#265 = CIRCLE('',#266,2.);
#266 = AXIS2_PLACEMENT_3D('',#267,#268,#269);
#267 = CARTESIAN_POINT('',(31.,59.,1.6));
#268 = DIRECTION('',(-0.,0.,1.));
#269 = DIRECTION('',(0.,-1.,0.));
#270 = ORIENTED_EDGE('',*,*,#271,.T.);
#271 = EDGE_CURVE('',#263,#272,#274,.T.);
#272 = VERTEX_POINT('',#273);
#273 = CARTESIAN_POINT('',(2.,61.,1.6));
#274 = LINE('',#275,#276);
#275 = CARTESIAN_POINT('',(33.,61.,1.6));
#276 = VECTOR('',#277,1.);
#277 = DIRECTION('',(-1.,0.,0.));
#278 = ORIENTED_EDGE('',*,*,#279,.T.);
#279 = EDGE_CURVE('',#272,#280,#282,.T.);
#280 = VERTEX_POINT('',#281);
#281 = CARTESIAN_POINT('',(0.,59.,1.6));
#282 = CIRCLE('',#283,2.);
#283 = AXIS2_PLACEMENT_3D('',#284,#285,#286);
#284 = CARTESIAN_POINT('',(2.,59.,1.6));
#285 = DIRECTION('',(-0.,0.,1.));
#286 = DIRECTION('',(0.,-1.,0.));
#287 = ORIENTED_EDGE('',*,*,#288,.T.);
#288 = EDGE_CURVE('',#280,#204,#289,.T.);
#289 = LINE('',#290,#291);
#290 = CARTESIAN_POINT('',(0.,61.,1.6));
#291 = VECTOR('',#292,1.);
#292 = DIRECTION('',(0.,-1.,0.));
#293 = ORIENTED_EDGE('',*,*,#211,.F.);
#294 = FACE_BOUND('',#295,.F.);
#295 = EDGE_LOOP('',(#296));
#296 = ORIENTED_EDGE('',*,*,#297,.T.);
#297 = EDGE_CURVE('',#298,#298,#300,.T.);
#298 = VERTEX_POINT('',#299);
#299 = CARTESIAN_POINT('',(4.,2.5,1.6));
#300 = CIRCLE('',#301,1.5);
#301 = AXIS2_PLACEMENT_3D('',#302,#303,#304);
#302 = CARTESIAN_POINT('',(2.5,2.5,1.6));
#303 = DIRECTION('',(0.,0.,1.));
#304 = DIRECTION('',(1.,0.,0.));
#305 = FACE_BOUND('',#306,.F.);
#306 = EDGE_LOOP('',(#307));
#307 = ORIENTED_EDGE('',*,*,#308,.T.);
#308 = EDGE_CURVE('',#309,#309,#311,.T.);
#309 = VERTEX_POINT('',#310);
#310 = CARTESIAN_POINT('',(4.,58.5,1.6));
#311 = CIRCLE('',#312,1.5);
#312 = AXIS2_PLACEMENT_3D('',#313,#314,#315);
#313 = CARTESIAN_POINT('',(2.5,58.5,1.6));
#314 = DIRECTION('',(0.,0.,1.));
#315 = DIRECTION('',(1.,0.,0.));
#316 = FACE_BOUND('',#317,.F.);
#317 = EDGE_LOOP('',(#318));
#318 = ORIENTED_EDGE('',*,*,#319,.T.);
#319 = EDGE_CURVE('',#320,#320,#322,.T.);
#320 = VERTEX_POINT('',#321);
#321 = CARTESIAN_POINT('',(32.,2.5,1.6));
#322 = CIRCLE('',#323,1.5);
#323 = AXIS2_PLACEMENT_3D('',#324,#325,#326);
#324 = CARTESIAN_POINT('',(30.5,2.5,1.6));
#325 = DIRECTION('',(0.,0.,1.));
#326 = DIRECTION('',(1.,0.,0.));
#327 = FACE_BOUND('',#328,.F.);
#328 = EDGE_LOOP('',(#329));
#329 = ORIENTED_EDGE('',*,*,#330,.T.);
#330 = EDGE_CURVE('',#331,#331,#333,.T.);
#331 = VERTEX_POINT('',#332);
#332 = CARTESIAN_POINT('',(32.,58.5,1.6));
#333 = CIRCLE('',#334,1.5);
#334 = AXIS2_PLACEMENT_3D('',#335,#336,#337);
#335 = CARTESIAN_POINT('',(30.5,58.5,1.6));
#336 = DIRECTION('',(0.,0.,1.));
#337 = DIRECTION('',(1.,0.,0.));
#338 = PLANE('',#339);
#339 = AXIS2_PLACEMENT_3D('',#340,#341,#342);
#340 = CARTESIAN_POINT('',(16.5,30.5,1.6));
#341 = DIRECTION('',(0.,0.,1.));
#342 = DIRECTION('',(1.,0.,0.));
#343 = ADVANCED_FACE('',(#344),#355,.F.);
#344 = FACE_BOUND('',#345,.F.);
#345 = EDGE_LOOP('',(#346,#347,#353,#354));
#346 = ORIENTED_EDGE('',*,*,#135,.F.);
#347 = ORIENTED_EDGE('',*,*,#348,.T.);
#348 = EDGE_CURVE('',#127,#280,#349,.T.);
#349 = LINE('',#350,#351);
#350 = CARTESIAN_POINT('',(-4.4E-16,59.,0.));
#351 = VECTOR('',#352,1.);
#352 = DIRECTION('',(0.,0.,1.));
#353 = ORIENTED_EDGE('',*,*,#288,.T.);
#354 = ORIENTED_EDGE('',*,*,#203,.F.);
#355 = PLANE('',#356);
#356 = AXIS2_PLACEMENT_3D('',#357,#358,#359);
#357 = CARTESIAN_POINT('',(0.,61.,0.));
#358 = DIRECTION('',(1.,0.,0.));
#359 = DIRECTION('',(0.,-1.,0.));
#360 = ADVANCED_FACE('',(#361),#372,.F.);
#361 = FACE_BOUND('',#362,.F.);
#362 = EDGE_LOOP('',(#363,#364,#365,#366));
#363 = ORIENTED_EDGE('',*,*,#101,.F.);
#364 = ORIENTED_EDGE('',*,*,#228,.T.);
#365 = ORIENTED_EDGE('',*,*,#254,.T.);
#366 = ORIENTED_EDGE('',*,*,#367,.F.);
#367 = EDGE_CURVE('',#102,#255,#368,.T.);
#368 = LINE('',#369,#370);
#369 = CARTESIAN_POINT('',(33.,59.,0.));
#370 = VECTOR('',#371,1.);
#371 = DIRECTION('',(0.,0.,1.));
#372 = PLANE('',#373);
#373 = AXIS2_PLACEMENT_3D('',#374,#375,#376);
#374 = CARTESIAN_POINT('',(33.,0.,0.));
#375 = DIRECTION('',(-1.,0.,0.));
#376 = DIRECTION('',(0.,1.,0.));
#377 = ADVANCED_FACE('',(#378),#389,.T.);
#378 = FACE_BOUND('',#379,.T.);
#379 = EDGE_LOOP('',(#380,#381,#382,#383));
#380 = ORIENTED_EDGE('',*,*,#126,.T.);
#381 = ORIENTED_EDGE('',*,*,#348,.T.);
#382 = ORIENTED_EDGE('',*,*,#279,.F.);
#383 = ORIENTED_EDGE('',*,*,#384,.F.);
#384 = EDGE_CURVE('',#119,#272,#385,.T.);
#385 = LINE('',#386,#387);
#386 = CARTESIAN_POINT('',(2.,61.,0.));
#387 = VECTOR('',#388,1.);
#388 = DIRECTION('',(0.,0.,1.));
#389 = CYLINDRICAL_SURFACE('',#390,2.);
#390 = AXIS2_PLACEMENT_3D('',#391,#392,#393);
#391 = CARTESIAN_POINT('',(2.,59.,0.));
#392 = DIRECTION('',(0.,0.,1.));
#393 = DIRECTION('',(0.,1.,0.));
#394 = ADVANCED_FACE('',(#395),#406,.T.);
#395 = FACE_BOUND('',#396,.T.);
#396 = EDGE_LOOP('',(#397,#398,#404,#405));
#397 = ORIENTED_EDGE('',*,*,#109,.T.);
#398 = ORIENTED_EDGE('',*,*,#399,.T.);
#399 = EDGE_CURVE('',#110,#263,#400,.T.);
#400 = LINE('',#401,#402);
#401 = CARTESIAN_POINT('',(31.,61.,0.));
#402 = VECTOR('',#403,1.);
#403 = DIRECTION('',(0.,0.,1.));
#404 = ORIENTED_EDGE('',*,*,#262,.F.);
#405 = ORIENTED_EDGE('',*,*,#367,.F.);
#406 = CYLINDRICAL_SURFACE('',#407,2.);
#407 = AXIS2_PLACEMENT_3D('',#408,#409,#410);
#408 = CARTESIAN_POINT('',(31.,59.,0.));
#409 = DIRECTION('',(0.,0.,1.));
#410 = DIRECTION('',(1.,0.,-0.));
#411 = ADVANCED_FACE('',(#412),#418,.F.);
#412 = FACE_BOUND('',#413,.F.);
#413 = EDGE_LOOP('',(#414,#415,#416,#417));
#414 = ORIENTED_EDGE('',*,*,#118,.F.);
#415 = ORIENTED_EDGE('',*,*,#399,.T.);
#416 = ORIENTED_EDGE('',*,*,#271,.T.);
#417 = ORIENTED_EDGE('',*,*,#384,.F.);
#418 = PLANE('',#419);
#419 = AXIS2_PLACEMENT_3D('',#420,#421,#422);
#420 = CARTESIAN_POINT('',(33.,61.,0.));
#421 = DIRECTION('',(0.,-1.,0.));
#422 = DIRECTION('',(-1.,0.,0.));
#423 = ADVANCED_FACE('',(#424),#435,.F.);
#424 = FACE_BOUND('',#425,.T.);
#425 = EDGE_LOOP('',(#426,#432,#433,#434));
#426 = ORIENTED_EDGE('',*,*,#427,.T.);
#427 = EDGE_CURVE('',#153,#298,#428,.T.);
#428 = LINE('',#429,#430);
#429 = CARTESIAN_POINT('',(4.,2.5,0.));
#430 = VECTOR('',#431,1.);
#431 = DIRECTION('',(0.,0.,1.));
#432 = ORIENTED_EDGE('',*,*,#297,.T.);
#433 = ORIENTED_EDGE('',*,*,#427,.F.);
#434 = ORIENTED_EDGE('',*,*,#152,.F.);
#435 = CYLINDRICAL_SURFACE('',#436,1.5);
#436 = AXIS2_PLACEMENT_3D('',#437,#438,#439);
#437 = CARTESIAN_POINT('',(2.5,2.5,0.));
#438 = DIRECTION('',(-0.,-0.,-1.));
#439 = DIRECTION('',(1.,0.,0.));
#440 = ADVANCED_FACE('',(#441),#452,.F.);
#441 = FACE_BOUND('',#442,.T.);
#442 = EDGE_LOOP('',(#443,#449,#450,#451));
#443 = ORIENTED_EDGE('',*,*,#444,.T.);
#444 = EDGE_CURVE('',#164,#309,#445,.T.);
#445 = LINE('',#446,#447);
#446 = CARTESIAN_POINT('',(4.,58.5,0.));
#447 = VECTOR('',#448,1.);
#448 = DIRECTION('',(0.,0.,1.));
#449 = ORIENTED_EDGE('',*,*,#308,.T.);
#450 = ORIENTED_EDGE('',*,*,#444,.F.);
#451 = ORIENTED_EDGE('',*,*,#163,.F.);
#452 = CYLINDRICAL_SURFACE('',#453,1.5);
#453 = AXIS2_PLACEMENT_3D('',#454,#455,#456);
#454 = CARTESIAN_POINT('',(2.5,58.5,0.));
#455 = DIRECTION('',(-0.,-0.,-1.));
#456 = DIRECTION('',(1.,0.,0.));
#457 = ADVANCED_FACE('',(#458),#469,.F.);
#458 = FACE_BOUND('',#459,.T.);
#459 = EDGE_LOOP('',(#460,#466,#467,#468));
#460 = ORIENTED_EDGE('',*,*,#461,.T.);
#461 = EDGE_CURVE('',#175,#320,#462,.T.);
#462 = LINE('',#463,#464);
#463 = CARTESIAN_POINT('',(32.,2.5,0.));
#464 = VECTOR('',#465,1.);
#465 = DIRECTION('',(0.,0.,1.));
#466 = ORIENTED_EDGE('',*,*,#319,.T.);
#467 = ORIENTED_EDGE('',*,*,#461,.F.);
#468 = ORIENTED_EDGE('',*,*,#174,.F.);
#469 = CYLINDRICAL_SURFACE('',#470,1.5);
#470 = AXIS2_PLACEMENT_3D('',#471,#472,#473);
#471 = CARTESIAN_POINT('',(30.5,2.5,0.));
#472 = DIRECTION('',(-0.,-0.,-1.));
#473 = DIRECTION('',(1.,0.,0.));
#474 = ADVANCED_FACE('',(#475),#486,.F.);
#475 = FACE_BOUND('',#476,.T.);
#476 = EDGE_LOOP('',(#477,#483,#484,#485));
#477 = ORIENTED_EDGE('',*,*,#478,.T.);
#478 = EDGE_CURVE('',#186,#331,#479,.T.);
#479 = LINE('',#480,#481);
#480 = CARTESIAN_POINT('',(32.,58.5,0.));
#481 = VECTOR('',#482,1.);
#482 = DIRECTION('',(0.,0.,1.));
#483 = ORIENTED_EDGE('',*,*,#330,.T.);
#484 = ORIENTED_EDGE('',*,*,#478,.F.);
#485 = ORIENTED_EDGE('',*,*,#185,.F.);
#486 = CYLINDRICAL_SURFACE('',#487,1.5);
#487 = AXIS2_PLACEMENT_3D('',#488,#489,#490);
#488 = CARTESIAN_POINT('',(30.5,58.5,0.));
#489 = DIRECTION('',(-0.,-0.,-1.));
#490 = DIRECTION('',(1.,0.,0.));
#491 = ( GEOMETRIC_REPRESENTATION_CONTEXT(3) 
GLOBAL_UNCERTAINTY_ASSIGNED_CONTEXT((#495)) GLOBAL_UNIT_ASSIGNED_CONTEXT
((#492,#493,#494)) REPRESENTATION_CONTEXT('Context #1',
  '3D Context with UNIT and UNCERTAINTY') );
#492 = ( LENGTH_UNIT() NAMED_UNIT(*) SI_UNIT(.MILLI.,.METRE.) );
#493 = ( NAMED_UNIT(*) PLANE_ANGLE_UNIT() SI_UNIT($,.RADIAN.) );
#494 = ( NAMED_UNIT(*) SI_UNIT($,.STERADIAN.) SOLID_ANGLE_UNIT() );
#495 = UNCERTAINTY_MEASURE_WITH_UNIT(LENGTH_MEASURE(1.E-07),#492,
  'distance_accuracy_value','confusion accuracy');
#496 = CONTEXT_DEPENDENT_SHAPE_REPRESENTATION(#497,#499);
#497 = ( REPRESENTATION_RELATIONSHIP('','',#44,#10) 
REPRESENTATION_RELATIONSHIP_WITH_TRANSFORMATION(#498) 
SHAPE_REPRESENTATION_RELATIONSHIP() );
#498 = ITEM_DEFINED_TRANSFORMATION('','',#11,#15);
#499 = PRODUCT_DEFINITION_SHAPE('Placement','Placement of an item',#500
  );
#500 = NEXT_ASSEMBLY_USAGE_OCCURRENCE('5','Board','',#5,#39,$);
#501 = PRODUCT_RELATED_PRODUCT_CATEGORY('part',$,(#41));
#502 = SHAPE_DEFINITION_REPRESENTATION(#503,#509);
#503 = PRODUCT_DEFINITION_SHAPE('','',#504);
#504 = PRODUCT_DEFINITION('design','',#505,#508);
#505 = PRODUCT_DEFINITION_FORMATION('','',#506);
#506 = PRODUCT('BooleanFragments','BooleanFragments','',(#507));
#507 = PRODUCT_CONTEXT('',#2,'mechanical');
#508 = PRODUCT_DEFINITION_CONTEXT('part definition',#2,'design');
#509 = SHAPE_REPRESENTATION('',(#11,#510,#660,#810,#960,#1110,#1260,
    #1352),#2228);
#510 = MANIFOLD_SOLID_BREP('',#511);
#511 = CLOSED_SHELL('',(#512,#552,#583,#614,#636,#648));
#512 = ADVANCED_FACE('',(#513),#547,.F.);
#513 = FACE_BOUND('',#514,.F.);
#514 = EDGE_LOOP('',(#515,#525,#533,#541));
#515 = ORIENTED_EDGE('',*,*,#516,.T.);
#516 = EDGE_CURVE('',#517,#519,#521,.T.);
#517 = VERTEX_POINT('',#518);
#518 = CARTESIAN_POINT('',(14.2,51.,1.6));
#519 = VERTEX_POINT('',#520);
#520 = CARTESIAN_POINT('',(14.2,51.,2.1));
#521 = LINE('',#522,#523);
#522 = CARTESIAN_POINT('',(14.2,51.,1.6));
#523 = VECTOR('',#524,1.);
#524 = DIRECTION('',(0.,0.,1.));
#525 = ORIENTED_EDGE('',*,*,#526,.T.);
#526 = EDGE_CURVE('',#519,#527,#529,.T.);
#527 = VERTEX_POINT('',#528);
#528 = CARTESIAN_POINT('',(14.2,48.,2.1));
#529 = LINE('',#530,#531);
#530 = CARTESIAN_POINT('',(14.2,51.,2.1));
#531 = VECTOR('',#532,1.);
#532 = DIRECTION('',(0.,-1.,0.));
#533 = ORIENTED_EDGE('',*,*,#534,.F.);
#534 = EDGE_CURVE('',#535,#527,#537,.T.);
#535 = VERTEX_POINT('',#536);
#536 = CARTESIAN_POINT('',(14.2,48.,1.6));
#537 = LINE('',#538,#539);
#538 = CARTESIAN_POINT('',(14.2,48.,1.6));
#539 = VECTOR('',#540,1.);
#540 = DIRECTION('',(0.,0.,1.));
#541 = ORIENTED_EDGE('',*,*,#542,.F.);
#542 = EDGE_CURVE('',#517,#535,#543,.T.);
#543 = LINE('',#544,#545);
#544 = CARTESIAN_POINT('',(14.2,51.,1.6));
#545 = VECTOR('',#546,1.);
#546 = DIRECTION('',(0.,-1.,0.));
#547 = PLANE('',#548);
#548 = AXIS2_PLACEMENT_3D('',#549,#550,#551);
#549 = CARTESIAN_POINT('',(14.2,51.,1.6));
#550 = DIRECTION('',(1.,0.,0.));
#551 = DIRECTION('',(0.,-1.,0.));
#552 = ADVANCED_FACE('',(#553),#578,.F.);
#553 = FACE_BOUND('',#554,.F.);
#554 = EDGE_LOOP('',(#555,#556,#564,#572));
#555 = ORIENTED_EDGE('',*,*,#534,.T.);
#556 = ORIENTED_EDGE('',*,*,#557,.T.);
#557 = EDGE_CURVE('',#527,#558,#560,.T.);
#558 = VERTEX_POINT('',#559);
#559 = CARTESIAN_POINT('',(17.2,48.,2.1));
#560 = LINE('',#561,#562);
#561 = CARTESIAN_POINT('',(14.2,48.,2.1));
#562 = VECTOR('',#563,1.);
#563 = DIRECTION('',(1.,0.,0.));
#564 = ORIENTED_EDGE('',*,*,#565,.F.);
#565 = EDGE_CURVE('',#566,#558,#568,.T.);
#566 = VERTEX_POINT('',#567);
#567 = CARTESIAN_POINT('',(17.2,48.,1.6));
#568 = LINE('',#569,#570);
#569 = CARTESIAN_POINT('',(17.2,48.,1.6));
#570 = VECTOR('',#571,1.);
#571 = DIRECTION('',(0.,0.,1.));
#572 = ORIENTED_EDGE('',*,*,#573,.F.);
#573 = EDGE_CURVE('',#535,#566,#574,.T.);
#574 = LINE('',#575,#576);
#575 = CARTESIAN_POINT('',(14.2,48.,1.6));
#576 = VECTOR('',#577,1.);
#577 = DIRECTION('',(1.,0.,0.));
#578 = PLANE('',#579);
#579 = AXIS2_PLACEMENT_3D('',#580,#581,#582);
#580 = CARTESIAN_POINT('',(14.2,48.,1.6));
#581 = DIRECTION('',(0.,1.,0.));
#582 = DIRECTION('',(1.,0.,0.));
#583 = ADVANCED_FACE('',(#584),#609,.F.);
#584 = FACE_BOUND('',#585,.F.);
#585 = EDGE_LOOP('',(#586,#587,#595,#603));
#586 = ORIENTED_EDGE('',*,*,#565,.T.);
#587 = ORIENTED_EDGE('',*,*,#588,.T.);
#588 = EDGE_CURVE('',#558,#589,#591,.T.);
#589 = VERTEX_POINT('',#590);
#590 = CARTESIAN_POINT('',(17.2,51.,2.1));
#591 = LINE('',#592,#593);
#592 = CARTESIAN_POINT('',(17.2,48.,2.1));
#593 = VECTOR('',#594,1.);
#594 = DIRECTION('',(0.,1.,0.));
#595 = ORIENTED_EDGE('',*,*,#596,.F.);
#596 = EDGE_CURVE('',#597,#589,#599,.T.);
#597 = VERTEX_POINT('',#598);
#598 = CARTESIAN_POINT('',(17.2,51.,1.6));
#599 = LINE('',#600,#601);
#600 = CARTESIAN_POINT('',(17.2,51.,1.6));
#601 = VECTOR('',#602,1.);
#602 = DIRECTION('',(0.,0.,1.));
#603 = ORIENTED_EDGE('',*,*,#604,.F.);
#604 = EDGE_CURVE('',#566,#597,#605,.T.);
#605 = LINE('',#606,#607);
#606 = CARTESIAN_POINT('',(17.2,48.,1.6));
#607 = VECTOR('',#608,1.);
#608 = DIRECTION('',(0.,1.,0.));
#609 = PLANE('',#610);
#610 = AXIS2_PLACEMENT_3D('',#611,#612,#613);
#611 = CARTESIAN_POINT('',(17.2,48.,1.6));
#612 = DIRECTION('',(-1.,0.,0.));
#613 = DIRECTION('',(0.,1.,0.));
#614 = ADVANCED_FACE('',(#615),#631,.F.);
#615 = FACE_BOUND('',#616,.F.);
#616 = EDGE_LOOP('',(#617,#618,#624,#625));
#617 = ORIENTED_EDGE('',*,*,#596,.T.);
#618 = ORIENTED_EDGE('',*,*,#619,.T.);
#619 = EDGE_CURVE('',#589,#519,#620,.T.);
#620 = LINE('',#621,#622);
#621 = CARTESIAN_POINT('',(17.2,51.,2.1));
#622 = VECTOR('',#623,1.);
#623 = DIRECTION('',(-1.,0.,0.));
#624 = ORIENTED_EDGE('',*,*,#516,.F.);
#625 = ORIENTED_EDGE('',*,*,#626,.F.);
#626 = EDGE_CURVE('',#597,#517,#627,.T.);
#627 = LINE('',#628,#629);
#628 = CARTESIAN_POINT('',(17.2,51.,1.6));
#629 = VECTOR('',#630,1.);
#630 = DIRECTION('',(-1.,0.,0.));
#631 = PLANE('',#632);
#632 = AXIS2_PLACEMENT_3D('',#633,#634,#635);
#633 = CARTESIAN_POINT('',(17.2,51.,1.6));
#634 = DIRECTION('',(0.,-1.,0.));
#635 = DIRECTION('',(-1.,0.,0.));
#636 = ADVANCED_FACE('',(#637),#643,.F.);
#637 = FACE_BOUND('',#638,.F.);
#638 = EDGE_LOOP('',(#639,#640,#641,#642));
#639 = ORIENTED_EDGE('',*,*,#542,.T.);
#640 = ORIENTED_EDGE('',*,*,#573,.T.);
#641 = ORIENTED_EDGE('',*,*,#604,.T.);
#642 = ORIENTED_EDGE('',*,*,#626,.T.);
#643 = PLANE('',#644);
#644 = AXIS2_PLACEMENT_3D('',#645,#646,#647);
#645 = CARTESIAN_POINT('',(15.7,49.5,1.6));
#646 = DIRECTION('',(0.,0.,1.));
#647 = DIRECTION('',(1.,0.,0.));
#648 = ADVANCED_FACE('',(#649),#655,.T.);
#649 = FACE_BOUND('',#650,.T.);
#650 = EDGE_LOOP('',(#651,#652,#653,#654));
#651 = ORIENTED_EDGE('',*,*,#526,.T.);
#652 = ORIENTED_EDGE('',*,*,#557,.T.);
#653 = ORIENTED_EDGE('',*,*,#588,.T.);
#654 = ORIENTED_EDGE('',*,*,#619,.T.);
#655 = PLANE('',#656);
#656 = AXIS2_PLACEMENT_3D('',#657,#658,#659);
#657 = CARTESIAN_POINT('',(15.7,49.5,2.1));
#658 = DIRECTION('',(0.,0.,1.));
#659 = DIRECTION('',(1.,0.,0.));
#660 = MANIFOLD_SOLID_BREP('',#661);
#661 = CLOSED_SHELL('',(#662,#702,#733,#764,#786,#798));
#662 = ADVANCED_FACE('',(#663),#697,.F.);
#663 = FACE_BOUND('',#664,.F.);
#664 = EDGE_LOOP('',(#665,#675,#683,#691));
#665 = ORIENTED_EDGE('',*,*,#666,.T.);
#666 = EDGE_CURVE('',#667,#669,#671,.T.);
#667 = VERTEX_POINT('',#668);
#668 = CARTESIAN_POINT('',(2.412E-12,38.,1.6));
#669 = VERTEX_POINT('',#670);
#670 = CARTESIAN_POINT('',(2.412E-12,38.,2.6));
#671 = LINE('',#672,#673);
#672 = CARTESIAN_POINT('',(2.41229E-12,38.,1.6));
#673 = VECTOR('',#674,1.);
#674 = DIRECTION('',(0.,0.,1.));
#675 = ORIENTED_EDGE('',*,*,#676,.T.);
#676 = EDGE_CURVE('',#669,#677,#679,.T.);
#677 = VERTEX_POINT('',#678);
#678 = CARTESIAN_POINT('',(1.317E-12,13.,2.6));
#679 = LINE('',#680,#681);
#680 = CARTESIAN_POINT('',(2.41229E-12,38.,2.6));
#681 = VECTOR('',#682,1.);
#682 = DIRECTION('',(-4.382E-14,-1.,0.));
#683 = ORIENTED_EDGE('',*,*,#684,.F.);
#684 = EDGE_CURVE('',#685,#677,#687,.T.);
#685 = VERTEX_POINT('',#686);
#686 = CARTESIAN_POINT('',(1.317E-12,13.,1.6));
#687 = LINE('',#688,#689);
#688 = CARTESIAN_POINT('',(1.31677E-12,13.,1.6));
#689 = VECTOR('',#690,1.);
#690 = DIRECTION('',(0.,0.,1.));
#691 = ORIENTED_EDGE('',*,*,#692,.F.);
#692 = EDGE_CURVE('',#667,#685,#693,.T.);
#693 = LINE('',#694,#695);
#694 = CARTESIAN_POINT('',(2.41229E-12,38.,1.6));
#695 = VECTOR('',#696,1.);
#696 = DIRECTION('',(-4.382E-14,-1.,0.));
#697 = PLANE('',#698);
#698 = AXIS2_PLACEMENT_3D('',#699,#700,#701);
#699 = CARTESIAN_POINT('',(2.41229E-12,38.,1.6));
#700 = DIRECTION('',(1.,-4.382E-14,0.));
#701 = DIRECTION('',(-4.382E-14,-1.,0.));
#702 = ADVANCED_FACE('',(#703),#728,.F.);
#703 = FACE_BOUND('',#704,.F.);
#704 = EDGE_LOOP('',(#705,#706,#714,#722));
#705 = ORIENTED_EDGE('',*,*,#684,.T.);
#706 = ORIENTED_EDGE('',*,*,#707,.T.);
#707 = EDGE_CURVE('',#677,#708,#710,.T.);
#708 = VERTEX_POINT('',#709);
#709 = CARTESIAN_POINT('',(28.000000000002,13.,2.6));
#710 = LINE('',#711,#712);
#711 = CARTESIAN_POINT('',(1.31677E-12,13.,2.6));
#712 = VECTOR('',#713,1.);
#713 = DIRECTION('',(1.,0.,0.));
#714 = ORIENTED_EDGE('',*,*,#715,.F.);
#715 = EDGE_CURVE('',#716,#708,#718,.T.);
#716 = VERTEX_POINT('',#717);
#717 = CARTESIAN_POINT('',(28.000000000002,13.,1.6));
#718 = LINE('',#719,#720);
#719 = CARTESIAN_POINT('',(28.000000000002,13.,1.6));
#720 = VECTOR('',#721,1.);
#721 = DIRECTION('',(0.,0.,1.));
#722 = ORIENTED_EDGE('',*,*,#723,.F.);
#723 = EDGE_CURVE('',#685,#716,#724,.T.);
#724 = LINE('',#725,#726);
#725 = CARTESIAN_POINT('',(1.31677E-12,13.,1.6));
#726 = VECTOR('',#727,1.);
#727 = DIRECTION('',(1.,0.,0.));
#728 = PLANE('',#729);
#729 = AXIS2_PLACEMENT_3D('',#730,#731,#732);
#730 = CARTESIAN_POINT('',(1.31677E-12,13.,1.6));
#731 = DIRECTION('',(0.,1.,0.));
#732 = DIRECTION('',(1.,0.,0.));
#733 = ADVANCED_FACE('',(#734),#759,.F.);
#734 = FACE_BOUND('',#735,.F.);
#735 = EDGE_LOOP('',(#736,#737,#745,#753));
#736 = ORIENTED_EDGE('',*,*,#715,.T.);
#737 = ORIENTED_EDGE('',*,*,#738,.T.);
#738 = EDGE_CURVE('',#708,#739,#741,.T.);
#739 = VERTEX_POINT('',#740);
#740 = CARTESIAN_POINT('',(28.000000000002,38.,2.6));
#741 = LINE('',#742,#743);
#742 = CARTESIAN_POINT('',(28.000000000002,13.,2.6));
#743 = VECTOR('',#744,1.);
#744 = DIRECTION('',(0.,1.,0.));
#745 = ORIENTED_EDGE('',*,*,#746,.F.);
#746 = EDGE_CURVE('',#747,#739,#749,.T.);
#747 = VERTEX_POINT('',#748);
#748 = CARTESIAN_POINT('',(28.000000000002,38.,1.6));
#749 = LINE('',#750,#751);
#750 = CARTESIAN_POINT('',(28.000000000002,38.,1.6));
#751 = VECTOR('',#752,1.);
#752 = DIRECTION('',(0.,0.,1.));
#753 = ORIENTED_EDGE('',*,*,#754,.F.);
#754 = EDGE_CURVE('',#716,#747,#755,.T.);
#755 = LINE('',#756,#757);
#756 = CARTESIAN_POINT('',(28.000000000002,13.,1.6));
#757 = VECTOR('',#758,1.);
#758 = DIRECTION('',(0.,1.,0.));
#759 = PLANE('',#760);
#760 = AXIS2_PLACEMENT_3D('',#761,#762,#763);
#761 = CARTESIAN_POINT('',(28.000000000002,13.,1.6));
#762 = DIRECTION('',(-1.,0.,0.));
#763 = DIRECTION('',(0.,1.,0.));
#764 = ADVANCED_FACE('',(#765),#781,.F.);
#765 = FACE_BOUND('',#766,.F.);
#766 = EDGE_LOOP('',(#767,#768,#774,#775));
#767 = ORIENTED_EDGE('',*,*,#746,.T.);
#768 = ORIENTED_EDGE('',*,*,#769,.T.);
#769 = EDGE_CURVE('',#739,#669,#770,.T.);
#770 = LINE('',#771,#772);
#771 = CARTESIAN_POINT('',(28.000000000002,38.,2.6));
#772 = VECTOR('',#773,1.);
#773 = DIRECTION('',(-1.,0.,0.));
#774 = ORIENTED_EDGE('',*,*,#666,.F.);
#775 = ORIENTED_EDGE('',*,*,#776,.F.);
#776 = EDGE_CURVE('',#747,#667,#777,.T.);
#777 = LINE('',#778,#779);
#778 = CARTESIAN_POINT('',(28.000000000002,38.,1.6));
#779 = VECTOR('',#780,1.);
#780 = DIRECTION('',(-1.,0.,0.));
#781 = PLANE('',#782);
#782 = AXIS2_PLACEMENT_3D('',#783,#784,#785);
#783 = CARTESIAN_POINT('',(28.000000000002,38.,1.6));
#784 = DIRECTION('',(0.,-1.,0.));
#785 = DIRECTION('',(-1.,0.,0.));
#786 = ADVANCED_FACE('',(#787),#793,.F.);
#787 = FACE_BOUND('',#788,.F.);
#788 = EDGE_LOOP('',(#789,#790,#791,#792));
#789 = ORIENTED_EDGE('',*,*,#692,.T.);
#790 = ORIENTED_EDGE('',*,*,#723,.T.);
#791 = ORIENTED_EDGE('',*,*,#754,.T.);
#792 = ORIENTED_EDGE('',*,*,#776,.T.);
#793 = PLANE('',#794);
#794 = AXIS2_PLACEMENT_3D('',#795,#796,#797);
#795 = CARTESIAN_POINT('',(14.000000000002,25.5,1.6));
#796 = DIRECTION('',(0.,0.,1.));
#797 = DIRECTION('',(1.,0.,0.));
#798 = ADVANCED_FACE('',(#799),#805,.T.);
#799 = FACE_BOUND('',#800,.T.);
#800 = EDGE_LOOP('',(#801,#802,#803,#804));
#801 = ORIENTED_EDGE('',*,*,#676,.T.);
#802 = ORIENTED_EDGE('',*,*,#707,.T.);
#803 = ORIENTED_EDGE('',*,*,#738,.T.);
#804 = ORIENTED_EDGE('',*,*,#769,.T.);
#805 = PLANE('',#806);
#806 = AXIS2_PLACEMENT_3D('',#807,#808,#809);
#807 = CARTESIAN_POINT('',(14.000000000002,25.5,2.6));
#808 = DIRECTION('',(0.,0.,1.));
#809 = DIRECTION('',(1.,0.,0.));
#810 = MANIFOLD_SOLID_BREP('',#811);
#811 = CLOSED_SHELL('',(#812,#852,#883,#914,#936,#948));
#812 = ADVANCED_FACE('',(#813),#847,.F.);
#813 = FACE_BOUND('',#814,.F.);
#814 = EDGE_LOOP('',(#815,#825,#833,#841));
#815 = ORIENTED_EDGE('',*,*,#816,.T.);
#816 = EDGE_CURVE('',#817,#819,#821,.T.);
#817 = VERTEX_POINT('',#818);
#818 = CARTESIAN_POINT('',(25.,51.5,1.6));
#819 = VERTEX_POINT('',#820);
#820 = CARTESIAN_POINT('',(25.,51.5,3.1));
#821 = LINE('',#822,#823);
#822 = CARTESIAN_POINT('',(25.,51.5,1.6));
#823 = VECTOR('',#824,1.);
#824 = DIRECTION('',(0.,0.,1.));
#825 = ORIENTED_EDGE('',*,*,#826,.T.);
#826 = EDGE_CURVE('',#819,#827,#829,.T.);
#827 = VERTEX_POINT('',#828);
#828 = CARTESIAN_POINT('',(25.,48.5,3.1));
#829 = LINE('',#830,#831);
#830 = CARTESIAN_POINT('',(25.,51.5,3.1));
#831 = VECTOR('',#832,1.);
#832 = DIRECTION('',(0.,-1.,0.));
#833 = ORIENTED_EDGE('',*,*,#834,.F.);
#834 = EDGE_CURVE('',#835,#827,#837,.T.);
#835 = VERTEX_POINT('',#836);
#836 = CARTESIAN_POINT('',(25.,48.5,1.6));
#837 = LINE('',#838,#839);
#838 = CARTESIAN_POINT('',(25.,48.5,1.6));
#839 = VECTOR('',#840,1.);
#840 = DIRECTION('',(0.,0.,1.));
#841 = ORIENTED_EDGE('',*,*,#842,.F.);
#842 = EDGE_CURVE('',#817,#835,#843,.T.);
#843 = LINE('',#844,#845);
#844 = CARTESIAN_POINT('',(25.,51.5,1.6));
#845 = VECTOR('',#846,1.);
#846 = DIRECTION('',(0.,-1.,0.));
#847 = PLANE('',#848);
#848 = AXIS2_PLACEMENT_3D('',#849,#850,#851);
#849 = CARTESIAN_POINT('',(25.,51.5,1.6));
#850 = DIRECTION('',(1.,0.,0.));
#851 = DIRECTION('',(0.,-1.,0.));
#852 = ADVANCED_FACE('',(#853),#878,.F.);
#853 = FACE_BOUND('',#854,.F.);
#854 = EDGE_LOOP('',(#855,#856,#864,#872));
#855 = ORIENTED_EDGE('',*,*,#834,.T.);
#856 = ORIENTED_EDGE('',*,*,#857,.T.);
#857 = EDGE_CURVE('',#827,#858,#860,.T.);
#858 = VERTEX_POINT('',#859);
#859 = CARTESIAN_POINT('',(31.,48.5,3.1));
#860 = LINE('',#861,#862);
#861 = CARTESIAN_POINT('',(25.,48.5,3.1));
#862 = VECTOR('',#863,1.);
#863 = DIRECTION('',(1.,0.,0.));
#864 = ORIENTED_EDGE('',*,*,#865,.F.);
#865 = EDGE_CURVE('',#866,#858,#868,.T.);
#866 = VERTEX_POINT('',#867);
#867 = CARTESIAN_POINT('',(31.,48.5,1.6));
#868 = LINE('',#869,#870);
#869 = CARTESIAN_POINT('',(31.,48.5,1.6));
#870 = VECTOR('',#871,1.);
#871 = DIRECTION('',(0.,0.,1.));
#872 = ORIENTED_EDGE('',*,*,#873,.F.);
#873 = EDGE_CURVE('',#835,#866,#874,.T.);
#874 = LINE('',#875,#876);
#875 = CARTESIAN_POINT('',(25.,48.5,1.6));
#876 = VECTOR('',#877,1.);
#877 = DIRECTION('',(1.,0.,0.));
#878 = PLANE('',#879);
#879 = AXIS2_PLACEMENT_3D('',#880,#881,#882);
#880 = CARTESIAN_POINT('',(25.,48.5,1.6));
#881 = DIRECTION('',(0.,1.,0.));
#882 = DIRECTION('',(1.,0.,0.));
#883 = ADVANCED_FACE('',(#884),#909,.F.);
#884 = FACE_BOUND('',#885,.F.);
#885 = EDGE_LOOP('',(#886,#887,#895,#903));
#886 = ORIENTED_EDGE('',*,*,#865,.T.);
#887 = ORIENTED_EDGE('',*,*,#888,.T.);
#888 = EDGE_CURVE('',#858,#889,#891,.T.);
#889 = VERTEX_POINT('',#890);
#890 = CARTESIAN_POINT('',(31.,51.5,3.1));
#891 = LINE('',#892,#893);
#892 = CARTESIAN_POINT('',(31.,48.5,3.1));
#893 = VECTOR('',#894,1.);
#894 = DIRECTION('',(0.,1.,0.));
#895 = ORIENTED_EDGE('',*,*,#896,.F.);
#896 = EDGE_CURVE('',#897,#889,#899,.T.);
#897 = VERTEX_POINT('',#898);
#898 = CARTESIAN_POINT('',(31.,51.5,1.6));
#899 = LINE('',#900,#901);
#900 = CARTESIAN_POINT('',(31.,51.5,1.6));
#901 = VECTOR('',#902,1.);
#902 = DIRECTION('',(0.,0.,1.));
#903 = ORIENTED_EDGE('',*,*,#904,.F.);
#904 = EDGE_CURVE('',#866,#897,#905,.T.);
#905 = LINE('',#906,#907);
#906 = CARTESIAN_POINT('',(31.,48.5,1.6));
#907 = VECTOR('',#908,1.);
#908 = DIRECTION('',(0.,1.,0.));
#909 = PLANE('',#910);
#910 = AXIS2_PLACEMENT_3D('',#911,#912,#913);
#911 = CARTESIAN_POINT('',(31.,48.5,1.6));
#912 = DIRECTION('',(-1.,0.,0.));
#913 = DIRECTION('',(0.,1.,0.));
#914 = ADVANCED_FACE('',(#915),#931,.F.);
#915 = FACE_BOUND('',#916,.F.);
#916 = EDGE_LOOP('',(#917,#918,#924,#925));
#917 = ORIENTED_EDGE('',*,*,#896,.T.);
#918 = ORIENTED_EDGE('',*,*,#919,.T.);
#919 = EDGE_CURVE('',#889,#819,#920,.T.);
#920 = LINE('',#921,#922);
#921 = CARTESIAN_POINT('',(31.,51.5,3.1));
#922 = VECTOR('',#923,1.);
#923 = DIRECTION('',(-1.,0.,0.));
#924 = ORIENTED_EDGE('',*,*,#816,.F.);
#925 = ORIENTED_EDGE('',*,*,#926,.F.);
#926 = EDGE_CURVE('',#897,#817,#927,.T.);
#927 = LINE('',#928,#929);
#928 = CARTESIAN_POINT('',(31.,51.5,1.6));
#929 = VECTOR('',#930,1.);
#930 = DIRECTION('',(-1.,0.,0.));
#931 = PLANE('',#932);
#932 = AXIS2_PLACEMENT_3D('',#933,#934,#935);
#933 = CARTESIAN_POINT('',(31.,51.5,1.6));
#934 = DIRECTION('',(0.,-1.,0.));
#935 = DIRECTION('',(-1.,0.,0.));
#936 = ADVANCED_FACE('',(#937),#943,.F.);
#937 = FACE_BOUND('',#938,.F.);
#938 = EDGE_LOOP('',(#939,#940,#941,#942));
#939 = ORIENTED_EDGE('',*,*,#842,.T.);
#940 = ORIENTED_EDGE('',*,*,#873,.T.);
#941 = ORIENTED_EDGE('',*,*,#904,.T.);
#942 = ORIENTED_EDGE('',*,*,#926,.T.);
#943 = PLANE('',#944);
#944 = AXIS2_PLACEMENT_3D('',#945,#946,#947);
#945 = CARTESIAN_POINT('',(28.,50.,1.6));
#946 = DIRECTION('',(0.,0.,1.));
#947 = DIRECTION('',(1.,0.,0.));
#948 = ADVANCED_FACE('',(#949),#955,.T.);
#949 = FACE_BOUND('',#950,.T.);
#950 = EDGE_LOOP('',(#951,#952,#953,#954));
#951 = ORIENTED_EDGE('',*,*,#826,.T.);
#952 = ORIENTED_EDGE('',*,*,#857,.T.);
#953 = ORIENTED_EDGE('',*,*,#888,.T.);
#954 = ORIENTED_EDGE('',*,*,#919,.T.);
#955 = PLANE('',#956);
#956 = AXIS2_PLACEMENT_3D('',#957,#958,#959);
#957 = CARTESIAN_POINT('',(28.,50.,3.1));
#958 = DIRECTION('',(0.,0.,1.));
#959 = DIRECTION('',(1.,0.,0.));
#960 = MANIFOLD_SOLID_BREP('',#961);
#961 = CLOSED_SHELL('',(#962,#1002,#1033,#1064,#1086,#1098));
#962 = ADVANCED_FACE('',(#963),#997,.F.);
#963 = FACE_BOUND('',#964,.F.);
#964 = EDGE_LOOP('',(#965,#975,#983,#991));
#965 = ORIENTED_EDGE('',*,*,#966,.T.);
#966 = EDGE_CURVE('',#967,#969,#971,.T.);
#967 = VERTEX_POINT('',#968);
#968 = CARTESIAN_POINT('',(10.5,43.3,1.6));
#969 = VERTEX_POINT('',#970);
#970 = CARTESIAN_POINT('',(10.5,43.3,2.6));
#971 = LINE('',#972,#973);
#972 = CARTESIAN_POINT('',(10.5,43.3,1.6));
#973 = VECTOR('',#974,1.);
#974 = DIRECTION('',(0.,0.,1.));
#975 = ORIENTED_EDGE('',*,*,#976,.T.);
#976 = EDGE_CURVE('',#969,#977,#979,.T.);
#977 = VERTEX_POINT('',#978);
#978 = CARTESIAN_POINT('',(10.5,42.,2.6));
#979 = LINE('',#980,#981);
#980 = CARTESIAN_POINT('',(10.5,43.3,2.6));
#981 = VECTOR('',#982,1.);
#982 = DIRECTION('',(-5.47E-15,-1.,0.));
#983 = ORIENTED_EDGE('',*,*,#984,.F.);
#984 = EDGE_CURVE('',#985,#977,#987,.T.);
#985 = VERTEX_POINT('',#986);
#986 = CARTESIAN_POINT('',(10.5,42.,1.6));
#987 = LINE('',#988,#989);
#988 = CARTESIAN_POINT('',(10.5,42.,1.6));
#989 = VECTOR('',#990,1.);
#990 = DIRECTION('',(0.,0.,1.));
#991 = ORIENTED_EDGE('',*,*,#992,.F.);
#992 = EDGE_CURVE('',#967,#985,#993,.T.);
#993 = LINE('',#994,#995);
#994 = CARTESIAN_POINT('',(10.5,43.3,1.6));
#995 = VECTOR('',#996,1.);
#996 = DIRECTION('',(-5.47E-15,-1.,0.));
#997 = PLANE('',#998);
#998 = AXIS2_PLACEMENT_3D('',#999,#1000,#1001);
#999 = CARTESIAN_POINT('',(10.5,43.3,1.6));
#1000 = DIRECTION('',(1.,-5.47E-15,0.));
#1001 = DIRECTION('',(-5.47E-15,-1.,0.));
#1002 = ADVANCED_FACE('',(#1003),#1028,.F.);
#1003 = FACE_BOUND('',#1004,.F.);
#1004 = EDGE_LOOP('',(#1005,#1006,#1014,#1022));
#1005 = ORIENTED_EDGE('',*,*,#984,.T.);
#1006 = ORIENTED_EDGE('',*,*,#1007,.T.);
#1007 = EDGE_CURVE('',#977,#1008,#1010,.T.);
#1008 = VERTEX_POINT('',#1009);
#1009 = CARTESIAN_POINT('',(12.5,42.,2.6));
#1010 = LINE('',#1011,#1012);
#1011 = CARTESIAN_POINT('',(10.5,42.,2.6));
#1012 = VECTOR('',#1013,1.);
#1013 = DIRECTION('',(1.,0.,0.));
#1014 = ORIENTED_EDGE('',*,*,#1015,.F.);
#1015 = EDGE_CURVE('',#1016,#1008,#1018,.T.);
#1016 = VERTEX_POINT('',#1017);
#1017 = CARTESIAN_POINT('',(12.5,42.,1.6));
#1018 = LINE('',#1019,#1020);
#1019 = CARTESIAN_POINT('',(12.5,42.,1.6));
#1020 = VECTOR('',#1021,1.);
#1021 = DIRECTION('',(0.,0.,1.));
#1022 = ORIENTED_EDGE('',*,*,#1023,.F.);
#1023 = EDGE_CURVE('',#985,#1016,#1024,.T.);
#1024 = LINE('',#1025,#1026);
#1025 = CARTESIAN_POINT('',(10.5,42.,1.6));
#1026 = VECTOR('',#1027,1.);
#1027 = DIRECTION('',(1.,0.,0.));
#1028 = PLANE('',#1029);
#1029 = AXIS2_PLACEMENT_3D('',#1030,#1031,#1032);
#1030 = CARTESIAN_POINT('',(10.5,42.,1.6));
#1031 = DIRECTION('',(0.,1.,0.));
#1032 = DIRECTION('',(1.,0.,0.));
#1033 = ADVANCED_FACE('',(#1034),#1059,.F.);
#1034 = FACE_BOUND('',#1035,.F.);
#1035 = EDGE_LOOP('',(#1036,#1037,#1045,#1053));
#1036 = ORIENTED_EDGE('',*,*,#1015,.T.);
#1037 = ORIENTED_EDGE('',*,*,#1038,.T.);
#1038 = EDGE_CURVE('',#1008,#1039,#1041,.T.);
#1039 = VERTEX_POINT('',#1040);
#1040 = CARTESIAN_POINT('',(12.5,43.3,2.6));
#1041 = LINE('',#1042,#1043);
#1042 = CARTESIAN_POINT('',(12.5,42.,2.6));
#1043 = VECTOR('',#1044,1.);
#1044 = DIRECTION('',(0.,1.,0.));
#1045 = ORIENTED_EDGE('',*,*,#1046,.F.);
#1046 = EDGE_CURVE('',#1047,#1039,#1049,.T.);
#1047 = VERTEX_POINT('',#1048);
#1048 = CARTESIAN_POINT('',(12.5,43.3,1.6));
#1049 = LINE('',#1050,#1051);
#1050 = CARTESIAN_POINT('',(12.5,43.3,1.6));
#1051 = VECTOR('',#1052,1.);
#1052 = DIRECTION('',(0.,0.,1.));
#1053 = ORIENTED_EDGE('',*,*,#1054,.F.);
#1054 = EDGE_CURVE('',#1016,#1047,#1055,.T.);
#1055 = LINE('',#1056,#1057);
#1056 = CARTESIAN_POINT('',(12.5,42.,1.6));
#1057 = VECTOR('',#1058,1.);
#1058 = DIRECTION('',(0.,1.,0.));
#1059 = PLANE('',#1060);
#1060 = AXIS2_PLACEMENT_3D('',#1061,#1062,#1063);
#1061 = CARTESIAN_POINT('',(12.5,42.,1.6));
#1062 = DIRECTION('',(-1.,0.,0.));
#1063 = DIRECTION('',(0.,1.,0.));
#1064 = ADVANCED_FACE('',(#1065),#1081,.F.);
#1065 = FACE_BOUND('',#1066,.F.);
#1066 = EDGE_LOOP('',(#1067,#1068,#1074,#1075));
#1067 = ORIENTED_EDGE('',*,*,#1046,.T.);
#1068 = ORIENTED_EDGE('',*,*,#1069,.T.);
#1069 = EDGE_CURVE('',#1039,#969,#1070,.T.);
#1070 = LINE('',#1071,#1072);
#1071 = CARTESIAN_POINT('',(12.5,43.3,2.6));
#1072 = VECTOR('',#1073,1.);
#1073 = DIRECTION('',(-1.,0.,0.));
#1074 = ORIENTED_EDGE('',*,*,#966,.F.);
#1075 = ORIENTED_EDGE('',*,*,#1076,.F.);
#1076 = EDGE_CURVE('',#1047,#967,#1077,.T.);
#1077 = LINE('',#1078,#1079);
#1078 = CARTESIAN_POINT('',(12.5,43.3,1.6));
#1079 = VECTOR('',#1080,1.);
#1080 = DIRECTION('',(-1.,0.,0.));
#1081 = PLANE('',#1082);
#1082 = AXIS2_PLACEMENT_3D('',#1083,#1084,#1085);
#1083 = CARTESIAN_POINT('',(12.5,43.3,1.6));
#1084 = DIRECTION('',(0.,-1.,0.));
#1085 = DIRECTION('',(-1.,0.,0.));
#1086 = ADVANCED_FACE('',(#1087),#1093,.F.);
#1087 = FACE_BOUND('',#1088,.F.);
#1088 = EDGE_LOOP('',(#1089,#1090,#1091,#1092));
#1089 = ORIENTED_EDGE('',*,*,#992,.T.);
#1090 = ORIENTED_EDGE('',*,*,#1023,.T.);
#1091 = ORIENTED_EDGE('',*,*,#1054,.T.);
#1092 = ORIENTED_EDGE('',*,*,#1076,.T.);
#1093 = PLANE('',#1094);
#1094 = AXIS2_PLACEMENT_3D('',#1095,#1096,#1097);
#1095 = CARTESIAN_POINT('',(11.5,42.65,1.6));
#1096 = DIRECTION('',(0.,0.,1.));
#1097 = DIRECTION('',(1.,0.,0.));
#1098 = ADVANCED_FACE('',(#1099),#1105,.T.);
#1099 = FACE_BOUND('',#1100,.T.);
#1100 = EDGE_LOOP('',(#1101,#1102,#1103,#1104));
#1101 = ORIENTED_EDGE('',*,*,#976,.T.);
#1102 = ORIENTED_EDGE('',*,*,#1007,.T.);
#1103 = ORIENTED_EDGE('',*,*,#1038,.T.);
#1104 = ORIENTED_EDGE('',*,*,#1069,.T.);
#1105 = PLANE('',#1106);
#1106 = AXIS2_PLACEMENT_3D('',#1107,#1108,#1109);
#1107 = CARTESIAN_POINT('',(11.5,42.65,2.6));
#1108 = DIRECTION('',(0.,0.,1.));
#1109 = DIRECTION('',(1.,0.,0.));
#1110 = MANIFOLD_SOLID_BREP('',#1111);
#1111 = CLOSED_SHELL('',(#1112,#1152,#1183,#1214,#1236,#1248));
#1112 = ADVANCED_FACE('',(#1113),#1147,.F.);
#1113 = FACE_BOUND('',#1114,.F.);
#1114 = EDGE_LOOP('',(#1115,#1125,#1133,#1141));
#1115 = ORIENTED_EDGE('',*,*,#1116,.T.);
#1116 = EDGE_CURVE('',#1117,#1119,#1121,.T.);
#1117 = VERTEX_POINT('',#1118);
#1118 = CARTESIAN_POINT('',(10.5,46.,1.6));
#1119 = VERTEX_POINT('',#1120);
#1120 = CARTESIAN_POINT('',(10.5,46.,2.6));
#1121 = LINE('',#1122,#1123);
#1122 = CARTESIAN_POINT('',(10.5,46.,1.6));
#1123 = VECTOR('',#1124,1.);
#1124 = DIRECTION('',(0.,0.,1.));
#1125 = ORIENTED_EDGE('',*,*,#1126,.T.);
#1126 = EDGE_CURVE('',#1119,#1127,#1129,.T.);
#1127 = VERTEX_POINT('',#1128);
#1128 = CARTESIAN_POINT('',(10.5,44.7,2.6));
#1129 = LINE('',#1130,#1131);
#1130 = CARTESIAN_POINT('',(10.5,46.,2.6));
#1131 = VECTOR('',#1132,1.);
#1132 = DIRECTION('',(0.,-1.,0.));
#1133 = ORIENTED_EDGE('',*,*,#1134,.F.);
#1134 = EDGE_CURVE('',#1135,#1127,#1137,.T.);
#1135 = VERTEX_POINT('',#1136);
#1136 = CARTESIAN_POINT('',(10.5,44.7,1.6));
#1137 = LINE('',#1138,#1139);
#1138 = CARTESIAN_POINT('',(10.5,44.7,1.6));
#1139 = VECTOR('',#1140,1.);
#1140 = DIRECTION('',(0.,0.,1.));
#1141 = ORIENTED_EDGE('',*,*,#1142,.F.);
#1142 = EDGE_CURVE('',#1117,#1135,#1143,.T.);
#1143 = LINE('',#1144,#1145);
#1144 = CARTESIAN_POINT('',(10.5,46.,1.6));
#1145 = VECTOR('',#1146,1.);
#1146 = DIRECTION('',(0.,-1.,0.));
#1147 = PLANE('',#1148);
#1148 = AXIS2_PLACEMENT_3D('',#1149,#1150,#1151);
#1149 = CARTESIAN_POINT('',(10.5,46.,1.6));
#1150 = DIRECTION('',(1.,0.,0.));
#1151 = DIRECTION('',(0.,-1.,0.));
#1152 = ADVANCED_FACE('',(#1153),#1178,.F.);
#1153 = FACE_BOUND('',#1154,.F.);
#1154 = EDGE_LOOP('',(#1155,#1156,#1164,#1172));
#1155 = ORIENTED_EDGE('',*,*,#1134,.T.);
#1156 = ORIENTED_EDGE('',*,*,#1157,.T.);
#1157 = EDGE_CURVE('',#1127,#1158,#1160,.T.);
#1158 = VERTEX_POINT('',#1159);
#1159 = CARTESIAN_POINT('',(12.5,44.7,2.6));
#1160 = LINE('',#1161,#1162);
#1161 = CARTESIAN_POINT('',(10.5,44.7,2.6));
#1162 = VECTOR('',#1163,1.);
#1163 = DIRECTION('',(1.,0.,0.));
#1164 = ORIENTED_EDGE('',*,*,#1165,.F.);
#1165 = EDGE_CURVE('',#1166,#1158,#1168,.T.);
#1166 = VERTEX_POINT('',#1167);
#1167 = CARTESIAN_POINT('',(12.5,44.7,1.6));
#1168 = LINE('',#1169,#1170);
#1169 = CARTESIAN_POINT('',(12.5,44.7,1.6));
#1170 = VECTOR('',#1171,1.);
#1171 = DIRECTION('',(0.,0.,1.));
#1172 = ORIENTED_EDGE('',*,*,#1173,.F.);
#1173 = EDGE_CURVE('',#1135,#1166,#1174,.T.);
#1174 = LINE('',#1175,#1176);
#1175 = CARTESIAN_POINT('',(10.5,44.7,1.6));
#1176 = VECTOR('',#1177,1.);
#1177 = DIRECTION('',(1.,0.,0.));
#1178 = PLANE('',#1179);
#1179 = AXIS2_PLACEMENT_3D('',#1180,#1181,#1182);
#1180 = CARTESIAN_POINT('',(10.5,44.7,1.6));
#1181 = DIRECTION('',(0.,1.,0.));
#1182 = DIRECTION('',(1.,0.,0.));
#1183 = ADVANCED_FACE('',(#1184),#1209,.F.);
#1184 = FACE_BOUND('',#1185,.F.);
#1185 = EDGE_LOOP('',(#1186,#1187,#1195,#1203));
#1186 = ORIENTED_EDGE('',*,*,#1165,.T.);
#1187 = ORIENTED_EDGE('',*,*,#1188,.T.);
#1188 = EDGE_CURVE('',#1158,#1189,#1191,.T.);
#1189 = VERTEX_POINT('',#1190);
#1190 = CARTESIAN_POINT('',(12.5,46.,2.6));
#1191 = LINE('',#1192,#1193);
#1192 = CARTESIAN_POINT('',(12.5,44.7,2.6));
#1193 = VECTOR('',#1194,1.);
#1194 = DIRECTION('',(0.,1.,0.));
#1195 = ORIENTED_EDGE('',*,*,#1196,.F.);
#1196 = EDGE_CURVE('',#1197,#1189,#1199,.T.);
#1197 = VERTEX_POINT('',#1198);
#1198 = CARTESIAN_POINT('',(12.5,46.,1.6));
#1199 = LINE('',#1200,#1201);
#1200 = CARTESIAN_POINT('',(12.5,46.,1.6));
#1201 = VECTOR('',#1202,1.);
#1202 = DIRECTION('',(0.,0.,1.));
#1203 = ORIENTED_EDGE('',*,*,#1204,.F.);
#1204 = EDGE_CURVE('',#1166,#1197,#1205,.T.);
#1205 = LINE('',#1206,#1207);
#1206 = CARTESIAN_POINT('',(12.5,44.7,1.6));
#1207 = VECTOR('',#1208,1.);
#1208 = DIRECTION('',(0.,1.,0.));
#1209 = PLANE('',#1210);
#1210 = AXIS2_PLACEMENT_3D('',#1211,#1212,#1213);
#1211 = CARTESIAN_POINT('',(12.5,44.7,1.6));
#1212 = DIRECTION('',(-1.,0.,0.));
#1213 = DIRECTION('',(0.,1.,0.));
#1214 = ADVANCED_FACE('',(#1215),#1231,.F.);
#1215 = FACE_BOUND('',#1216,.F.);
#1216 = EDGE_LOOP('',(#1217,#1218,#1224,#1225));
#1217 = ORIENTED_EDGE('',*,*,#1196,.T.);
#1218 = ORIENTED_EDGE('',*,*,#1219,.T.);
#1219 = EDGE_CURVE('',#1189,#1119,#1220,.T.);
#1220 = LINE('',#1221,#1222);
#1221 = CARTESIAN_POINT('',(12.5,46.,2.6));
#1222 = VECTOR('',#1223,1.);
#1223 = DIRECTION('',(-1.,0.,0.));
#1224 = ORIENTED_EDGE('',*,*,#1116,.F.);
#1225 = ORIENTED_EDGE('',*,*,#1226,.F.);
#1226 = EDGE_CURVE('',#1197,#1117,#1227,.T.);
#1227 = LINE('',#1228,#1229);
#1228 = CARTESIAN_POINT('',(12.5,46.,1.6));
#1229 = VECTOR('',#1230,1.);
#1230 = DIRECTION('',(-1.,0.,0.));
#1231 = PLANE('',#1232);
#1232 = AXIS2_PLACEMENT_3D('',#1233,#1234,#1235);
#1233 = CARTESIAN_POINT('',(12.5,46.,1.6));
#1234 = DIRECTION('',(0.,-1.,0.));
#1235 = DIRECTION('',(-1.,0.,0.));
#1236 = ADVANCED_FACE('',(#1237),#1243,.F.);
#1237 = FACE_BOUND('',#1238,.F.);
#1238 = EDGE_LOOP('',(#1239,#1240,#1241,#1242));
#1239 = ORIENTED_EDGE('',*,*,#1142,.T.);
#1240 = ORIENTED_EDGE('',*,*,#1173,.T.);
#1241 = ORIENTED_EDGE('',*,*,#1204,.T.);
#1242 = ORIENTED_EDGE('',*,*,#1226,.T.);
#1243 = PLANE('',#1244);
#1244 = AXIS2_PLACEMENT_3D('',#1245,#1246,#1247);
#1245 = CARTESIAN_POINT('',(11.5,45.35,1.6));
#1246 = DIRECTION('',(0.,0.,1.));
#1247 = DIRECTION('',(1.,0.,0.));
#1248 = ADVANCED_FACE('',(#1249),#1255,.T.);
#1249 = FACE_BOUND('',#1250,.T.);
#1250 = EDGE_LOOP('',(#1251,#1252,#1253,#1254));
#1251 = ORIENTED_EDGE('',*,*,#1126,.T.);
#1252 = ORIENTED_EDGE('',*,*,#1157,.T.);
#1253 = ORIENTED_EDGE('',*,*,#1188,.T.);
#1254 = ORIENTED_EDGE('',*,*,#1219,.T.);
#1255 = PLANE('',#1256);
#1256 = AXIS2_PLACEMENT_3D('',#1257,#1258,#1259);
#1257 = CARTESIAN_POINT('',(11.5,45.35,2.6));
#1258 = DIRECTION('',(0.,0.,1.));
#1259 = DIRECTION('',(1.,0.,0.));
#1260 = MANIFOLD_SOLID_BREP('',#1261);
#1261 = CLOSED_SHELL('',(#1262,#1295,#1328,#1340));
#1262 = ADVANCED_FACE('',(#1263),#1290,.T.);
#1263 = FACE_BOUND('',#1264,.F.);
#1264 = EDGE_LOOP('',(#1265,#1275,#1282,#1283));
#1265 = ORIENTED_EDGE('',*,*,#1266,.T.);
#1266 = EDGE_CURVE('',#1267,#1269,#1271,.T.);
#1267 = VERTEX_POINT('',#1268);
#1268 = CARTESIAN_POINT('',(13.,6.,1.6));
#1269 = VERTEX_POINT('',#1270);
#1270 = CARTESIAN_POINT('',(13.,6.,7.6));
#1271 = LINE('',#1272,#1273);
#1272 = CARTESIAN_POINT('',(13.,6.,1.6));
#1273 = VECTOR('',#1274,1.);
#1274 = DIRECTION('',(0.,0.,1.));
#1275 = ORIENTED_EDGE('',*,*,#1276,.T.);
#1276 = EDGE_CURVE('',#1269,#1269,#1277,.T.);
#1277 = CIRCLE('',#1278,4.5);
#1278 = AXIS2_PLACEMENT_3D('',#1279,#1280,#1281);
#1279 = CARTESIAN_POINT('',(8.5,6.,7.6));
#1280 = DIRECTION('',(0.,0.,1.));
#1281 = DIRECTION('',(1.,0.,0.));
#1282 = ORIENTED_EDGE('',*,*,#1266,.F.);
#1283 = ORIENTED_EDGE('',*,*,#1284,.F.);
#1284 = EDGE_CURVE('',#1267,#1267,#1285,.T.);
#1285 = CIRCLE('',#1286,4.5);
#1286 = AXIS2_PLACEMENT_3D('',#1287,#1288,#1289);
#1287 = CARTESIAN_POINT('',(8.5,6.,1.6));
#1288 = DIRECTION('',(0.,0.,1.));
#1289 = DIRECTION('',(1.,0.,0.));
#1290 = CYLINDRICAL_SURFACE('',#1291,4.5);
#1291 = AXIS2_PLACEMENT_3D('',#1292,#1293,#1294);
#1292 = CARTESIAN_POINT('',(8.5,6.,1.6));
#1293 = DIRECTION('',(-0.,-0.,-1.));
#1294 = DIRECTION('',(1.,0.,0.));
#1295 = ADVANCED_FACE('',(#1296),#1323,.F.);
#1296 = FACE_BOUND('',#1297,.T.);
#1297 = EDGE_LOOP('',(#1298,#1308,#1315,#1316));
#1298 = ORIENTED_EDGE('',*,*,#1299,.T.);
#1299 = EDGE_CURVE('',#1300,#1302,#1304,.T.);
#1300 = VERTEX_POINT('',#1301);
#1301 = CARTESIAN_POINT('',(9.25,6.,1.6));
#1302 = VERTEX_POINT('',#1303);
#1303 = CARTESIAN_POINT('',(9.25,6.,7.6));
#1304 = LINE('',#1305,#1306);
#1305 = CARTESIAN_POINT('',(9.25,6.,1.6));
#1306 = VECTOR('',#1307,1.);
#1307 = DIRECTION('',(0.,0.,1.));
#1308 = ORIENTED_EDGE('',*,*,#1309,.T.);
#1309 = EDGE_CURVE('',#1302,#1302,#1310,.T.);
#1310 = CIRCLE('',#1311,0.75);
#1311 = AXIS2_PLACEMENT_3D('',#1312,#1313,#1314);
#1312 = CARTESIAN_POINT('',(8.5,6.,7.6));
#1313 = DIRECTION('',(0.,0.,1.));
#1314 = DIRECTION('',(1.,0.,0.));
#1315 = ORIENTED_EDGE('',*,*,#1299,.F.);
#1316 = ORIENTED_EDGE('',*,*,#1317,.F.);
#1317 = EDGE_CURVE('',#1300,#1300,#1318,.T.);
#1318 = CIRCLE('',#1319,0.75);
#1319 = AXIS2_PLACEMENT_3D('',#1320,#1321,#1322);
#1320 = CARTESIAN_POINT('',(8.5,6.,1.6));
#1321 = DIRECTION('',(0.,0.,1.));
#1322 = DIRECTION('',(1.,0.,0.));
#1323 = CYLINDRICAL_SURFACE('',#1324,0.75);
#1324 = AXIS2_PLACEMENT_3D('',#1325,#1326,#1327);
#1325 = CARTESIAN_POINT('',(8.5,6.,1.6));
#1326 = DIRECTION('',(-0.,-0.,-1.));
#1327 = DIRECTION('',(1.,0.,0.));
#1328 = ADVANCED_FACE('',(#1329,#1332),#1335,.F.);
#1329 = FACE_BOUND('',#1330,.F.);
#1330 = EDGE_LOOP('',(#1331));
#1331 = ORIENTED_EDGE('',*,*,#1284,.T.);
#1332 = FACE_BOUND('',#1333,.T.);
#1333 = EDGE_LOOP('',(#1334));
#1334 = ORIENTED_EDGE('',*,*,#1317,.T.);
#1335 = PLANE('',#1336);
#1336 = AXIS2_PLACEMENT_3D('',#1337,#1338,#1339);
#1337 = CARTESIAN_POINT('',(8.5,6.,1.6));
#1338 = DIRECTION('',(0.,0.,1.));
#1339 = DIRECTION('',(1.,0.,0.));
#1340 = ADVANCED_FACE('',(#1341,#1344),#1347,.T.);
#1341 = FACE_BOUND('',#1342,.T.);
#1342 = EDGE_LOOP('',(#1343));
#1343 = ORIENTED_EDGE('',*,*,#1276,.T.);
#1344 = FACE_BOUND('',#1345,.F.);
#1345 = EDGE_LOOP('',(#1346));
#1346 = ORIENTED_EDGE('',*,*,#1309,.T.);
#1347 = PLANE('',#1348);
#1348 = AXIS2_PLACEMENT_3D('',#1349,#1350,#1351);
#1349 = CARTESIAN_POINT('',(8.5,6.,7.6));
#1350 = DIRECTION('',(0.,0.,1.));
#1351 = DIRECTION('',(1.,0.,0.));
#1352 = MANIFOLD_SOLID_BREP('',#1353);
#1353 = CLOSED_SHELL('',(#1354,#1394,#1425,#1456,#1487,#1518,#1549,#1580
    ,#1611,#1642,#1673,#1704,#1735,#1766,#1797,#1828,#1859,#1890,#1921,
    #1952,#1983,#2014,#2045,#2076,#2107,#2138,#2160,#2194));
#1354 = ADVANCED_FACE('',(#1355),#1389,.F.);
#1355 = FACE_BOUND('',#1356,.F.);
#1356 = EDGE_LOOP('',(#1357,#1367,#1375,#1383));
#1357 = ORIENTED_EDGE('',*,*,#1358,.T.);
#1358 = EDGE_CURVE('',#1359,#1361,#1363,.T.);
#1359 = VERTEX_POINT('',#1360);
#1360 = CARTESIAN_POINT('',(0.353553390593,43.8,0.));
#1361 = VERTEX_POINT('',#1362);
#1362 = CARTESIAN_POINT('',(0.353553390593,43.8,-2.5));
#1363 = LINE('',#1364,#1365);
#1364 = CARTESIAN_POINT('',(0.353553390593,43.8,0.));
#1365 = VECTOR('',#1366,1.);
#1366 = DIRECTION('',(0.,0.,-1.));
#1367 = ORIENTED_EDGE('',*,*,#1368,.T.);
#1368 = EDGE_CURVE('',#1361,#1369,#1371,.T.);
#1369 = VERTEX_POINT('',#1370);
#1370 = CARTESIAN_POINT('',(0.,44.153553390593,-2.5));
#1371 = LINE('',#1372,#1373);
#1372 = CARTESIAN_POINT('',(0.353553390593,43.8,-2.5));
#1373 = VECTOR('',#1374,1.);
#1374 = DIRECTION('',(-0.707106781187,0.707106781187,-0.));
#1375 = ORIENTED_EDGE('',*,*,#1376,.F.);
#1376 = EDGE_CURVE('',#1377,#1369,#1379,.T.);
#1377 = VERTEX_POINT('',#1378);
#1378 = CARTESIAN_POINT('',(0.,44.153553390593,0.));
#1379 = LINE('',#1380,#1381);
#1380 = CARTESIAN_POINT('',(0.,44.153553390593,0.));
#1381 = VECTOR('',#1382,1.);
#1382 = DIRECTION('',(0.,0.,-1.));
#1383 = ORIENTED_EDGE('',*,*,#1384,.F.);
#1384 = EDGE_CURVE('',#1359,#1377,#1385,.T.);
#1385 = LINE('',#1386,#1387);
#1386 = CARTESIAN_POINT('',(0.353553390593,43.8,0.));
#1387 = VECTOR('',#1388,1.);
#1388 = DIRECTION('',(-0.707106781187,0.707106781187,-0.));
#1389 = PLANE('',#1390);
#1390 = AXIS2_PLACEMENT_3D('',#1391,#1392,#1393);
#1391 = CARTESIAN_POINT('',(0.353553390593,43.8,0.));
#1392 = DIRECTION('',(0.707106781187,0.707106781187,0.));
#1393 = DIRECTION('',(-0.707106781187,0.707106781187,0.));
#1394 = ADVANCED_FACE('',(#1395),#1420,.F.);
#1395 = FACE_BOUND('',#1396,.F.);
#1396 = EDGE_LOOP('',(#1397,#1407,#1413,#1414));
#1397 = ORIENTED_EDGE('',*,*,#1398,.T.);
#1398 = EDGE_CURVE('',#1399,#1401,#1403,.T.);
#1399 = VERTEX_POINT('',#1400);
#1400 = CARTESIAN_POINT('',(2.146446609407,43.8,0.));
#1401 = VERTEX_POINT('',#1402);
#1402 = CARTESIAN_POINT('',(2.146446609407,43.8,-2.5));
#1403 = LINE('',#1404,#1405);
#1404 = CARTESIAN_POINT('',(2.146446609407,43.8,0.));
#1405 = VECTOR('',#1406,1.);
#1406 = DIRECTION('',(0.,0.,-1.));
#1407 = ORIENTED_EDGE('',*,*,#1408,.T.);
#1408 = EDGE_CURVE('',#1401,#1361,#1409,.T.);
#1409 = LINE('',#1410,#1411);
#1410 = CARTESIAN_POINT('',(2.146446609407,43.8,-2.5));
#1411 = VECTOR('',#1412,1.);
#1412 = DIRECTION('',(-1.,0.,0.));
#1413 = ORIENTED_EDGE('',*,*,#1358,.F.);
#1414 = ORIENTED_EDGE('',*,*,#1415,.F.);
#1415 = EDGE_CURVE('',#1399,#1359,#1416,.T.);
#1416 = LINE('',#1417,#1418);
#1417 = CARTESIAN_POINT('',(2.146446609407,43.8,0.));
#1418 = VECTOR('',#1419,1.);
#1419 = DIRECTION('',(-1.,0.,0.));
#1420 = PLANE('',#1421);
#1421 = AXIS2_PLACEMENT_3D('',#1422,#1423,#1424);
#1422 = CARTESIAN_POINT('',(2.146446609407,43.8,0.));
#1423 = DIRECTION('',(0.,1.,0.));
#1424 = DIRECTION('',(-1.,0.,0.));
#1425 = ADVANCED_FACE('',(#1426),#1451,.F.);
#1426 = FACE_BOUND('',#1427,.F.);
#1427 = EDGE_LOOP('',(#1428,#1438,#1444,#1445));
#1428 = ORIENTED_EDGE('',*,*,#1429,.T.);
#1429 = EDGE_CURVE('',#1430,#1432,#1434,.T.);
#1430 = VERTEX_POINT('',#1431);
#1431 = CARTESIAN_POINT('',(2.5,44.153553390593,0.));
#1432 = VERTEX_POINT('',#1433);
#1433 = CARTESIAN_POINT('',(2.5,44.153553390593,-2.5));
#1434 = LINE('',#1435,#1436);
#1435 = CARTESIAN_POINT('',(2.5,44.153553390593,0.));
#1436 = VECTOR('',#1437,1.);
#1437 = DIRECTION('',(0.,0.,-1.));
#1438 = ORIENTED_EDGE('',*,*,#1439,.T.);
#1439 = EDGE_CURVE('',#1432,#1401,#1440,.T.);
#1440 = LINE('',#1441,#1442);
#1441 = CARTESIAN_POINT('',(2.5,44.153553390593,-2.5));
#1442 = VECTOR('',#1443,1.);
#1443 = DIRECTION('',(-0.707106781187,-0.707106781187,0.));
#1444 = ORIENTED_EDGE('',*,*,#1398,.F.);
#1445 = ORIENTED_EDGE('',*,*,#1446,.F.);
#1446 = EDGE_CURVE('',#1430,#1399,#1447,.T.);
#1447 = LINE('',#1448,#1449);
#1448 = CARTESIAN_POINT('',(2.5,44.153553390593,0.));
#1449 = VECTOR('',#1450,1.);
#1450 = DIRECTION('',(-0.707106781187,-0.707106781187,0.));
#1451 = PLANE('',#1452);
#1452 = AXIS2_PLACEMENT_3D('',#1453,#1454,#1455);
#1453 = CARTESIAN_POINT('',(2.5,44.153553390593,0.));
#1454 = DIRECTION('',(-0.707106781187,0.707106781187,0.));
#1455 = DIRECTION('',(-0.707106781187,-0.707106781187,0.));
#1456 = ADVANCED_FACE('',(#1457),#1482,.F.);
#1457 = FACE_BOUND('',#1458,.F.);
#1458 = EDGE_LOOP('',(#1459,#1469,#1475,#1476));
#1459 = ORIENTED_EDGE('',*,*,#1460,.T.);
#1460 = EDGE_CURVE('',#1461,#1463,#1465,.T.);
#1461 = VERTEX_POINT('',#1462);
#1462 = CARTESIAN_POINT('',(2.5,45.946446609407,0.));
#1463 = VERTEX_POINT('',#1464);
#1464 = CARTESIAN_POINT('',(2.5,45.946446609407,-2.5));
#1465 = LINE('',#1466,#1467);
#1466 = CARTESIAN_POINT('',(2.5,45.946446609407,0.));
#1467 = VECTOR('',#1468,1.);
#1468 = DIRECTION('',(0.,0.,-1.));
#1469 = ORIENTED_EDGE('',*,*,#1470,.T.);
#1470 = EDGE_CURVE('',#1463,#1432,#1471,.T.);
#1471 = LINE('',#1472,#1473);
#1472 = CARTESIAN_POINT('',(2.5,45.946446609407,-2.5));
#1473 = VECTOR('',#1474,1.);
#1474 = DIRECTION('',(0.,-1.,0.));
#1475 = ORIENTED_EDGE('',*,*,#1429,.F.);
#1476 = ORIENTED_EDGE('',*,*,#1477,.F.);
#1477 = EDGE_CURVE('',#1461,#1430,#1478,.T.);
#1478 = LINE('',#1479,#1480);
#1479 = CARTESIAN_POINT('',(2.5,45.946446609407,0.));
#1480 = VECTOR('',#1481,1.);
#1481 = DIRECTION('',(0.,-1.,0.));
#1482 = PLANE('',#1483);
#1483 = AXIS2_PLACEMENT_3D('',#1484,#1485,#1486);
#1484 = CARTESIAN_POINT('',(2.5,45.946446609407,0.));
#1485 = DIRECTION('',(-1.,-0.,-0.));
#1486 = DIRECTION('',(0.,-1.,0.));
#1487 = ADVANCED_FACE('',(#1488),#1513,.F.);
#1488 = FACE_BOUND('',#1489,.F.);
#1489 = EDGE_LOOP('',(#1490,#1491,#1499,#1507));
#1490 = ORIENTED_EDGE('',*,*,#1460,.F.);
#1491 = ORIENTED_EDGE('',*,*,#1492,.F.);
#1492 = EDGE_CURVE('',#1493,#1461,#1495,.T.);
#1493 = VERTEX_POINT('',#1494);
#1494 = CARTESIAN_POINT('',(2.146446609407,46.3,0.));
#1495 = LINE('',#1496,#1497);
#1496 = CARTESIAN_POINT('',(2.146446609407,46.3,0.));
#1497 = VECTOR('',#1498,1.);
#1498 = DIRECTION('',(0.707106781187,-0.707106781187,0.));
#1499 = ORIENTED_EDGE('',*,*,#1500,.T.);
#1500 = EDGE_CURVE('',#1493,#1501,#1503,.T.);
#1501 = VERTEX_POINT('',#1502);
#1502 = CARTESIAN_POINT('',(2.146446609407,46.3,-2.5));
#1503 = LINE('',#1504,#1505);
#1504 = CARTESIAN_POINT('',(2.146446609407,46.3,0.));
#1505 = VECTOR('',#1506,1.);
#1506 = DIRECTION('',(0.,0.,-1.));
#1507 = ORIENTED_EDGE('',*,*,#1508,.T.);
#1508 = EDGE_CURVE('',#1501,#1463,#1509,.T.);
#1509 = LINE('',#1510,#1511);
#1510 = CARTESIAN_POINT('',(2.146446609407,46.3,-2.5));
#1511 = VECTOR('',#1512,1.);
#1512 = DIRECTION('',(0.707106781187,-0.707106781187,0.));
#1513 = PLANE('',#1514);
#1514 = AXIS2_PLACEMENT_3D('',#1515,#1516,#1517);
#1515 = CARTESIAN_POINT('',(2.146446609407,46.3,0.));
#1516 = DIRECTION('',(-0.707106781187,-0.707106781187,-0.));
#1517 = DIRECTION('',(0.707106781187,-0.707106781187,0.));
#1518 = ADVANCED_FACE('',(#1519),#1544,.F.);
#1519 = FACE_BOUND('',#1520,.F.);
#1520 = EDGE_LOOP('',(#1521,#1522,#1530,#1538));
#1521 = ORIENTED_EDGE('',*,*,#1500,.F.);
#1522 = ORIENTED_EDGE('',*,*,#1523,.F.);
#1523 = EDGE_CURVE('',#1524,#1493,#1526,.T.);
#1524 = VERTEX_POINT('',#1525);
#1525 = CARTESIAN_POINT('',(2.5,46.653553390593,0.));
#1526 = LINE('',#1527,#1528);
#1527 = CARTESIAN_POINT('',(2.5,46.653553390593,0.));
#1528 = VECTOR('',#1529,1.);
#1529 = DIRECTION('',(-0.707106781187,-0.707106781187,0.));
#1530 = ORIENTED_EDGE('',*,*,#1531,.T.);
#1531 = EDGE_CURVE('',#1524,#1532,#1534,.T.);
#1532 = VERTEX_POINT('',#1533);
#1533 = CARTESIAN_POINT('',(2.5,46.653553390593,-2.5));
#1534 = LINE('',#1535,#1536);
#1535 = CARTESIAN_POINT('',(2.5,46.653553390593,0.));
#1536 = VECTOR('',#1537,1.);
#1537 = DIRECTION('',(0.,0.,-1.));
#1538 = ORIENTED_EDGE('',*,*,#1539,.T.);
#1539 = EDGE_CURVE('',#1532,#1501,#1540,.T.);
#1540 = LINE('',#1541,#1542);
#1541 = CARTESIAN_POINT('',(2.5,46.653553390593,-2.5));
#1542 = VECTOR('',#1543,1.);
#1543 = DIRECTION('',(-0.707106781187,-0.707106781187,0.));
#1544 = PLANE('',#1545);
#1545 = AXIS2_PLACEMENT_3D('',#1546,#1547,#1548);
#1546 = CARTESIAN_POINT('',(2.5,46.653553390593,0.));
#1547 = DIRECTION('',(-0.707106781187,0.707106781187,0.));
#1548 = DIRECTION('',(-0.707106781187,-0.707106781187,0.));
#1549 = ADVANCED_FACE('',(#1550),#1575,.F.);
#1550 = FACE_BOUND('',#1551,.F.);
#1551 = EDGE_LOOP('',(#1552,#1562,#1568,#1569));
#1552 = ORIENTED_EDGE('',*,*,#1553,.T.);
#1553 = EDGE_CURVE('',#1554,#1556,#1558,.T.);
#1554 = VERTEX_POINT('',#1555);
#1555 = CARTESIAN_POINT('',(2.5,48.446446609407,0.));
#1556 = VERTEX_POINT('',#1557);
#1557 = CARTESIAN_POINT('',(2.5,48.446446609407,-2.5));
#1558 = LINE('',#1559,#1560);
#1559 = CARTESIAN_POINT('',(2.5,48.446446609407,0.));
#1560 = VECTOR('',#1561,1.);
#1561 = DIRECTION('',(0.,0.,-1.));
#1562 = ORIENTED_EDGE('',*,*,#1563,.T.);
#1563 = EDGE_CURVE('',#1556,#1532,#1564,.T.);
#1564 = LINE('',#1565,#1566);
#1565 = CARTESIAN_POINT('',(2.5,48.446446609407,-2.5));
#1566 = VECTOR('',#1567,1.);
#1567 = DIRECTION('',(0.,-1.,0.));
#1568 = ORIENTED_EDGE('',*,*,#1531,.F.);
#1569 = ORIENTED_EDGE('',*,*,#1570,.F.);
#1570 = EDGE_CURVE('',#1554,#1524,#1571,.T.);
#1571 = LINE('',#1572,#1573);
#1572 = CARTESIAN_POINT('',(2.5,48.446446609407,0.));
#1573 = VECTOR('',#1574,1.);
#1574 = DIRECTION('',(0.,-1.,0.));
#1575 = PLANE('',#1576);
#1576 = AXIS2_PLACEMENT_3D('',#1577,#1578,#1579);
#1577 = CARTESIAN_POINT('',(2.5,48.446446609407,0.));
#1578 = DIRECTION('',(-1.,-0.,-0.));
#1579 = DIRECTION('',(0.,-1.,0.));
#1580 = ADVANCED_FACE('',(#1581),#1606,.F.);
#1581 = FACE_BOUND('',#1582,.F.);
#1582 = EDGE_LOOP('',(#1583,#1584,#1592,#1600));
#1583 = ORIENTED_EDGE('',*,*,#1553,.F.);
#1584 = ORIENTED_EDGE('',*,*,#1585,.F.);
#1585 = EDGE_CURVE('',#1586,#1554,#1588,.T.);
#1586 = VERTEX_POINT('',#1587);
#1587 = CARTESIAN_POINT('',(2.146446609407,48.8,0.));
#1588 = LINE('',#1589,#1590);
#1589 = CARTESIAN_POINT('',(2.146446609407,48.8,0.));
#1590 = VECTOR('',#1591,1.);
#1591 = DIRECTION('',(0.707106781187,-0.707106781187,0.));
#1592 = ORIENTED_EDGE('',*,*,#1593,.T.);
#1593 = EDGE_CURVE('',#1586,#1594,#1596,.T.);
#1594 = VERTEX_POINT('',#1595);
#1595 = CARTESIAN_POINT('',(2.146446609407,48.8,-2.5));
#1596 = LINE('',#1597,#1598);
#1597 = CARTESIAN_POINT('',(2.146446609407,48.8,0.));
#1598 = VECTOR('',#1599,1.);
#1599 = DIRECTION('',(0.,0.,-1.));
#1600 = ORIENTED_EDGE('',*,*,#1601,.T.);
#1601 = EDGE_CURVE('',#1594,#1556,#1602,.T.);
#1602 = LINE('',#1603,#1604);
#1603 = CARTESIAN_POINT('',(2.146446609407,48.8,-2.5));
#1604 = VECTOR('',#1605,1.);
#1605 = DIRECTION('',(0.707106781187,-0.707106781187,0.));
#1606 = PLANE('',#1607);
#1607 = AXIS2_PLACEMENT_3D('',#1608,#1609,#1610);
#1608 = CARTESIAN_POINT('',(2.146446609407,48.8,0.));
#1609 = DIRECTION('',(-0.707106781187,-0.707106781187,-0.));
#1610 = DIRECTION('',(0.707106781187,-0.707106781187,0.));
#1611 = ADVANCED_FACE('',(#1612),#1637,.F.);
#1612 = FACE_BOUND('',#1613,.F.);
#1613 = EDGE_LOOP('',(#1614,#1615,#1623,#1631));
#1614 = ORIENTED_EDGE('',*,*,#1593,.F.);
#1615 = ORIENTED_EDGE('',*,*,#1616,.F.);
#1616 = EDGE_CURVE('',#1617,#1586,#1619,.T.);
#1617 = VERTEX_POINT('',#1618);
#1618 = CARTESIAN_POINT('',(2.5,49.153553390593,0.));
#1619 = LINE('',#1620,#1621);
#1620 = CARTESIAN_POINT('',(2.5,49.153553390593,0.));
#1621 = VECTOR('',#1622,1.);
#1622 = DIRECTION('',(-0.707106781187,-0.707106781187,0.));
#1623 = ORIENTED_EDGE('',*,*,#1624,.T.);
#1624 = EDGE_CURVE('',#1617,#1625,#1627,.T.);
#1625 = VERTEX_POINT('',#1626);
#1626 = CARTESIAN_POINT('',(2.5,49.153553390593,-2.5));
#1627 = LINE('',#1628,#1629);
#1628 = CARTESIAN_POINT('',(2.5,49.153553390593,0.));
#1629 = VECTOR('',#1630,1.);
#1630 = DIRECTION('',(0.,0.,-1.));
#1631 = ORIENTED_EDGE('',*,*,#1632,.T.);
#1632 = EDGE_CURVE('',#1625,#1594,#1633,.T.);
#1633 = LINE('',#1634,#1635);
#1634 = CARTESIAN_POINT('',(2.5,49.153553390593,-2.5));
#1635 = VECTOR('',#1636,1.);
#1636 = DIRECTION('',(-0.707106781187,-0.707106781187,0.));
#1637 = PLANE('',#1638);
#1638 = AXIS2_PLACEMENT_3D('',#1639,#1640,#1641);
#1639 = CARTESIAN_POINT('',(2.5,49.153553390593,0.));
#1640 = DIRECTION('',(-0.707106781187,0.707106781187,0.));
#1641 = DIRECTION('',(-0.707106781187,-0.707106781187,0.));
#1642 = ADVANCED_FACE('',(#1643),#1668,.F.);
#1643 = FACE_BOUND('',#1644,.F.);
#1644 = EDGE_LOOP('',(#1645,#1655,#1661,#1662));
#1645 = ORIENTED_EDGE('',*,*,#1646,.T.);
#1646 = EDGE_CURVE('',#1647,#1649,#1651,.T.);
#1647 = VERTEX_POINT('',#1648);
#1648 = CARTESIAN_POINT('',(2.5,50.946446609407,0.));
#1649 = VERTEX_POINT('',#1650);
#1650 = CARTESIAN_POINT('',(2.5,50.946446609407,-2.5));
#1651 = LINE('',#1652,#1653);
#1652 = CARTESIAN_POINT('',(2.5,50.946446609407,0.));
#1653 = VECTOR('',#1654,1.);
#1654 = DIRECTION('',(0.,0.,-1.));
#1655 = ORIENTED_EDGE('',*,*,#1656,.T.);
#1656 = EDGE_CURVE('',#1649,#1625,#1657,.T.);
#1657 = LINE('',#1658,#1659);
#1658 = CARTESIAN_POINT('',(2.5,50.946446609407,-2.5));
#1659 = VECTOR('',#1660,1.);
#1660 = DIRECTION('',(0.,-1.,0.));
#1661 = ORIENTED_EDGE('',*,*,#1624,.F.);
#1662 = ORIENTED_EDGE('',*,*,#1663,.F.);
#1663 = EDGE_CURVE('',#1647,#1617,#1664,.T.);
#1664 = LINE('',#1665,#1666);
#1665 = CARTESIAN_POINT('',(2.5,50.946446609407,0.));
#1666 = VECTOR('',#1667,1.);
#1667 = DIRECTION('',(0.,-1.,0.));
#1668 = PLANE('',#1669);
#1669 = AXIS2_PLACEMENT_3D('',#1670,#1671,#1672);
#1670 = CARTESIAN_POINT('',(2.5,50.946446609407,0.));
#1671 = DIRECTION('',(-1.,-0.,-0.));
#1672 = DIRECTION('',(0.,-1.,0.));
#1673 = ADVANCED_FACE('',(#1674),#1699,.F.);
#1674 = FACE_BOUND('',#1675,.F.);
#1675 = EDGE_LOOP('',(#1676,#1677,#1685,#1693));
#1676 = ORIENTED_EDGE('',*,*,#1646,.F.);
#1677 = ORIENTED_EDGE('',*,*,#1678,.F.);
#1678 = EDGE_CURVE('',#1679,#1647,#1681,.T.);
#1679 = VERTEX_POINT('',#1680);
#1680 = CARTESIAN_POINT('',(2.146446609407,51.3,0.));
#1681 = LINE('',#1682,#1683);
#1682 = CARTESIAN_POINT('',(2.146446609407,51.3,0.));
#1683 = VECTOR('',#1684,1.);
#1684 = DIRECTION('',(0.707106781187,-0.707106781187,0.));
#1685 = ORIENTED_EDGE('',*,*,#1686,.T.);
#1686 = EDGE_CURVE('',#1679,#1687,#1689,.T.);
#1687 = VERTEX_POINT('',#1688);
#1688 = CARTESIAN_POINT('',(2.146446609407,51.3,-2.5));
#1689 = LINE('',#1690,#1691);
#1690 = CARTESIAN_POINT('',(2.146446609407,51.3,0.));
#1691 = VECTOR('',#1692,1.);
#1692 = DIRECTION('',(0.,0.,-1.));
#1693 = ORIENTED_EDGE('',*,*,#1694,.T.);
#1694 = EDGE_CURVE('',#1687,#1649,#1695,.T.);
#1695 = LINE('',#1696,#1697);
#1696 = CARTESIAN_POINT('',(2.146446609407,51.3,-2.5));
#1697 = VECTOR('',#1698,1.);
#1698 = DIRECTION('',(0.707106781187,-0.707106781187,0.));
#1699 = PLANE('',#1700);
#1700 = AXIS2_PLACEMENT_3D('',#1701,#1702,#1703);
#1701 = CARTESIAN_POINT('',(2.146446609407,51.3,0.));
#1702 = DIRECTION('',(-0.707106781187,-0.707106781187,-0.));
#1703 = DIRECTION('',(0.707106781187,-0.707106781187,0.));
#1704 = ADVANCED_FACE('',(#1705),#1730,.F.);
#1705 = FACE_BOUND('',#1706,.F.);
#1706 = EDGE_LOOP('',(#1707,#1708,#1716,#1724));
#1707 = ORIENTED_EDGE('',*,*,#1686,.F.);
#1708 = ORIENTED_EDGE('',*,*,#1709,.F.);
#1709 = EDGE_CURVE('',#1710,#1679,#1712,.T.);
#1710 = VERTEX_POINT('',#1711);
#1711 = CARTESIAN_POINT('',(2.5,51.653553390593,0.));
#1712 = LINE('',#1713,#1714);
#1713 = CARTESIAN_POINT('',(2.5,51.653553390593,0.));
#1714 = VECTOR('',#1715,1.);
#1715 = DIRECTION('',(-0.707106781187,-0.707106781187,0.));
#1716 = ORIENTED_EDGE('',*,*,#1717,.T.);
#1717 = EDGE_CURVE('',#1710,#1718,#1720,.T.);
#1718 = VERTEX_POINT('',#1719);
#1719 = CARTESIAN_POINT('',(2.5,51.653553390593,-2.5));
#1720 = LINE('',#1721,#1722);
#1721 = CARTESIAN_POINT('',(2.5,51.653553390593,0.));
#1722 = VECTOR('',#1723,1.);
#1723 = DIRECTION('',(0.,0.,-1.));
#1724 = ORIENTED_EDGE('',*,*,#1725,.T.);
#1725 = EDGE_CURVE('',#1718,#1687,#1726,.T.);
#1726 = LINE('',#1727,#1728);
#1727 = CARTESIAN_POINT('',(2.5,51.653553390593,-2.5));
#1728 = VECTOR('',#1729,1.);
#1729 = DIRECTION('',(-0.707106781187,-0.707106781187,0.));
#1730 = PLANE('',#1731);
#1731 = AXIS2_PLACEMENT_3D('',#1732,#1733,#1734);
#1732 = CARTESIAN_POINT('',(2.5,51.653553390593,0.));
#1733 = DIRECTION('',(-0.707106781187,0.707106781187,0.));
#1734 = DIRECTION('',(-0.707106781187,-0.707106781187,0.));
#1735 = ADVANCED_FACE('',(#1736),#1761,.F.);
#1736 = FACE_BOUND('',#1737,.F.);
#1737 = EDGE_LOOP('',(#1738,#1748,#1754,#1755));
#1738 = ORIENTED_EDGE('',*,*,#1739,.T.);
#1739 = EDGE_CURVE('',#1740,#1742,#1744,.T.);
#1740 = VERTEX_POINT('',#1741);
#1741 = CARTESIAN_POINT('',(2.5,53.446446609407,0.));
#1742 = VERTEX_POINT('',#1743);
#1743 = CARTESIAN_POINT('',(2.5,53.446446609407,-2.5));
#1744 = LINE('',#1745,#1746);
#1745 = CARTESIAN_POINT('',(2.5,53.446446609407,0.));
#1746 = VECTOR('',#1747,1.);
#1747 = DIRECTION('',(0.,0.,-1.));
#1748 = ORIENTED_EDGE('',*,*,#1749,.T.);
#1749 = EDGE_CURVE('',#1742,#1718,#1750,.T.);
#1750 = LINE('',#1751,#1752);
#1751 = CARTESIAN_POINT('',(2.5,53.446446609407,-2.5));
#1752 = VECTOR('',#1753,1.);
#1753 = DIRECTION('',(0.,-1.,0.));
#1754 = ORIENTED_EDGE('',*,*,#1717,.F.);
#1755 = ORIENTED_EDGE('',*,*,#1756,.F.);
#1756 = EDGE_CURVE('',#1740,#1710,#1757,.T.);
#1757 = LINE('',#1758,#1759);
#1758 = CARTESIAN_POINT('',(2.5,53.446446609407,0.));
#1759 = VECTOR('',#1760,1.);
#1760 = DIRECTION('',(0.,-1.,0.));
#1761 = PLANE('',#1762);
#1762 = AXIS2_PLACEMENT_3D('',#1763,#1764,#1765);
#1763 = CARTESIAN_POINT('',(2.5,53.446446609407,0.));
#1764 = DIRECTION('',(-1.,-0.,-0.));
#1765 = DIRECTION('',(0.,-1.,0.));
#1766 = ADVANCED_FACE('',(#1767),#1792,.F.);
#1767 = FACE_BOUND('',#1768,.F.);
#1768 = EDGE_LOOP('',(#1769,#1779,#1785,#1786));
#1769 = ORIENTED_EDGE('',*,*,#1770,.T.);
#1770 = EDGE_CURVE('',#1771,#1773,#1775,.T.);
#1771 = VERTEX_POINT('',#1772);
#1772 = CARTESIAN_POINT('',(2.146446609407,53.8,0.));
#1773 = VERTEX_POINT('',#1774);
#1774 = CARTESIAN_POINT('',(2.146446609407,53.8,-2.5));
#1775 = LINE('',#1776,#1777);
#1776 = CARTESIAN_POINT('',(2.146446609407,53.8,0.));
#1777 = VECTOR('',#1778,1.);
#1778 = DIRECTION('',(0.,0.,-1.));
#1779 = ORIENTED_EDGE('',*,*,#1780,.T.);
#1780 = EDGE_CURVE('',#1773,#1742,#1781,.T.);
#1781 = LINE('',#1782,#1783);
#1782 = CARTESIAN_POINT('',(2.146446609407,53.8,-2.5));
#1783 = VECTOR('',#1784,1.);
#1784 = DIRECTION('',(0.707106781187,-0.707106781187,0.));
#1785 = ORIENTED_EDGE('',*,*,#1739,.F.);
#1786 = ORIENTED_EDGE('',*,*,#1787,.F.);
#1787 = EDGE_CURVE('',#1771,#1740,#1788,.T.);
#1788 = LINE('',#1789,#1790);
#1789 = CARTESIAN_POINT('',(2.146446609407,53.8,0.));
#1790 = VECTOR('',#1791,1.);
#1791 = DIRECTION('',(0.707106781187,-0.707106781187,0.));
#1792 = PLANE('',#1793);
#1793 = AXIS2_PLACEMENT_3D('',#1794,#1795,#1796);
#1794 = CARTESIAN_POINT('',(2.146446609407,53.8,0.));
#1795 = DIRECTION('',(-0.707106781187,-0.707106781187,-0.));
#1796 = DIRECTION('',(0.707106781187,-0.707106781187,0.));
#1797 = ADVANCED_FACE('',(#1798),#1823,.F.);
#1798 = FACE_BOUND('',#1799,.F.);
#1799 = EDGE_LOOP('',(#1800,#1810,#1816,#1817));
#1800 = ORIENTED_EDGE('',*,*,#1801,.T.);
#1801 = EDGE_CURVE('',#1802,#1804,#1806,.T.);
#1802 = VERTEX_POINT('',#1803);
#1803 = CARTESIAN_POINT('',(0.353553390593,53.8,0.));
#1804 = VERTEX_POINT('',#1805);
#1805 = CARTESIAN_POINT('',(0.353553390593,53.8,-2.5));
#1806 = LINE('',#1807,#1808);
#1807 = CARTESIAN_POINT('',(0.353553390593,53.8,0.));
#1808 = VECTOR('',#1809,1.);
#1809 = DIRECTION('',(0.,0.,-1.));
#1810 = ORIENTED_EDGE('',*,*,#1811,.T.);
#1811 = EDGE_CURVE('',#1804,#1773,#1812,.T.);
#1812 = LINE('',#1813,#1814);
#1813 = CARTESIAN_POINT('',(0.353553390593,53.8,-2.5));
#1814 = VECTOR('',#1815,1.);
#1815 = DIRECTION('',(1.,0.,0.));
#1816 = ORIENTED_EDGE('',*,*,#1770,.F.);
#1817 = ORIENTED_EDGE('',*,*,#1818,.F.);
#1818 = EDGE_CURVE('',#1802,#1771,#1819,.T.);
#1819 = LINE('',#1820,#1821);
#1820 = CARTESIAN_POINT('',(0.353553390593,53.8,0.));
#1821 = VECTOR('',#1822,1.);
#1822 = DIRECTION('',(1.,0.,0.));
#1823 = PLANE('',#1824);
#1824 = AXIS2_PLACEMENT_3D('',#1825,#1826,#1827);
#1825 = CARTESIAN_POINT('',(0.353553390593,53.8,0.));
#1826 = DIRECTION('',(0.,-1.,0.));
#1827 = DIRECTION('',(1.,0.,0.));
#1828 = ADVANCED_FACE('',(#1829),#1854,.F.);
#1829 = FACE_BOUND('',#1830,.F.);
#1830 = EDGE_LOOP('',(#1831,#1841,#1847,#1848));
#1831 = ORIENTED_EDGE('',*,*,#1832,.T.);
#1832 = EDGE_CURVE('',#1833,#1835,#1837,.T.);
#1833 = VERTEX_POINT('',#1834);
#1834 = CARTESIAN_POINT('',(0.,53.446446609407,0.));
#1835 = VERTEX_POINT('',#1836);
#1836 = CARTESIAN_POINT('',(0.,53.446446609407,-2.5));
#1837 = LINE('',#1838,#1839);
#1838 = CARTESIAN_POINT('',(0.,53.446446609407,0.));
#1839 = VECTOR('',#1840,1.);
#1840 = DIRECTION('',(0.,0.,-1.));
#1841 = ORIENTED_EDGE('',*,*,#1842,.T.);
#1842 = EDGE_CURVE('',#1835,#1804,#1843,.T.);
#1843 = LINE('',#1844,#1845);
#1844 = CARTESIAN_POINT('',(0.,53.446446609407,-2.5));
#1845 = VECTOR('',#1846,1.);
#1846 = DIRECTION('',(0.707106781187,0.707106781187,0.));
#1847 = ORIENTED_EDGE('',*,*,#1801,.F.);
#1848 = ORIENTED_EDGE('',*,*,#1849,.F.);
#1849 = EDGE_CURVE('',#1833,#1802,#1850,.T.);
#1850 = LINE('',#1851,#1852);
#1851 = CARTESIAN_POINT('',(0.,53.446446609407,0.));
#1852 = VECTOR('',#1853,1.);
#1853 = DIRECTION('',(0.707106781187,0.707106781187,0.));
#1854 = PLANE('',#1855);
#1855 = AXIS2_PLACEMENT_3D('',#1856,#1857,#1858);
#1856 = CARTESIAN_POINT('',(0.,53.446446609407,0.));
#1857 = DIRECTION('',(0.707106781187,-0.707106781187,0.));
#1858 = DIRECTION('',(0.707106781187,0.707106781187,0.));
#1859 = ADVANCED_FACE('',(#1860),#1885,.F.);
#1860 = FACE_BOUND('',#1861,.F.);
#1861 = EDGE_LOOP('',(#1862,#1872,#1878,#1879));
#1862 = ORIENTED_EDGE('',*,*,#1863,.T.);
#1863 = EDGE_CURVE('',#1864,#1866,#1868,.T.);
#1864 = VERTEX_POINT('',#1865);
#1865 = CARTESIAN_POINT('',(0.,51.653553390593,0.));
#1866 = VERTEX_POINT('',#1867);
#1867 = CARTESIAN_POINT('',(0.,51.653553390593,-2.5));
#1868 = LINE('',#1869,#1870);
#1869 = CARTESIAN_POINT('',(0.,51.653553390593,0.));
#1870 = VECTOR('',#1871,1.);
#1871 = DIRECTION('',(0.,0.,-1.));
#1872 = ORIENTED_EDGE('',*,*,#1873,.T.);
#1873 = EDGE_CURVE('',#1866,#1835,#1874,.T.);
#1874 = LINE('',#1875,#1876);
#1875 = CARTESIAN_POINT('',(0.,51.653553390593,-2.5));
#1876 = VECTOR('',#1877,1.);
#1877 = DIRECTION('',(0.,1.,0.));
#1878 = ORIENTED_EDGE('',*,*,#1832,.F.);
#1879 = ORIENTED_EDGE('',*,*,#1880,.F.);
#1880 = EDGE_CURVE('',#1864,#1833,#1881,.T.);
#1881 = LINE('',#1882,#1883);
#1882 = CARTESIAN_POINT('',(0.,51.653553390593,0.));
#1883 = VECTOR('',#1884,1.);
#1884 = DIRECTION('',(0.,1.,0.));
#1885 = PLANE('',#1886);
#1886 = AXIS2_PLACEMENT_3D('',#1887,#1888,#1889);
#1887 = CARTESIAN_POINT('',(0.,51.653553390593,0.));
#1888 = DIRECTION('',(1.,0.,0.));
#1889 = DIRECTION('',(0.,1.,0.));
#1890 = ADVANCED_FACE('',(#1891),#1916,.F.);
#1891 = FACE_BOUND('',#1892,.F.);
#1892 = EDGE_LOOP('',(#1893,#1903,#1909,#1910));
#1893 = ORIENTED_EDGE('',*,*,#1894,.T.);
#1894 = EDGE_CURVE('',#1895,#1897,#1899,.T.);
#1895 = VERTEX_POINT('',#1896);
#1896 = CARTESIAN_POINT('',(0.353553390593,51.3,0.));
#1897 = VERTEX_POINT('',#1898);
#1898 = CARTESIAN_POINT('',(0.353553390593,51.3,-2.5));
#1899 = LINE('',#1900,#1901);
#1900 = CARTESIAN_POINT('',(0.353553390593,51.3,0.));
#1901 = VECTOR('',#1902,1.);
#1902 = DIRECTION('',(0.,0.,-1.));
#1903 = ORIENTED_EDGE('',*,*,#1904,.T.);
#1904 = EDGE_CURVE('',#1897,#1866,#1905,.T.);
#1905 = LINE('',#1906,#1907);
#1906 = CARTESIAN_POINT('',(0.353553390593,51.3,-2.5));
#1907 = VECTOR('',#1908,1.);
#1908 = DIRECTION('',(-0.707106781187,0.707106781187,-0.));
#1909 = ORIENTED_EDGE('',*,*,#1863,.F.);
#1910 = ORIENTED_EDGE('',*,*,#1911,.F.);
#1911 = EDGE_CURVE('',#1895,#1864,#1912,.T.);
#1912 = LINE('',#1913,#1914);
#1913 = CARTESIAN_POINT('',(0.353553390593,51.3,0.));
#1914 = VECTOR('',#1915,1.);
#1915 = DIRECTION('',(-0.707106781187,0.707106781187,-0.));
#1916 = PLANE('',#1917);
#1917 = AXIS2_PLACEMENT_3D('',#1918,#1919,#1920);
#1918 = CARTESIAN_POINT('',(0.353553390593,51.3,0.));
#1919 = DIRECTION('',(0.707106781187,0.707106781187,0.));
#1920 = DIRECTION('',(-0.707106781187,0.707106781187,0.));
#1921 = ADVANCED_FACE('',(#1922),#1947,.F.);
#1922 = FACE_BOUND('',#1923,.F.);
#1923 = EDGE_LOOP('',(#1924,#1934,#1940,#1941));
#1924 = ORIENTED_EDGE('',*,*,#1925,.T.);
#1925 = EDGE_CURVE('',#1926,#1928,#1930,.T.);
#1926 = VERTEX_POINT('',#1927);
#1927 = CARTESIAN_POINT('',(0.,50.946446609407,0.));
#1928 = VERTEX_POINT('',#1929);
#1929 = CARTESIAN_POINT('',(0.,50.946446609407,-2.5));
#1930 = LINE('',#1931,#1932);
#1931 = CARTESIAN_POINT('',(0.,50.946446609407,0.));
#1932 = VECTOR('',#1933,1.);
#1933 = DIRECTION('',(0.,0.,-1.));
#1934 = ORIENTED_EDGE('',*,*,#1935,.T.);
#1935 = EDGE_CURVE('',#1928,#1897,#1936,.T.);
#1936 = LINE('',#1937,#1938);
#1937 = CARTESIAN_POINT('',(0.,50.946446609407,-2.5));
#1938 = VECTOR('',#1939,1.);
#1939 = DIRECTION('',(0.707106781187,0.707106781187,0.));
#1940 = ORIENTED_EDGE('',*,*,#1894,.F.);
#1941 = ORIENTED_EDGE('',*,*,#1942,.F.);
#1942 = EDGE_CURVE('',#1926,#1895,#1943,.T.);
#1943 = LINE('',#1944,#1945);
#1944 = CARTESIAN_POINT('',(0.,50.946446609407,0.));
#1945 = VECTOR('',#1946,1.);
#1946 = DIRECTION('',(0.707106781187,0.707106781187,0.));
#1947 = PLANE('',#1948);
#1948 = AXIS2_PLACEMENT_3D('',#1949,#1950,#1951);
#1949 = CARTESIAN_POINT('',(0.,50.946446609407,0.));
#1950 = DIRECTION('',(0.707106781187,-0.707106781187,0.));
#1951 = DIRECTION('',(0.707106781187,0.707106781187,0.));
#1952 = ADVANCED_FACE('',(#1953),#1978,.F.);
#1953 = FACE_BOUND('',#1954,.F.);
#1954 = EDGE_LOOP('',(#1955,#1965,#1971,#1972));
#1955 = ORIENTED_EDGE('',*,*,#1956,.T.);
#1956 = EDGE_CURVE('',#1957,#1959,#1961,.T.);
#1957 = VERTEX_POINT('',#1958);
#1958 = CARTESIAN_POINT('',(0.,49.153553390593,0.));
#1959 = VERTEX_POINT('',#1960);
#1960 = CARTESIAN_POINT('',(0.,49.153553390593,-2.5));
#1961 = LINE('',#1962,#1963);
#1962 = CARTESIAN_POINT('',(0.,49.153553390593,0.));
#1963 = VECTOR('',#1964,1.);
#1964 = DIRECTION('',(0.,0.,-1.));
#1965 = ORIENTED_EDGE('',*,*,#1966,.T.);
#1966 = EDGE_CURVE('',#1959,#1928,#1967,.T.);
#1967 = LINE('',#1968,#1969);
#1968 = CARTESIAN_POINT('',(0.,49.153553390593,-2.5));
#1969 = VECTOR('',#1970,1.);
#1970 = DIRECTION('',(0.,1.,0.));
#1971 = ORIENTED_EDGE('',*,*,#1925,.F.);
#1972 = ORIENTED_EDGE('',*,*,#1973,.F.);
#1973 = EDGE_CURVE('',#1957,#1926,#1974,.T.);
#1974 = LINE('',#1975,#1976);
#1975 = CARTESIAN_POINT('',(0.,49.153553390593,0.));
#1976 = VECTOR('',#1977,1.);
#1977 = DIRECTION('',(0.,1.,0.));
#1978 = PLANE('',#1979);
#1979 = AXIS2_PLACEMENT_3D('',#1980,#1981,#1982);
#1980 = CARTESIAN_POINT('',(0.,49.153553390593,0.));
#1981 = DIRECTION('',(1.,0.,0.));
#1982 = DIRECTION('',(0.,1.,0.));
#1983 = ADVANCED_FACE('',(#1984),#2009,.F.);
#1984 = FACE_BOUND('',#1985,.F.);
#1985 = EDGE_LOOP('',(#1986,#1996,#2002,#2003));
#1986 = ORIENTED_EDGE('',*,*,#1987,.T.);
#1987 = EDGE_CURVE('',#1988,#1990,#1992,.T.);
#1988 = VERTEX_POINT('',#1989);
#1989 = CARTESIAN_POINT('',(0.353553390593,48.8,0.));
#1990 = VERTEX_POINT('',#1991);
#1991 = CARTESIAN_POINT('',(0.353553390593,48.8,-2.5));
#1992 = LINE('',#1993,#1994);
#1993 = CARTESIAN_POINT('',(0.353553390593,48.8,0.));
#1994 = VECTOR('',#1995,1.);
#1995 = DIRECTION('',(0.,0.,-1.));
#1996 = ORIENTED_EDGE('',*,*,#1997,.T.);
#1997 = EDGE_CURVE('',#1990,#1959,#1998,.T.);
#1998 = LINE('',#1999,#2000);
#1999 = CARTESIAN_POINT('',(0.353553390593,48.8,-2.5));
#2000 = VECTOR('',#2001,1.);
#2001 = DIRECTION('',(-0.707106781187,0.707106781187,-0.));
#2002 = ORIENTED_EDGE('',*,*,#1956,.F.);
#2003 = ORIENTED_EDGE('',*,*,#2004,.F.);
#2004 = EDGE_CURVE('',#1988,#1957,#2005,.T.);
#2005 = LINE('',#2006,#2007);
#2006 = CARTESIAN_POINT('',(0.353553390593,48.8,0.));
#2007 = VECTOR('',#2008,1.);
#2008 = DIRECTION('',(-0.707106781187,0.707106781187,-0.));
#2009 = PLANE('',#2010);
#2010 = AXIS2_PLACEMENT_3D('',#2011,#2012,#2013);
#2011 = CARTESIAN_POINT('',(0.353553390593,48.8,0.));
#2012 = DIRECTION('',(0.707106781187,0.707106781187,0.));
#2013 = DIRECTION('',(-0.707106781187,0.707106781187,0.));
#2014 = ADVANCED_FACE('',(#2015),#2040,.F.);
#2015 = FACE_BOUND('',#2016,.F.);
#2016 = EDGE_LOOP('',(#2017,#2027,#2033,#2034));
#2017 = ORIENTED_EDGE('',*,*,#2018,.T.);
#2018 = EDGE_CURVE('',#2019,#2021,#2023,.T.);
#2019 = VERTEX_POINT('',#2020);
#2020 = CARTESIAN_POINT('',(0.,48.446446609407,0.));
#2021 = VERTEX_POINT('',#2022);
#2022 = CARTESIAN_POINT('',(0.,48.446446609407,-2.5));
#2023 = LINE('',#2024,#2025);
#2024 = CARTESIAN_POINT('',(0.,48.446446609407,0.));
#2025 = VECTOR('',#2026,1.);
#2026 = DIRECTION('',(0.,0.,-1.));
#2027 = ORIENTED_EDGE('',*,*,#2028,.T.);
#2028 = EDGE_CURVE('',#2021,#1990,#2029,.T.);
#2029 = LINE('',#2030,#2031);
#2030 = CARTESIAN_POINT('',(0.,48.446446609407,-2.5));
#2031 = VECTOR('',#2032,1.);
#2032 = DIRECTION('',(0.707106781187,0.707106781187,0.));
#2033 = ORIENTED_EDGE('',*,*,#1987,.F.);
#2034 = ORIENTED_EDGE('',*,*,#2035,.F.);
#2035 = EDGE_CURVE('',#2019,#1988,#2036,.T.);
#2036 = LINE('',#2037,#2038);
#2037 = CARTESIAN_POINT('',(0.,48.446446609407,0.));
#2038 = VECTOR('',#2039,1.);
#2039 = DIRECTION('',(0.707106781187,0.707106781187,0.));
#2040 = PLANE('',#2041);
#2041 = AXIS2_PLACEMENT_3D('',#2042,#2043,#2044);
#2042 = CARTESIAN_POINT('',(0.,48.446446609407,0.));
#2043 = DIRECTION('',(0.707106781187,-0.707106781187,0.));
#2044 = DIRECTION('',(0.707106781187,0.707106781187,0.));
#2045 = ADVANCED_FACE('',(#2046),#2071,.F.);
#2046 = FACE_BOUND('',#2047,.F.);
#2047 = EDGE_LOOP('',(#2048,#2058,#2064,#2065));
#2048 = ORIENTED_EDGE('',*,*,#2049,.T.);
#2049 = EDGE_CURVE('',#2050,#2052,#2054,.T.);
#2050 = VERTEX_POINT('',#2051);
#2051 = CARTESIAN_POINT('',(0.,46.653553390593,0.));
#2052 = VERTEX_POINT('',#2053);
#2053 = CARTESIAN_POINT('',(0.,46.653553390593,-2.5));
#2054 = LINE('',#2055,#2056);
#2055 = CARTESIAN_POINT('',(0.,46.653553390593,0.));
#2056 = VECTOR('',#2057,1.);
#2057 = DIRECTION('',(0.,0.,-1.));
#2058 = ORIENTED_EDGE('',*,*,#2059,.T.);
#2059 = EDGE_CURVE('',#2052,#2021,#2060,.T.);
#2060 = LINE('',#2061,#2062);
#2061 = CARTESIAN_POINT('',(0.,46.653553390593,-2.5));
#2062 = VECTOR('',#2063,1.);
#2063 = DIRECTION('',(0.,1.,0.));
#2064 = ORIENTED_EDGE('',*,*,#2018,.F.);
#2065 = ORIENTED_EDGE('',*,*,#2066,.F.);
#2066 = EDGE_CURVE('',#2050,#2019,#2067,.T.);
#2067 = LINE('',#2068,#2069);
#2068 = CARTESIAN_POINT('',(0.,46.653553390593,0.));
#2069 = VECTOR('',#2070,1.);
#2070 = DIRECTION('',(0.,1.,0.));
#2071 = PLANE('',#2072);
#2072 = AXIS2_PLACEMENT_3D('',#2073,#2074,#2075);
#2073 = CARTESIAN_POINT('',(0.,46.653553390593,0.));
#2074 = DIRECTION('',(1.,0.,0.));
#2075 = DIRECTION('',(0.,1.,0.));
#2076 = ADVANCED_FACE('',(#2077),#2102,.F.);
#2077 = FACE_BOUND('',#2078,.F.);
#2078 = EDGE_LOOP('',(#2079,#2089,#2095,#2096));
#2079 = ORIENTED_EDGE('',*,*,#2080,.T.);
#2080 = EDGE_CURVE('',#2081,#2083,#2085,.T.);
#2081 = VERTEX_POINT('',#2082);
#2082 = CARTESIAN_POINT('',(0.353553390593,46.3,0.));
#2083 = VERTEX_POINT('',#2084);
#2084 = CARTESIAN_POINT('',(0.353553390593,46.3,-2.5));
#2085 = LINE('',#2086,#2087);
#2086 = CARTESIAN_POINT('',(0.353553390593,46.3,0.));
#2087 = VECTOR('',#2088,1.);
#2088 = DIRECTION('',(0.,0.,-1.));
#2089 = ORIENTED_EDGE('',*,*,#2090,.T.);
#2090 = EDGE_CURVE('',#2083,#2052,#2091,.T.);
#2091 = LINE('',#2092,#2093);
#2092 = CARTESIAN_POINT('',(0.353553390593,46.3,-2.5));
#2093 = VECTOR('',#2094,1.);
#2094 = DIRECTION('',(-0.707106781187,0.707106781187,-0.));
#2095 = ORIENTED_EDGE('',*,*,#2049,.F.);
#2096 = ORIENTED_EDGE('',*,*,#2097,.F.);
#2097 = EDGE_CURVE('',#2081,#2050,#2098,.T.);
#2098 = LINE('',#2099,#2100);
#2099 = CARTESIAN_POINT('',(0.353553390593,46.3,0.));
#2100 = VECTOR('',#2101,1.);
#2101 = DIRECTION('',(-0.707106781187,0.707106781187,-0.));
#2102 = PLANE('',#2103);
#2103 = AXIS2_PLACEMENT_3D('',#2104,#2105,#2106);
#2104 = CARTESIAN_POINT('',(0.353553390593,46.3,0.));
#2105 = DIRECTION('',(0.707106781187,0.707106781187,0.));
#2106 = DIRECTION('',(-0.707106781187,0.707106781187,0.));
#2107 = ADVANCED_FACE('',(#2108),#2133,.F.);
#2108 = FACE_BOUND('',#2109,.F.);
#2109 = EDGE_LOOP('',(#2110,#2120,#2126,#2127));
#2110 = ORIENTED_EDGE('',*,*,#2111,.T.);
#2111 = EDGE_CURVE('',#2112,#2114,#2116,.T.);
#2112 = VERTEX_POINT('',#2113);
#2113 = CARTESIAN_POINT('',(0.,45.946446609407,0.));
#2114 = VERTEX_POINT('',#2115);
#2115 = CARTESIAN_POINT('',(0.,45.946446609407,-2.5));
#2116 = LINE('',#2117,#2118);
#2117 = CARTESIAN_POINT('',(0.,45.946446609407,0.));
#2118 = VECTOR('',#2119,1.);
#2119 = DIRECTION('',(0.,0.,-1.));
#2120 = ORIENTED_EDGE('',*,*,#2121,.T.);
#2121 = EDGE_CURVE('',#2114,#2083,#2122,.T.);
#2122 = LINE('',#2123,#2124);
#2123 = CARTESIAN_POINT('',(0.,45.946446609407,-2.5));
#2124 = VECTOR('',#2125,1.);
#2125 = DIRECTION('',(0.707106781187,0.707106781187,0.));
#2126 = ORIENTED_EDGE('',*,*,#2080,.F.);
#2127 = ORIENTED_EDGE('',*,*,#2128,.F.);
#2128 = EDGE_CURVE('',#2112,#2081,#2129,.T.);
#2129 = LINE('',#2130,#2131);
#2130 = CARTESIAN_POINT('',(0.,45.946446609407,0.));
#2131 = VECTOR('',#2132,1.);
#2132 = DIRECTION('',(0.707106781187,0.707106781187,0.));
#2133 = PLANE('',#2134);
#2134 = AXIS2_PLACEMENT_3D('',#2135,#2136,#2137);
#2135 = CARTESIAN_POINT('',(0.,45.946446609407,0.));
#2136 = DIRECTION('',(0.707106781187,-0.707106781187,0.));
#2137 = DIRECTION('',(0.707106781187,0.707106781187,0.));
#2138 = ADVANCED_FACE('',(#2139),#2155,.F.);
#2139 = FACE_BOUND('',#2140,.F.);
#2140 = EDGE_LOOP('',(#2141,#2142,#2148,#2149));
#2141 = ORIENTED_EDGE('',*,*,#1376,.T.);
#2142 = ORIENTED_EDGE('',*,*,#2143,.T.);
#2143 = EDGE_CURVE('',#1369,#2114,#2144,.T.);
#2144 = LINE('',#2145,#2146);
#2145 = CARTESIAN_POINT('',(0.,44.153553390593,-2.5));
#2146 = VECTOR('',#2147,1.);
#2147 = DIRECTION('',(0.,1.,0.));
#2148 = ORIENTED_EDGE('',*,*,#2111,.F.);
#2149 = ORIENTED_EDGE('',*,*,#2150,.F.);
#2150 = EDGE_CURVE('',#1377,#2112,#2151,.T.);
#2151 = LINE('',#2152,#2153);
#2152 = CARTESIAN_POINT('',(0.,44.153553390593,0.));
#2153 = VECTOR('',#2154,1.);
#2154 = DIRECTION('',(0.,1.,0.));
#2155 = PLANE('',#2156);
#2156 = AXIS2_PLACEMENT_3D('',#2157,#2158,#2159);
#2157 = CARTESIAN_POINT('',(0.,44.153553390593,0.));
#2158 = DIRECTION('',(1.,0.,0.));
#2159 = DIRECTION('',(0.,1.,0.));
#2160 = ADVANCED_FACE('',(#2161),#2189,.T.);
#2161 = FACE_BOUND('',#2162,.T.);
#2162 = EDGE_LOOP('',(#2163,#2164,#2165,#2166,#2167,#2168,#2169,#2170,
    #2171,#2172,#2173,#2174,#2175,#2176,#2177,#2178,#2179,#2180,#2181,
    #2182,#2183,#2184,#2185,#2186,#2187,#2188));
#2163 = ORIENTED_EDGE('',*,*,#1384,.F.);
#2164 = ORIENTED_EDGE('',*,*,#1415,.F.);
#2165 = ORIENTED_EDGE('',*,*,#1446,.F.);
#2166 = ORIENTED_EDGE('',*,*,#1477,.F.);
#2167 = ORIENTED_EDGE('',*,*,#1492,.F.);
#2168 = ORIENTED_EDGE('',*,*,#1523,.F.);
#2169 = ORIENTED_EDGE('',*,*,#1570,.F.);
#2170 = ORIENTED_EDGE('',*,*,#1585,.F.);
#2171 = ORIENTED_EDGE('',*,*,#1616,.F.);
#2172 = ORIENTED_EDGE('',*,*,#1663,.F.);
#2173 = ORIENTED_EDGE('',*,*,#1678,.F.);
#2174 = ORIENTED_EDGE('',*,*,#1709,.F.);
#2175 = ORIENTED_EDGE('',*,*,#1756,.F.);
#2176 = ORIENTED_EDGE('',*,*,#1787,.F.);
#2177 = ORIENTED_EDGE('',*,*,#1818,.F.);
#2178 = ORIENTED_EDGE('',*,*,#1849,.F.);
#2179 = ORIENTED_EDGE('',*,*,#1880,.F.);
#2180 = ORIENTED_EDGE('',*,*,#1911,.F.);
#2181 = ORIENTED_EDGE('',*,*,#1942,.F.);
#2182 = ORIENTED_EDGE('',*,*,#1973,.F.);
#2183 = ORIENTED_EDGE('',*,*,#2004,.F.);
#2184 = ORIENTED_EDGE('',*,*,#2035,.F.);
#2185 = ORIENTED_EDGE('',*,*,#2066,.F.);
#2186 = ORIENTED_EDGE('',*,*,#2097,.F.);
#2187 = ORIENTED_EDGE('',*,*,#2128,.F.);
#2188 = ORIENTED_EDGE('',*,*,#2150,.F.);
#2189 = PLANE('',#2190);
#2190 = AXIS2_PLACEMENT_3D('',#2191,#2192,#2193);
#2191 = CARTESIAN_POINT('',(1.25,48.8,0.));
#2192 = DIRECTION('',(0.,0.,1.));
#2193 = DIRECTION('',(1.,0.,0.));
#2194 = ADVANCED_FACE('',(#2195),#2223,.F.);
#2195 = FACE_BOUND('',#2196,.F.);
#2196 = EDGE_LOOP('',(#2197,#2198,#2199,#2200,#2201,#2202,#2203,#2204,
    #2205,#2206,#2207,#2208,#2209,#2210,#2211,#2212,#2213,#2214,#2215,
    #2216,#2217,#2218,#2219,#2220,#2221,#2222));
#2197 = ORIENTED_EDGE('',*,*,#1368,.F.);
#2198 = ORIENTED_EDGE('',*,*,#1408,.F.);
#2199 = ORIENTED_EDGE('',*,*,#1439,.F.);
#2200 = ORIENTED_EDGE('',*,*,#1470,.F.);
#2201 = ORIENTED_EDGE('',*,*,#1508,.F.);
#2202 = ORIENTED_EDGE('',*,*,#1539,.F.);
#2203 = ORIENTED_EDGE('',*,*,#1563,.F.);
#2204 = ORIENTED_EDGE('',*,*,#1601,.F.);
#2205 = ORIENTED_EDGE('',*,*,#1632,.F.);
#2206 = ORIENTED_EDGE('',*,*,#1656,.F.);
#2207 = ORIENTED_EDGE('',*,*,#1694,.F.);
#2208 = ORIENTED_EDGE('',*,*,#1725,.F.);
#2209 = ORIENTED_EDGE('',*,*,#1749,.F.);
#2210 = ORIENTED_EDGE('',*,*,#1780,.F.);
#2211 = ORIENTED_EDGE('',*,*,#1811,.F.);
#2212 = ORIENTED_EDGE('',*,*,#1842,.F.);
#2213 = ORIENTED_EDGE('',*,*,#1873,.F.);
#2214 = ORIENTED_EDGE('',*,*,#1904,.F.);
#2215 = ORIENTED_EDGE('',*,*,#1935,.F.);
#2216 = ORIENTED_EDGE('',*,*,#1966,.F.);
#2217 = ORIENTED_EDGE('',*,*,#1997,.F.);
#2218 = ORIENTED_EDGE('',*,*,#2028,.F.);
#2219 = ORIENTED_EDGE('',*,*,#2059,.F.);
#2220 = ORIENTED_EDGE('',*,*,#2090,.F.);
#2221 = ORIENTED_EDGE('',*,*,#2121,.F.);
#2222 = ORIENTED_EDGE('',*,*,#2143,.F.);
#2223 = PLANE('',#2224);
#2224 = AXIS2_PLACEMENT_3D('',#2225,#2226,#2227);
#2225 = CARTESIAN_POINT('',(1.25,48.8,-2.5));
#2226 = DIRECTION('',(0.,0.,1.));
#2227 = DIRECTION('',(1.,0.,0.));
#2228 = ( GEOMETRIC_REPRESENTATION_CONTEXT(3) 
GLOBAL_UNCERTAINTY_ASSIGNED_CONTEXT((#2232)) 
GLOBAL_UNIT_ASSIGNED_CONTEXT((#2229,#2230,#2231)) REPRESENTATION_CONTEXT
('Context #1','3D Context with UNIT and UNCERTAINTY') );
#2229 = ( LENGTH_UNIT() NAMED_UNIT(*) SI_UNIT(.MILLI.,.METRE.) );
#2230 = ( NAMED_UNIT(*) PLANE_ANGLE_UNIT() SI_UNIT($,.RADIAN.) );
#2231 = ( NAMED_UNIT(*) SI_UNIT($,.STERADIAN.) SOLID_ANGLE_UNIT() );
#2232 = UNCERTAINTY_MEASURE_WITH_UNIT(LENGTH_MEASURE(1.E-07),#2229,
  'distance_accuracy_value','confusion accuracy');
#2233 = CONTEXT_DEPENDENT_SHAPE_REPRESENTATION(#2234,#2236);
#2234 = ( REPRESENTATION_RELATIONSHIP('','',#509,#10) 
REPRESENTATION_RELATIONSHIP_WITH_TRANSFORMATION(#2235) 
SHAPE_REPRESENTATION_RELATIONSHIP() );
#2235 = ITEM_DEFINED_TRANSFORMATION('','',#11,#19);
#2236 = PRODUCT_DEFINITION_SHAPE('Placement','Placement of an item',
  #2237);
#2237 = NEXT_ASSEMBLY_USAGE_OCCURRENCE('6','BooleanFragments','',#5,#504
  ,$);
#2238 = PRODUCT_RELATED_PRODUCT_CATEGORY('part',$,(#506));
#2239 = SHAPE_DEFINITION_REPRESENTATION(#2240,#2246);
#2240 = PRODUCT_DEFINITION_SHAPE('','',#2241);
#2241 = PRODUCT_DEFINITION('design','',#2242,#2245);
#2242 = PRODUCT_DEFINITION_FORMATION('','',#2243);
#2243 = PRODUCT('BooleanFragments001','BooleanFragments001','',(#2244));
#2244 = PRODUCT_CONTEXT('',#2,'mechanical');
#2245 = PRODUCT_DEFINITION_CONTEXT('part definition',#2,'design');
#2246 = SHAPE_REPRESENTATION('',(#11,#2247,#2673,#2856),#2909);
#2247 = MANIFOLD_SOLID_BREP('',#2248);
#2248 = CLOSED_SHELL('',(#2249,#2289,#2322,#2353,#2386,#2417,#2450,#2481
    ,#2514,#2545,#2578,#2609,#2633,#2653));
#2249 = ADVANCED_FACE('',(#2250),#2284,.T.);
#2250 = FACE_BOUND('',#2251,.T.);
#2251 = EDGE_LOOP('',(#2252,#2262,#2270,#2278));
#2252 = ORIENTED_EDGE('',*,*,#2253,.T.);
#2253 = EDGE_CURVE('',#2254,#2256,#2258,.T.);
#2254 = VERTEX_POINT('',#2255);
#2255 = CARTESIAN_POINT('',(19.214026972844,61.,1.6));
#2256 = VERTEX_POINT('',#2257);
#2257 = CARTESIAN_POINT('',(19.214026972844,55.,1.6));
#2258 = LINE('',#2259,#2260);
#2259 = CARTESIAN_POINT('',(19.214026972844,61.,1.6));
#2260 = VECTOR('',#2261,1.);
#2261 = DIRECTION('',(9.E-17,-1.,2.2E-16));
#2262 = ORIENTED_EDGE('',*,*,#2263,.T.);
#2263 = EDGE_CURVE('',#2256,#2264,#2266,.T.);
#2264 = VERTEX_POINT('',#2265);
#2265 = CARTESIAN_POINT('',(13.785973027156,55.,1.6));
#2266 = LINE('',#2267,#2268);
#2267 = CARTESIAN_POINT('',(19.214026972844,55.,1.6));
#2268 = VECTOR('',#2269,1.);
#2269 = DIRECTION('',(-1.,0.,0.));
#2270 = ORIENTED_EDGE('',*,*,#2271,.F.);
#2271 = EDGE_CURVE('',#2272,#2264,#2274,.T.);
#2272 = VERTEX_POINT('',#2273);
#2273 = CARTESIAN_POINT('',(13.785973027156,61.,1.6));
#2274 = LINE('',#2275,#2276);
#2275 = CARTESIAN_POINT('',(13.785973027156,61.,1.6));
#2276 = VECTOR('',#2277,1.);
#2277 = DIRECTION('',(9.E-17,-1.,2.2E-16));
#2278 = ORIENTED_EDGE('',*,*,#2279,.F.);
#2279 = EDGE_CURVE('',#2254,#2272,#2280,.T.);
#2280 = LINE('',#2281,#2282);
#2281 = CARTESIAN_POINT('',(19.214026972844,61.,1.6));
#2282 = VECTOR('',#2283,1.);
#2283 = DIRECTION('',(-1.,0.,0.));
#2284 = PLANE('',#2285);
#2285 = AXIS2_PLACEMENT_3D('',#2286,#2287,#2288);
#2286 = CARTESIAN_POINT('',(19.214026972844,61.,1.6));
#2287 = DIRECTION('',(-9.E-17,-2.2E-16,-1.));
#2288 = DIRECTION('',(-1.,-9.E-17,9.E-17));
#2289 = ADVANCED_FACE('',(#2290),#2317,.T.);
#2290 = FACE_BOUND('',#2291,.T.);
#2291 = EDGE_LOOP('',(#2292,#2293,#2302,#2310));
#2292 = ORIENTED_EDGE('',*,*,#2271,.T.);
#2293 = ORIENTED_EDGE('',*,*,#2294,.T.);
#2294 = EDGE_CURVE('',#2264,#2295,#2297,.T.);
#2295 = VERTEX_POINT('',#2296);
#2296 = CARTESIAN_POINT('',(13.355005919577,55.,1.846489936718));
#2297 = CIRCLE('',#2298,0.5);
#2298 = AXIS2_PLACEMENT_3D('',#2299,#2300,#2301);
#2299 = CARTESIAN_POINT('',(13.785973027156,55.,2.1));
#2300 = DIRECTION('',(0.,1.,-2.2E-16));
#2301 = DIRECTION('',(-1.,0.,0.));
#2302 = ORIENTED_EDGE('',*,*,#2303,.F.);
#2303 = EDGE_CURVE('',#2304,#2295,#2306,.T.);
#2304 = VERTEX_POINT('',#2305);
#2305 = CARTESIAN_POINT('',(13.355005919577,61.,1.846489936718));
#2306 = LINE('',#2307,#2308);
#2307 = CARTESIAN_POINT('',(13.355005919577,61.,1.846489936718));
#2308 = VECTOR('',#2309,1.);
#2309 = DIRECTION('',(9.E-17,-1.,2.2E-16));
#2310 = ORIENTED_EDGE('',*,*,#2311,.F.);
#2311 = EDGE_CURVE('',#2272,#2304,#2312,.T.);
#2312 = CIRCLE('',#2313,0.5);
#2313 = AXIS2_PLACEMENT_3D('',#2314,#2315,#2316);
#2314 = CARTESIAN_POINT('',(13.785973027156,61.,2.1));
#2315 = DIRECTION('',(0.,1.,-2.2E-16));
#2316 = DIRECTION('',(-1.,0.,0.));
#2317 = CYLINDRICAL_SURFACE('',#2318,0.5);
#2318 = AXIS2_PLACEMENT_3D('',#2319,#2320,#2321);
#2319 = CARTESIAN_POINT('',(13.785973027156,61.,2.1));
#2320 = DIRECTION('',(-9.E-17,1.,-2.2E-16));
#2321 = DIRECTION('',(-1.,-9.E-17,9.E-17));
#2322 = ADVANCED_FACE('',(#2323),#2348,.T.);
#2323 = FACE_BOUND('',#2324,.T.);
#2324 = EDGE_LOOP('',(#2325,#2326,#2334,#2342));
#2325 = ORIENTED_EDGE('',*,*,#2303,.T.);
#2326 = ORIENTED_EDGE('',*,*,#2327,.T.);
#2327 = EDGE_CURVE('',#2295,#2328,#2330,.T.);
#2328 = VERTEX_POINT('',#2329);
#2329 = CARTESIAN_POINT('',(12.569032892421,55.,3.182644082884));
#2330 = LINE('',#2331,#2332);
#2331 = CARTESIAN_POINT('',(13.355005919577,55.,1.846489936718));
#2332 = VECTOR('',#2333,1.);
#2333 = DIRECTION('',(-0.507020126563,1.9E-16,0.861934215158));
#2334 = ORIENTED_EDGE('',*,*,#2335,.F.);
#2335 = EDGE_CURVE('',#2336,#2328,#2338,.T.);
#2336 = VERTEX_POINT('',#2337);
#2337 = CARTESIAN_POINT('',(12.569032892421,61.,3.182644082884));
#2338 = LINE('',#2339,#2340);
#2339 = CARTESIAN_POINT('',(12.569032892421,61.,3.182644082884));
#2340 = VECTOR('',#2341,1.);
#2341 = DIRECTION('',(9.E-17,-1.,2.2E-16));
#2342 = ORIENTED_EDGE('',*,*,#2343,.F.);
#2343 = EDGE_CURVE('',#2304,#2336,#2344,.T.);
#2344 = LINE('',#2345,#2346);
#2345 = CARTESIAN_POINT('',(13.355005919577,61.,1.846489936718));
#2346 = VECTOR('',#2347,1.);
#2347 = DIRECTION('',(-0.507020126563,1.9E-16,0.861934215158));
#2348 = PLANE('',#2349);
#2349 = AXIS2_PLACEMENT_3D('',#2350,#2351,#2352);
#2350 = CARTESIAN_POINT('',(13.355005919577,61.,1.846489936718));
#2351 = DIRECTION('',(-0.861934215158,-1.9E-16,-0.507020126563));
#2352 = DIRECTION('',(-0.507020126563,1.5E-16,0.861934215158));
#2353 = ADVANCED_FACE('',(#2354),#2381,.T.);
#2354 = FACE_BOUND('',#2355,.T.);
#2355 = EDGE_LOOP('',(#2356,#2357,#2366,#2374));
#2356 = ORIENTED_EDGE('',*,*,#2335,.T.);
#2357 = ORIENTED_EDGE('',*,*,#2358,.T.);
#2358 = EDGE_CURVE('',#2328,#2359,#2361,.T.);
#2359 = VERTEX_POINT('',#2360);
#2360 = CARTESIAN_POINT('',(12.5,55.,3.436154146166));
#2361 = CIRCLE('',#2362,0.5);
#2362 = AXIS2_PLACEMENT_3D('',#2363,#2364,#2365);
#2363 = CARTESIAN_POINT('',(13.,55.,3.436154146166));
#2364 = DIRECTION('',(0.,1.,-2.2E-16));
#2365 = DIRECTION('',(-1.,0.,0.));
#2366 = ORIENTED_EDGE('',*,*,#2367,.F.);
#2367 = EDGE_CURVE('',#2368,#2359,#2370,.T.);
#2368 = VERTEX_POINT('',#2369);
#2369 = CARTESIAN_POINT('',(12.5,61.,3.436154146166));
#2370 = LINE('',#2371,#2372);
#2371 = CARTESIAN_POINT('',(12.5,61.,3.436154146166));
#2372 = VECTOR('',#2373,1.);
#2373 = DIRECTION('',(9.E-17,-1.,2.2E-16));
#2374 = ORIENTED_EDGE('',*,*,#2375,.F.);
#2375 = EDGE_CURVE('',#2336,#2368,#2376,.T.);
#2376 = CIRCLE('',#2377,0.5);
#2377 = AXIS2_PLACEMENT_3D('',#2378,#2379,#2380);
#2378 = CARTESIAN_POINT('',(13.,61.,3.436154146166));
#2379 = DIRECTION('',(0.,1.,-2.2E-16));
#2380 = DIRECTION('',(-1.,0.,0.));
#2381 = CYLINDRICAL_SURFACE('',#2382,0.5);
#2382 = AXIS2_PLACEMENT_3D('',#2383,#2384,#2385);
#2383 = CARTESIAN_POINT('',(13.,61.,3.436154146166));
#2384 = DIRECTION('',(-9.E-17,1.,-2.2E-16));
#2385 = DIRECTION('',(-1.,-9.E-17,9.E-17));
#2386 = ADVANCED_FACE('',(#2387),#2412,.T.);
#2387 = FACE_BOUND('',#2388,.T.);
#2388 = EDGE_LOOP('',(#2389,#2390,#2398,#2406));
#2389 = ORIENTED_EDGE('',*,*,#2367,.T.);
#2390 = ORIENTED_EDGE('',*,*,#2391,.T.);
#2391 = EDGE_CURVE('',#2359,#2392,#2394,.T.);
#2392 = VERTEX_POINT('',#2393);
#2393 = CARTESIAN_POINT('',(12.5,55.,3.8));
#2394 = LINE('',#2395,#2396);
#2395 = CARTESIAN_POINT('',(12.5,55.,3.436154146166));
#2396 = VECTOR('',#2397,1.);
#2397 = DIRECTION('',(0.,2.2E-16,1.));
#2398 = ORIENTED_EDGE('',*,*,#2399,.F.);
#2399 = EDGE_CURVE('',#2400,#2392,#2402,.T.);
#2400 = VERTEX_POINT('',#2401);
#2401 = CARTESIAN_POINT('',(12.5,61.,3.8));
#2402 = LINE('',#2403,#2404);
#2403 = CARTESIAN_POINT('',(12.5,61.,3.8));
#2404 = VECTOR('',#2405,1.);
#2405 = DIRECTION('',(9.E-17,-1.,2.2E-16));
#2406 = ORIENTED_EDGE('',*,*,#2407,.F.);
#2407 = EDGE_CURVE('',#2368,#2400,#2408,.T.);
#2408 = LINE('',#2409,#2410);
#2409 = CARTESIAN_POINT('',(12.5,61.,3.436154146166));
#2410 = VECTOR('',#2411,1.);
#2411 = DIRECTION('',(0.,2.2E-16,1.));
#2412 = PLANE('',#2413);
#2413 = AXIS2_PLACEMENT_3D('',#2414,#2415,#2416);
#2414 = CARTESIAN_POINT('',(12.5,61.,3.436154146166));
#2415 = DIRECTION('',(-1.,-9.E-17,9.E-17));
#2416 = DIRECTION('',(9.E-17,2.2E-16,1.));
#2417 = ADVANCED_FACE('',(#2418),#2445,.T.);
#2418 = FACE_BOUND('',#2419,.T.);
#2419 = EDGE_LOOP('',(#2420,#2421,#2430,#2438));
#2420 = ORIENTED_EDGE('',*,*,#2399,.T.);
#2421 = ORIENTED_EDGE('',*,*,#2422,.T.);
#2422 = EDGE_CURVE('',#2392,#2423,#2425,.T.);
#2423 = VERTEX_POINT('',#2424);
#2424 = CARTESIAN_POINT('',(13.,55.,4.3));
#2425 = CIRCLE('',#2426,0.5);
#2426 = AXIS2_PLACEMENT_3D('',#2427,#2428,#2429);
#2427 = CARTESIAN_POINT('',(13.,55.,3.8));
#2428 = DIRECTION('',(0.,1.,-2.2E-16));
#2429 = DIRECTION('',(-1.,0.,0.));
#2430 = ORIENTED_EDGE('',*,*,#2431,.F.);
#2431 = EDGE_CURVE('',#2432,#2423,#2434,.T.);
#2432 = VERTEX_POINT('',#2433);
#2433 = CARTESIAN_POINT('',(13.,61.,4.3));
#2434 = LINE('',#2435,#2436);
#2435 = CARTESIAN_POINT('',(13.,61.,4.3));
#2436 = VECTOR('',#2437,1.);
#2437 = DIRECTION('',(9.E-17,-1.,2.2E-16));
#2438 = ORIENTED_EDGE('',*,*,#2439,.F.);
#2439 = EDGE_CURVE('',#2400,#2432,#2440,.T.);
#2440 = CIRCLE('',#2441,0.5);
#2441 = AXIS2_PLACEMENT_3D('',#2442,#2443,#2444);
#2442 = CARTESIAN_POINT('',(13.,61.,3.8));
#2443 = DIRECTION('',(0.,1.,-2.2E-16));
#2444 = DIRECTION('',(-1.,0.,0.));
#2445 = CYLINDRICAL_SURFACE('',#2446,0.5);
#2446 = AXIS2_PLACEMENT_3D('',#2447,#2448,#2449);
#2447 = CARTESIAN_POINT('',(13.,61.,3.8));
#2448 = DIRECTION('',(-9.E-17,1.,-2.2E-16));
#2449 = DIRECTION('',(-1.,-9.E-17,9.E-17));
#2450 = ADVANCED_FACE('',(#2451),#2476,.T.);
#2451 = FACE_BOUND('',#2452,.T.);
#2452 = EDGE_LOOP('',(#2453,#2454,#2462,#2470));
#2453 = ORIENTED_EDGE('',*,*,#2431,.T.);
#2454 = ORIENTED_EDGE('',*,*,#2455,.T.);
#2455 = EDGE_CURVE('',#2423,#2456,#2458,.T.);
#2456 = VERTEX_POINT('',#2457);
#2457 = CARTESIAN_POINT('',(20.,55.,4.3));
#2458 = LINE('',#2459,#2460);
#2459 = CARTESIAN_POINT('',(13.,55.,4.3));
#2460 = VECTOR('',#2461,1.);
#2461 = DIRECTION('',(1.,0.,0.));
#2462 = ORIENTED_EDGE('',*,*,#2463,.F.);
#2463 = EDGE_CURVE('',#2464,#2456,#2466,.T.);
#2464 = VERTEX_POINT('',#2465);
#2465 = CARTESIAN_POINT('',(20.,61.,4.3));
#2466 = LINE('',#2467,#2468);
#2467 = CARTESIAN_POINT('',(20.,61.,4.3));
#2468 = VECTOR('',#2469,1.);
#2469 = DIRECTION('',(9.E-17,-1.,2.2E-16));
#2470 = ORIENTED_EDGE('',*,*,#2471,.F.);
#2471 = EDGE_CURVE('',#2432,#2464,#2472,.T.);
#2472 = LINE('',#2473,#2474);
#2473 = CARTESIAN_POINT('',(13.,61.,4.3));
#2474 = VECTOR('',#2475,1.);
#2475 = DIRECTION('',(1.,0.,0.));
#2476 = PLANE('',#2477);
#2477 = AXIS2_PLACEMENT_3D('',#2478,#2479,#2480);
#2478 = CARTESIAN_POINT('',(13.,61.,4.3));
#2479 = DIRECTION('',(9.E-17,2.2E-16,1.));
#2480 = DIRECTION('',(1.,9.E-17,-9.E-17));
#2481 = ADVANCED_FACE('',(#2482),#2509,.T.);
#2482 = FACE_BOUND('',#2483,.T.);
#2483 = EDGE_LOOP('',(#2484,#2485,#2494,#2502));
#2484 = ORIENTED_EDGE('',*,*,#2463,.T.);
#2485 = ORIENTED_EDGE('',*,*,#2486,.T.);
#2486 = EDGE_CURVE('',#2456,#2487,#2489,.T.);
#2487 = VERTEX_POINT('',#2488);
#2488 = CARTESIAN_POINT('',(20.5,55.,3.8));
#2489 = CIRCLE('',#2490,0.5);
#2490 = AXIS2_PLACEMENT_3D('',#2491,#2492,#2493);
#2491 = CARTESIAN_POINT('',(20.,55.,3.8));
#2492 = DIRECTION('',(0.,1.,-2.2E-16));
#2493 = DIRECTION('',(-1.,0.,0.));
#2494 = ORIENTED_EDGE('',*,*,#2495,.F.);
#2495 = EDGE_CURVE('',#2496,#2487,#2498,.T.);
#2496 = VERTEX_POINT('',#2497);
#2497 = CARTESIAN_POINT('',(20.5,61.,3.8));
#2498 = LINE('',#2499,#2500);
#2499 = CARTESIAN_POINT('',(20.5,61.,3.8));
#2500 = VECTOR('',#2501,1.);
#2501 = DIRECTION('',(9.E-17,-1.,2.2E-16));
#2502 = ORIENTED_EDGE('',*,*,#2503,.F.);
#2503 = EDGE_CURVE('',#2464,#2496,#2504,.T.);
#2504 = CIRCLE('',#2505,0.5);
#2505 = AXIS2_PLACEMENT_3D('',#2506,#2507,#2508);
#2506 = CARTESIAN_POINT('',(20.,61.,3.8));
#2507 = DIRECTION('',(0.,1.,-2.2E-16));
#2508 = DIRECTION('',(-1.,0.,0.));
#2509 = CYLINDRICAL_SURFACE('',#2510,0.5);
#2510 = AXIS2_PLACEMENT_3D('',#2511,#2512,#2513);
#2511 = CARTESIAN_POINT('',(20.,61.,3.8));
#2512 = DIRECTION('',(-9.E-17,1.,-2.2E-16));
#2513 = DIRECTION('',(-1.,-9.E-17,9.E-17));
#2514 = ADVANCED_FACE('',(#2515),#2540,.T.);
#2515 = FACE_BOUND('',#2516,.T.);
#2516 = EDGE_LOOP('',(#2517,#2518,#2526,#2534));
#2517 = ORIENTED_EDGE('',*,*,#2495,.T.);
#2518 = ORIENTED_EDGE('',*,*,#2519,.T.);
#2519 = EDGE_CURVE('',#2487,#2520,#2522,.T.);
#2520 = VERTEX_POINT('',#2521);
#2521 = CARTESIAN_POINT('',(20.5,55.,3.436154146166));
#2522 = LINE('',#2523,#2524);
#2523 = CARTESIAN_POINT('',(20.5,55.,3.8));
#2524 = VECTOR('',#2525,1.);
#2525 = DIRECTION('',(-0.,-2.2E-16,-1.));
#2526 = ORIENTED_EDGE('',*,*,#2527,.F.);
#2527 = EDGE_CURVE('',#2528,#2520,#2530,.T.);
#2528 = VERTEX_POINT('',#2529);
#2529 = CARTESIAN_POINT('',(20.5,61.,3.436154146166));
#2530 = LINE('',#2531,#2532);
#2531 = CARTESIAN_POINT('',(20.5,61.,3.436154146166));
#2532 = VECTOR('',#2533,1.);
#2533 = DIRECTION('',(9.E-17,-1.,2.2E-16));
#2534 = ORIENTED_EDGE('',*,*,#2535,.F.);
#2535 = EDGE_CURVE('',#2496,#2528,#2536,.T.);
#2536 = LINE('',#2537,#2538);
#2537 = CARTESIAN_POINT('',(20.5,61.,3.8));
#2538 = VECTOR('',#2539,1.);
#2539 = DIRECTION('',(-0.,-2.2E-16,-1.));
#2540 = PLANE('',#2541);
#2541 = AXIS2_PLACEMENT_3D('',#2542,#2543,#2544);
#2542 = CARTESIAN_POINT('',(20.5,61.,3.8));
#2543 = DIRECTION('',(1.,9.E-17,-9.E-17));
#2544 = DIRECTION('',(-9.E-17,-2.2E-16,-1.));
#2545 = ADVANCED_FACE('',(#2546),#2573,.T.);
#2546 = FACE_BOUND('',#2547,.T.);
#2547 = EDGE_LOOP('',(#2548,#2549,#2558,#2566));
#2548 = ORIENTED_EDGE('',*,*,#2527,.T.);
#2549 = ORIENTED_EDGE('',*,*,#2550,.T.);
#2550 = EDGE_CURVE('',#2520,#2551,#2553,.T.);
#2551 = VERTEX_POINT('',#2552);
#2552 = CARTESIAN_POINT('',(20.430967107579,55.,3.182644082884));
#2553 = CIRCLE('',#2554,0.5);
#2554 = AXIS2_PLACEMENT_3D('',#2555,#2556,#2557);
#2555 = CARTESIAN_POINT('',(20.,55.,3.436154146166));
#2556 = DIRECTION('',(0.,1.,-2.2E-16));
#2557 = DIRECTION('',(-1.,0.,0.));
#2558 = ORIENTED_EDGE('',*,*,#2559,.F.);
#2559 = EDGE_CURVE('',#2560,#2551,#2562,.T.);
#2560 = VERTEX_POINT('',#2561);
#2561 = CARTESIAN_POINT('',(20.430967107579,61.,3.182644082884));
#2562 = LINE('',#2563,#2564);
#2563 = CARTESIAN_POINT('',(20.430967107579,61.,3.182644082884));
#2564 = VECTOR('',#2565,1.);
#2565 = DIRECTION('',(9.E-17,-1.,2.2E-16));
#2566 = ORIENTED_EDGE('',*,*,#2567,.F.);
#2567 = EDGE_CURVE('',#2528,#2560,#2568,.T.);
#2568 = CIRCLE('',#2569,0.5);
#2569 = AXIS2_PLACEMENT_3D('',#2570,#2571,#2572);
#2570 = CARTESIAN_POINT('',(20.,61.,3.436154146166));
#2571 = DIRECTION('',(0.,1.,-2.2E-16));
#2572 = DIRECTION('',(-1.,0.,0.));
#2573 = CYLINDRICAL_SURFACE('',#2574,0.5);
#2574 = AXIS2_PLACEMENT_3D('',#2575,#2576,#2577);
#2575 = CARTESIAN_POINT('',(20.,61.,3.436154146166));
#2576 = DIRECTION('',(-9.E-17,1.,-2.2E-16));
#2577 = DIRECTION('',(-1.,-9.E-17,9.E-17));
#2578 = ADVANCED_FACE('',(#2579),#2604,.T.);
#2579 = FACE_BOUND('',#2580,.T.);
#2580 = EDGE_LOOP('',(#2581,#2582,#2590,#2598));
#2581 = ORIENTED_EDGE('',*,*,#2559,.T.);
#2582 = ORIENTED_EDGE('',*,*,#2583,.T.);
#2583 = EDGE_CURVE('',#2551,#2584,#2586,.T.);
#2584 = VERTEX_POINT('',#2585);
#2585 = CARTESIAN_POINT('',(19.644994080423,55.,1.846489936718));
#2586 = LINE('',#2587,#2588);
#2587 = CARTESIAN_POINT('',(20.430967107579,55.,3.182644082884));
#2588 = VECTOR('',#2589,1.);
#2589 = DIRECTION('',(-0.507020126563,-1.9E-16,-0.861934215158));
#2590 = ORIENTED_EDGE('',*,*,#2591,.F.);
#2591 = EDGE_CURVE('',#2592,#2584,#2594,.T.);
#2592 = VERTEX_POINT('',#2593);
#2593 = CARTESIAN_POINT('',(19.644994080423,61.,1.846489936718));
#2594 = LINE('',#2595,#2596);
#2595 = CARTESIAN_POINT('',(19.644994080423,61.,1.846489936718));
#2596 = VECTOR('',#2597,1.);
#2597 = DIRECTION('',(9.E-17,-1.,2.2E-16));
#2598 = ORIENTED_EDGE('',*,*,#2599,.F.);
#2599 = EDGE_CURVE('',#2560,#2592,#2600,.T.);
#2600 = LINE('',#2601,#2602);
#2601 = CARTESIAN_POINT('',(20.430967107579,61.,3.182644082884));
#2602 = VECTOR('',#2603,1.);
#2603 = DIRECTION('',(-0.507020126563,-1.9E-16,-0.861934215158));
#2604 = PLANE('',#2605);
#2605 = AXIS2_PLACEMENT_3D('',#2606,#2607,#2608);
#2606 = CARTESIAN_POINT('',(20.430967107579,61.,3.182644082884));
#2607 = DIRECTION('',(0.861934215158,-4.E-17,-0.507020126563));
#2608 = DIRECTION('',(-0.507020126563,-2.4E-16,-0.861934215158));
#2609 = ADVANCED_FACE('',(#2610),#2628,.T.);
#2610 = FACE_BOUND('',#2611,.T.);
#2611 = EDGE_LOOP('',(#2612,#2613,#2620,#2621));
#2612 = ORIENTED_EDGE('',*,*,#2591,.T.);
#2613 = ORIENTED_EDGE('',*,*,#2614,.T.);
#2614 = EDGE_CURVE('',#2584,#2256,#2615,.T.);
#2615 = CIRCLE('',#2616,0.5);
#2616 = AXIS2_PLACEMENT_3D('',#2617,#2618,#2619);
#2617 = CARTESIAN_POINT('',(19.214026972844,55.,2.1));
#2618 = DIRECTION('',(0.,1.,-2.2E-16));
#2619 = DIRECTION('',(-1.,0.,0.));
#2620 = ORIENTED_EDGE('',*,*,#2253,.F.);
#2621 = ORIENTED_EDGE('',*,*,#2622,.F.);
#2622 = EDGE_CURVE('',#2592,#2254,#2623,.T.);
#2623 = CIRCLE('',#2624,0.5);
#2624 = AXIS2_PLACEMENT_3D('',#2625,#2626,#2627);
#2625 = CARTESIAN_POINT('',(19.214026972844,61.,2.1));
#2626 = DIRECTION('',(0.,1.,-2.2E-16));
#2627 = DIRECTION('',(-1.,0.,0.));
#2628 = CYLINDRICAL_SURFACE('',#2629,0.5);
#2629 = AXIS2_PLACEMENT_3D('',#2630,#2631,#2632);
#2630 = CARTESIAN_POINT('',(19.214026972844,61.,2.1));
#2631 = DIRECTION('',(-9.E-17,1.,-2.2E-16));
#2632 = DIRECTION('',(-1.,-9.E-17,9.E-17));
#2633 = ADVANCED_FACE('',(#2634),#2648,.T.);
#2634 = FACE_BOUND('',#2635,.T.);
#2635 = EDGE_LOOP('',(#2636,#2637,#2638,#2639,#2640,#2641,#2642,#2643,
    #2644,#2645,#2646,#2647));
#2636 = ORIENTED_EDGE('',*,*,#2279,.T.);
#2637 = ORIENTED_EDGE('',*,*,#2311,.T.);
#2638 = ORIENTED_EDGE('',*,*,#2343,.T.);
#2639 = ORIENTED_EDGE('',*,*,#2375,.T.);
#2640 = ORIENTED_EDGE('',*,*,#2407,.T.);
#2641 = ORIENTED_EDGE('',*,*,#2439,.T.);
#2642 = ORIENTED_EDGE('',*,*,#2471,.T.);
#2643 = ORIENTED_EDGE('',*,*,#2503,.T.);
#2644 = ORIENTED_EDGE('',*,*,#2535,.T.);
#2645 = ORIENTED_EDGE('',*,*,#2567,.T.);
#2646 = ORIENTED_EDGE('',*,*,#2599,.T.);
#2647 = ORIENTED_EDGE('',*,*,#2622,.T.);
#2648 = PLANE('',#2649);
#2649 = AXIS2_PLACEMENT_3D('',#2650,#2651,#2652);
#2650 = CARTESIAN_POINT('',(16.5,61.,3.05051116609));
#2651 = DIRECTION('',(0.,1.,2.2E-16));
#2652 = DIRECTION('',(0.,-2.2E-16,1.));
#2653 = ADVANCED_FACE('',(#2654),#2668,.F.);
#2654 = FACE_BOUND('',#2655,.F.);
#2655 = EDGE_LOOP('',(#2656,#2657,#2658,#2659,#2660,#2661,#2662,#2663,
    #2664,#2665,#2666,#2667));
#2656 = ORIENTED_EDGE('',*,*,#2263,.T.);
#2657 = ORIENTED_EDGE('',*,*,#2294,.T.);
#2658 = ORIENTED_EDGE('',*,*,#2327,.T.);
#2659 = ORIENTED_EDGE('',*,*,#2358,.T.);
#2660 = ORIENTED_EDGE('',*,*,#2391,.T.);
#2661 = ORIENTED_EDGE('',*,*,#2422,.T.);
#2662 = ORIENTED_EDGE('',*,*,#2455,.T.);
#2663 = ORIENTED_EDGE('',*,*,#2486,.T.);
#2664 = ORIENTED_EDGE('',*,*,#2519,.T.);
#2665 = ORIENTED_EDGE('',*,*,#2550,.T.);
#2666 = ORIENTED_EDGE('',*,*,#2583,.T.);
#2667 = ORIENTED_EDGE('',*,*,#2614,.T.);
#2668 = PLANE('',#2669);
#2669 = AXIS2_PLACEMENT_3D('',#2670,#2671,#2672);
#2670 = CARTESIAN_POINT('',(16.5,55.,3.05051116609));
#2671 = DIRECTION('',(0.,1.,2.2E-16));
#2672 = DIRECTION('',(0.,-2.2E-16,1.));
#2673 = MANIFOLD_SOLID_BREP('',#2674);
#2674 = CLOSED_SHELL('',(#2675,#2715,#2746,#2777,#2808,#2830,#2843));
#2675 = ADVANCED_FACE('',(#2676),#2710,.T.);
#2676 = FACE_BOUND('',#2677,.T.);
#2677 = EDGE_LOOP('',(#2678,#2688,#2696,#2704));
#2678 = ORIENTED_EDGE('',*,*,#2679,.T.);
#2679 = EDGE_CURVE('',#2680,#2682,#2684,.T.);
#2680 = VERTEX_POINT('',#2681);
#2681 = CARTESIAN_POINT('',(0.5,36.5,2.6));
#2682 = VERTEX_POINT('',#2683);
#2683 = CARTESIAN_POINT('',(0.5,36.5,4.4));
#2684 = LINE('',#2685,#2686);
#2685 = CARTESIAN_POINT('',(0.5,36.5,2.6));
#2686 = VECTOR('',#2687,1.);
#2687 = DIRECTION('',(0.,0.,1.));
#2688 = ORIENTED_EDGE('',*,*,#2689,.T.);
#2689 = EDGE_CURVE('',#2682,#2690,#2692,.T.);
#2690 = VERTEX_POINT('',#2691);
#2691 = CARTESIAN_POINT('',(27.5,36.5,4.4));
#2692 = LINE('',#2693,#2694);
#2693 = CARTESIAN_POINT('',(0.5,36.5,4.4));
#2694 = VECTOR('',#2695,1.);
#2695 = DIRECTION('',(1.,0.,0.));
#2696 = ORIENTED_EDGE('',*,*,#2697,.F.);
#2697 = EDGE_CURVE('',#2698,#2690,#2700,.T.);
#2698 = VERTEX_POINT('',#2699);
#2699 = CARTESIAN_POINT('',(27.5,36.5,2.6));
#2700 = LINE('',#2701,#2702);
#2701 = CARTESIAN_POINT('',(27.5,36.5,2.6));
#2702 = VECTOR('',#2703,1.);
#2703 = DIRECTION('',(0.,0.,1.));
#2704 = ORIENTED_EDGE('',*,*,#2705,.F.);
#2705 = EDGE_CURVE('',#2680,#2698,#2706,.T.);
#2706 = LINE('',#2707,#2708);
#2707 = CARTESIAN_POINT('',(0.5,36.5,2.6));
#2708 = VECTOR('',#2709,1.);
#2709 = DIRECTION('',(1.,0.,0.));
#2710 = PLANE('',#2711);
#2711 = AXIS2_PLACEMENT_3D('',#2712,#2713,#2714);
#2712 = CARTESIAN_POINT('',(0.5,36.5,2.6));
#2713 = DIRECTION('',(0.,1.,0.));
#2714 = DIRECTION('',(1.,0.,0.));
#2715 = ADVANCED_FACE('',(#2716),#2741,.T.);
#2716 = FACE_BOUND('',#2717,.T.);
#2717 = EDGE_LOOP('',(#2718,#2719,#2727,#2735));
#2718 = ORIENTED_EDGE('',*,*,#2697,.T.);
#2719 = ORIENTED_EDGE('',*,*,#2720,.T.);
#2720 = EDGE_CURVE('',#2690,#2721,#2723,.T.);
#2721 = VERTEX_POINT('',#2722);
#2722 = CARTESIAN_POINT('',(27.5,14.5,4.4));
#2723 = LINE('',#2724,#2725);
#2724 = CARTESIAN_POINT('',(27.5,36.5,4.4));
#2725 = VECTOR('',#2726,1.);
#2726 = DIRECTION('',(0.,-1.,0.));
#2727 = ORIENTED_EDGE('',*,*,#2728,.F.);
#2728 = EDGE_CURVE('',#2729,#2721,#2731,.T.);
#2729 = VERTEX_POINT('',#2730);
#2730 = CARTESIAN_POINT('',(27.5,14.5,2.6));
#2731 = LINE('',#2732,#2733);
#2732 = CARTESIAN_POINT('',(27.5,14.5,2.6));
#2733 = VECTOR('',#2734,1.);
#2734 = DIRECTION('',(0.,0.,1.));
#2735 = ORIENTED_EDGE('',*,*,#2736,.F.);
#2736 = EDGE_CURVE('',#2698,#2729,#2737,.T.);
#2737 = LINE('',#2738,#2739);
#2738 = CARTESIAN_POINT('',(27.5,36.5,2.6));
#2739 = VECTOR('',#2740,1.);
#2740 = DIRECTION('',(0.,-1.,0.));
#2741 = PLANE('',#2742);
#2742 = AXIS2_PLACEMENT_3D('',#2743,#2744,#2745);
#2743 = CARTESIAN_POINT('',(27.5,36.5,2.6));
#2744 = DIRECTION('',(1.,0.,0.));
#2745 = DIRECTION('',(0.,-1.,0.));
#2746 = ADVANCED_FACE('',(#2747),#2772,.T.);
#2747 = FACE_BOUND('',#2748,.T.);
#2748 = EDGE_LOOP('',(#2749,#2750,#2758,#2766));
#2749 = ORIENTED_EDGE('',*,*,#2728,.T.);
#2750 = ORIENTED_EDGE('',*,*,#2751,.T.);
#2751 = EDGE_CURVE('',#2721,#2752,#2754,.T.);
#2752 = VERTEX_POINT('',#2753);
#2753 = CARTESIAN_POINT('',(5.5,14.5,4.4));
#2754 = LINE('',#2755,#2756);
#2755 = CARTESIAN_POINT('',(27.5,14.5,4.4));
#2756 = VECTOR('',#2757,1.);
#2757 = DIRECTION('',(-1.,0.,0.));
#2758 = ORIENTED_EDGE('',*,*,#2759,.F.);
#2759 = EDGE_CURVE('',#2760,#2752,#2762,.T.);
#2760 = VERTEX_POINT('',#2761);
#2761 = CARTESIAN_POINT('',(5.5,14.5,2.6));
#2762 = LINE('',#2763,#2764);
#2763 = CARTESIAN_POINT('',(5.5,14.5,2.6));
#2764 = VECTOR('',#2765,1.);
#2765 = DIRECTION('',(0.,0.,1.));
#2766 = ORIENTED_EDGE('',*,*,#2767,.F.);
#2767 = EDGE_CURVE('',#2729,#2760,#2768,.T.);
#2768 = LINE('',#2769,#2770);
#2769 = CARTESIAN_POINT('',(27.5,14.5,2.6));
#2770 = VECTOR('',#2771,1.);
#2771 = DIRECTION('',(-1.,0.,0.));
#2772 = PLANE('',#2773);
#2773 = AXIS2_PLACEMENT_3D('',#2774,#2775,#2776);
#2774 = CARTESIAN_POINT('',(27.5,14.5,2.6));
#2775 = DIRECTION('',(0.,-1.,0.));
#2776 = DIRECTION('',(-1.,0.,0.));
#2777 = ADVANCED_FACE('',(#2778),#2803,.T.);
#2778 = FACE_BOUND('',#2779,.T.);
#2779 = EDGE_LOOP('',(#2780,#2781,#2789,#2797));
#2780 = ORIENTED_EDGE('',*,*,#2759,.T.);
#2781 = ORIENTED_EDGE('',*,*,#2782,.T.);
#2782 = EDGE_CURVE('',#2752,#2783,#2785,.T.);
#2783 = VERTEX_POINT('',#2784);
#2784 = CARTESIAN_POINT('',(0.5,19.,4.4));
#2785 = LINE('',#2786,#2787);
#2786 = CARTESIAN_POINT('',(5.5,14.5,4.4));
#2787 = VECTOR('',#2788,1.);
#2788 = DIRECTION('',(-0.743294146247,0.668964731622,0.));
#2789 = ORIENTED_EDGE('',*,*,#2790,.F.);
#2790 = EDGE_CURVE('',#2791,#2783,#2793,.T.);
#2791 = VERTEX_POINT('',#2792);
#2792 = CARTESIAN_POINT('',(0.5,19.,2.6));
#2793 = LINE('',#2794,#2795);
#2794 = CARTESIAN_POINT('',(0.5,19.,2.6));
#2795 = VECTOR('',#2796,1.);
#2796 = DIRECTION('',(0.,0.,1.));
#2797 = ORIENTED_EDGE('',*,*,#2798,.F.);
#2798 = EDGE_CURVE('',#2760,#2791,#2799,.T.);
#2799 = LINE('',#2800,#2801);
#2800 = CARTESIAN_POINT('',(5.5,14.5,2.6));
#2801 = VECTOR('',#2802,1.);
#2802 = DIRECTION('',(-0.743294146247,0.668964731622,0.));
#2803 = PLANE('',#2804);
#2804 = AXIS2_PLACEMENT_3D('',#2805,#2806,#2807);
#2805 = CARTESIAN_POINT('',(5.5,14.5,2.6));
#2806 = DIRECTION('',(-0.668964731622,-0.743294146247,0.));
#2807 = DIRECTION('',(-0.743294146247,0.668964731622,0.));
#2808 = ADVANCED_FACE('',(#2809),#2825,.T.);
#2809 = FACE_BOUND('',#2810,.T.);
#2810 = EDGE_LOOP('',(#2811,#2812,#2818,#2819));
#2811 = ORIENTED_EDGE('',*,*,#2790,.T.);
#2812 = ORIENTED_EDGE('',*,*,#2813,.T.);
#2813 = EDGE_CURVE('',#2783,#2682,#2814,.T.);
#2814 = LINE('',#2815,#2816);
#2815 = CARTESIAN_POINT('',(0.5,19.,4.4));
#2816 = VECTOR('',#2817,1.);
#2817 = DIRECTION('',(0.,1.,0.));
#2818 = ORIENTED_EDGE('',*,*,#2679,.F.);
#2819 = ORIENTED_EDGE('',*,*,#2820,.F.);
#2820 = EDGE_CURVE('',#2791,#2680,#2821,.T.);
#2821 = LINE('',#2822,#2823);
#2822 = CARTESIAN_POINT('',(0.5,19.,2.6));
#2823 = VECTOR('',#2824,1.);
#2824 = DIRECTION('',(0.,1.,0.));
#2825 = PLANE('',#2826);
#2826 = AXIS2_PLACEMENT_3D('',#2827,#2828,#2829);
#2827 = CARTESIAN_POINT('',(0.5,19.,2.6));
#2828 = DIRECTION('',(-1.,0.,0.));
#2829 = DIRECTION('',(0.,1.,0.));
#2830 = ADVANCED_FACE('',(#2831),#2838,.F.);
#2831 = FACE_BOUND('',#2832,.T.);
#2832 = EDGE_LOOP('',(#2833,#2834,#2835,#2836,#2837));
#2833 = ORIENTED_EDGE('',*,*,#2705,.T.);
#2834 = ORIENTED_EDGE('',*,*,#2736,.T.);
#2835 = ORIENTED_EDGE('',*,*,#2767,.T.);
#2836 = ORIENTED_EDGE('',*,*,#2798,.T.);
#2837 = ORIENTED_EDGE('',*,*,#2820,.T.);
#2838 = PLANE('',#2839);
#2839 = AXIS2_PLACEMENT_3D('',#2840,#2841,#2842);
#2840 = CARTESIAN_POINT('',(14.438480159672,25.872955830814,2.6));
#2841 = DIRECTION('',(0.,0.,1.));
#2842 = DIRECTION('',(1.,0.,0.));
#2843 = ADVANCED_FACE('',(#2844),#2851,.T.);
#2844 = FACE_BOUND('',#2845,.F.);
#2845 = EDGE_LOOP('',(#2846,#2847,#2848,#2849,#2850));
#2846 = ORIENTED_EDGE('',*,*,#2689,.T.);
#2847 = ORIENTED_EDGE('',*,*,#2720,.T.);
#2848 = ORIENTED_EDGE('',*,*,#2751,.T.);
#2849 = ORIENTED_EDGE('',*,*,#2782,.T.);
#2850 = ORIENTED_EDGE('',*,*,#2813,.T.);
#2851 = PLANE('',#2852);
#2852 = AXIS2_PLACEMENT_3D('',#2853,#2854,#2855);
#2853 = CARTESIAN_POINT('',(14.438480159672,25.872955830814,4.4));
#2854 = DIRECTION('',(0.,0.,1.));
#2855 = DIRECTION('',(1.,0.,0.));
#2856 = MANIFOLD_SOLID_BREP('',#2857);
#2857 = CLOSED_SHELL('',(#2858,#2891,#2900));
#2858 = ADVANCED_FACE('',(#2859),#2886,.T.);
#2859 = FACE_BOUND('',#2860,.F.);
#2860 = EDGE_LOOP('',(#2861,#2871,#2878,#2879));
#2861 = ORIENTED_EDGE('',*,*,#2862,.T.);
#2862 = EDGE_CURVE('',#2863,#2865,#2867,.T.);
#2863 = VERTEX_POINT('',#2864);
#2864 = CARTESIAN_POINT('',(9.25,6.,1.6));
#2865 = VERTEX_POINT('',#2866);
#2866 = CARTESIAN_POINT('',(9.25,6.,6.8));
#2867 = LINE('',#2868,#2869);
#2868 = CARTESIAN_POINT('',(9.25,6.,1.6));
#2869 = VECTOR('',#2870,1.);
#2870 = DIRECTION('',(0.,0.,1.));
#2871 = ORIENTED_EDGE('',*,*,#2872,.T.);
#2872 = EDGE_CURVE('',#2865,#2865,#2873,.T.);
#2873 = CIRCLE('',#2874,0.75);
#2874 = AXIS2_PLACEMENT_3D('',#2875,#2876,#2877);
#2875 = CARTESIAN_POINT('',(8.5,6.,6.8));
#2876 = DIRECTION('',(0.,0.,1.));
#2877 = DIRECTION('',(1.,0.,0.));
#2878 = ORIENTED_EDGE('',*,*,#2862,.F.);
#2879 = ORIENTED_EDGE('',*,*,#2880,.F.);
#2880 = EDGE_CURVE('',#2863,#2863,#2881,.T.);
#2881 = CIRCLE('',#2882,0.75);
#2882 = AXIS2_PLACEMENT_3D('',#2883,#2884,#2885);
#2883 = CARTESIAN_POINT('',(8.5,6.,1.6));
#2884 = DIRECTION('',(0.,0.,1.));
#2885 = DIRECTION('',(1.,0.,0.));
#2886 = CYLINDRICAL_SURFACE('',#2887,0.75);
#2887 = AXIS2_PLACEMENT_3D('',#2888,#2889,#2890);
#2888 = CARTESIAN_POINT('',(8.5,6.,1.6));
#2889 = DIRECTION('',(-0.,-0.,-1.));
#2890 = DIRECTION('',(1.,0.,0.));
#2891 = ADVANCED_FACE('',(#2892),#2895,.F.);
#2892 = FACE_BOUND('',#2893,.F.);
#2893 = EDGE_LOOP('',(#2894));
#2894 = ORIENTED_EDGE('',*,*,#2880,.T.);
#2895 = PLANE('',#2896);
#2896 = AXIS2_PLACEMENT_3D('',#2897,#2898,#2899);
#2897 = CARTESIAN_POINT('',(8.5,6.,1.6));
#2898 = DIRECTION('',(0.,0.,1.));
#2899 = DIRECTION('',(1.,0.,0.));
#2900 = ADVANCED_FACE('',(#2901),#2904,.T.);
#2901 = FACE_BOUND('',#2902,.T.);
#2902 = EDGE_LOOP('',(#2903));
#2903 = ORIENTED_EDGE('',*,*,#2872,.T.);
#2904 = PLANE('',#2905);
#2905 = AXIS2_PLACEMENT_3D('',#2906,#2907,#2908);
#2906 = CARTESIAN_POINT('',(8.5,6.,6.8));
#2907 = DIRECTION('',(0.,0.,1.));
#2908 = DIRECTION('',(1.,0.,0.));
#2909 = ( GEOMETRIC_REPRESENTATION_CONTEXT(3) 
GLOBAL_UNCERTAINTY_ASSIGNED_CONTEXT((#2913)) 
GLOBAL_UNIT_ASSIGNED_CONTEXT((#2910,#2911,#2912)) REPRESENTATION_CONTEXT
('Context #1','3D Context with UNIT and UNCERTAINTY') );
#2910 = ( LENGTH_UNIT() NAMED_UNIT(*) SI_UNIT(.MILLI.,.METRE.) );
#2911 = ( NAMED_UNIT(*) PLANE_ANGLE_UNIT() SI_UNIT($,.RADIAN.) );
#2912 = ( NAMED_UNIT(*) SI_UNIT($,.STERADIAN.) SOLID_ANGLE_UNIT() );
#2913 = UNCERTAINTY_MEASURE_WITH_UNIT(LENGTH_MEASURE(1.E-07),#2910,
  'distance_accuracy_value','confusion accuracy');
#2914 = CONTEXT_DEPENDENT_SHAPE_REPRESENTATION(#2915,#2917);
#2915 = ( REPRESENTATION_RELATIONSHIP('','',#2246,#10) 
REPRESENTATION_RELATIONSHIP_WITH_TRANSFORMATION(#2916) 
SHAPE_REPRESENTATION_RELATIONSHIP() );
#2916 = ITEM_DEFINED_TRANSFORMATION('','',#11,#23);
#2917 = PRODUCT_DEFINITION_SHAPE('Placement','Placement of an item',
  #2918);
#2918 = NEXT_ASSEMBLY_USAGE_OCCURRENCE('7','BooleanFragments001','',#5,
  #2241,$);
#2919 = PRODUCT_RELATED_PRODUCT_CATEGORY('part',$,(#2243));
#2920 = SHAPE_DEFINITION_REPRESENTATION(#2921,#2927);
#2921 = PRODUCT_DEFINITION_SHAPE('','',#2922);
#2922 = PRODUCT_DEFINITION('design','',#2923,#2926);
#2923 = PRODUCT_DEFINITION_FORMATION('','',#2924);
#2924 = PRODUCT('BooleanFragments002','BooleanFragments002','',(#2925));
#2925 = PRODUCT_CONTEXT('',#2,'mechanical');
#2926 = PRODUCT_DEFINITION_CONTEXT('part definition',#2,'design');
#2927 = SHAPE_REPRESENTATION('',(#11,#2928,#3078,#3228,#3378,#3528),
  #3813);
#2928 = MANIFOLD_SOLID_BREP('',#2929);
#2929 = CLOSED_SHELL('',(#2930,#2970,#3001,#3032,#3054,#3066));
#2930 = ADVANCED_FACE('',(#2931),#2965,.T.);
#2931 = FACE_BOUND('',#2932,.T.);
#2932 = EDGE_LOOP('',(#2933,#2943,#2951,#2959));
#2933 = ORIENTED_EDGE('',*,*,#2934,.T.);
#2934 = EDGE_CURVE('',#2935,#2937,#2939,.T.);
#2935 = VERTEX_POINT('',#2936);
#2936 = CARTESIAN_POINT('',(1.45,52.75,-9.4));
#2937 = VERTEX_POINT('',#2938);
#2938 = CARTESIAN_POINT('',(1.45,52.75,2.1));
#2939 = LINE('',#2940,#2941);
#2940 = CARTESIAN_POINT('',(1.45,52.75,-9.4));
#2941 = VECTOR('',#2942,1.);
#2942 = DIRECTION('',(0.,0.,1.));
#2943 = ORIENTED_EDGE('',*,*,#2944,.T.);
#2944 = EDGE_CURVE('',#2937,#2945,#2947,.T.);
#2945 = VERTEX_POINT('',#2946);
#2946 = CARTESIAN_POINT('',(1.45,52.15,2.1));
#2947 = LINE('',#2948,#2949);
#2948 = CARTESIAN_POINT('',(1.45,52.75,2.1));
#2949 = VECTOR('',#2950,1.);
#2950 = DIRECTION('',(0.,-1.,0.));
#2951 = ORIENTED_EDGE('',*,*,#2952,.F.);
#2952 = EDGE_CURVE('',#2953,#2945,#2955,.T.);
#2953 = VERTEX_POINT('',#2954);
#2954 = CARTESIAN_POINT('',(1.45,52.15,-9.4));
#2955 = LINE('',#2956,#2957);
#2956 = CARTESIAN_POINT('',(1.45,52.15,-9.4));
#2957 = VECTOR('',#2958,1.);
#2958 = DIRECTION('',(0.,0.,1.));
#2959 = ORIENTED_EDGE('',*,*,#2960,.F.);
#2960 = EDGE_CURVE('',#2935,#2953,#2961,.T.);
#2961 = LINE('',#2962,#2963);
#2962 = CARTESIAN_POINT('',(1.45,52.75,-9.4));
#2963 = VECTOR('',#2964,1.);
#2964 = DIRECTION('',(0.,-1.,0.));
#2965 = PLANE('',#2966);
#2966 = AXIS2_PLACEMENT_3D('',#2967,#2968,#2969);
#2967 = CARTESIAN_POINT('',(1.45,52.75,-9.4));
#2968 = DIRECTION('',(1.,0.,0.));
#2969 = DIRECTION('',(0.,-1.,0.));
#2970 = ADVANCED_FACE('',(#2971),#2996,.T.);
#2971 = FACE_BOUND('',#2972,.T.);
#2972 = EDGE_LOOP('',(#2973,#2974,#2982,#2990));
#2973 = ORIENTED_EDGE('',*,*,#2952,.T.);
#2974 = ORIENTED_EDGE('',*,*,#2975,.T.);
#2975 = EDGE_CURVE('',#2945,#2976,#2978,.T.);
#2976 = VERTEX_POINT('',#2977);
#2977 = CARTESIAN_POINT('',(0.85,52.15,2.1));
#2978 = LINE('',#2979,#2980);
#2979 = CARTESIAN_POINT('',(1.45,52.15,2.1));
#2980 = VECTOR('',#2981,1.);
#2981 = DIRECTION('',(-1.,0.,0.));
#2982 = ORIENTED_EDGE('',*,*,#2983,.F.);
#2983 = EDGE_CURVE('',#2984,#2976,#2986,.T.);
#2984 = VERTEX_POINT('',#2985);
#2985 = CARTESIAN_POINT('',(0.85,52.15,-9.4));
#2986 = LINE('',#2987,#2988);
#2987 = CARTESIAN_POINT('',(0.85,52.15,-9.4));
#2988 = VECTOR('',#2989,1.);
#2989 = DIRECTION('',(0.,0.,1.));
#2990 = ORIENTED_EDGE('',*,*,#2991,.F.);
#2991 = EDGE_CURVE('',#2953,#2984,#2992,.T.);
#2992 = LINE('',#2993,#2994);
#2993 = CARTESIAN_POINT('',(1.45,52.15,-9.4));
#2994 = VECTOR('',#2995,1.);
#2995 = DIRECTION('',(-1.,0.,0.));
#2996 = PLANE('',#2997);
#2997 = AXIS2_PLACEMENT_3D('',#2998,#2999,#3000);
#2998 = CARTESIAN_POINT('',(1.45,52.15,-9.4));
#2999 = DIRECTION('',(0.,-1.,0.));
#3000 = DIRECTION('',(-1.,0.,0.));
#3001 = ADVANCED_FACE('',(#3002),#3027,.T.);
#3002 = FACE_BOUND('',#3003,.T.);
#3003 = EDGE_LOOP('',(#3004,#3005,#3013,#3021));
#3004 = ORIENTED_EDGE('',*,*,#2983,.T.);
#3005 = ORIENTED_EDGE('',*,*,#3006,.T.);
#3006 = EDGE_CURVE('',#2976,#3007,#3009,.T.);
#3007 = VERTEX_POINT('',#3008);
#3008 = CARTESIAN_POINT('',(0.85,52.75,2.1));
#3009 = LINE('',#3010,#3011);
#3010 = CARTESIAN_POINT('',(0.85,52.15,2.1));
#3011 = VECTOR('',#3012,1.);
#3012 = DIRECTION('',(0.,1.,0.));
#3013 = ORIENTED_EDGE('',*,*,#3014,.F.);
#3014 = EDGE_CURVE('',#3015,#3007,#3017,.T.);
#3015 = VERTEX_POINT('',#3016);
#3016 = CARTESIAN_POINT('',(0.85,52.75,-9.4));
#3017 = LINE('',#3018,#3019);
#3018 = CARTESIAN_POINT('',(0.85,52.75,-9.4));
#3019 = VECTOR('',#3020,1.);
#3020 = DIRECTION('',(0.,0.,1.));
#3021 = ORIENTED_EDGE('',*,*,#3022,.F.);
#3022 = EDGE_CURVE('',#2984,#3015,#3023,.T.);
#3023 = LINE('',#3024,#3025);
#3024 = CARTESIAN_POINT('',(0.85,52.15,-9.4));
#3025 = VECTOR('',#3026,1.);
#3026 = DIRECTION('',(0.,1.,0.));
#3027 = PLANE('',#3028);
#3028 = AXIS2_PLACEMENT_3D('',#3029,#3030,#3031);
#3029 = CARTESIAN_POINT('',(0.85,52.15,-9.4));
#3030 = DIRECTION('',(-1.,0.,0.));
#3031 = DIRECTION('',(0.,1.,0.));
#3032 = ADVANCED_FACE('',(#3033),#3049,.T.);
#3033 = FACE_BOUND('',#3034,.T.);
#3034 = EDGE_LOOP('',(#3035,#3036,#3042,#3043));
#3035 = ORIENTED_EDGE('',*,*,#3014,.T.);
#3036 = ORIENTED_EDGE('',*,*,#3037,.T.);
#3037 = EDGE_CURVE('',#3007,#2937,#3038,.T.);
#3038 = LINE('',#3039,#3040);
#3039 = CARTESIAN_POINT('',(0.85,52.75,2.1));
#3040 = VECTOR('',#3041,1.);
#3041 = DIRECTION('',(1.,0.,0.));
#3042 = ORIENTED_EDGE('',*,*,#2934,.F.);
#3043 = ORIENTED_EDGE('',*,*,#3044,.F.);
#3044 = EDGE_CURVE('',#3015,#2935,#3045,.T.);
#3045 = LINE('',#3046,#3047);
#3046 = CARTESIAN_POINT('',(0.85,52.75,-9.4));
#3047 = VECTOR('',#3048,1.);
#3048 = DIRECTION('',(1.,0.,0.));
#3049 = PLANE('',#3050);
#3050 = AXIS2_PLACEMENT_3D('',#3051,#3052,#3053);
#3051 = CARTESIAN_POINT('',(0.85,52.75,-9.4));
#3052 = DIRECTION('',(0.,1.,0.));
#3053 = DIRECTION('',(1.,0.,0.));
#3054 = ADVANCED_FACE('',(#3055),#3061,.F.);
#3055 = FACE_BOUND('',#3056,.T.);
#3056 = EDGE_LOOP('',(#3057,#3058,#3059,#3060));
#3057 = ORIENTED_EDGE('',*,*,#2960,.T.);
#3058 = ORIENTED_EDGE('',*,*,#2991,.T.);
#3059 = ORIENTED_EDGE('',*,*,#3022,.T.);
#3060 = ORIENTED_EDGE('',*,*,#3044,.T.);
#3061 = PLANE('',#3062);
#3062 = AXIS2_PLACEMENT_3D('',#3063,#3064,#3065);
#3063 = CARTESIAN_POINT('',(1.15,55.9,-9.4));
#3064 = DIRECTION('',(0.,0.,1.));
#3065 = DIRECTION('',(1.,0.,0.));
#3066 = ADVANCED_FACE('',(#3067),#3073,.T.);
#3067 = FACE_BOUND('',#3068,.F.);
#3068 = EDGE_LOOP('',(#3069,#3070,#3071,#3072));
#3069 = ORIENTED_EDGE('',*,*,#2944,.T.);
#3070 = ORIENTED_EDGE('',*,*,#2975,.T.);
#3071 = ORIENTED_EDGE('',*,*,#3006,.T.);
#3072 = ORIENTED_EDGE('',*,*,#3037,.T.);
#3073 = PLANE('',#3074);
#3074 = AXIS2_PLACEMENT_3D('',#3075,#3076,#3077);
#3075 = CARTESIAN_POINT('',(1.15,55.9,2.1));
#3076 = DIRECTION('',(0.,0.,1.));
#3077 = DIRECTION('',(1.,0.,0.));
#3078 = MANIFOLD_SOLID_BREP('',#3079);
#3079 = CLOSED_SHELL('',(#3080,#3120,#3151,#3182,#3204,#3216));
#3080 = ADVANCED_FACE('',(#3081),#3115,.T.);
#3081 = FACE_BOUND('',#3082,.T.);
#3082 = EDGE_LOOP('',(#3083,#3093,#3101,#3109));
#3083 = ORIENTED_EDGE('',*,*,#3084,.T.);
#3084 = EDGE_CURVE('',#3085,#3087,#3089,.T.);
#3085 = VERTEX_POINT('',#3086);
#3086 = CARTESIAN_POINT('',(1.45,50.25,-9.4));
#3087 = VERTEX_POINT('',#3088);
#3088 = CARTESIAN_POINT('',(1.45,50.25,2.1));
#3089 = LINE('',#3090,#3091);
#3090 = CARTESIAN_POINT('',(1.45,50.25,-9.4));
#3091 = VECTOR('',#3092,1.);
#3092 = DIRECTION('',(0.,0.,1.));
#3093 = ORIENTED_EDGE('',*,*,#3094,.T.);
#3094 = EDGE_CURVE('',#3087,#3095,#3097,.T.);
#3095 = VERTEX_POINT('',#3096);
#3096 = CARTESIAN_POINT('',(1.45,49.65,2.1));
#3097 = LINE('',#3098,#3099);
#3098 = CARTESIAN_POINT('',(1.45,50.25,2.1));
#3099 = VECTOR('',#3100,1.);
#3100 = DIRECTION('',(0.,-1.,0.));
#3101 = ORIENTED_EDGE('',*,*,#3102,.F.);
#3102 = EDGE_CURVE('',#3103,#3095,#3105,.T.);
#3103 = VERTEX_POINT('',#3104);
#3104 = CARTESIAN_POINT('',(1.45,49.65,-9.4));
#3105 = LINE('',#3106,#3107);
#3106 = CARTESIAN_POINT('',(1.45,49.65,-9.4));
#3107 = VECTOR('',#3108,1.);
#3108 = DIRECTION('',(0.,0.,1.));
#3109 = ORIENTED_EDGE('',*,*,#3110,.F.);
#3110 = EDGE_CURVE('',#3085,#3103,#3111,.T.);
#3111 = LINE('',#3112,#3113);
#3112 = CARTESIAN_POINT('',(1.45,50.25,-9.4));
#3113 = VECTOR('',#3114,1.);
#3114 = DIRECTION('',(0.,-1.,0.));
#3115 = PLANE('',#3116);
#3116 = AXIS2_PLACEMENT_3D('',#3117,#3118,#3119);
#3117 = CARTESIAN_POINT('',(1.45,50.25,-9.4));
#3118 = DIRECTION('',(1.,0.,0.));
#3119 = DIRECTION('',(0.,-1.,0.));
#3120 = ADVANCED_FACE('',(#3121),#3146,.T.);
#3121 = FACE_BOUND('',#3122,.T.);
#3122 = EDGE_LOOP('',(#3123,#3124,#3132,#3140));
#3123 = ORIENTED_EDGE('',*,*,#3102,.T.);
#3124 = ORIENTED_EDGE('',*,*,#3125,.T.);
#3125 = EDGE_CURVE('',#3095,#3126,#3128,.T.);
#3126 = VERTEX_POINT('',#3127);
#3127 = CARTESIAN_POINT('',(0.85,49.65,2.1));
#3128 = LINE('',#3129,#3130);
#3129 = CARTESIAN_POINT('',(1.45,49.65,2.1));
#3130 = VECTOR('',#3131,1.);
#3131 = DIRECTION('',(-1.,0.,0.));
#3132 = ORIENTED_EDGE('',*,*,#3133,.F.);
#3133 = EDGE_CURVE('',#3134,#3126,#3136,.T.);
#3134 = VERTEX_POINT('',#3135);
#3135 = CARTESIAN_POINT('',(0.85,49.65,-9.4));
#3136 = LINE('',#3137,#3138);
#3137 = CARTESIAN_POINT('',(0.85,49.65,-9.4));
#3138 = VECTOR('',#3139,1.);
#3139 = DIRECTION('',(0.,0.,1.));
#3140 = ORIENTED_EDGE('',*,*,#3141,.F.);
#3141 = EDGE_CURVE('',#3103,#3134,#3142,.T.);
#3142 = LINE('',#3143,#3144);
#3143 = CARTESIAN_POINT('',(1.45,49.65,-9.4));
#3144 = VECTOR('',#3145,1.);
#3145 = DIRECTION('',(-1.,0.,0.));
#3146 = PLANE('',#3147);
#3147 = AXIS2_PLACEMENT_3D('',#3148,#3149,#3150);
#3148 = CARTESIAN_POINT('',(1.45,49.65,-9.4));
#3149 = DIRECTION('',(0.,-1.,0.));
#3150 = DIRECTION('',(-1.,0.,0.));
#3151 = ADVANCED_FACE('',(#3152),#3177,.T.);
#3152 = FACE_BOUND('',#3153,.T.);
#3153 = EDGE_LOOP('',(#3154,#3155,#3163,#3171));
#3154 = ORIENTED_EDGE('',*,*,#3133,.T.);
#3155 = ORIENTED_EDGE('',*,*,#3156,.T.);
#3156 = EDGE_CURVE('',#3126,#3157,#3159,.T.);
#3157 = VERTEX_POINT('',#3158);
#3158 = CARTESIAN_POINT('',(0.85,50.25,2.1));
#3159 = LINE('',#3160,#3161);
#3160 = CARTESIAN_POINT('',(0.85,49.65,2.1));
#3161 = VECTOR('',#3162,1.);
#3162 = DIRECTION('',(0.,1.,0.));
#3163 = ORIENTED_EDGE('',*,*,#3164,.F.);
#3164 = EDGE_CURVE('',#3165,#3157,#3167,.T.);
#3165 = VERTEX_POINT('',#3166);
#3166 = CARTESIAN_POINT('',(0.85,50.25,-9.4));
#3167 = LINE('',#3168,#3169);
#3168 = CARTESIAN_POINT('',(0.85,50.25,-9.4));
#3169 = VECTOR('',#3170,1.);
#3170 = DIRECTION('',(0.,0.,1.));
#3171 = ORIENTED_EDGE('',*,*,#3172,.F.);
#3172 = EDGE_CURVE('',#3134,#3165,#3173,.T.);
#3173 = LINE('',#3174,#3175);
#3174 = CARTESIAN_POINT('',(0.85,49.65,-9.4));
#3175 = VECTOR('',#3176,1.);
#3176 = DIRECTION('',(0.,1.,0.));
#3177 = PLANE('',#3178);
#3178 = AXIS2_PLACEMENT_3D('',#3179,#3180,#3181);
#3179 = CARTESIAN_POINT('',(0.85,49.65,-9.4));
#3180 = DIRECTION('',(-1.,0.,0.));
#3181 = DIRECTION('',(0.,1.,0.));
#3182 = ADVANCED_FACE('',(#3183),#3199,.T.);
#3183 = FACE_BOUND('',#3184,.T.);
#3184 = EDGE_LOOP('',(#3185,#3186,#3192,#3193));
#3185 = ORIENTED_EDGE('',*,*,#3164,.T.);
#3186 = ORIENTED_EDGE('',*,*,#3187,.T.);
#3187 = EDGE_CURVE('',#3157,#3087,#3188,.T.);
#3188 = LINE('',#3189,#3190);
#3189 = CARTESIAN_POINT('',(0.85,50.25,2.1));
#3190 = VECTOR('',#3191,1.);
#3191 = DIRECTION('',(1.,0.,0.));
#3192 = ORIENTED_EDGE('',*,*,#3084,.F.);
#3193 = ORIENTED_EDGE('',*,*,#3194,.F.);
#3194 = EDGE_CURVE('',#3165,#3085,#3195,.T.);
#3195 = LINE('',#3196,#3197);
#3196 = CARTESIAN_POINT('',(0.85,50.25,-9.4));
#3197 = VECTOR('',#3198,1.);
#3198 = DIRECTION('',(1.,0.,0.));
#3199 = PLANE('',#3200);
#3200 = AXIS2_PLACEMENT_3D('',#3201,#3202,#3203);
#3201 = CARTESIAN_POINT('',(0.85,50.25,-9.4));
#3202 = DIRECTION('',(0.,1.,0.));
#3203 = DIRECTION('',(1.,0.,0.));
#3204 = ADVANCED_FACE('',(#3205),#3211,.F.);
#3205 = FACE_BOUND('',#3206,.T.);
#3206 = EDGE_LOOP('',(#3207,#3208,#3209,#3210));
#3207 = ORIENTED_EDGE('',*,*,#3110,.T.);
#3208 = ORIENTED_EDGE('',*,*,#3141,.T.);
#3209 = ORIENTED_EDGE('',*,*,#3172,.T.);
#3210 = ORIENTED_EDGE('',*,*,#3194,.T.);
#3211 = PLANE('',#3212);
#3212 = AXIS2_PLACEMENT_3D('',#3213,#3214,#3215);
#3213 = CARTESIAN_POINT('',(1.15,53.4,-9.4));
#3214 = DIRECTION('',(0.,0.,1.));
#3215 = DIRECTION('',(1.,0.,0.));
#3216 = ADVANCED_FACE('',(#3217),#3223,.T.);
#3217 = FACE_BOUND('',#3218,.F.);
#3218 = EDGE_LOOP('',(#3219,#3220,#3221,#3222));
#3219 = ORIENTED_EDGE('',*,*,#3094,.T.);
#3220 = ORIENTED_EDGE('',*,*,#3125,.T.);
#3221 = ORIENTED_EDGE('',*,*,#3156,.T.);
#3222 = ORIENTED_EDGE('',*,*,#3187,.T.);
#3223 = PLANE('',#3224);
#3224 = AXIS2_PLACEMENT_3D('',#3225,#3226,#3227);
#3225 = CARTESIAN_POINT('',(1.15,53.4,2.1));
#3226 = DIRECTION('',(0.,0.,1.));
#3227 = DIRECTION('',(1.,0.,0.));
#3228 = MANIFOLD_SOLID_BREP('',#3229);
#3229 = CLOSED_SHELL('',(#3230,#3270,#3301,#3332,#3354,#3366));
#3230 = ADVANCED_FACE('',(#3231),#3265,.T.);
#3231 = FACE_BOUND('',#3232,.T.);
#3232 = EDGE_LOOP('',(#3233,#3243,#3251,#3259));
#3233 = ORIENTED_EDGE('',*,*,#3234,.T.);
#3234 = EDGE_CURVE('',#3235,#3237,#3239,.T.);
#3235 = VERTEX_POINT('',#3236);
#3236 = CARTESIAN_POINT('',(1.45,47.75,-9.4));
#3237 = VERTEX_POINT('',#3238);
#3238 = CARTESIAN_POINT('',(1.45,47.75,2.1));
#3239 = LINE('',#3240,#3241);
#3240 = CARTESIAN_POINT('',(1.45,47.75,-9.4));
#3241 = VECTOR('',#3242,1.);
#3242 = DIRECTION('',(0.,0.,1.));
#3243 = ORIENTED_EDGE('',*,*,#3244,.T.);
#3244 = EDGE_CURVE('',#3237,#3245,#3247,.T.);
#3245 = VERTEX_POINT('',#3246);
#3246 = CARTESIAN_POINT('',(1.45,47.15,2.1));
#3247 = LINE('',#3248,#3249);
#3248 = CARTESIAN_POINT('',(1.45,47.75,2.1));
#3249 = VECTOR('',#3250,1.);
#3250 = DIRECTION('',(0.,-1.,0.));
#3251 = ORIENTED_EDGE('',*,*,#3252,.F.);
#3252 = EDGE_CURVE('',#3253,#3245,#3255,.T.);
#3253 = VERTEX_POINT('',#3254);
#3254 = CARTESIAN_POINT('',(1.45,47.15,-9.4));
#3255 = LINE('',#3256,#3257);
#3256 = CARTESIAN_POINT('',(1.45,47.15,-9.4));
#3257 = VECTOR('',#3258,1.);
#3258 = DIRECTION('',(0.,0.,1.));
#3259 = ORIENTED_EDGE('',*,*,#3260,.F.);
#3260 = EDGE_CURVE('',#3235,#3253,#3261,.T.);
#3261 = LINE('',#3262,#3263);
#3262 = CARTESIAN_POINT('',(1.45,47.75,-9.4));
#3263 = VECTOR('',#3264,1.);
#3264 = DIRECTION('',(0.,-1.,0.));
#3265 = PLANE('',#3266);
#3266 = AXIS2_PLACEMENT_3D('',#3267,#3268,#3269);
#3267 = CARTESIAN_POINT('',(1.45,47.75,-9.4));
#3268 = DIRECTION('',(1.,0.,0.));
#3269 = DIRECTION('',(0.,-1.,0.));
#3270 = ADVANCED_FACE('',(#3271),#3296,.T.);
#3271 = FACE_BOUND('',#3272,.T.);
#3272 = EDGE_LOOP('',(#3273,#3274,#3282,#3290));
#3273 = ORIENTED_EDGE('',*,*,#3252,.T.);
#3274 = ORIENTED_EDGE('',*,*,#3275,.T.);
#3275 = EDGE_CURVE('',#3245,#3276,#3278,.T.);
#3276 = VERTEX_POINT('',#3277);
#3277 = CARTESIAN_POINT('',(0.85,47.15,2.1));
#3278 = LINE('',#3279,#3280);
#3279 = CARTESIAN_POINT('',(1.45,47.15,2.1));
#3280 = VECTOR('',#3281,1.);
#3281 = DIRECTION('',(-1.,0.,0.));
#3282 = ORIENTED_EDGE('',*,*,#3283,.F.);
#3283 = EDGE_CURVE('',#3284,#3276,#3286,.T.);
#3284 = VERTEX_POINT('',#3285);
#3285 = CARTESIAN_POINT('',(0.85,47.15,-9.4));
#3286 = LINE('',#3287,#3288);
#3287 = CARTESIAN_POINT('',(0.85,47.15,-9.4));
#3288 = VECTOR('',#3289,1.);
#3289 = DIRECTION('',(0.,0.,1.));
#3290 = ORIENTED_EDGE('',*,*,#3291,.F.);
#3291 = EDGE_CURVE('',#3253,#3284,#3292,.T.);
#3292 = LINE('',#3293,#3294);
#3293 = CARTESIAN_POINT('',(1.45,47.15,-9.4));
#3294 = VECTOR('',#3295,1.);
#3295 = DIRECTION('',(-1.,0.,0.));
#3296 = PLANE('',#3297);
#3297 = AXIS2_PLACEMENT_3D('',#3298,#3299,#3300);
#3298 = CARTESIAN_POINT('',(1.45,47.15,-9.4));
#3299 = DIRECTION('',(0.,-1.,0.));
#3300 = DIRECTION('',(-1.,0.,0.));
#3301 = ADVANCED_FACE('',(#3302),#3327,.T.);
#3302 = FACE_BOUND('',#3303,.T.);
#3303 = EDGE_LOOP('',(#3304,#3305,#3313,#3321));
#3304 = ORIENTED_EDGE('',*,*,#3283,.T.);
#3305 = ORIENTED_EDGE('',*,*,#3306,.T.);
#3306 = EDGE_CURVE('',#3276,#3307,#3309,.T.);
#3307 = VERTEX_POINT('',#3308);
#3308 = CARTESIAN_POINT('',(0.85,47.75,2.1));
#3309 = LINE('',#3310,#3311);
#3310 = CARTESIAN_POINT('',(0.85,47.15,2.1));
#3311 = VECTOR('',#3312,1.);
#3312 = DIRECTION('',(0.,1.,0.));
#3313 = ORIENTED_EDGE('',*,*,#3314,.F.);
#3314 = EDGE_CURVE('',#3315,#3307,#3317,.T.);
#3315 = VERTEX_POINT('',#3316);
#3316 = CARTESIAN_POINT('',(0.85,47.75,-9.4));
#3317 = LINE('',#3318,#3319);
#3318 = CARTESIAN_POINT('',(0.85,47.75,-9.4));
#3319 = VECTOR('',#3320,1.);
#3320 = DIRECTION('',(0.,0.,1.));
#3321 = ORIENTED_EDGE('',*,*,#3322,.F.);
#3322 = EDGE_CURVE('',#3284,#3315,#3323,.T.);
#3323 = LINE('',#3324,#3325);
#3324 = CARTESIAN_POINT('',(0.85,47.15,-9.4));
#3325 = VECTOR('',#3326,1.);
#3326 = DIRECTION('',(0.,1.,0.));
#3327 = PLANE('',#3328);
#3328 = AXIS2_PLACEMENT_3D('',#3329,#3330,#3331);
#3329 = CARTESIAN_POINT('',(0.85,47.15,-9.4));
#3330 = DIRECTION('',(-1.,0.,0.));
#3331 = DIRECTION('',(0.,1.,0.));
#3332 = ADVANCED_FACE('',(#3333),#3349,.T.);
#3333 = FACE_BOUND('',#3334,.T.);
#3334 = EDGE_LOOP('',(#3335,#3336,#3342,#3343));
#3335 = ORIENTED_EDGE('',*,*,#3314,.T.);
#3336 = ORIENTED_EDGE('',*,*,#3337,.T.);
#3337 = EDGE_CURVE('',#3307,#3237,#3338,.T.);
#3338 = LINE('',#3339,#3340);
#3339 = CARTESIAN_POINT('',(0.85,47.75,2.1));
#3340 = VECTOR('',#3341,1.);
#3341 = DIRECTION('',(1.,0.,0.));
#3342 = ORIENTED_EDGE('',*,*,#3234,.F.);
#3343 = ORIENTED_EDGE('',*,*,#3344,.F.);
#3344 = EDGE_CURVE('',#3315,#3235,#3345,.T.);
#3345 = LINE('',#3346,#3347);
#3346 = CARTESIAN_POINT('',(0.85,47.75,-9.4));
#3347 = VECTOR('',#3348,1.);
#3348 = DIRECTION('',(1.,0.,0.));
#3349 = PLANE('',#3350);
#3350 = AXIS2_PLACEMENT_3D('',#3351,#3352,#3353);
#3351 = CARTESIAN_POINT('',(0.85,47.75,-9.4));
#3352 = DIRECTION('',(0.,1.,0.));
#3353 = DIRECTION('',(1.,0.,0.));
#3354 = ADVANCED_FACE('',(#3355),#3361,.F.);
#3355 = FACE_BOUND('',#3356,.T.);
#3356 = EDGE_LOOP('',(#3357,#3358,#3359,#3360));
#3357 = ORIENTED_EDGE('',*,*,#3260,.T.);
#3358 = ORIENTED_EDGE('',*,*,#3291,.T.);
#3359 = ORIENTED_EDGE('',*,*,#3322,.T.);
#3360 = ORIENTED_EDGE('',*,*,#3344,.T.);
#3361 = PLANE('',#3362);
#3362 = AXIS2_PLACEMENT_3D('',#3363,#3364,#3365);
#3363 = CARTESIAN_POINT('',(1.15,50.9,-9.4));
#3364 = DIRECTION('',(0.,0.,1.));
#3365 = DIRECTION('',(1.,0.,0.));
#3366 = ADVANCED_FACE('',(#3367),#3373,.T.);
#3367 = FACE_BOUND('',#3368,.F.);
#3368 = EDGE_LOOP('',(#3369,#3370,#3371,#3372));
#3369 = ORIENTED_EDGE('',*,*,#3244,.T.);
#3370 = ORIENTED_EDGE('',*,*,#3275,.T.);
#3371 = ORIENTED_EDGE('',*,*,#3306,.T.);
#3372 = ORIENTED_EDGE('',*,*,#3337,.T.);
#3373 = PLANE('',#3374);
#3374 = AXIS2_PLACEMENT_3D('',#3375,#3376,#3377);
#3375 = CARTESIAN_POINT('',(1.15,50.9,2.1));
#3376 = DIRECTION('',(0.,0.,1.));
#3377 = DIRECTION('',(1.,0.,0.));
#3378 = MANIFOLD_SOLID_BREP('',#3379);
#3379 = CLOSED_SHELL('',(#3380,#3420,#3451,#3482,#3504,#3516));
#3380 = ADVANCED_FACE('',(#3381),#3415,.T.);
#3381 = FACE_BOUND('',#3382,.T.);
#3382 = EDGE_LOOP('',(#3383,#3393,#3401,#3409));
#3383 = ORIENTED_EDGE('',*,*,#3384,.T.);
#3384 = EDGE_CURVE('',#3385,#3387,#3389,.T.);
#3385 = VERTEX_POINT('',#3386);
#3386 = CARTESIAN_POINT('',(1.45,45.25,-9.4));
#3387 = VERTEX_POINT('',#3388);
#3388 = CARTESIAN_POINT('',(1.45,45.25,2.1));
#3389 = LINE('',#3390,#3391);
#3390 = CARTESIAN_POINT('',(1.45,45.25,-9.4));
#3391 = VECTOR('',#3392,1.);
#3392 = DIRECTION('',(0.,0.,1.));
#3393 = ORIENTED_EDGE('',*,*,#3394,.T.);
#3394 = EDGE_CURVE('',#3387,#3395,#3397,.T.);
#3395 = VERTEX_POINT('',#3396);
#3396 = CARTESIAN_POINT('',(1.45,44.65,2.1));
#3397 = LINE('',#3398,#3399);
#3398 = CARTESIAN_POINT('',(1.45,45.25,2.1));
#3399 = VECTOR('',#3400,1.);
#3400 = DIRECTION('',(0.,-1.,0.));
#3401 = ORIENTED_EDGE('',*,*,#3402,.F.);
#3402 = EDGE_CURVE('',#3403,#3395,#3405,.T.);
#3403 = VERTEX_POINT('',#3404);
#3404 = CARTESIAN_POINT('',(1.45,44.65,-9.4));
#3405 = LINE('',#3406,#3407);
#3406 = CARTESIAN_POINT('',(1.45,44.65,-9.4));
#3407 = VECTOR('',#3408,1.);
#3408 = DIRECTION('',(0.,0.,1.));
#3409 = ORIENTED_EDGE('',*,*,#3410,.F.);
#3410 = EDGE_CURVE('',#3385,#3403,#3411,.T.);
#3411 = LINE('',#3412,#3413);
#3412 = CARTESIAN_POINT('',(1.45,45.25,-9.4));
#3413 = VECTOR('',#3414,1.);
#3414 = DIRECTION('',(0.,-1.,0.));
#3415 = PLANE('',#3416);
#3416 = AXIS2_PLACEMENT_3D('',#3417,#3418,#3419);
#3417 = CARTESIAN_POINT('',(1.45,45.25,-9.4));
#3418 = DIRECTION('',(1.,0.,0.));
#3419 = DIRECTION('',(0.,-1.,0.));
#3420 = ADVANCED_FACE('',(#3421),#3446,.T.);
#3421 = FACE_BOUND('',#3422,.T.);
#3422 = EDGE_LOOP('',(#3423,#3424,#3432,#3440));
#3423 = ORIENTED_EDGE('',*,*,#3402,.T.);
#3424 = ORIENTED_EDGE('',*,*,#3425,.T.);
#3425 = EDGE_CURVE('',#3395,#3426,#3428,.T.);
#3426 = VERTEX_POINT('',#3427);
#3427 = CARTESIAN_POINT('',(0.85,44.65,2.1));
#3428 = LINE('',#3429,#3430);
#3429 = CARTESIAN_POINT('',(1.45,44.65,2.1));
#3430 = VECTOR('',#3431,1.);
#3431 = DIRECTION('',(-1.,0.,0.));
#3432 = ORIENTED_EDGE('',*,*,#3433,.F.);
#3433 = EDGE_CURVE('',#3434,#3426,#3436,.T.);
#3434 = VERTEX_POINT('',#3435);
#3435 = CARTESIAN_POINT('',(0.85,44.65,-9.4));
#3436 = LINE('',#3437,#3438);
#3437 = CARTESIAN_POINT('',(0.85,44.65,-9.4));
#3438 = VECTOR('',#3439,1.);
#3439 = DIRECTION('',(0.,0.,1.));
#3440 = ORIENTED_EDGE('',*,*,#3441,.F.);
#3441 = EDGE_CURVE('',#3403,#3434,#3442,.T.);
#3442 = LINE('',#3443,#3444);
#3443 = CARTESIAN_POINT('',(1.45,44.65,-9.4));
#3444 = VECTOR('',#3445,1.);
#3445 = DIRECTION('',(-1.,0.,0.));
#3446 = PLANE('',#3447);
#3447 = AXIS2_PLACEMENT_3D('',#3448,#3449,#3450);
#3448 = CARTESIAN_POINT('',(1.45,44.65,-9.4));
#3449 = DIRECTION('',(0.,-1.,0.));
#3450 = DIRECTION('',(-1.,0.,0.));
#3451 = ADVANCED_FACE('',(#3452),#3477,.T.);
#3452 = FACE_BOUND('',#3453,.T.);
#3453 = EDGE_LOOP('',(#3454,#3455,#3463,#3471));
#3454 = ORIENTED_EDGE('',*,*,#3433,.T.);
#3455 = ORIENTED_EDGE('',*,*,#3456,.T.);
#3456 = EDGE_CURVE('',#3426,#3457,#3459,.T.);
#3457 = VERTEX_POINT('',#3458);
#3458 = CARTESIAN_POINT('',(0.85,45.25,2.1));
#3459 = LINE('',#3460,#3461);
#3460 = CARTESIAN_POINT('',(0.85,44.65,2.1));
#3461 = VECTOR('',#3462,1.);
#3462 = DIRECTION('',(0.,1.,0.));
#3463 = ORIENTED_EDGE('',*,*,#3464,.F.);
#3464 = EDGE_CURVE('',#3465,#3457,#3467,.T.);
#3465 = VERTEX_POINT('',#3466);
#3466 = CARTESIAN_POINT('',(0.85,45.25,-9.4));
#3467 = LINE('',#3468,#3469);
#3468 = CARTESIAN_POINT('',(0.85,45.25,-9.4));
#3469 = VECTOR('',#3470,1.);
#3470 = DIRECTION('',(0.,0.,1.));
#3471 = ORIENTED_EDGE('',*,*,#3472,.F.);
#3472 = EDGE_CURVE('',#3434,#3465,#3473,.T.);
#3473 = LINE('',#3474,#3475);
#3474 = CARTESIAN_POINT('',(0.85,44.65,-9.4));
#3475 = VECTOR('',#3476,1.);
#3476 = DIRECTION('',(0.,1.,0.));
#3477 = PLANE('',#3478);
#3478 = AXIS2_PLACEMENT_3D('',#3479,#3480,#3481);
#3479 = CARTESIAN_POINT('',(0.85,44.65,-9.4));
#3480 = DIRECTION('',(-1.,0.,0.));
#3481 = DIRECTION('',(0.,1.,0.));
#3482 = ADVANCED_FACE('',(#3483),#3499,.T.);
#3483 = FACE_BOUND('',#3484,.T.);
#3484 = EDGE_LOOP('',(#3485,#3486,#3492,#3493));
#3485 = ORIENTED_EDGE('',*,*,#3464,.T.);
#3486 = ORIENTED_EDGE('',*,*,#3487,.T.);
#3487 = EDGE_CURVE('',#3457,#3387,#3488,.T.);
#3488 = LINE('',#3489,#3490);
#3489 = CARTESIAN_POINT('',(0.85,45.25,2.1));
#3490 = VECTOR('',#3491,1.);
#3491 = DIRECTION('',(1.,0.,0.));
#3492 = ORIENTED_EDGE('',*,*,#3384,.F.);
#3493 = ORIENTED_EDGE('',*,*,#3494,.F.);
#3494 = EDGE_CURVE('',#3465,#3385,#3495,.T.);
#3495 = LINE('',#3496,#3497);
#3496 = CARTESIAN_POINT('',(0.85,45.25,-9.4));
#3497 = VECTOR('',#3498,1.);
#3498 = DIRECTION('',(1.,0.,0.));
#3499 = PLANE('',#3500);
#3500 = AXIS2_PLACEMENT_3D('',#3501,#3502,#3503);
#3501 = CARTESIAN_POINT('',(0.85,45.25,-9.4));
#3502 = DIRECTION('',(0.,1.,0.));
#3503 = DIRECTION('',(1.,0.,0.));
#3504 = ADVANCED_FACE('',(#3505),#3511,.F.);
#3505 = FACE_BOUND('',#3506,.T.);
#3506 = EDGE_LOOP('',(#3507,#3508,#3509,#3510));
#3507 = ORIENTED_EDGE('',*,*,#3410,.T.);
#3508 = ORIENTED_EDGE('',*,*,#3441,.T.);
#3509 = ORIENTED_EDGE('',*,*,#3472,.T.);
#3510 = ORIENTED_EDGE('',*,*,#3494,.T.);
#3511 = PLANE('',#3512);
#3512 = AXIS2_PLACEMENT_3D('',#3513,#3514,#3515);
#3513 = CARTESIAN_POINT('',(1.15,48.4,-9.4));
#3514 = DIRECTION('',(0.,0.,1.));
#3515 = DIRECTION('',(1.,0.,0.));
#3516 = ADVANCED_FACE('',(#3517),#3523,.T.);
#3517 = FACE_BOUND('',#3518,.F.);
#3518 = EDGE_LOOP('',(#3519,#3520,#3521,#3522));
#3519 = ORIENTED_EDGE('',*,*,#3394,.T.);
#3520 = ORIENTED_EDGE('',*,*,#3425,.T.);
#3521 = ORIENTED_EDGE('',*,*,#3456,.T.);
#3522 = ORIENTED_EDGE('',*,*,#3487,.T.);
#3523 = PLANE('',#3524);
#3524 = AXIS2_PLACEMENT_3D('',#3525,#3526,#3527);
#3525 = CARTESIAN_POINT('',(1.15,48.4,2.1));
#3526 = DIRECTION('',(0.,0.,1.));
#3527 = DIRECTION('',(1.,0.,0.));
#3528 = MANIFOLD_SOLID_BREP('',#3529);
#3529 = CLOSED_SHELL('',(#3530,#3570,#3601,#3632,#3649,#3677,#3689,#3714
    ,#3734,#3759,#3779,#3804));
#3530 = ADVANCED_FACE('',(#3531),#3565,.F.);
#3531 = FACE_BOUND('',#3532,.F.);
#3532 = EDGE_LOOP('',(#3533,#3543,#3551,#3559));
#3533 = ORIENTED_EDGE('',*,*,#3534,.T.);
#3534 = EDGE_CURVE('',#3535,#3537,#3539,.T.);
#3535 = VERTEX_POINT('',#3536);
#3536 = CARTESIAN_POINT('',(19.,-2.22044604925E-16,-1.));
#3537 = VERTEX_POINT('',#3538);
#3538 = CARTESIAN_POINT('',(19.,-1.2,-1.));
#3539 = LINE('',#3540,#3541);
#3540 = CARTESIAN_POINT('',(19.,-2.22044604925E-16,-1.));
#3541 = VECTOR('',#3542,1.);
#3542 = DIRECTION('',(0.,-1.,2.22044604925E-16));
#3543 = ORIENTED_EDGE('',*,*,#3544,.T.);
#3544 = EDGE_CURVE('',#3537,#3545,#3547,.T.);
#3545 = VERTEX_POINT('',#3546);
#3546 = CARTESIAN_POINT('',(25.5,-1.2,-1.));
#3547 = LINE('',#3548,#3549);
#3548 = CARTESIAN_POINT('',(19.,-1.2,-1.));
#3549 = VECTOR('',#3550,1.);
#3550 = DIRECTION('',(1.,0.,0.));
#3551 = ORIENTED_EDGE('',*,*,#3552,.F.);
#3552 = EDGE_CURVE('',#3553,#3545,#3555,.T.);
#3553 = VERTEX_POINT('',#3554);
#3554 = CARTESIAN_POINT('',(25.5,-2.22044604925E-16,-1.));
#3555 = LINE('',#3556,#3557);
#3556 = CARTESIAN_POINT('',(25.5,-2.22044604925E-16,-1.));
#3557 = VECTOR('',#3558,1.);
#3558 = DIRECTION('',(0.,-1.,2.22044604925E-16));
#3559 = ORIENTED_EDGE('',*,*,#3560,.F.);
#3560 = EDGE_CURVE('',#3535,#3553,#3561,.T.);
#3561 = LINE('',#3562,#3563);
#3562 = CARTESIAN_POINT('',(19.,-2.22044604925E-16,-1.));
#3563 = VECTOR('',#3564,1.);
#3564 = DIRECTION('',(1.,0.,0.));
#3565 = PLANE('',#3566);
#3566 = AXIS2_PLACEMENT_3D('',#3567,#3568,#3569);
#3567 = CARTESIAN_POINT('',(19.,-2.22044604925E-16,-1.));
#3568 = DIRECTION('',(0.,2.22044604925E-16,1.));
#3569 = DIRECTION('',(1.,0.,0.));
#3570 = ADVANCED_FACE('',(#3571),#3596,.F.);
#3571 = FACE_BOUND('',#3572,.F.);
#3572 = EDGE_LOOP('',(#3573,#3583,#3589,#3590));
#3573 = ORIENTED_EDGE('',*,*,#3574,.T.);
#3574 = EDGE_CURVE('',#3575,#3577,#3579,.T.);
#3575 = VERTEX_POINT('',#3576);
#3576 = CARTESIAN_POINT('',(19.,1.221245327088E-15,5.5));
#3577 = VERTEX_POINT('',#3578);
#3578 = CARTESIAN_POINT('',(19.,-1.2,5.5));
#3579 = LINE('',#3580,#3581);
#3580 = CARTESIAN_POINT('',(19.,1.221245327088E-15,5.5));
#3581 = VECTOR('',#3582,1.);
#3582 = DIRECTION('',(0.,-1.,2.22044604925E-16));
#3583 = ORIENTED_EDGE('',*,*,#3584,.T.);
#3584 = EDGE_CURVE('',#3577,#3537,#3585,.T.);
#3585 = LINE('',#3586,#3587);
#3586 = CARTESIAN_POINT('',(19.,-1.2,5.5));
#3587 = VECTOR('',#3588,1.);
#3588 = DIRECTION('',(0.,-2.22044604925E-16,-1.));
#3589 = ORIENTED_EDGE('',*,*,#3534,.F.);
#3590 = ORIENTED_EDGE('',*,*,#3591,.F.);
#3591 = EDGE_CURVE('',#3575,#3535,#3592,.T.);
#3592 = LINE('',#3593,#3594);
#3593 = CARTESIAN_POINT('',(19.,1.221245327088E-15,5.5));
#3594 = VECTOR('',#3595,1.);
#3595 = DIRECTION('',(0.,-2.22044604925E-16,-1.));
#3596 = PLANE('',#3597);
#3597 = AXIS2_PLACEMENT_3D('',#3598,#3599,#3600);
#3598 = CARTESIAN_POINT('',(19.,1.221245327088E-15,5.5));
#3599 = DIRECTION('',(1.,0.,0.));
#3600 = DIRECTION('',(0.,-2.22044604925E-16,-1.));
#3601 = ADVANCED_FACE('',(#3602),#3627,.F.);
#3602 = FACE_BOUND('',#3603,.F.);
#3603 = EDGE_LOOP('',(#3604,#3605,#3613,#3621));
#3604 = ORIENTED_EDGE('',*,*,#3552,.T.);
#3605 = ORIENTED_EDGE('',*,*,#3606,.T.);
#3606 = EDGE_CURVE('',#3545,#3607,#3609,.T.);
#3607 = VERTEX_POINT('',#3608);
#3608 = CARTESIAN_POINT('',(25.5,-1.2,5.5));
#3609 = LINE('',#3610,#3611);
#3610 = CARTESIAN_POINT('',(25.5,-1.2,-1.));
#3611 = VECTOR('',#3612,1.);
#3612 = DIRECTION('',(0.,2.22044604925E-16,1.));
#3613 = ORIENTED_EDGE('',*,*,#3614,.F.);
#3614 = EDGE_CURVE('',#3615,#3607,#3617,.T.);
#3615 = VERTEX_POINT('',#3616);
#3616 = CARTESIAN_POINT('',(25.5,1.221245327088E-15,5.5));
#3617 = LINE('',#3618,#3619);
#3618 = CARTESIAN_POINT('',(25.5,1.221245327088E-15,5.5));
#3619 = VECTOR('',#3620,1.);
#3620 = DIRECTION('',(0.,-1.,2.22044604925E-16));
#3621 = ORIENTED_EDGE('',*,*,#3622,.F.);
#3622 = EDGE_CURVE('',#3553,#3615,#3623,.T.);
#3623 = LINE('',#3624,#3625);
#3624 = CARTESIAN_POINT('',(25.5,-2.22044604925E-16,-1.));
#3625 = VECTOR('',#3626,1.);
#3626 = DIRECTION('',(0.,2.22044604925E-16,1.));
#3627 = PLANE('',#3628);
#3628 = AXIS2_PLACEMENT_3D('',#3629,#3630,#3631);
#3629 = CARTESIAN_POINT('',(25.5,-2.22044604925E-16,-1.));
#3630 = DIRECTION('',(-1.,0.,0.));
#3631 = DIRECTION('',(0.,2.22044604925E-16,1.));
#3632 = ADVANCED_FACE('',(#3633),#3644,.T.);
#3633 = FACE_BOUND('',#3634,.F.);
#3634 = EDGE_LOOP('',(#3635,#3636,#3637,#3643));
#3635 = ORIENTED_EDGE('',*,*,#3560,.T.);
#3636 = ORIENTED_EDGE('',*,*,#3622,.T.);
#3637 = ORIENTED_EDGE('',*,*,#3638,.T.);
#3638 = EDGE_CURVE('',#3615,#3575,#3639,.T.);
#3639 = LINE('',#3640,#3641);
#3640 = CARTESIAN_POINT('',(25.5,1.221245327088E-15,5.5));
#3641 = VECTOR('',#3642,1.);
#3642 = DIRECTION('',(-1.,0.,0.));
#3643 = ORIENTED_EDGE('',*,*,#3591,.T.);
#3644 = PLANE('',#3645);
#3645 = AXIS2_PLACEMENT_3D('',#3646,#3647,#3648);
#3646 = CARTESIAN_POINT('',(22.25,4.996003610813E-16,2.25));
#3647 = DIRECTION('',(0.,1.,0.));
#3648 = DIRECTION('',(0.,0.,1.));
#3649 = ADVANCED_FACE('',(#3650,#3661),#3672,.F.);
#3650 = FACE_BOUND('',#3651,.F.);
#3651 = EDGE_LOOP('',(#3652,#3653,#3654,#3660));
#3652 = ORIENTED_EDGE('',*,*,#3544,.F.);
#3653 = ORIENTED_EDGE('',*,*,#3584,.F.);
#3654 = ORIENTED_EDGE('',*,*,#3655,.F.);
#3655 = EDGE_CURVE('',#3607,#3577,#3656,.T.);
#3656 = LINE('',#3657,#3658);
#3657 = CARTESIAN_POINT('',(25.5,-1.2,5.5));
#3658 = VECTOR('',#3659,1.);
#3659 = DIRECTION('',(-1.,0.,0.));
#3660 = ORIENTED_EDGE('',*,*,#3606,.F.);
#3661 = FACE_BOUND('',#3662,.F.);
#3662 = EDGE_LOOP('',(#3663));
#3663 = ORIENTED_EDGE('',*,*,#3664,.T.);
#3664 = EDGE_CURVE('',#3665,#3665,#3667,.T.);
#3665 = VERTEX_POINT('',#3666);
#3666 = CARTESIAN_POINT('',(25.,-1.2,2.25));
#3667 = CIRCLE('',#3668,2.75);
#3668 = AXIS2_PLACEMENT_3D('',#3669,#3670,#3671);
#3669 = CARTESIAN_POINT('',(22.25,-1.2,2.25));
#3670 = DIRECTION('',(0.,-1.,2.22044604925E-16));
#3671 = DIRECTION('',(1.,0.,0.));
#3672 = PLANE('',#3673);
#3673 = AXIS2_PLACEMENT_3D('',#3674,#3675,#3676);
#3674 = CARTESIAN_POINT('',(22.25,-1.2,2.25));
#3675 = DIRECTION('',(0.,1.,0.));
#3676 = DIRECTION('',(0.,0.,1.));
#3677 = ADVANCED_FACE('',(#3678),#3684,.F.);
#3678 = FACE_BOUND('',#3679,.F.);
#3679 = EDGE_LOOP('',(#3680,#3681,#3682,#3683));
#3680 = ORIENTED_EDGE('',*,*,#3614,.T.);
#3681 = ORIENTED_EDGE('',*,*,#3655,.T.);
#3682 = ORIENTED_EDGE('',*,*,#3574,.F.);
#3683 = ORIENTED_EDGE('',*,*,#3638,.F.);
#3684 = PLANE('',#3685);
#3685 = AXIS2_PLACEMENT_3D('',#3686,#3687,#3688);
#3686 = CARTESIAN_POINT('',(25.5,1.221245327088E-15,5.5));
#3687 = DIRECTION('',(-0.,-2.22044604925E-16,-1.));
#3688 = DIRECTION('',(-1.,0.,0.));
#3689 = ADVANCED_FACE('',(#3690),#3709,.T.);
#3690 = FACE_BOUND('',#3691,.F.);
#3691 = EDGE_LOOP('',(#3692,#3693,#3701,#3708));
#3692 = ORIENTED_EDGE('',*,*,#3664,.F.);
#3693 = ORIENTED_EDGE('',*,*,#3694,.T.);
#3694 = EDGE_CURVE('',#3665,#3695,#3697,.T.);
#3695 = VERTEX_POINT('',#3696);
#3696 = CARTESIAN_POINT('',(25.,-4.2,2.25));
#3697 = LINE('',#3698,#3699);
#3698 = CARTESIAN_POINT('',(25.,-1.2,2.25));
#3699 = VECTOR('',#3700,1.);
#3700 = DIRECTION('',(0.,-1.,2.22044604925E-16));
#3701 = ORIENTED_EDGE('',*,*,#3702,.F.);
#3702 = EDGE_CURVE('',#3695,#3695,#3703,.T.);
#3703 = CIRCLE('',#3704,2.75);
#3704 = AXIS2_PLACEMENT_3D('',#3705,#3706,#3707);
#3705 = CARTESIAN_POINT('',(22.25,-4.2,2.25));
#3706 = DIRECTION('',(0.,1.,-2.22044604925E-16));
#3707 = DIRECTION('',(1.,0.,0.));
#3708 = ORIENTED_EDGE('',*,*,#3694,.F.);
#3709 = CYLINDRICAL_SURFACE('',#3710,2.75);
#3710 = AXIS2_PLACEMENT_3D('',#3711,#3712,#3713);
#3711 = CARTESIAN_POINT('',(22.25,-1.2,2.25));
#3712 = DIRECTION('',(0.,1.,-2.22044604925E-16));
#3713 = DIRECTION('',(1.,0.,0.));
#3714 = ADVANCED_FACE('',(#3715,#3726),#3729,.T.);
#3715 = FACE_BOUND('',#3716,.T.);
#3716 = EDGE_LOOP('',(#3717));
#3717 = ORIENTED_EDGE('',*,*,#3718,.F.);
#3718 = EDGE_CURVE('',#3719,#3719,#3721,.T.);
#3719 = VERTEX_POINT('',#3720);
#3720 = CARTESIAN_POINT('',(25.45,-4.2,2.25));
#3721 = CIRCLE('',#3722,3.2);
#3722 = AXIS2_PLACEMENT_3D('',#3723,#3724,#3725);
#3723 = CARTESIAN_POINT('',(22.25,-4.2,2.25));
#3724 = DIRECTION('',(0.,-1.,2.22044604925E-16));
#3725 = DIRECTION('',(1.,0.,0.));
#3726 = FACE_BOUND('',#3727,.T.);
#3727 = EDGE_LOOP('',(#3728));
#3728 = ORIENTED_EDGE('',*,*,#3702,.F.);
#3729 = PLANE('',#3730);
#3730 = AXIS2_PLACEMENT_3D('',#3731,#3732,#3733);
#3731 = CARTESIAN_POINT('',(22.25,-4.2,2.25));
#3732 = DIRECTION('',(0.,1.,0.));
#3733 = DIRECTION('',(0.,0.,1.));
#3734 = ADVANCED_FACE('',(#3735),#3754,.T.);
#3735 = FACE_BOUND('',#3736,.F.);
#3736 = EDGE_LOOP('',(#3737,#3745,#3752,#3753));
#3737 = ORIENTED_EDGE('',*,*,#3738,.T.);
#3738 = EDGE_CURVE('',#3719,#3739,#3741,.T.);
#3739 = VERTEX_POINT('',#3740);
#3740 = CARTESIAN_POINT('',(25.45,-8.2,2.25));
#3741 = LINE('',#3742,#3743);
#3742 = CARTESIAN_POINT('',(25.45,-4.2,2.25));
#3743 = VECTOR('',#3744,1.);
#3744 = DIRECTION('',(0.,-1.,2.22044604925E-16));
#3745 = ORIENTED_EDGE('',*,*,#3746,.T.);
#3746 = EDGE_CURVE('',#3739,#3739,#3747,.T.);
#3747 = CIRCLE('',#3748,3.2);
#3748 = AXIS2_PLACEMENT_3D('',#3749,#3750,#3751);
#3749 = CARTESIAN_POINT('',(22.25,-8.2,2.25));
#3750 = DIRECTION('',(0.,-1.,2.22044604925E-16));
#3751 = DIRECTION('',(1.,0.,0.));
#3752 = ORIENTED_EDGE('',*,*,#3738,.F.);
#3753 = ORIENTED_EDGE('',*,*,#3718,.F.);
#3754 = CYLINDRICAL_SURFACE('',#3755,3.2);
#3755 = AXIS2_PLACEMENT_3D('',#3756,#3757,#3758);
#3756 = CARTESIAN_POINT('',(22.25,-4.2,2.25));
#3757 = DIRECTION('',(0.,1.,-2.22044604925E-16));
#3758 = DIRECTION('',(1.,0.,0.));
#3759 = ADVANCED_FACE('',(#3760,#3763),#3774,.F.);
#3760 = FACE_BOUND('',#3761,.F.);
#3761 = EDGE_LOOP('',(#3762));
#3762 = ORIENTED_EDGE('',*,*,#3746,.F.);
#3763 = FACE_BOUND('',#3764,.F.);
#3764 = EDGE_LOOP('',(#3765));
#3765 = ORIENTED_EDGE('',*,*,#3766,.F.);
#3766 = EDGE_CURVE('',#3767,#3767,#3769,.T.);
#3767 = VERTEX_POINT('',#3768);
#3768 = CARTESIAN_POINT('',(25.,-8.2,2.25));
#3769 = CIRCLE('',#3770,2.75);
#3770 = AXIS2_PLACEMENT_3D('',#3771,#3772,#3773);
#3771 = CARTESIAN_POINT('',(22.25,-8.2,2.25));
#3772 = DIRECTION('',(0.,1.,-2.22044604925E-16));
#3773 = DIRECTION('',(1.,0.,0.));
#3774 = PLANE('',#3775);
#3775 = AXIS2_PLACEMENT_3D('',#3776,#3777,#3778);
#3776 = CARTESIAN_POINT('',(22.25,-8.2,2.25));
#3777 = DIRECTION('',(0.,1.,0.));
#3778 = DIRECTION('',(0.,0.,1.));
#3779 = ADVANCED_FACE('',(#3780),#3799,.T.);
#3780 = FACE_BOUND('',#3781,.F.);
#3781 = EDGE_LOOP('',(#3782,#3783,#3791,#3798));
#3782 = ORIENTED_EDGE('',*,*,#3766,.T.);
#3783 = ORIENTED_EDGE('',*,*,#3784,.T.);
#3784 = EDGE_CURVE('',#3767,#3785,#3787,.T.);
#3785 = VERTEX_POINT('',#3786);
#3786 = CARTESIAN_POINT('',(25.,-9.6,2.25));
#3787 = LINE('',#3788,#3789);
#3788 = CARTESIAN_POINT('',(25.,-1.2,2.25));
#3789 = VECTOR('',#3790,1.);
#3790 = DIRECTION('',(0.,-1.,2.22044604925E-16));
#3791 = ORIENTED_EDGE('',*,*,#3792,.T.);
#3792 = EDGE_CURVE('',#3785,#3785,#3793,.T.);
#3793 = CIRCLE('',#3794,2.75);
#3794 = AXIS2_PLACEMENT_3D('',#3795,#3796,#3797);
#3795 = CARTESIAN_POINT('',(22.25,-9.6,2.25));
#3796 = DIRECTION('',(0.,-1.,2.22044604925E-16));
#3797 = DIRECTION('',(1.,0.,0.));
#3798 = ORIENTED_EDGE('',*,*,#3784,.F.);
#3799 = CYLINDRICAL_SURFACE('',#3800,2.75);
#3800 = AXIS2_PLACEMENT_3D('',#3801,#3802,#3803);
#3801 = CARTESIAN_POINT('',(22.25,-1.2,2.25));
#3802 = DIRECTION('',(0.,1.,-2.22044604925E-16));
#3803 = DIRECTION('',(1.,0.,0.));
#3804 = ADVANCED_FACE('',(#3805),#3808,.F.);
#3805 = FACE_BOUND('',#3806,.T.);
#3806 = EDGE_LOOP('',(#3807));
#3807 = ORIENTED_EDGE('',*,*,#3792,.T.);
#3808 = PLANE('',#3809);
#3809 = AXIS2_PLACEMENT_3D('',#3810,#3811,#3812);
#3810 = CARTESIAN_POINT('',(22.25,-9.6,2.25));
#3811 = DIRECTION('',(0.,1.,-2.330863862283E-16));
#3812 = DIRECTION('',(0.,2.330863862283E-16,1.));
#3813 = ( GEOMETRIC_REPRESENTATION_CONTEXT(3) 
GLOBAL_UNCERTAINTY_ASSIGNED_CONTEXT((#3817)) 
GLOBAL_UNIT_ASSIGNED_CONTEXT((#3814,#3815,#3816)) REPRESENTATION_CONTEXT
('Context #1','3D Context with UNIT and UNCERTAINTY') );
#3814 = ( LENGTH_UNIT() NAMED_UNIT(*) SI_UNIT(.MILLI.,.METRE.) );
#3815 = ( NAMED_UNIT(*) PLANE_ANGLE_UNIT() SI_UNIT($,.RADIAN.) );
#3816 = ( NAMED_UNIT(*) SI_UNIT($,.STERADIAN.) SOLID_ANGLE_UNIT() );
#3817 = UNCERTAINTY_MEASURE_WITH_UNIT(LENGTH_MEASURE(1.E-07),#3814,
  'distance_accuracy_value','confusion accuracy');
#3818 = CONTEXT_DEPENDENT_SHAPE_REPRESENTATION(#3819,#3821);
#3819 = ( REPRESENTATION_RELATIONSHIP('','',#2927,#10) 
REPRESENTATION_RELATIONSHIP_WITH_TRANSFORMATION(#3820) 
SHAPE_REPRESENTATION_RELATIONSHIP() );
#3820 = ITEM_DEFINED_TRANSFORMATION('','',#11,#27);
#3821 = PRODUCT_DEFINITION_SHAPE('Placement','Placement of an item',
  #3822);
#3822 = NEXT_ASSEMBLY_USAGE_OCCURRENCE('8','BooleanFragments002','',#5,
  #2922,$);
#3823 = PRODUCT_RELATED_PRODUCT_CATEGORY('part',$,(#2924));
#3824 = MECHANICAL_DESIGN_GEOMETRIC_PRESENTATION_REPRESENTATION('',(
    #3825,#3836,#3845,#3854,#3863,#3872,#3881),#2228);
#3825 = STYLED_ITEM('color',(#3826),#510);
#3826 = PRESENTATION_STYLE_ASSIGNMENT((#3827,#3833));
#3827 = SURFACE_STYLE_USAGE(.BOTH.,#3828);
#3828 = SURFACE_SIDE_STYLE('',(#3829));
#3829 = SURFACE_STYLE_FILL_AREA(#3830);
#3830 = FILL_AREA_STYLE('',(#3831));
#3831 = FILL_AREA_STYLE_COLOUR('',#3832);
#3832 = DRAUGHTING_PRE_DEFINED_COLOUR('black');
#3833 = CURVE_STYLE('',#3834,POSITIVE_LENGTH_MEASURE(0.1),#3835);
#3834 = DRAUGHTING_PRE_DEFINED_CURVE_FONT('continuous');
#3835 = COLOUR_RGB('',9.803921802644E-02,9.803921802644E-02,
  9.803921802644E-02);
#3836 = STYLED_ITEM('color',(#3837),#660);
#3837 = PRESENTATION_STYLE_ASSIGNMENT((#3838,#3843));
#3838 = SURFACE_STYLE_USAGE(.BOTH.,#3839);
#3839 = SURFACE_SIDE_STYLE('',(#3840));
#3840 = SURFACE_STYLE_FILL_AREA(#3841);
#3841 = FILL_AREA_STYLE('',(#3842));
#3842 = FILL_AREA_STYLE_COLOUR('',#3832);
#3843 = CURVE_STYLE('',#3844,POSITIVE_LENGTH_MEASURE(0.1),#3835);
#3844 = DRAUGHTING_PRE_DEFINED_CURVE_FONT('continuous');
#3845 = STYLED_ITEM('color',(#3846),#810);
#3846 = PRESENTATION_STYLE_ASSIGNMENT((#3847,#3852));
#3847 = SURFACE_STYLE_USAGE(.BOTH.,#3848);
#3848 = SURFACE_SIDE_STYLE('',(#3849));
#3849 = SURFACE_STYLE_FILL_AREA(#3850);
#3850 = FILL_AREA_STYLE('',(#3851));
#3851 = FILL_AREA_STYLE_COLOUR('',#3832);
#3852 = CURVE_STYLE('',#3853,POSITIVE_LENGTH_MEASURE(0.1),#3835);
#3853 = DRAUGHTING_PRE_DEFINED_CURVE_FONT('continuous');
#3854 = STYLED_ITEM('color',(#3855),#960);
#3855 = PRESENTATION_STYLE_ASSIGNMENT((#3856,#3861));
#3856 = SURFACE_STYLE_USAGE(.BOTH.,#3857);
#3857 = SURFACE_SIDE_STYLE('',(#3858));
#3858 = SURFACE_STYLE_FILL_AREA(#3859);
#3859 = FILL_AREA_STYLE('',(#3860));
#3860 = FILL_AREA_STYLE_COLOUR('',#3832);
#3861 = CURVE_STYLE('',#3862,POSITIVE_LENGTH_MEASURE(0.1),#3835);
#3862 = DRAUGHTING_PRE_DEFINED_CURVE_FONT('continuous');
#3863 = STYLED_ITEM('color',(#3864),#1110);
#3864 = PRESENTATION_STYLE_ASSIGNMENT((#3865,#3870));
#3865 = SURFACE_STYLE_USAGE(.BOTH.,#3866);
#3866 = SURFACE_SIDE_STYLE('',(#3867));
#3867 = SURFACE_STYLE_FILL_AREA(#3868);
#3868 = FILL_AREA_STYLE('',(#3869));
#3869 = FILL_AREA_STYLE_COLOUR('',#3832);
#3870 = CURVE_STYLE('',#3871,POSITIVE_LENGTH_MEASURE(0.1),#3835);
#3871 = DRAUGHTING_PRE_DEFINED_CURVE_FONT('continuous');
#3872 = STYLED_ITEM('color',(#3873),#1260);
#3873 = PRESENTATION_STYLE_ASSIGNMENT((#3874,#3879));
#3874 = SURFACE_STYLE_USAGE(.BOTH.,#3875);
#3875 = SURFACE_SIDE_STYLE('',(#3876));
#3876 = SURFACE_STYLE_FILL_AREA(#3877);
#3877 = FILL_AREA_STYLE('',(#3878));
#3878 = FILL_AREA_STYLE_COLOUR('',#3832);
#3879 = CURVE_STYLE('',#3880,POSITIVE_LENGTH_MEASURE(0.1),#3835);
#3880 = DRAUGHTING_PRE_DEFINED_CURVE_FONT('continuous');
#3881 = STYLED_ITEM('color',(#3882),#1352);
#3882 = PRESENTATION_STYLE_ASSIGNMENT((#3883,#3888));
#3883 = SURFACE_STYLE_USAGE(.BOTH.,#3884);
#3884 = SURFACE_SIDE_STYLE('',(#3885));
#3885 = SURFACE_STYLE_FILL_AREA(#3886);
#3886 = FILL_AREA_STYLE('',(#3887));
#3887 = FILL_AREA_STYLE_COLOUR('',#3832);
#3888 = CURVE_STYLE('',#3889,POSITIVE_LENGTH_MEASURE(0.1),#3835);
#3889 = DRAUGHTING_PRE_DEFINED_CURVE_FONT('continuous');
#3890 = MECHANICAL_DESIGN_GEOMETRIC_PRESENTATION_REPRESENTATION('',(
    #3891,#3901,#3910,#3919,#3928),#3813);
#3891 = STYLED_ITEM('color',(#3892),#2928);
#3892 = PRESENTATION_STYLE_ASSIGNMENT((#3893,#3899));
#3893 = SURFACE_STYLE_USAGE(.BOTH.,#3894);
#3894 = SURFACE_SIDE_STYLE('',(#3895));
#3895 = SURFACE_STYLE_FILL_AREA(#3896);
#3896 = FILL_AREA_STYLE('',(#3897));
#3897 = FILL_AREA_STYLE_COLOUR('',#3898);
#3898 = COLOUR_RGB('',0.807843143701,0.650980421574,0.184313727102);
#3899 = CURVE_STYLE('',#3900,POSITIVE_LENGTH_MEASURE(0.1),#3835);
#3900 = DRAUGHTING_PRE_DEFINED_CURVE_FONT('continuous');
#3901 = STYLED_ITEM('color',(#3902),#3078);
#3902 = PRESENTATION_STYLE_ASSIGNMENT((#3903,#3908));
#3903 = SURFACE_STYLE_USAGE(.BOTH.,#3904);
#3904 = SURFACE_SIDE_STYLE('',(#3905));
#3905 = SURFACE_STYLE_FILL_AREA(#3906);
#3906 = FILL_AREA_STYLE('',(#3907));
#3907 = FILL_AREA_STYLE_COLOUR('',#3898);
#3908 = CURVE_STYLE('',#3909,POSITIVE_LENGTH_MEASURE(0.1),#3835);
#3909 = DRAUGHTING_PRE_DEFINED_CURVE_FONT('continuous');
#3910 = STYLED_ITEM('color',(#3911),#3228);
#3911 = PRESENTATION_STYLE_ASSIGNMENT((#3912,#3917));
#3912 = SURFACE_STYLE_USAGE(.BOTH.,#3913);
#3913 = SURFACE_SIDE_STYLE('',(#3914));
#3914 = SURFACE_STYLE_FILL_AREA(#3915);
#3915 = FILL_AREA_STYLE('',(#3916));
#3916 = FILL_AREA_STYLE_COLOUR('',#3898);
#3917 = CURVE_STYLE('',#3918,POSITIVE_LENGTH_MEASURE(0.1),#3835);
#3918 = DRAUGHTING_PRE_DEFINED_CURVE_FONT('continuous');
#3919 = STYLED_ITEM('color',(#3920),#3378);
#3920 = PRESENTATION_STYLE_ASSIGNMENT((#3921,#3926));
#3921 = SURFACE_STYLE_USAGE(.BOTH.,#3922);
#3922 = SURFACE_SIDE_STYLE('',(#3923));
#3923 = SURFACE_STYLE_FILL_AREA(#3924);
#3924 = FILL_AREA_STYLE('',(#3925));
#3925 = FILL_AREA_STYLE_COLOUR('',#3898);
#3926 = CURVE_STYLE('',#3927,POSITIVE_LENGTH_MEASURE(0.1),#3835);
#3927 = DRAUGHTING_PRE_DEFINED_CURVE_FONT('continuous');
#3928 = STYLED_ITEM('color',(#3929),#3528);
#3929 = PRESENTATION_STYLE_ASSIGNMENT((#3930,#3935));
#3930 = SURFACE_STYLE_USAGE(.BOTH.,#3931);
#3931 = SURFACE_SIDE_STYLE('',(#3932));
#3932 = SURFACE_STYLE_FILL_AREA(#3933);
#3933 = FILL_AREA_STYLE('',(#3934));
#3934 = FILL_AREA_STYLE_COLOUR('',#3898);
#3935 = CURVE_STYLE('',#3936,POSITIVE_LENGTH_MEASURE(0.1),#3835);
#3936 = DRAUGHTING_PRE_DEFINED_CURVE_FONT('continuous');
#3937 = MECHANICAL_DESIGN_GEOMETRIC_PRESENTATION_REPRESENTATION('',(
    #3938,#3948,#3957),#2909);
#3938 = STYLED_ITEM('color',(#3939),#2247);
#3939 = PRESENTATION_STYLE_ASSIGNMENT((#3940,#3946));
#3940 = SURFACE_STYLE_USAGE(.BOTH.,#3941);
#3941 = SURFACE_SIDE_STYLE('',(#3942));
#3942 = SURFACE_STYLE_FILL_AREA(#3943);
#3943 = FILL_AREA_STYLE('',(#3944));
#3944 = FILL_AREA_STYLE_COLOUR('',#3945);
#3945 = COLOUR_RGB('',0.678430976034,0.709803998361,0.741176010593);
#3946 = CURVE_STYLE('',#3947,POSITIVE_LENGTH_MEASURE(0.1),#3835);
#3947 = DRAUGHTING_PRE_DEFINED_CURVE_FONT('continuous');
#3948 = STYLED_ITEM('color',(#3949),#2673);
#3949 = PRESENTATION_STYLE_ASSIGNMENT((#3950,#3955));
#3950 = SURFACE_STYLE_USAGE(.BOTH.,#3951);
#3951 = SURFACE_SIDE_STYLE('',(#3952));
#3952 = SURFACE_STYLE_FILL_AREA(#3953);
#3953 = FILL_AREA_STYLE('',(#3954));
#3954 = FILL_AREA_STYLE_COLOUR('',#3945);
#3955 = CURVE_STYLE('',#3956,POSITIVE_LENGTH_MEASURE(0.1),#3835);
#3956 = DRAUGHTING_PRE_DEFINED_CURVE_FONT('continuous');
#3957 = STYLED_ITEM('color',(#3958),#2856);
#3958 = PRESENTATION_STYLE_ASSIGNMENT((#3959,#3964));
#3959 = SURFACE_STYLE_USAGE(.BOTH.,#3960);
#3960 = SURFACE_SIDE_STYLE('',(#3961));
#3961 = SURFACE_STYLE_FILL_AREA(#3962);
#3962 = FILL_AREA_STYLE('',(#3963));
#3963 = FILL_AREA_STYLE_COLOUR('',#3945);
#3964 = CURVE_STYLE('',#3965,POSITIVE_LENGTH_MEASURE(0.1),#3835);
#3965 = DRAUGHTING_PRE_DEFINED_CURVE_FONT('continuous');
#3966 = MECHANICAL_DESIGN_GEOMETRIC_PRESENTATION_REPRESENTATION('',(
    #3967),#491);
#3967 = STYLED_ITEM('color',(#3968),#45);
#3968 = PRESENTATION_STYLE_ASSIGNMENT((#3969,#3975));
#3969 = SURFACE_STYLE_USAGE(.BOTH.,#3970);
#3970 = SURFACE_SIDE_STYLE('',(#3971));
#3971 = SURFACE_STYLE_FILL_AREA(#3972);
#3972 = FILL_AREA_STYLE('',(#3973));
#3973 = FILL_AREA_STYLE_COLOUR('',#3974);
#3974 = DRAUGHTING_PRE_DEFINED_COLOUR('red');
#3975 = CURVE_STYLE('',#3976,POSITIVE_LENGTH_MEASURE(0.1),#3835);
#3976 = DRAUGHTING_PRE_DEFINED_CURVE_FONT('continuous');
ENDSEC;
END-ISO-10303-21;
