ISO-10303-21;
HEADER;
FILE_DESCRIPTION(('CAx-IF Rec.Pracs.---Model Styling and Organization---1.5---2016-08-15','CAx-IF Rec.Pracs.---Geometric and Assembly Validation Properties---4.4---2016-08-17','CAx-IF Rec.Pracs.---User Defined Attributes---1.5---2016-08-15','CAx-IF Rec.Pracs.---External References---2.1---2005-01-19'),'2;1');
FILE_NAME('19864950.step','2026-02-24T20:39:49',('Unspecified'),('Unspecified'),'CAD Exchanger 3.10.2 (cadexchanger.com)','Unspecified','');
FILE_SCHEMA(('AUTOMOTIVE_DESIGN { 1 0 10303 214 1 1 1 1 }'));
ENDSEC;
DATA;
#1=APPLICATION_CONTEXT('core data for automotive mechanical design processes');
#2=APPLICATION_PROTOCOL_DEFINITION('international standard','automotive_design',2000,#1);
#3=PRODUCT_CONTEXT('',#1,'mechanical');
#4=PRODUCT('Same_Sky_SLW-1678105-6A-N-D','Same_Sky_SLW-1678105-6A-N-D',$,(#3));
#5=PRODUCT_DEFINITION_FORMATION('',$,#4);
#6=PRODUCT_DEFINITION_CONTEXT('part definition',#1,'design');
#7=PRODUCT_DEFINITION('design',$,#5,#6);
#8=PRODUCT_DEFINITION_SHAPE('',$,#7);
#9=MANIFOLD_SOLID_BREP('NONE',#10);
#10=CLOSED_SHELL('NONE',(#11,#51,#91,#131,#171,#211,#251,#291,#331,#371,#411,#451,#491,#522,#553,#584,#615,#646,#677,#708,#739,#770,#801,#832,#863,#905,#947,#989,#1031,#1073,#1115,#1155,#1186,#1217,#1248,#1279,#1310,#1341,#1372,#1403,#1434,#1465,#1496,#1527,#1558,#1600,#1642,#1684,#1726,#1768,#1810,#1852,#1894,#1934,#1974,#2030,#2084,#2124,#2155,#2195,#2226,#2250,#2274,#2314,#2345,#2369,#2393,#2424,#2455,#2480,#2504,#2522,#2553,#2584,#2609,#2633,#2651,#2682,#2713,#2738,#2762,#2780,#2811,#2842,#2867,#2891,#2909,#2940,#2971,#2996,#3020,#3038,#3069,#3100,#3125,#3149,#3167,#3198,#3229,#3260,#3291,#3322,#3353,#3384,#3415,#3446,#3477,#3508,#3539,#3604,#3669,#3734,#3799,#3839,#3870,#3894,#3918,#3935,#3975,#4006,#4030,#4054,#4071,#4111,#4142,#4166,#4190,#4207,#4247,#4278,#4302,#4326,#4343,#4390,#4422,#4446,#4471,#4488,#4540,#4552,#4564,#4576,#4618,#4660,#4685,#4710,#4734,#4758,#4783,#4808,#4832,#4856,#4868,#4880,#4892,#4923,#4954,#4979,#5004,#5028,#5052,#5070,#5088,#5122,#5156,#5168,#5180,#5203,#5226,#5238,#5250,#5262,#5274,#5286,#5298));
#11=ADVANCED_FACE('NONE',(#12),#46,.T.);
#12=FACE_BOUND('NONE',#13,.T.);
#13=EDGE_LOOP('',(#14,#24,#32,#40));
#14=ORIENTED_EDGE('',*,*,#15,.T.);
#15=EDGE_CURVE('NONE',#16,#18,#20,.F.);
#16=VERTEX_POINT('NONE',#17);
#17=CARTESIAN_POINT('',(1132.307124107,-142.682277726,8.25));
#18=VERTEX_POINT('NONE',#19);
#19=CARTESIAN_POINT('',(1132.657124107,-143.032277726,8.25));
#20=LINE('',#21,#22);
#21=CARTESIAN_POINT('',(1132.307124107,-142.682277726,8.25));
#22=VECTOR('',#23,1.0);
#23=DIRECTION('',(-0.707106781,0.707106781,-1.146387601E-16));
#24=ORIENTED_EDGE('',*,*,#25,.T.);
#25=EDGE_CURVE('NONE',#18,#26,#28,.F.);
#26=VERTEX_POINT('NONE',#27);
#27=CARTESIAN_POINT('',(1132.657124107,-143.032277726,8.75));
#28=LINE('',#29,#30);
#29=CARTESIAN_POINT('',(1132.657124107,-143.032277726,10.5));
#30=VECTOR('',#31,1.0);
#31=DIRECTION('',(0.0,0.0,-1.0));
#32=ORIENTED_EDGE('',*,*,#33,.T.);
#33=EDGE_CURVE('NONE',#26,#34,#36,.F.);
#34=VERTEX_POINT('NONE',#35);
#35=CARTESIAN_POINT('',(1132.307124107,-142.682277726,8.75));
#36=LINE('',#37,#38);
#37=CARTESIAN_POINT('',(1132.307124107,-142.682277726,8.75));
#38=VECTOR('',#39,1.0);
#39=DIRECTION('',(0.707106781,-0.707106781,1.146387601E-16));
#40=ORIENTED_EDGE('',*,*,#41,.T.);
#41=EDGE_CURVE('NONE',#34,#16,#42,.F.);
#42=LINE('',#43,#44);
#43=CARTESIAN_POINT('',(1132.307124107,-142.682277726,8.75));
#44=VECTOR('',#45,1.0);
#45=DIRECTION('',(0.0,0.0,1.0));
#46=PLANE('',#47);
#47=AXIS2_PLACEMENT_3D('',#48,#49,#50);
#48=CARTESIAN_POINT('',(1132.307124107,-142.682277726,0.0));
#49=DIRECTION('',(-0.707106781,-0.707106781,0.0));
#50=DIRECTION('',(-0.707106781,0.707106781,0.0));
#51=ADVANCED_FACE('NONE',(#52),#86,.T.);
#52=FACE_BOUND('NONE',#53,.T.);
#53=EDGE_LOOP('',(#54,#64,#72,#80));
#54=ORIENTED_EDGE('',*,*,#55,.T.);
#55=EDGE_CURVE('NONE',#56,#58,#60,.F.);
#56=VERTEX_POINT('NONE',#57);
#57=CARTESIAN_POINT('',(1132.307124107,-142.682277726,1.75));
#58=VERTEX_POINT('NONE',#59);
#59=CARTESIAN_POINT('',(1132.657124107,-143.032277726,1.75));
#60=LINE('',#61,#62);
#61=CARTESIAN_POINT('',(1132.307124107,-142.682277726,1.75));
#62=VECTOR('',#63,1.0);
#63=DIRECTION('',(-0.707106781,0.707106781,-5.731938006E-17));
#64=ORIENTED_EDGE('',*,*,#65,.T.);
#65=EDGE_CURVE('NONE',#58,#66,#68,.F.);
#66=VERTEX_POINT('NONE',#67);
#67=CARTESIAN_POINT('',(1132.657124107,-143.032277726,2.25));
#68=LINE('',#69,#70);
#69=CARTESIAN_POINT('',(1132.657124107,-143.032277726,10.5));
#70=VECTOR('',#71,1.0);
#71=DIRECTION('',(0.0,0.0,-1.0));
#72=ORIENTED_EDGE('',*,*,#73,.T.);
#73=EDGE_CURVE('NONE',#66,#74,#76,.F.);
#74=VERTEX_POINT('NONE',#75);
#75=CARTESIAN_POINT('',(1132.307124107,-142.682277726,2.25));
#76=LINE('',#77,#78);
#77=CARTESIAN_POINT('',(1132.307124107,-142.682277726,2.25));
#78=VECTOR('',#79,1.0);
#79=DIRECTION('',(0.707106781,-0.707106781,5.731938006E-17));
#80=ORIENTED_EDGE('',*,*,#81,.T.);
#81=EDGE_CURVE('NONE',#74,#56,#82,.F.);
#82=LINE('',#83,#84);
#83=CARTESIAN_POINT('',(1132.307124107,-142.682277726,2.25));
#84=VECTOR('',#85,1.0);
#85=DIRECTION('',(0.0,0.0,1.0));
#86=PLANE('',#87);
#87=AXIS2_PLACEMENT_3D('',#88,#89,#90);
#88=CARTESIAN_POINT('',(1132.307124107,-142.682277726,0.0));
#89=DIRECTION('',(-0.707106781,-0.707106781,0.0));
#90=DIRECTION('',(-0.707106781,0.707106781,0.0));
#91=ADVANCED_FACE('NONE',(#92),#126,.T.);
#92=FACE_BOUND('NONE',#93,.T.);
#93=EDGE_LOOP('',(#94,#104,#112,#120));
#94=ORIENTED_EDGE('',*,*,#95,.T.);
#95=EDGE_CURVE('NONE',#96,#98,#100,.F.);
#96=VERTEX_POINT('NONE',#97);
#97=CARTESIAN_POINT('',(1136.807124107,-142.682277726,8.25));
#98=VERTEX_POINT('NONE',#99);
#99=CARTESIAN_POINT('',(1137.157124107,-143.032277726,8.25));
#100=LINE('',#101,#102);
#101=CARTESIAN_POINT('',(1136.807124107,-142.682277726,8.25));
#102=VECTOR('',#103,1.0);
#103=DIRECTION('',(-0.707106781,0.707106781,-1.146387601E-16));
#104=ORIENTED_EDGE('',*,*,#105,.T.);
#105=EDGE_CURVE('NONE',#98,#106,#108,.F.);
#106=VERTEX_POINT('NONE',#107);
#107=CARTESIAN_POINT('',(1137.157124107,-143.032277726,8.75));
#108=LINE('',#109,#110);
#109=CARTESIAN_POINT('',(1137.157124107,-143.032277726,10.5));
#110=VECTOR('',#111,1.0);
#111=DIRECTION('',(0.0,0.0,-1.0));
#112=ORIENTED_EDGE('',*,*,#113,.T.);
#113=EDGE_CURVE('NONE',#106,#114,#116,.F.);
#114=VERTEX_POINT('NONE',#115);
#115=CARTESIAN_POINT('',(1136.807124107,-142.682277726,8.75));
#116=LINE('',#117,#118);
#117=CARTESIAN_POINT('',(1136.807124107,-142.682277726,8.75));
#118=VECTOR('',#119,1.0);
#119=DIRECTION('',(0.707106781,-0.707106781,1.146387601E-16));
#120=ORIENTED_EDGE('',*,*,#121,.T.);
#121=EDGE_CURVE('NONE',#114,#96,#122,.F.);
#122=LINE('',#123,#124);
#123=CARTESIAN_POINT('',(1136.807124107,-142.682277726,8.75));
#124=VECTOR('',#125,1.0);
#125=DIRECTION('',(0.0,0.0,1.0));
#126=PLANE('',#127);
#127=AXIS2_PLACEMENT_3D('',#128,#129,#130);
#128=CARTESIAN_POINT('',(1136.807124107,-142.682277726,0.0));
#129=DIRECTION('',(-0.707106781,-0.707106781,0.0));
#130=DIRECTION('',(-0.707106781,0.707106781,0.0));
#131=ADVANCED_FACE('NONE',(#132),#166,.T.);
#132=FACE_BOUND('NONE',#133,.T.);
#133=EDGE_LOOP('',(#134,#144,#152,#160));
#134=ORIENTED_EDGE('',*,*,#135,.T.);
#135=EDGE_CURVE('NONE',#136,#138,#140,.F.);
#136=VERTEX_POINT('NONE',#137);
#137=CARTESIAN_POINT('',(1141.307124107,-142.682277726,8.25));
#138=VERTEX_POINT('NONE',#139);
#139=CARTESIAN_POINT('',(1141.657124107,-143.032277726,8.25));
#140=LINE('',#141,#142);
#141=CARTESIAN_POINT('',(1141.307124107,-142.682277726,8.25));
#142=VECTOR('',#143,1.0);
#143=DIRECTION('',(-0.707106781,0.707106781,-1.146387601E-16));
#144=ORIENTED_EDGE('',*,*,#145,.T.);
#145=EDGE_CURVE('NONE',#138,#146,#148,.F.);
#146=VERTEX_POINT('NONE',#147);
#147=CARTESIAN_POINT('',(1141.657124107,-143.032277726,8.75));
#148=LINE('',#149,#150);
#149=CARTESIAN_POINT('',(1141.657124107,-143.032277726,10.5));
#150=VECTOR('',#151,1.0);
#151=DIRECTION('',(0.0,0.0,-1.0));
#152=ORIENTED_EDGE('',*,*,#153,.T.);
#153=EDGE_CURVE('NONE',#146,#154,#156,.F.);
#154=VERTEX_POINT('NONE',#155);
#155=CARTESIAN_POINT('',(1141.307124107,-142.682277726,8.75));
#156=LINE('',#157,#158);
#157=CARTESIAN_POINT('',(1141.307124107,-142.682277726,8.75));
#158=VECTOR('',#159,1.0);
#159=DIRECTION('',(0.707106781,-0.707106781,1.146387601E-16));
#160=ORIENTED_EDGE('',*,*,#161,.T.);
#161=EDGE_CURVE('NONE',#154,#136,#162,.F.);
#162=LINE('',#163,#164);
#163=CARTESIAN_POINT('',(1141.307124107,-142.682277726,8.75));
#164=VECTOR('',#165,1.0);
#165=DIRECTION('',(0.0,0.0,1.0));
#166=PLANE('',#167);
#167=AXIS2_PLACEMENT_3D('',#168,#169,#170);
#168=CARTESIAN_POINT('',(1141.307124107,-142.682277726,0.0));
#169=DIRECTION('',(-0.707106781,-0.707106781,0.0));
#170=DIRECTION('',(-0.707106781,0.707106781,0.0));
#171=ADVANCED_FACE('NONE',(#172),#206,.T.);
#172=FACE_BOUND('NONE',#173,.T.);
#173=EDGE_LOOP('',(#174,#184,#192,#200));
#174=ORIENTED_EDGE('',*,*,#175,.T.);
#175=EDGE_CURVE('NONE',#176,#178,#180,.F.);
#176=VERTEX_POINT('NONE',#177);
#177=CARTESIAN_POINT('',(1136.807124107,-142.682277726,1.75));
#178=VERTEX_POINT('NONE',#179);
#179=CARTESIAN_POINT('',(1137.157124107,-143.032277726,1.75));
#180=LINE('',#181,#182);
#181=CARTESIAN_POINT('',(1136.807124107,-142.682277726,1.75));
#182=VECTOR('',#183,1.0);
#183=DIRECTION('',(-0.707106781,0.707106781,-5.731938006E-17));
#184=ORIENTED_EDGE('',*,*,#185,.T.);
#185=EDGE_CURVE('NONE',#178,#186,#188,.F.);
#186=VERTEX_POINT('NONE',#187);
#187=CARTESIAN_POINT('',(1137.157124107,-143.032277726,2.25));
#188=LINE('',#189,#190);
#189=CARTESIAN_POINT('',(1137.157124107,-143.032277726,10.5));
#190=VECTOR('',#191,1.0);
#191=DIRECTION('',(0.0,0.0,-1.0));
#192=ORIENTED_EDGE('',*,*,#193,.T.);
#193=EDGE_CURVE('NONE',#186,#194,#196,.F.);
#194=VERTEX_POINT('NONE',#195);
#195=CARTESIAN_POINT('',(1136.807124107,-142.682277726,2.25));
#196=LINE('',#197,#198);
#197=CARTESIAN_POINT('',(1136.807124107,-142.682277726,2.25));
#198=VECTOR('',#199,1.0);
#199=DIRECTION('',(0.707106781,-0.707106781,5.731938006E-17));
#200=ORIENTED_EDGE('',*,*,#201,.T.);
#201=EDGE_CURVE('NONE',#194,#176,#202,.F.);
#202=LINE('',#203,#204);
#203=CARTESIAN_POINT('',(1136.807124107,-142.682277726,2.25));
#204=VECTOR('',#205,1.0);
#205=DIRECTION('',(0.0,0.0,1.0));
#206=PLANE('',#207);
#207=AXIS2_PLACEMENT_3D('',#208,#209,#210);
#208=CARTESIAN_POINT('',(1136.807124107,-142.682277726,0.0));
#209=DIRECTION('',(-0.707106781,-0.707106781,0.0));
#210=DIRECTION('',(-0.707106781,0.707106781,0.0));
#211=ADVANCED_FACE('NONE',(#212),#246,.T.);
#212=FACE_BOUND('NONE',#213,.T.);
#213=EDGE_LOOP('',(#214,#224,#232,#240));
#214=ORIENTED_EDGE('',*,*,#215,.T.);
#215=EDGE_CURVE('NONE',#216,#218,#220,.F.);
#216=VERTEX_POINT('NONE',#217);
#217=CARTESIAN_POINT('',(1141.307124107,-142.682277726,1.75));
#218=VERTEX_POINT('NONE',#219);
#219=CARTESIAN_POINT('',(1141.657124107,-143.032277726,1.75));
#220=LINE('',#221,#222);
#221=CARTESIAN_POINT('',(1141.307124107,-142.682277726,1.75));
#222=VECTOR('',#223,1.0);
#223=DIRECTION('',(-0.707106781,0.707106781,-5.731938006E-17));
#224=ORIENTED_EDGE('',*,*,#225,.T.);
#225=EDGE_CURVE('NONE',#218,#226,#228,.F.);
#226=VERTEX_POINT('NONE',#227);
#227=CARTESIAN_POINT('',(1141.657124107,-143.032277726,2.25));
#228=LINE('',#229,#230);
#229=CARTESIAN_POINT('',(1141.657124107,-143.032277726,10.5));
#230=VECTOR('',#231,1.0);
#231=DIRECTION('',(0.0,0.0,-1.0));
#232=ORIENTED_EDGE('',*,*,#233,.T.);
#233=EDGE_CURVE('NONE',#226,#234,#236,.F.);
#234=VERTEX_POINT('NONE',#235);
#235=CARTESIAN_POINT('',(1141.307124107,-142.682277726,2.25));
#236=LINE('',#237,#238);
#237=CARTESIAN_POINT('',(1141.307124107,-142.682277726,2.25));
#238=VECTOR('',#239,1.0);
#239=DIRECTION('',(0.707106781,-0.707106781,5.731938006E-17));
#240=ORIENTED_EDGE('',*,*,#241,.T.);
#241=EDGE_CURVE('NONE',#234,#216,#242,.F.);
#242=LINE('',#243,#244);
#243=CARTESIAN_POINT('',(1141.307124107,-142.682277726,2.25));
#244=VECTOR('',#245,1.0);
#245=DIRECTION('',(0.0,0.0,1.0));
#246=PLANE('',#247);
#247=AXIS2_PLACEMENT_3D('',#248,#249,#250);
#248=CARTESIAN_POINT('',(1141.307124107,-142.682277726,0.0));
#249=DIRECTION('',(-0.707106781,-0.707106781,0.0));
#250=DIRECTION('',(-0.707106781,0.707106781,0.0));
#251=ADVANCED_FACE('NONE',(#252),#286,.T.);
#252=FACE_BOUND('NONE',#253,.T.);
#253=EDGE_LOOP('',(#254,#264,#272,#280));
#254=ORIENTED_EDGE('',*,*,#255,.T.);
#255=EDGE_CURVE('NONE',#256,#258,#260,.F.);
#256=VERTEX_POINT('NONE',#257);
#257=CARTESIAN_POINT('',(1134.207124107,-142.682277726,8.75));
#258=VERTEX_POINT('NONE',#259);
#259=CARTESIAN_POINT('',(1133.857124107,-143.032277726,8.75));
#260=LINE('',#261,#262);
#261=CARTESIAN_POINT('',(1134.207124107,-142.682277726,8.75));
#262=VECTOR('',#263,1.0);
#263=DIRECTION('',(0.707106781,0.707106781,1.146387601E-16));
#264=ORIENTED_EDGE('',*,*,#265,.T.);
#265=EDGE_CURVE('NONE',#258,#266,#268,.T.);
#266=VERTEX_POINT('NONE',#267);
#267=CARTESIAN_POINT('',(1133.857124107,-143.032277726,8.25));
#268=LINE('',#269,#270);
#269=CARTESIAN_POINT('',(1133.857124107,-143.032277726,10.5));
#270=VECTOR('',#271,1.0);
#271=DIRECTION('',(0.0,0.0,-1.0));
#272=ORIENTED_EDGE('',*,*,#273,.T.);
#273=EDGE_CURVE('NONE',#266,#274,#276,.F.);
#274=VERTEX_POINT('NONE',#275);
#275=CARTESIAN_POINT('',(1134.207124107,-142.682277726,8.25));
#276=LINE('',#277,#278);
#277=CARTESIAN_POINT('',(1134.207124107,-142.682277726,8.25));
#278=VECTOR('',#279,1.0);
#279=DIRECTION('',(-0.707106781,-0.707106781,-1.146387601E-16));
#280=ORIENTED_EDGE('',*,*,#281,.T.);
#281=EDGE_CURVE('NONE',#274,#256,#282,.F.);
#282=LINE('',#283,#284);
#283=CARTESIAN_POINT('',(1134.207124107,-142.682277726,8.25));
#284=VECTOR('',#285,1.0);
#285=DIRECTION('',(0.0,0.0,-1.0));
#286=PLANE('',#287);
#287=AXIS2_PLACEMENT_3D('',#288,#289,#290);
#288=CARTESIAN_POINT('',(1134.207124107,-142.682277726,0.0));
#289=DIRECTION('',(0.707106781,-0.707106781,0.0));
#290=DIRECTION('',(0.0,0.0,-1.0));
#291=ADVANCED_FACE('NONE',(#292),#326,.T.);
#292=FACE_BOUND('NONE',#293,.T.);
#293=EDGE_LOOP('',(#294,#304,#312,#320));
#294=ORIENTED_EDGE('',*,*,#295,.T.);
#295=EDGE_CURVE('NONE',#296,#298,#300,.F.);
#296=VERTEX_POINT('NONE',#297);
#297=CARTESIAN_POINT('',(1134.207124107,-142.682277726,2.25));
#298=VERTEX_POINT('NONE',#299);
#299=CARTESIAN_POINT('',(1133.857124107,-143.032277726,2.25));
#300=LINE('',#301,#302);
#301=CARTESIAN_POINT('',(1134.207124107,-142.682277726,2.25));
#302=VECTOR('',#303,1.0);
#303=DIRECTION('',(0.707106781,0.707106781,5.731938006E-17));
#304=ORIENTED_EDGE('',*,*,#305,.T.);
#305=EDGE_CURVE('NONE',#298,#306,#308,.T.);
#306=VERTEX_POINT('NONE',#307);
#307=CARTESIAN_POINT('',(1133.857124107,-143.032277726,1.75));
#308=LINE('',#309,#310);
#309=CARTESIAN_POINT('',(1133.857124107,-143.032277726,10.5));
#310=VECTOR('',#311,1.0);
#311=DIRECTION('',(0.0,0.0,-1.0));
#312=ORIENTED_EDGE('',*,*,#313,.T.);
#313=EDGE_CURVE('NONE',#306,#314,#316,.F.);
#314=VERTEX_POINT('NONE',#315);
#315=CARTESIAN_POINT('',(1134.207124107,-142.682277726,1.75));
#316=LINE('',#317,#318);
#317=CARTESIAN_POINT('',(1134.207124107,-142.682277726,1.75));
#318=VECTOR('',#319,1.0);
#319=DIRECTION('',(-0.707106781,-0.707106781,-5.731938006E-17));
#320=ORIENTED_EDGE('',*,*,#321,.T.);
#321=EDGE_CURVE('NONE',#314,#296,#322,.F.);
#322=LINE('',#323,#324);
#323=CARTESIAN_POINT('',(1134.207124107,-142.682277726,1.75));
#324=VECTOR('',#325,1.0);
#325=DIRECTION('',(0.0,0.0,-1.0));
#326=PLANE('',#327);
#327=AXIS2_PLACEMENT_3D('',#328,#329,#330);
#328=CARTESIAN_POINT('',(1134.207124107,-142.682277726,0.0));
#329=DIRECTION('',(0.707106781,-0.707106781,0.0));
#330=DIRECTION('',(0.0,0.0,-1.0));
#331=ADVANCED_FACE('NONE',(#332),#366,.T.);
#332=FACE_BOUND('NONE',#333,.T.);
#333=EDGE_LOOP('',(#334,#344,#352,#360));
#334=ORIENTED_EDGE('',*,*,#335,.T.);
#335=EDGE_CURVE('NONE',#336,#338,#340,.F.);
#336=VERTEX_POINT('NONE',#337);
#337=CARTESIAN_POINT('',(1138.707124107,-142.682277726,2.25));
#338=VERTEX_POINT('NONE',#339);
#339=CARTESIAN_POINT('',(1138.357124107,-143.032277726,2.25));
#340=LINE('',#341,#342);
#341=CARTESIAN_POINT('',(1138.707124107,-142.682277726,2.25));
#342=VECTOR('',#343,1.0);
#343=DIRECTION('',(0.707106781,0.707106781,5.731938006E-17));
#344=ORIENTED_EDGE('',*,*,#345,.T.);
#345=EDGE_CURVE('NONE',#338,#346,#348,.T.);
#346=VERTEX_POINT('NONE',#347);
#347=CARTESIAN_POINT('',(1138.357124107,-143.032277726,1.75));
#348=LINE('',#349,#350);
#349=CARTESIAN_POINT('',(1138.357124107,-143.032277726,10.5));
#350=VECTOR('',#351,1.0);
#351=DIRECTION('',(0.0,0.0,-1.0));
#352=ORIENTED_EDGE('',*,*,#353,.T.);
#353=EDGE_CURVE('NONE',#346,#354,#356,.F.);
#354=VERTEX_POINT('NONE',#355);
#355=CARTESIAN_POINT('',(1138.707124107,-142.682277726,1.75));
#356=LINE('',#357,#358);
#357=CARTESIAN_POINT('',(1138.707124107,-142.682277726,1.75));
#358=VECTOR('',#359,1.0);
#359=DIRECTION('',(-0.707106781,-0.707106781,-5.731938006E-17));
#360=ORIENTED_EDGE('',*,*,#361,.T.);
#361=EDGE_CURVE('NONE',#354,#336,#362,.F.);
#362=LINE('',#363,#364);
#363=CARTESIAN_POINT('',(1138.707124107,-142.682277726,1.75));
#364=VECTOR('',#365,1.0);
#365=DIRECTION('',(0.0,0.0,-1.0));
#366=PLANE('',#367);
#367=AXIS2_PLACEMENT_3D('',#368,#369,#370);
#368=CARTESIAN_POINT('',(1138.707124107,-142.682277726,0.0));
#369=DIRECTION('',(0.707106781,-0.707106781,0.0));
#370=DIRECTION('',(0.0,0.0,-1.0));
#371=ADVANCED_FACE('NONE',(#372),#406,.T.);
#372=FACE_BOUND('NONE',#373,.T.);
#373=EDGE_LOOP('',(#374,#384,#392,#400));
#374=ORIENTED_EDGE('',*,*,#375,.T.);
#375=EDGE_CURVE('NONE',#376,#378,#380,.F.);
#376=VERTEX_POINT('NONE',#377);
#377=CARTESIAN_POINT('',(1138.707124107,-142.682277726,8.75));
#378=VERTEX_POINT('NONE',#379);
#379=CARTESIAN_POINT('',(1138.357124107,-143.032277726,8.75));
#380=LINE('',#381,#382);
#381=CARTESIAN_POINT('',(1138.707124107,-142.682277726,8.75));
#382=VECTOR('',#383,1.0);
#383=DIRECTION('',(0.707106781,0.707106781,1.146387601E-16));
#384=ORIENTED_EDGE('',*,*,#385,.T.);
#385=EDGE_CURVE('NONE',#378,#386,#388,.T.);
#386=VERTEX_POINT('NONE',#387);
#387=CARTESIAN_POINT('',(1138.357124107,-143.032277726,8.25));
#388=LINE('',#389,#390);
#389=CARTESIAN_POINT('',(1138.357124107,-143.032277726,10.5));
#390=VECTOR('',#391,1.0);
#391=DIRECTION('',(0.0,0.0,-1.0));
#392=ORIENTED_EDGE('',*,*,#393,.T.);
#393=EDGE_CURVE('NONE',#386,#394,#396,.F.);
#394=VERTEX_POINT('NONE',#395);
#395=CARTESIAN_POINT('',(1138.707124107,-142.682277726,8.25));
#396=LINE('',#397,#398);
#397=CARTESIAN_POINT('',(1138.707124107,-142.682277726,8.25));
#398=VECTOR('',#399,1.0);
#399=DIRECTION('',(-0.707106781,-0.707106781,-1.146387601E-16));
#400=ORIENTED_EDGE('',*,*,#401,.T.);
#401=EDGE_CURVE('NONE',#394,#376,#402,.F.);
#402=LINE('',#403,#404);
#403=CARTESIAN_POINT('',(1138.707124107,-142.682277726,8.25));
#404=VECTOR('',#405,1.0);
#405=DIRECTION('',(0.0,0.0,-1.0));
#406=PLANE('',#407);
#407=AXIS2_PLACEMENT_3D('',#408,#409,#410);
#408=CARTESIAN_POINT('',(1138.707124107,-142.682277726,0.0));
#409=DIRECTION('',(0.707106781,-0.707106781,0.0));
#410=DIRECTION('',(0.0,0.0,-1.0));
#411=ADVANCED_FACE('NONE',(#412),#446,.T.);
#412=FACE_BOUND('NONE',#413,.T.);
#413=EDGE_LOOP('',(#414,#424,#432,#440));
#414=ORIENTED_EDGE('',*,*,#415,.T.);
#415=EDGE_CURVE('NONE',#416,#418,#420,.F.);
#416=VERTEX_POINT('NONE',#417);
#417=CARTESIAN_POINT('',(1143.207124107,-142.682277726,8.75));
#418=VERTEX_POINT('NONE',#419);
#419=CARTESIAN_POINT('',(1142.857124107,-143.032277726,8.75));
#420=LINE('',#421,#422);
#421=CARTESIAN_POINT('',(1143.207124107,-142.682277726,8.75));
#422=VECTOR('',#423,1.0);
#423=DIRECTION('',(0.707106781,0.707106781,1.146387601E-16));
#424=ORIENTED_EDGE('',*,*,#425,.T.);
#425=EDGE_CURVE('NONE',#418,#426,#428,.T.);
#426=VERTEX_POINT('NONE',#427);
#427=CARTESIAN_POINT('',(1142.857124107,-143.032277726,8.25));
#428=LINE('',#429,#430);
#429=CARTESIAN_POINT('',(1142.857124107,-143.032277726,10.5));
#430=VECTOR('',#431,1.0);
#431=DIRECTION('',(0.0,0.0,-1.0));
#432=ORIENTED_EDGE('',*,*,#433,.T.);
#433=EDGE_CURVE('NONE',#426,#434,#436,.F.);
#434=VERTEX_POINT('NONE',#435);
#435=CARTESIAN_POINT('',(1143.207124107,-142.682277726,8.25));
#436=LINE('',#437,#438);
#437=CARTESIAN_POINT('',(1143.207124107,-142.682277726,8.25));
#438=VECTOR('',#439,1.0);
#439=DIRECTION('',(-0.707106781,-0.707106781,-1.146387601E-16));
#440=ORIENTED_EDGE('',*,*,#441,.T.);
#441=EDGE_CURVE('NONE',#434,#416,#442,.F.);
#442=LINE('',#443,#444);
#443=CARTESIAN_POINT('',(1143.207124107,-142.682277726,8.25));
#444=VECTOR('',#445,1.0);
#445=DIRECTION('',(0.0,0.0,-1.0));
#446=PLANE('',#447);
#447=AXIS2_PLACEMENT_3D('',#448,#449,#450);
#448=CARTESIAN_POINT('',(1143.207124107,-142.682277726,0.0));
#449=DIRECTION('',(0.707106781,-0.707106781,0.0));
#450=DIRECTION('',(0.0,0.0,-1.0));
#451=ADVANCED_FACE('NONE',(#452),#486,.T.);
#452=FACE_BOUND('NONE',#453,.T.);
#453=EDGE_LOOP('',(#454,#464,#472,#480));
#454=ORIENTED_EDGE('',*,*,#455,.T.);
#455=EDGE_CURVE('NONE',#456,#458,#460,.F.);
#456=VERTEX_POINT('NONE',#457);
#457=CARTESIAN_POINT('',(1143.207124107,-142.682277726,2.25));
#458=VERTEX_POINT('NONE',#459);
#459=CARTESIAN_POINT('',(1142.857124107,-143.032277726,2.25));
#460=LINE('',#461,#462);
#461=CARTESIAN_POINT('',(1143.207124107,-142.682277726,2.25));
#462=VECTOR('',#463,1.0);
#463=DIRECTION('',(0.707106781,0.707106781,5.731938006E-17));
#464=ORIENTED_EDGE('',*,*,#465,.T.);
#465=EDGE_CURVE('NONE',#458,#466,#468,.T.);
#466=VERTEX_POINT('NONE',#467);
#467=CARTESIAN_POINT('',(1142.857124107,-143.032277726,1.75));
#468=LINE('',#469,#470);
#469=CARTESIAN_POINT('',(1142.857124107,-143.032277726,10.5));
#470=VECTOR('',#471,1.0);
#471=DIRECTION('',(0.0,0.0,-1.0));
#472=ORIENTED_EDGE('',*,*,#473,.T.);
#473=EDGE_CURVE('NONE',#466,#474,#476,.F.);
#474=VERTEX_POINT('NONE',#475);
#475=CARTESIAN_POINT('',(1143.207124107,-142.682277726,1.75));
#476=LINE('',#477,#478);
#477=CARTESIAN_POINT('',(1143.207124107,-142.682277726,1.75));
#478=VECTOR('',#479,1.0);
#479=DIRECTION('',(-0.707106781,-0.707106781,-5.731938006E-17));
#480=ORIENTED_EDGE('',*,*,#481,.T.);
#481=EDGE_CURVE('NONE',#474,#456,#482,.F.);
#482=LINE('',#483,#484);
#483=CARTESIAN_POINT('',(1143.207124107,-142.682277726,1.75));
#484=VECTOR('',#485,1.0);
#485=DIRECTION('',(0.0,0.0,-1.0));
#486=PLANE('',#487);
#487=AXIS2_PLACEMENT_3D('',#488,#489,#490);
#488=CARTESIAN_POINT('',(1143.207124107,-142.682277726,0.0));
#489=DIRECTION('',(0.707106781,-0.707106781,0.0));
#490=DIRECTION('',(0.0,0.0,-1.0));
#491=ADVANCED_FACE('NONE',(#492),#517,.T.);
#492=FACE_BOUND('NONE',#493,.T.);
#493=EDGE_LOOP('',(#494,#502,#503,#511));
#494=ORIENTED_EDGE('',*,*,#495,.T.);
#495=EDGE_CURVE('NONE',#496,#456,#498,.T.);
#496=VERTEX_POINT('NONE',#497);
#497=CARTESIAN_POINT('',(1143.207124107,-140.982277726,2.25));
#498=LINE('',#499,#500);
#499=CARTESIAN_POINT('',(1143.207124107,-140.982277726,2.25));
#500=VECTOR('',#501,1.0);
#501=DIRECTION('',(0.0,-1.0,9.637352644E-16));
#502=ORIENTED_EDGE('',*,*,#481,.F.);
#503=ORIENTED_EDGE('',*,*,#504,.T.);
#504=EDGE_CURVE('NONE',#474,#505,#507,.T.);
#505=VERTEX_POINT('NONE',#506);
#506=CARTESIAN_POINT('',(1143.207124107,-140.982277726,1.75));
#507=LINE('',#508,#509);
#508=CARTESIAN_POINT('',(1143.207124107,-142.782277726,1.75));
#509=VECTOR('',#510,1.0);
#510=DIRECTION('',(0.0,1.0,1.927470529E-15));
#511=ORIENTED_EDGE('',*,*,#512,.T.);
#512=EDGE_CURVE('NONE',#505,#496,#513,.T.);
#513=LINE('',#514,#515);
#514=CARTESIAN_POINT('',(1143.207124107,-140.982277726,1.75));
#515=VECTOR('',#516,1.0);
#516=DIRECTION('',(0.0,0.0,1.0));
#517=PLANE('',#518);
#518=AXIS2_PLACEMENT_3D('',#519,#520,#521);
#519=CARTESIAN_POINT('',(1143.207124107,0.0,0.0));
#520=DIRECTION('',(1.0,0.0,0.0));
#521=DIRECTION('',(0.0,1.0,0.0));
#522=ADVANCED_FACE('NONE',(#523),#548,.T.);
#523=FACE_BOUND('NONE',#524,.T.);
#524=EDGE_LOOP('',(#525,#533,#534,#542));
#525=ORIENTED_EDGE('',*,*,#526,.T.);
#526=EDGE_CURVE('NONE',#527,#416,#529,.T.);
#527=VERTEX_POINT('NONE',#528);
#528=CARTESIAN_POINT('',(1143.207124107,-140.982277726,8.75));
#529=LINE('',#530,#531);
#530=CARTESIAN_POINT('',(1143.207124107,-140.982277726,8.75));
#531=VECTOR('',#532,1.0);
#532=DIRECTION('',(0.0,-1.0,0.0));
#533=ORIENTED_EDGE('',*,*,#441,.F.);
#534=ORIENTED_EDGE('',*,*,#535,.T.);
#535=EDGE_CURVE('NONE',#434,#536,#538,.T.);
#536=VERTEX_POINT('NONE',#537);
#537=CARTESIAN_POINT('',(1143.207124107,-140.982277726,8.25));
#538=LINE('',#539,#540);
#539=CARTESIAN_POINT('',(1143.207124107,-142.782277726,8.25));
#540=VECTOR('',#541,1.0);
#541=DIRECTION('',(0.0,1.0,0.0));
#542=ORIENTED_EDGE('',*,*,#543,.T.);
#543=EDGE_CURVE('NONE',#536,#527,#544,.T.);
#544=LINE('',#545,#546);
#545=CARTESIAN_POINT('',(1143.207124107,-140.982277726,8.25));
#546=VECTOR('',#547,1.0);
#547=DIRECTION('',(0.0,0.0,1.0));
#548=PLANE('',#549);
#549=AXIS2_PLACEMENT_3D('',#550,#551,#552);
#550=CARTESIAN_POINT('',(1143.207124107,0.0,0.0));
#551=DIRECTION('',(1.0,0.0,0.0));
#552=DIRECTION('',(0.0,1.0,0.0));
#553=ADVANCED_FACE('NONE',(#554),#579,.T.);
#554=FACE_BOUND('NONE',#555,.T.);
#555=EDGE_LOOP('',(#556,#564,#565,#573));
#556=ORIENTED_EDGE('',*,*,#557,.T.);
#557=EDGE_CURVE('NONE',#558,#336,#560,.T.);
#558=VERTEX_POINT('NONE',#559);
#559=CARTESIAN_POINT('',(1138.707124107,-140.982277726,2.25));
#560=LINE('',#561,#562);
#561=CARTESIAN_POINT('',(1138.707124107,-140.982277726,2.25));
#562=VECTOR('',#563,1.0);
#563=DIRECTION('',(1.233581138E-13,-1.0,1.204669081E-15));
#564=ORIENTED_EDGE('',*,*,#361,.F.);
#565=ORIENTED_EDGE('',*,*,#566,.T.);
#566=EDGE_CURVE('NONE',#354,#567,#569,.T.);
#567=VERTEX_POINT('NONE',#568);
#568=CARTESIAN_POINT('',(1138.707124107,-140.982277726,1.75));
#569=LINE('',#570,#571);
#570=CARTESIAN_POINT('',(1138.707124107,-142.782277726,1.75));
#571=VECTOR('',#572,1.0);
#572=DIRECTION('',(-1.233581138E-13,1.0,1.927470529E-15));
#573=ORIENTED_EDGE('',*,*,#574,.T.);
#574=EDGE_CURVE('NONE',#567,#558,#575,.T.);
#575=LINE('',#576,#577);
#576=CARTESIAN_POINT('',(1138.707124107,-140.982277726,1.75));
#577=VECTOR('',#578,1.0);
#578=DIRECTION('',(0.0,0.0,1.0));
#579=PLANE('',#580);
#580=AXIS2_PLACEMENT_3D('',#581,#582,#583);
#581=CARTESIAN_POINT('',(1138.707124107,1.404687631E-10,0.0));
#582=DIRECTION('',(1.0,1.233581138E-13,0.0));
#583=DIRECTION('',(-1.233581138E-13,1.0,0.0));
#584=ADVANCED_FACE('NONE',(#585),#610,.T.);
#585=FACE_BOUND('NONE',#586,.T.);
#586=EDGE_LOOP('',(#587,#595,#596,#604));
#587=ORIENTED_EDGE('',*,*,#588,.T.);
#588=EDGE_CURVE('NONE',#589,#376,#591,.T.);
#589=VERTEX_POINT('NONE',#590);
#590=CARTESIAN_POINT('',(1138.707124107,-140.982277726,8.75));
#591=LINE('',#592,#593);
#592=CARTESIAN_POINT('',(1138.707124107,-140.982277726,8.75));
#593=VECTOR('',#594,1.0);
#594=DIRECTION('',(1.233581138E-13,-1.0,0.0));
#595=ORIENTED_EDGE('',*,*,#401,.F.);
#596=ORIENTED_EDGE('',*,*,#597,.T.);
#597=EDGE_CURVE('NONE',#394,#598,#600,.T.);
#598=VERTEX_POINT('NONE',#599);
#599=CARTESIAN_POINT('',(1138.707124107,-140.982277726,8.25));
#600=LINE('',#601,#602);
#601=CARTESIAN_POINT('',(1138.707124107,-142.782277726,8.25));
#602=VECTOR('',#603,1.0);
#603=DIRECTION('',(-1.233581138E-13,1.0,9.637352644E-16));
#604=ORIENTED_EDGE('',*,*,#605,.T.);
#605=EDGE_CURVE('NONE',#598,#589,#606,.T.);
#606=LINE('',#607,#608);
#607=CARTESIAN_POINT('',(1138.707124107,-140.982277726,8.25));
#608=VECTOR('',#609,1.0);
#609=DIRECTION('',(0.0,0.0,1.0));
#610=PLANE('',#611);
#611=AXIS2_PLACEMENT_3D('',#612,#613,#614);
#612=CARTESIAN_POINT('',(1138.707124107,1.404687631E-10,0.0));
#613=DIRECTION('',(1.0,1.233581138E-13,0.0));
#614=DIRECTION('',(-1.233581138E-13,1.0,0.0));
#615=ADVANCED_FACE('NONE',(#616),#641,.T.);
#616=FACE_BOUND('NONE',#617,.T.);
#617=EDGE_LOOP('',(#618,#626,#627,#635));
#618=ORIENTED_EDGE('',*,*,#619,.T.);
#619=EDGE_CURVE('NONE',#620,#296,#622,.T.);
#620=VERTEX_POINT('NONE',#621);
#621=CARTESIAN_POINT('',(1134.207124107,-140.982277726,2.25));
#622=LINE('',#623,#624);
#623=CARTESIAN_POINT('',(1134.207124107,-140.982277726,2.25));
#624=VECTOR('',#625,1.0);
#625=DIRECTION('',(0.0,-1.0,1.445602897E-15));
#626=ORIENTED_EDGE('',*,*,#321,.F.);
#627=ORIENTED_EDGE('',*,*,#628,.T.);
#628=EDGE_CURVE('NONE',#314,#629,#631,.T.);
#629=VERTEX_POINT('NONE',#630);
#630=CARTESIAN_POINT('',(1134.207124107,-140.982277726,1.75));
#631=LINE('',#632,#633);
#632=CARTESIAN_POINT('',(1134.207124107,-142.782277726,1.75));
#633=VECTOR('',#634,1.0);
#634=DIRECTION('',(0.0,1.0,1.927470529E-15));
#635=ORIENTED_EDGE('',*,*,#636,.T.);
#636=EDGE_CURVE('NONE',#629,#620,#637,.T.);
#637=LINE('',#638,#639);
#638=CARTESIAN_POINT('',(1134.207124107,-140.982277726,1.75));
#639=VECTOR('',#640,1.0);
#640=DIRECTION('',(0.0,0.0,1.0));
#641=PLANE('',#642);
#642=AXIS2_PLACEMENT_3D('',#643,#644,#645);
#643=CARTESIAN_POINT('',(1134.207124107,0.0,0.0));
#644=DIRECTION('',(1.0,0.0,0.0));
#645=DIRECTION('',(0.0,1.0,0.0));
#646=ADVANCED_FACE('NONE',(#647),#672,.T.);
#647=FACE_BOUND('NONE',#648,.T.);
#648=EDGE_LOOP('',(#649,#657,#658,#666));
#649=ORIENTED_EDGE('',*,*,#650,.T.);
#650=EDGE_CURVE('NONE',#651,#256,#653,.T.);
#651=VERTEX_POINT('NONE',#652);
#652=CARTESIAN_POINT('',(1134.207124107,-140.982277726,8.75));
#653=LINE('',#654,#655);
#654=CARTESIAN_POINT('',(1134.207124107,-140.982277726,8.75));
#655=VECTOR('',#656,1.0);
#656=DIRECTION('',(0.0,-1.0,0.0));
#657=ORIENTED_EDGE('',*,*,#281,.F.);
#658=ORIENTED_EDGE('',*,*,#659,.T.);
#659=EDGE_CURVE('NONE',#274,#660,#662,.T.);
#660=VERTEX_POINT('NONE',#661);
#661=CARTESIAN_POINT('',(1134.207124107,-140.982277726,8.25));
#662=LINE('',#663,#664);
#663=CARTESIAN_POINT('',(1134.207124107,-142.782277726,8.25));
#664=VECTOR('',#665,1.0);
#665=DIRECTION('',(0.0,1.0,0.0));
#666=ORIENTED_EDGE('',*,*,#667,.T.);
#667=EDGE_CURVE('NONE',#660,#651,#668,.T.);
#668=LINE('',#669,#670);
#669=CARTESIAN_POINT('',(1134.207124107,-140.982277726,8.25));
#670=VECTOR('',#671,1.0);
#671=DIRECTION('',(0.0,0.0,1.0));
#672=PLANE('',#673);
#673=AXIS2_PLACEMENT_3D('',#674,#675,#676);
#674=CARTESIAN_POINT('',(1134.207124107,0.0,0.0));
#675=DIRECTION('',(1.0,0.0,0.0));
#676=DIRECTION('',(0.0,1.0,0.0));
#677=ADVANCED_FACE('NONE',(#678),#703,.T.);
#678=FACE_BOUND('NONE',#679,.T.);
#679=EDGE_LOOP('',(#680,#688,#689,#697));
#680=ORIENTED_EDGE('',*,*,#681,.T.);
#681=EDGE_CURVE('NONE',#682,#216,#684,.T.);
#682=VERTEX_POINT('NONE',#683);
#683=CARTESIAN_POINT('',(1141.307124107,-140.982277726,1.75));
#684=LINE('',#685,#686);
#685=CARTESIAN_POINT('',(1141.307124107,-140.982277726,1.75));
#686=VECTOR('',#687,1.0);
#687=DIRECTION('',(0.0,-1.0,-8.432683564E-16));
#688=ORIENTED_EDGE('',*,*,#241,.F.);
#689=ORIENTED_EDGE('',*,*,#690,.T.);
#690=EDGE_CURVE('NONE',#234,#691,#693,.T.);
#691=VERTEX_POINT('NONE',#692);
#692=CARTESIAN_POINT('',(1141.307124107,-140.982277726,2.25));
#693=LINE('',#694,#695);
#694=CARTESIAN_POINT('',(1141.307124107,-142.782277726,2.25));
#695=VECTOR('',#696,1.0);
#696=DIRECTION('',(0.0,1.0,9.637352644E-16));
#697=ORIENTED_EDGE('',*,*,#698,.T.);
#698=EDGE_CURVE('NONE',#691,#682,#699,.T.);
#699=LINE('',#700,#701);
#700=CARTESIAN_POINT('',(1141.307124107,-140.982277726,2.25));
#701=VECTOR('',#702,1.0);
#702=DIRECTION('',(0.0,0.0,-1.0));
#703=PLANE('',#704);
#704=AXIS2_PLACEMENT_3D('',#705,#706,#707);
#705=CARTESIAN_POINT('',(1141.307124107,0.0,0.0));
#706=DIRECTION('',(-1.0,0.0,0.0));
#707=DIRECTION('',(0.0,0.0,1.0));
#708=ADVANCED_FACE('NONE',(#709),#734,.T.);
#709=FACE_BOUND('NONE',#710,.T.);
#710=EDGE_LOOP('',(#711,#719,#720,#728));
#711=ORIENTED_EDGE('',*,*,#712,.T.);
#712=EDGE_CURVE('NONE',#713,#136,#715,.T.);
#713=VERTEX_POINT('NONE',#714);
#714=CARTESIAN_POINT('',(1141.307124107,-140.982277726,8.25));
#715=LINE('',#716,#717);
#716=CARTESIAN_POINT('',(1141.307124107,-140.982277726,8.25));
#717=VECTOR('',#718,1.0);
#718=DIRECTION('',(0.0,-1.0,0.0));
#719=ORIENTED_EDGE('',*,*,#161,.F.);
#720=ORIENTED_EDGE('',*,*,#721,.T.);
#721=EDGE_CURVE('NONE',#154,#722,#724,.T.);
#722=VERTEX_POINT('NONE',#723);
#723=CARTESIAN_POINT('',(1141.307124107,-140.982277726,8.75));
#724=LINE('',#725,#726);
#725=CARTESIAN_POINT('',(1141.307124107,-142.782277726,8.75));
#726=VECTOR('',#727,1.0);
#727=DIRECTION('',(0.0,1.0,0.0));
#728=ORIENTED_EDGE('',*,*,#729,.T.);
#729=EDGE_CURVE('NONE',#722,#713,#730,.T.);
#730=LINE('',#731,#732);
#731=CARTESIAN_POINT('',(1141.307124107,-140.982277726,8.75));
#732=VECTOR('',#733,1.0);
#733=DIRECTION('',(0.0,0.0,-1.0));
#734=PLANE('',#735);
#735=AXIS2_PLACEMENT_3D('',#736,#737,#738);
#736=CARTESIAN_POINT('',(1141.307124107,0.0,0.0));
#737=DIRECTION('',(-1.0,0.0,0.0));
#738=DIRECTION('',(0.0,0.0,1.0));
#739=ADVANCED_FACE('NONE',(#740),#765,.T.);
#740=FACE_BOUND('NONE',#741,.T.);
#741=EDGE_LOOP('',(#742,#750,#751,#759));
#742=ORIENTED_EDGE('',*,*,#743,.T.);
#743=EDGE_CURVE('NONE',#744,#176,#746,.T.);
#744=VERTEX_POINT('NONE',#745);
#745=CARTESIAN_POINT('',(1136.807124107,-140.982277726,1.75));
#746=LINE('',#747,#748);
#747=CARTESIAN_POINT('',(1136.807124107,-140.982277726,1.75));
#748=VECTOR('',#749,1.0);
#749=DIRECTION('',(0.0,-1.0,-7.228014483E-16));
#750=ORIENTED_EDGE('',*,*,#201,.F.);
#751=ORIENTED_EDGE('',*,*,#752,.T.);
#752=EDGE_CURVE('NONE',#194,#753,#755,.T.);
#753=VERTEX_POINT('NONE',#754);
#754=CARTESIAN_POINT('',(1136.807124107,-140.982277726,2.25));
#755=LINE('',#756,#757);
#756=CARTESIAN_POINT('',(1136.807124107,-142.782277726,2.25));
#757=VECTOR('',#758,1.0);
#758=DIRECTION('',(0.0,1.0,7.228014483E-16));
#759=ORIENTED_EDGE('',*,*,#760,.T.);
#760=EDGE_CURVE('NONE',#753,#744,#761,.T.);
#761=LINE('',#762,#763);
#762=CARTESIAN_POINT('',(1136.807124107,-140.982277726,2.25));
#763=VECTOR('',#764,1.0);
#764=DIRECTION('',(0.0,0.0,-1.0));
#765=PLANE('',#766);
#766=AXIS2_PLACEMENT_3D('',#767,#768,#769);
#767=CARTESIAN_POINT('',(1136.807124107,0.0,0.0));
#768=DIRECTION('',(-1.0,0.0,0.0));
#769=DIRECTION('',(0.0,0.0,1.0));
#770=ADVANCED_FACE('NONE',(#771),#796,.T.);
#771=FACE_BOUND('NONE',#772,.T.);
#772=EDGE_LOOP('',(#773,#781,#782,#790));
#773=ORIENTED_EDGE('',*,*,#774,.T.);
#774=EDGE_CURVE('NONE',#775,#96,#777,.T.);
#775=VERTEX_POINT('NONE',#776);
#776=CARTESIAN_POINT('',(1136.807124107,-140.982277726,8.25));
#777=LINE('',#778,#779);
#778=CARTESIAN_POINT('',(1136.807124107,-140.982277726,8.25));
#779=VECTOR('',#780,1.0);
#780=DIRECTION('',(0.0,-1.0,0.0));
#781=ORIENTED_EDGE('',*,*,#121,.F.);
#782=ORIENTED_EDGE('',*,*,#783,.T.);
#783=EDGE_CURVE('NONE',#114,#784,#786,.T.);
#784=VERTEX_POINT('NONE',#785);
#785=CARTESIAN_POINT('',(1136.807124107,-140.982277726,8.75));
#786=LINE('',#787,#788);
#787=CARTESIAN_POINT('',(1136.807124107,-142.782277726,8.75));
#788=VECTOR('',#789,1.0);
#789=DIRECTION('',(0.0,1.0,0.0));
#790=ORIENTED_EDGE('',*,*,#791,.T.);
#791=EDGE_CURVE('NONE',#784,#775,#792,.T.);
#792=LINE('',#793,#794);
#793=CARTESIAN_POINT('',(1136.807124107,-140.982277726,8.75));
#794=VECTOR('',#795,1.0);
#795=DIRECTION('',(0.0,0.0,-1.0));
#796=PLANE('',#797);
#797=AXIS2_PLACEMENT_3D('',#798,#799,#800);
#798=CARTESIAN_POINT('',(1136.807124107,0.0,0.0));
#799=DIRECTION('',(-1.0,0.0,0.0));
#800=DIRECTION('',(0.0,0.0,1.0));
#801=ADVANCED_FACE('NONE',(#802),#827,.T.);
#802=FACE_BOUND('NONE',#803,.T.);
#803=EDGE_LOOP('',(#804,#812,#813,#821));
#804=ORIENTED_EDGE('',*,*,#805,.T.);
#805=EDGE_CURVE('NONE',#806,#56,#808,.T.);
#806=VERTEX_POINT('NONE',#807);
#807=CARTESIAN_POINT('',(1132.307124107,-140.982277726,1.75));
#808=LINE('',#809,#810);
#809=CARTESIAN_POINT('',(1132.307124107,-140.982277726,1.75));
#810=VECTOR('',#811,1.0);
#811=DIRECTION('',(0.0,-1.0,-2.409338161E-16));
#812=ORIENTED_EDGE('',*,*,#81,.F.);
#813=ORIENTED_EDGE('',*,*,#814,.T.);
#814=EDGE_CURVE('NONE',#74,#815,#817,.T.);
#815=VERTEX_POINT('NONE',#816);
#816=CARTESIAN_POINT('',(1132.307124107,-140.982277726,2.25));
#817=LINE('',#818,#819);
#818=CARTESIAN_POINT('',(1132.307124107,-142.782277726,2.25));
#819=VECTOR('',#820,1.0);
#820=DIRECTION('',(0.0,1.0,0.0));
#821=ORIENTED_EDGE('',*,*,#822,.T.);
#822=EDGE_CURVE('NONE',#815,#806,#823,.T.);
#823=LINE('',#824,#825);
#824=CARTESIAN_POINT('',(1132.307124107,-140.982277726,2.25));
#825=VECTOR('',#826,1.0);
#826=DIRECTION('',(0.0,0.0,-1.0));
#827=PLANE('',#828);
#828=AXIS2_PLACEMENT_3D('',#829,#830,#831);
#829=CARTESIAN_POINT('',(1132.307124107,0.0,0.0));
#830=DIRECTION('',(-1.0,0.0,0.0));
#831=DIRECTION('',(0.0,0.0,1.0));
#832=ADVANCED_FACE('NONE',(#833),#858,.T.);
#833=FACE_BOUND('NONE',#834,.T.);
#834=EDGE_LOOP('',(#835,#843,#844,#852));
#835=ORIENTED_EDGE('',*,*,#836,.T.);
#836=EDGE_CURVE('NONE',#837,#16,#839,.T.);
#837=VERTEX_POINT('NONE',#838);
#838=CARTESIAN_POINT('',(1132.307124107,-140.982277726,8.25));
#839=LINE('',#840,#841);
#840=CARTESIAN_POINT('',(1132.307124107,-140.982277726,8.25));
#841=VECTOR('',#842,1.0);
#842=DIRECTION('',(0.0,-1.0,0.0));
#843=ORIENTED_EDGE('',*,*,#41,.F.);
#844=ORIENTED_EDGE('',*,*,#845,.T.);
#845=EDGE_CURVE('NONE',#34,#846,#848,.T.);
#846=VERTEX_POINT('NONE',#847);
#847=CARTESIAN_POINT('',(1132.307124107,-140.982277726,8.75));
#848=LINE('',#849,#850);
#849=CARTESIAN_POINT('',(1132.307124107,-142.782277726,8.75));
#850=VECTOR('',#851,1.0);
#851=DIRECTION('',(0.0,1.0,0.0));
#852=ORIENTED_EDGE('',*,*,#853,.T.);
#853=EDGE_CURVE('NONE',#846,#837,#854,.T.);
#854=LINE('',#855,#856);
#855=CARTESIAN_POINT('',(1132.307124107,-140.982277726,8.75));
#856=VECTOR('',#857,1.0);
#857=DIRECTION('',(0.0,0.0,-1.0));
#858=PLANE('',#859);
#859=AXIS2_PLACEMENT_3D('',#860,#861,#862);
#860=CARTESIAN_POINT('',(1132.307124107,0.0,0.0));
#861=DIRECTION('',(-1.0,0.0,0.0));
#862=DIRECTION('',(0.0,0.0,1.0));
#863=ADVANCED_FACE('NONE',(#864),#900,.T.);
#864=FACE_BOUND('NONE',#865,.T.);
#865=EDGE_LOOP('',(#866,#876,#885,#893));
#866=ORIENTED_EDGE('',*,*,#867,.T.);
#867=EDGE_CURVE('NONE',#868,#870,#872,.T.);
#868=VERTEX_POINT('NONE',#869);
#869=CARTESIAN_POINT('',(1133.857124107,-146.682277726,1.75));
#870=VERTEX_POINT('NONE',#871);
#871=CARTESIAN_POINT('',(1133.857124107,-146.682277726,2.25));
#872=LINE('',#873,#874);
#873=CARTESIAN_POINT('',(1133.857124107,-146.682277726,-1.25));
#874=VECTOR('',#875,1.0);
#875=DIRECTION('',(0.0,0.0,1.0));
#876=ORIENTED_EDGE('',*,*,#877,.T.);
#877=EDGE_CURVE('NONE',#870,#878,#880,.F.);
#878=VERTEX_POINT('NONE',#879);
#879=CARTESIAN_POINT('',(1132.657124107,-146.682277726,2.25));
#880=CIRCLE('',#881,0.6);
#881=AXIS2_PLACEMENT_3D('',#882,#883,#884);
#882=CARTESIAN_POINT('',(1133.257124107,-146.682277726,2.25));
#883=DIRECTION('',(0.0,0.0,1.0));
#884=DIRECTION('',(-1.0,0.0,0.0));
#885=ORIENTED_EDGE('',*,*,#886,.T.);
#886=EDGE_CURVE('NONE',#878,#887,#889,.F.);
#887=VERTEX_POINT('NONE',#888);
#888=CARTESIAN_POINT('',(1132.657124107,-146.682277726,1.75));
#889=LINE('',#890,#891);
#890=CARTESIAN_POINT('',(1132.657124107,-146.682277726,-1.25));
#891=VECTOR('',#892,1.0);
#892=DIRECTION('',(0.0,0.0,1.0));
#893=ORIENTED_EDGE('',*,*,#894,.T.);
#894=EDGE_CURVE('NONE',#887,#868,#895,.F.);
#895=CIRCLE('',#896,0.6);
#896=AXIS2_PLACEMENT_3D('',#897,#898,#899);
#897=CARTESIAN_POINT('',(1133.257124107,-146.682277726,1.75));
#898=DIRECTION('',(0.0,0.0,-1.0));
#899=DIRECTION('',(1.0,0.0,0.0));
#900=CYLINDRICAL_SURFACE('',#901,0.6);
#901=AXIS2_PLACEMENT_3D('',#902,#903,#904);
#902=CARTESIAN_POINT('',(1133.257124107,-146.682277726,-1.25));
#903=DIRECTION('',(0.0,0.0,1.0));
#904=DIRECTION('',(1.0,0.0,0.0));
#905=ADVANCED_FACE('NONE',(#906),#942,.T.);
#906=FACE_BOUND('NONE',#907,.T.);
#907=EDGE_LOOP('',(#908,#918,#927,#935));
#908=ORIENTED_EDGE('',*,*,#909,.T.);
#909=EDGE_CURVE('NONE',#910,#912,#914,.T.);
#910=VERTEX_POINT('NONE',#911);
#911=CARTESIAN_POINT('',(1133.857124107,-146.682277726,8.25));
#912=VERTEX_POINT('NONE',#913);
#913=CARTESIAN_POINT('',(1133.857124107,-146.682277726,8.75));
#914=LINE('',#915,#916);
#915=CARTESIAN_POINT('',(1133.857124107,-146.682277726,-1.25));
#916=VECTOR('',#917,1.0);
#917=DIRECTION('',(0.0,0.0,1.0));
#918=ORIENTED_EDGE('',*,*,#919,.T.);
#919=EDGE_CURVE('NONE',#912,#920,#922,.T.);
#920=VERTEX_POINT('NONE',#921);
#921=CARTESIAN_POINT('',(1132.657124107,-146.682277726,8.75));
#922=CIRCLE('',#923,0.6);
#923=AXIS2_PLACEMENT_3D('',#924,#925,#926);
#924=CARTESIAN_POINT('',(1133.257124107,-146.682277726,8.75));
#925=DIRECTION('',(0.0,0.0,-1.0));
#926=DIRECTION('',(1.0,0.0,0.0));
#927=ORIENTED_EDGE('',*,*,#928,.T.);
#928=EDGE_CURVE('NONE',#920,#929,#931,.F.);
#929=VERTEX_POINT('NONE',#930);
#930=CARTESIAN_POINT('',(1132.657124107,-146.682277726,8.25));
#931=LINE('',#932,#933);
#932=CARTESIAN_POINT('',(1132.657124107,-146.682277726,-1.25));
#933=VECTOR('',#934,1.0);
#934=DIRECTION('',(0.0,0.0,1.0));
#935=ORIENTED_EDGE('',*,*,#936,.T.);
#936=EDGE_CURVE('NONE',#929,#910,#937,.F.);
#937=CIRCLE('',#938,0.6);
#938=AXIS2_PLACEMENT_3D('',#939,#940,#941);
#939=CARTESIAN_POINT('',(1133.257124107,-146.682277726,8.25));
#940=DIRECTION('',(0.0,0.0,-1.0));
#941=DIRECTION('',(1.0,0.0,0.0));
#942=CYLINDRICAL_SURFACE('',#943,0.6);
#943=AXIS2_PLACEMENT_3D('',#944,#945,#946);
#944=CARTESIAN_POINT('',(1133.257124107,-146.682277726,-1.25));
#945=DIRECTION('',(0.0,0.0,1.0));
#946=DIRECTION('',(1.0,0.0,0.0));
#947=ADVANCED_FACE('NONE',(#948),#984,.T.);
#948=FACE_BOUND('NONE',#949,.T.);
#949=EDGE_LOOP('',(#950,#960,#969,#977));
#950=ORIENTED_EDGE('',*,*,#951,.T.);
#951=EDGE_CURVE('NONE',#952,#954,#956,.T.);
#952=VERTEX_POINT('NONE',#953);
#953=CARTESIAN_POINT('',(1138.357124107,-146.682277726,1.75));
#954=VERTEX_POINT('NONE',#955);
#955=CARTESIAN_POINT('',(1138.357124107,-146.682277726,2.25));
#956=LINE('',#957,#958);
#957=CARTESIAN_POINT('',(1138.357124107,-146.682277726,-1.25));
#958=VECTOR('',#959,1.0);
#959=DIRECTION('',(0.0,0.0,1.0));
#960=ORIENTED_EDGE('',*,*,#961,.T.);
#961=EDGE_CURVE('NONE',#954,#962,#964,.F.);
#962=VERTEX_POINT('NONE',#963);
#963=CARTESIAN_POINT('',(1137.157124107,-146.682277726,2.25));
#964=CIRCLE('',#965,0.6);
#965=AXIS2_PLACEMENT_3D('',#966,#967,#968);
#966=CARTESIAN_POINT('',(1137.757124107,-146.682277726,2.25));
#967=DIRECTION('',(0.0,0.0,1.0));
#968=DIRECTION('',(-1.0,0.0,0.0));
#969=ORIENTED_EDGE('',*,*,#970,.T.);
#970=EDGE_CURVE('NONE',#962,#971,#973,.F.);
#971=VERTEX_POINT('NONE',#972);
#972=CARTESIAN_POINT('',(1137.157124107,-146.682277726,1.75));
#973=LINE('',#974,#975);
#974=CARTESIAN_POINT('',(1137.157124107,-146.682277726,-1.25));
#975=VECTOR('',#976,1.0);
#976=DIRECTION('',(0.0,0.0,1.0));
#977=ORIENTED_EDGE('',*,*,#978,.T.);
#978=EDGE_CURVE('NONE',#971,#952,#979,.F.);
#979=CIRCLE('',#980,0.6);
#980=AXIS2_PLACEMENT_3D('',#981,#982,#983);
#981=CARTESIAN_POINT('',(1137.757124107,-146.682277726,1.75));
#982=DIRECTION('',(0.0,0.0,-1.0));
#983=DIRECTION('',(1.0,0.0,0.0));
#984=CYLINDRICAL_SURFACE('',#985,0.6);
#985=AXIS2_PLACEMENT_3D('',#986,#987,#988);
#986=CARTESIAN_POINT('',(1137.757124107,-146.682277726,-1.25));
#987=DIRECTION('',(0.0,0.0,1.0));
#988=DIRECTION('',(1.0,0.0,0.0));
#989=ADVANCED_FACE('NONE',(#990),#1026,.T.);
#990=FACE_BOUND('NONE',#991,.T.);
#991=EDGE_LOOP('',(#992,#1002,#1011,#1019));
#992=ORIENTED_EDGE('',*,*,#993,.T.);
#993=EDGE_CURVE('NONE',#994,#996,#998,.T.);
#994=VERTEX_POINT('NONE',#995);
#995=CARTESIAN_POINT('',(1138.357124107,-146.682277726,8.25));
#996=VERTEX_POINT('NONE',#997);
#997=CARTESIAN_POINT('',(1138.357124107,-146.682277726,8.75));
#998=LINE('',#999,#1000);
#999=CARTESIAN_POINT('',(1138.357124107,-146.682277726,-1.25));
#1000=VECTOR('',#1001,1.0);
#1001=DIRECTION('',(0.0,0.0,1.0));
#1002=ORIENTED_EDGE('',*,*,#1003,.T.);
#1003=EDGE_CURVE('NONE',#996,#1004,#1006,.T.);
#1004=VERTEX_POINT('NONE',#1005);
#1005=CARTESIAN_POINT('',(1137.157124107,-146.682277726,8.75));
#1006=CIRCLE('',#1007,0.6);
#1007=AXIS2_PLACEMENT_3D('',#1008,#1009,#1010);
#1008=CARTESIAN_POINT('',(1137.757124107,-146.682277726,8.75));
#1009=DIRECTION('',(0.0,0.0,-1.0));
#1010=DIRECTION('',(1.0,0.0,0.0));
#1011=ORIENTED_EDGE('',*,*,#1012,.T.);
#1012=EDGE_CURVE('NONE',#1004,#1013,#1015,.F.);
#1013=VERTEX_POINT('NONE',#1014);
#1014=CARTESIAN_POINT('',(1137.157124107,-146.682277726,8.25));
#1015=LINE('',#1016,#1017);
#1016=CARTESIAN_POINT('',(1137.157124107,-146.682277726,-1.25));
#1017=VECTOR('',#1018,1.0);
#1018=DIRECTION('',(0.0,0.0,1.0));
#1019=ORIENTED_EDGE('',*,*,#1020,.T.);
#1020=EDGE_CURVE('NONE',#1013,#994,#1021,.F.);
#1021=CIRCLE('',#1022,0.6);
#1022=AXIS2_PLACEMENT_3D('',#1023,#1024,#1025);
#1023=CARTESIAN_POINT('',(1137.757124107,-146.682277726,8.25));
#1024=DIRECTION('',(0.0,0.0,-1.0));
#1025=DIRECTION('',(1.0,0.0,0.0));
#1026=CYLINDRICAL_SURFACE('',#1027,0.6);
#1027=AXIS2_PLACEMENT_3D('',#1028,#1029,#1030);
#1028=CARTESIAN_POINT('',(1137.757124107,-146.682277726,-1.25));
#1029=DIRECTION('',(0.0,0.0,1.0));
#1030=DIRECTION('',(1.0,0.0,0.0));
#1031=ADVANCED_FACE('NONE',(#1032),#1068,.T.);
#1032=FACE_BOUND('NONE',#1033,.T.);
#1033=EDGE_LOOP('',(#1034,#1044,#1053,#1061));
#1034=ORIENTED_EDGE('',*,*,#1035,.T.);
#1035=EDGE_CURVE('NONE',#1036,#1038,#1040,.T.);
#1036=VERTEX_POINT('NONE',#1037);
#1037=CARTESIAN_POINT('',(1142.857124107,-146.682277726,1.75));
#1038=VERTEX_POINT('NONE',#1039);
#1039=CARTESIAN_POINT('',(1142.857124107,-146.682277726,2.25));
#1040=LINE('',#1041,#1042);
#1041=CARTESIAN_POINT('',(1142.857124107,-146.682277726,-1.25));
#1042=VECTOR('',#1043,1.0);
#1043=DIRECTION('',(0.0,0.0,1.0));
#1044=ORIENTED_EDGE('',*,*,#1045,.T.);
#1045=EDGE_CURVE('NONE',#1038,#1046,#1048,.F.);
#1046=VERTEX_POINT('NONE',#1047);
#1047=CARTESIAN_POINT('',(1141.657124107,-146.682277726,2.25));
#1048=CIRCLE('',#1049,0.6);
#1049=AXIS2_PLACEMENT_3D('',#1050,#1051,#1052);
#1050=CARTESIAN_POINT('',(1142.257124107,-146.682277726,2.25));
#1051=DIRECTION('',(0.0,0.0,1.0));
#1052=DIRECTION('',(-1.0,0.0,0.0));
#1053=ORIENTED_EDGE('',*,*,#1054,.T.);
#1054=EDGE_CURVE('NONE',#1046,#1055,#1057,.F.);
#1055=VERTEX_POINT('NONE',#1056);
#1056=CARTESIAN_POINT('',(1141.657124107,-146.682277726,1.75));
#1057=LINE('',#1058,#1059);
#1058=CARTESIAN_POINT('',(1141.657124107,-146.682277726,-1.25));
#1059=VECTOR('',#1060,1.0);
#1060=DIRECTION('',(0.0,0.0,1.0));
#1061=ORIENTED_EDGE('',*,*,#1062,.T.);
#1062=EDGE_CURVE('NONE',#1055,#1036,#1063,.F.);
#1063=CIRCLE('',#1064,0.6);
#1064=AXIS2_PLACEMENT_3D('',#1065,#1066,#1067);
#1065=CARTESIAN_POINT('',(1142.257124107,-146.682277726,1.75));
#1066=DIRECTION('',(0.0,0.0,-1.0));
#1067=DIRECTION('',(1.0,0.0,0.0));
#1068=CYLINDRICAL_SURFACE('',#1069,0.6);
#1069=AXIS2_PLACEMENT_3D('',#1070,#1071,#1072);
#1070=CARTESIAN_POINT('',(1142.257124107,-146.682277726,-1.25));
#1071=DIRECTION('',(0.0,0.0,1.0));
#1072=DIRECTION('',(1.0,0.0,0.0));
#1073=ADVANCED_FACE('NONE',(#1074),#1110,.T.);
#1074=FACE_BOUND('NONE',#1075,.T.);
#1075=EDGE_LOOP('',(#1076,#1086,#1095,#1103));
#1076=ORIENTED_EDGE('',*,*,#1077,.T.);
#1077=EDGE_CURVE('NONE',#1078,#1080,#1082,.T.);
#1078=VERTEX_POINT('NONE',#1079);
#1079=CARTESIAN_POINT('',(1142.857124107,-146.682277726,8.25));
#1080=VERTEX_POINT('NONE',#1081);
#1081=CARTESIAN_POINT('',(1142.857124107,-146.682277726,8.75));
#1082=LINE('',#1083,#1084);
#1083=CARTESIAN_POINT('',(1142.857124107,-146.682277726,-1.25));
#1084=VECTOR('',#1085,1.0);
#1085=DIRECTION('',(0.0,0.0,1.0));
#1086=ORIENTED_EDGE('',*,*,#1087,.T.);
#1087=EDGE_CURVE('NONE',#1080,#1088,#1090,.T.);
#1088=VERTEX_POINT('NONE',#1089);
#1089=CARTESIAN_POINT('',(1141.657124107,-146.682277726,8.75));
#1090=CIRCLE('',#1091,0.6);
#1091=AXIS2_PLACEMENT_3D('',#1092,#1093,#1094);
#1092=CARTESIAN_POINT('',(1142.257124107,-146.682277726,8.75));
#1093=DIRECTION('',(0.0,0.0,-1.0));
#1094=DIRECTION('',(1.0,0.0,0.0));
#1095=ORIENTED_EDGE('',*,*,#1096,.T.);
#1096=EDGE_CURVE('NONE',#1088,#1097,#1099,.F.);
#1097=VERTEX_POINT('NONE',#1098);
#1098=CARTESIAN_POINT('',(1141.657124107,-146.682277726,8.25));
#1099=LINE('',#1100,#1101);
#1100=CARTESIAN_POINT('',(1141.657124107,-146.682277726,-1.25));
#1101=VECTOR('',#1102,1.0);
#1102=DIRECTION('',(0.0,0.0,1.0));
#1103=ORIENTED_EDGE('',*,*,#1104,.T.);
#1104=EDGE_CURVE('NONE',#1097,#1078,#1105,.F.);
#1105=CIRCLE('',#1106,0.6);
#1106=AXIS2_PLACEMENT_3D('',#1107,#1108,#1109);
#1107=CARTESIAN_POINT('',(1142.257124107,-146.682277726,8.25));
#1108=DIRECTION('',(0.0,0.0,-1.0));
#1109=DIRECTION('',(1.0,0.0,0.0));
#1110=CYLINDRICAL_SURFACE('',#1111,0.6);
#1111=AXIS2_PLACEMENT_3D('',#1112,#1113,#1114);
#1112=CARTESIAN_POINT('',(1142.257124107,-146.682277726,-1.25));
#1113=DIRECTION('',(0.0,0.0,1.0));
#1114=DIRECTION('',(1.0,0.0,0.0));
#1115=ADVANCED_FACE('NONE',(#1116),#1150,.F.);
#1116=FACE_BOUND('NONE',#1117,.T.);
#1117=EDGE_LOOP('',(#1118,#1128,#1136,#1144));
#1118=ORIENTED_EDGE('',*,*,#1119,.T.);
#1119=EDGE_CURVE('NONE',#1120,#1122,#1124,.T.);
#1120=VERTEX_POINT('NONE',#1121);
#1121=CARTESIAN_POINT('',(1133.757124107,-127.598963262,3.65));
#1122=VERTEX_POINT('NONE',#1123);
#1123=CARTESIAN_POINT('',(1133.307124107,-128.048963262,3.65));
#1124=LINE('',#1125,#1126);
#1125=CARTESIAN_POINT('',(1138.740466875,-122.615620494,3.65));
#1126=VECTOR('',#1127,1.0);
#1127=DIRECTION('',(-0.707106781,-0.707106781,0.0));
#1128=ORIENTED_EDGE('',*,*,#1129,.T.);
#1129=EDGE_CURVE('NONE',#1122,#1130,#1132,.T.);
#1130=VERTEX_POINT('NONE',#1131);
#1131=CARTESIAN_POINT('',(1133.307124107,-128.048963262,6.85));
#1132=LINE('',#1133,#1134);
#1133=CARTESIAN_POINT('',(1133.307124107,-128.048963262,0.0));
#1134=VECTOR('',#1135,1.0);
#1135=DIRECTION('',(0.0,0.0,1.0));
#1136=ORIENTED_EDGE('',*,*,#1137,.T.);
#1137=EDGE_CURVE('NONE',#1130,#1138,#1140,.T.);
#1138=VERTEX_POINT('NONE',#1139);
#1139=CARTESIAN_POINT('',(1133.757124107,-127.598963262,6.85));
#1140=LINE('',#1141,#1142);
#1141=CARTESIAN_POINT('',(1133.757124107,-127.598963262,6.85));
#1142=VECTOR('',#1143,1.0);
#1143=DIRECTION('',(0.707106781,0.707106781,0.0));
#1144=ORIENTED_EDGE('',*,*,#1145,.T.);
#1145=EDGE_CURVE('NONE',#1138,#1120,#1146,.F.);
#1146=LINE('',#1147,#1148);
#1147=CARTESIAN_POINT('',(1133.757124107,-127.598963262,-3.15));
#1148=VECTOR('',#1149,1.0);
#1149=DIRECTION('',(0.0,0.0,1.0));
#1150=PLANE('',#1151);
#1151=AXIS2_PLACEMENT_3D('',#1152,#1153,#1154);
#1152=CARTESIAN_POINT('',(1133.757124107,-127.598963262,-3.15));
#1153=DIRECTION('',(0.707106781,-0.707106781,0.0));
#1154=DIRECTION('',(0.0,0.0,-1.0));
#1155=ADVANCED_FACE('NONE',(#1156),#1181,.F.);
#1156=FACE_BOUND('NONE',#1157,.T.);
#1157=EDGE_LOOP('',(#1158,#1166,#1167,#1175));
#1158=ORIENTED_EDGE('',*,*,#1159,.T.);
#1159=EDGE_CURVE('NONE',#1160,#1120,#1162,.T.);
#1160=VERTEX_POINT('NONE',#1161);
#1161=CARTESIAN_POINT('',(1134.065122249,-127.906961404,3.65));
#1162=LINE('',#1163,#1164);
#1163=CARTESIAN_POINT('',(1133.823781338,-127.665620494,3.65));
#1164=VECTOR('',#1165,1.0);
#1165=DIRECTION('',(-0.707106781,0.707106781,0.0));
#1166=ORIENTED_EDGE('',*,*,#1145,.F.);
#1167=ORIENTED_EDGE('',*,*,#1168,.T.);
#1168=EDGE_CURVE('NONE',#1138,#1169,#1171,.T.);
#1169=VERTEX_POINT('NONE',#1170);
#1170=CARTESIAN_POINT('',(1134.065122249,-127.906961404,6.85));
#1171=LINE('',#1172,#1173);
#1172=CARTESIAN_POINT('',(1134.065122249,-127.906961404,6.85));
#1173=VECTOR('',#1174,1.0);
#1174=DIRECTION('',(0.707106781,-0.707106781,0.0));
#1175=ORIENTED_EDGE('',*,*,#1176,.T.);
#1176=EDGE_CURVE('NONE',#1169,#1160,#1177,.F.);
#1177=LINE('',#1178,#1179);
#1178=CARTESIAN_POINT('',(1134.065122249,-127.906961404,-3.15));
#1179=VECTOR('',#1180,1.0);
#1180=DIRECTION('',(0.0,0.0,1.0));
#1181=PLANE('',#1182);
#1182=AXIS2_PLACEMENT_3D('',#1183,#1184,#1185);
#1183=CARTESIAN_POINT('',(1134.065122249,-127.906961404,-3.15));
#1184=DIRECTION('',(-0.707106781,-0.707106781,0.0));
#1185=DIRECTION('',(-0.707106781,0.707106781,0.0));
#1186=ADVANCED_FACE('NONE',(#1187),#1212,.F.);
#1187=FACE_BOUND('NONE',#1188,.T.);
#1188=EDGE_LOOP('',(#1189,#1197,#1198,#1206));
#1189=ORIENTED_EDGE('',*,*,#1190,.T.);
#1190=EDGE_CURVE('NONE',#1191,#1160,#1193,.T.);
#1191=VERTEX_POINT('NONE',#1192);
#1192=CARTESIAN_POINT('',(1134.657124107,-127.314959547,3.65));
#1193=LINE('',#1194,#1195);
#1194=CARTESIAN_POINT('',(1139.048465017,-122.923618636,3.65));
#1195=VECTOR('',#1196,1.0);
#1196=DIRECTION('',(-0.707106781,-0.707106781,0.0));
#1197=ORIENTED_EDGE('',*,*,#1176,.F.);
#1198=ORIENTED_EDGE('',*,*,#1199,.T.);
#1199=EDGE_CURVE('NONE',#1169,#1200,#1202,.T.);
#1200=VERTEX_POINT('NONE',#1201);
#1201=CARTESIAN_POINT('',(1134.657124107,-127.314959547,6.85));
#1202=LINE('',#1203,#1204);
#1203=CARTESIAN_POINT('',(1134.657124107,-127.314959547,6.85));
#1204=VECTOR('',#1205,1.0);
#1205=DIRECTION('',(0.707106781,0.707106781,0.0));
#1206=ORIENTED_EDGE('',*,*,#1207,.T.);
#1207=EDGE_CURVE('NONE',#1200,#1191,#1208,.F.);
#1208=LINE('',#1209,#1210);
#1209=CARTESIAN_POINT('',(1134.657124107,-127.314959547,-3.15));
#1210=VECTOR('',#1211,1.0);
#1211=DIRECTION('',(0.0,0.0,1.0));
#1212=PLANE('',#1213);
#1213=AXIS2_PLACEMENT_3D('',#1214,#1215,#1216);
#1214=CARTESIAN_POINT('',(1134.657124107,-127.314959547,-3.15));
#1215=DIRECTION('',(0.707106781,-0.707106781,0.0));
#1216=DIRECTION('',(0.0,0.0,-1.0));
#1217=ADVANCED_FACE('NONE',(#1218),#1243,.F.);
#1218=FACE_BOUND('NONE',#1219,.T.);
#1219=EDGE_LOOP('',(#1220,#1228,#1229,#1237));
#1220=ORIENTED_EDGE('',*,*,#1221,.T.);
#1221=EDGE_CURVE('NONE',#1222,#1191,#1224,.T.);
#1222=VERTEX_POINT('NONE',#1223);
#1223=CARTESIAN_POINT('',(1135.038649796,-127.696485236,3.65));
#1224=LINE('',#1225,#1226);
#1225=CARTESIAN_POINT('',(1134.415783196,-127.073618636,3.65));
#1226=VECTOR('',#1227,1.0);
#1227=DIRECTION('',(-0.707106781,0.707106781,0.0));
#1228=ORIENTED_EDGE('',*,*,#1207,.F.);
#1229=ORIENTED_EDGE('',*,*,#1230,.T.);
#1230=EDGE_CURVE('NONE',#1200,#1231,#1233,.T.);
#1231=VERTEX_POINT('NONE',#1232);
#1232=CARTESIAN_POINT('',(1135.038649796,-127.696485236,6.85));
#1233=LINE('',#1234,#1235);
#1234=CARTESIAN_POINT('',(1135.038649796,-127.696485236,6.85));
#1235=VECTOR('',#1236,1.0);
#1236=DIRECTION('',(0.707106781,-0.707106781,0.0));
#1237=ORIENTED_EDGE('',*,*,#1238,.T.);
#1238=EDGE_CURVE('NONE',#1231,#1222,#1239,.F.);
#1239=LINE('',#1240,#1241);
#1240=CARTESIAN_POINT('',(1135.038649796,-127.696485236,-3.15));
#1241=VECTOR('',#1242,1.0);
#1242=DIRECTION('',(0.0,0.0,1.0));
#1243=PLANE('',#1244);
#1244=AXIS2_PLACEMENT_3D('',#1245,#1246,#1247);
#1245=CARTESIAN_POINT('',(1135.038649796,-127.696485236,-3.15));
#1246=DIRECTION('',(-0.707106781,-0.707106781,0.0));
#1247=DIRECTION('',(-0.707106781,0.707106781,0.0));
#1248=ADVANCED_FACE('NONE',(#1249),#1274,.F.);
#1249=FACE_BOUND('NONE',#1250,.T.);
#1250=EDGE_LOOP('',(#1251,#1259,#1260,#1268));
#1251=ORIENTED_EDGE('',*,*,#1252,.T.);
#1252=EDGE_CURVE('NONE',#1253,#1222,#1255,.T.);
#1253=VERTEX_POINT('NONE',#1254);
#1254=CARTESIAN_POINT('',(1135.557124107,-127.178010925,3.65));
#1255=LINE('',#1256,#1257);
#1256=CARTESIAN_POINT('',(1139.429990706,-123.305144325,3.65));
#1257=VECTOR('',#1258,1.0);
#1258=DIRECTION('',(-0.707106781,-0.707106781,0.0));
#1259=ORIENTED_EDGE('',*,*,#1238,.F.);
#1260=ORIENTED_EDGE('',*,*,#1261,.T.);
#1261=EDGE_CURVE('NONE',#1231,#1262,#1264,.T.);
#1262=VERTEX_POINT('NONE',#1263);
#1263=CARTESIAN_POINT('',(1135.557124107,-127.178010925,6.85));
#1264=LINE('',#1265,#1266);
#1265=CARTESIAN_POINT('',(1135.557124107,-127.178010925,6.85));
#1266=VECTOR('',#1267,1.0);
#1267=DIRECTION('',(0.707106781,0.707106781,0.0));
#1268=ORIENTED_EDGE('',*,*,#1269,.T.);
#1269=EDGE_CURVE('NONE',#1262,#1253,#1270,.F.);
#1270=LINE('',#1271,#1272);
#1271=CARTESIAN_POINT('',(1135.557124107,-127.178010925,-3.15));
#1272=VECTOR('',#1273,1.0);
#1273=DIRECTION('',(0.0,0.0,1.0));
#1274=PLANE('',#1275);
#1275=AXIS2_PLACEMENT_3D('',#1276,#1277,#1278);
#1276=CARTESIAN_POINT('',(1135.557124107,-127.178010925,-3.15));
#1277=DIRECTION('',(0.707106781,-0.707106781,0.0));
#1278=DIRECTION('',(0.0,0.0,-1.0));
#1279=ADVANCED_FACE('NONE',(#1280),#1305,.F.);
#1280=FACE_BOUND('NONE',#1281,.T.);
#1281=EDGE_LOOP('',(#1282,#1290,#1291,#1299));
#1282=ORIENTED_EDGE('',*,*,#1283,.T.);
#1283=EDGE_CURVE('NONE',#1284,#1253,#1286,.T.);
#1284=VERTEX_POINT('NONE',#1285);
#1285=CARTESIAN_POINT('',(1136.007124107,-127.628010925,3.65));
#1286=LINE('',#1287,#1288);
#1287=CARTESIAN_POINT('',(1134.934257507,-126.555144325,3.65));
#1288=VECTOR('',#1289,1.0);
#1289=DIRECTION('',(-0.707106781,0.707106781,0.0));
#1290=ORIENTED_EDGE('',*,*,#1269,.F.);
#1291=ORIENTED_EDGE('',*,*,#1292,.T.);
#1292=EDGE_CURVE('NONE',#1262,#1293,#1295,.T.);
#1293=VERTEX_POINT('NONE',#1294);
#1294=CARTESIAN_POINT('',(1136.007124107,-127.628010925,6.85));
#1295=LINE('',#1296,#1297);
#1296=CARTESIAN_POINT('',(1136.007124107,-127.628010925,6.85));
#1297=VECTOR('',#1298,1.0);
#1298=DIRECTION('',(0.707106781,-0.707106781,0.0));
#1299=ORIENTED_EDGE('',*,*,#1300,.T.);
#1300=EDGE_CURVE('NONE',#1293,#1284,#1301,.F.);
#1301=LINE('',#1302,#1303);
#1302=CARTESIAN_POINT('',(1136.007124107,-127.628010925,-3.15));
#1303=VECTOR('',#1304,1.0);
#1304=DIRECTION('',(0.0,0.0,1.0));
#1305=PLANE('',#1306);
#1306=AXIS2_PLACEMENT_3D('',#1307,#1308,#1309);
#1307=CARTESIAN_POINT('',(1136.007124107,-127.628010925,-3.15));
#1308=DIRECTION('',(-0.707106781,-0.707106781,0.0));
#1309=DIRECTION('',(-0.707106781,0.707106781,0.0));
#1310=ADVANCED_FACE('NONE',(#1311),#1336,.F.);
#1311=FACE_BOUND('NONE',#1312,.T.);
#1312=EDGE_LOOP('',(#1313,#1321,#1322,#1330));
#1313=ORIENTED_EDGE('',*,*,#1314,.T.);
#1314=EDGE_CURVE('NONE',#1315,#1284,#1317,.T.);
#1315=VERTEX_POINT('NONE',#1316);
#1316=CARTESIAN_POINT('',(1136.457124107,-127.178010925,3.65));
#1317=LINE('',#1318,#1319);
#1318=CARTESIAN_POINT('',(1139.879990706,-123.755144325,3.65));
#1319=VECTOR('',#1320,1.0);
#1320=DIRECTION('',(-0.707106781,-0.707106781,0.0));
#1321=ORIENTED_EDGE('',*,*,#1300,.F.);
#1322=ORIENTED_EDGE('',*,*,#1323,.T.);
#1323=EDGE_CURVE('NONE',#1293,#1324,#1326,.T.);
#1324=VERTEX_POINT('NONE',#1325);
#1325=CARTESIAN_POINT('',(1136.457124107,-127.178010925,6.85));
#1326=LINE('',#1327,#1328);
#1327=CARTESIAN_POINT('',(1136.457124107,-127.178010925,6.85));
#1328=VECTOR('',#1329,1.0);
#1329=DIRECTION('',(0.707106781,0.707106781,0.0));
#1330=ORIENTED_EDGE('',*,*,#1331,.T.);
#1331=EDGE_CURVE('NONE',#1324,#1315,#1332,.F.);
#1332=LINE('',#1333,#1334);
#1333=CARTESIAN_POINT('',(1136.457124107,-127.178010925,-3.15));
#1334=VECTOR('',#1335,1.0);
#1335=DIRECTION('',(0.0,0.0,1.0));
#1336=PLANE('',#1337);
#1337=AXIS2_PLACEMENT_3D('',#1338,#1339,#1340);
#1338=CARTESIAN_POINT('',(1136.457124107,-127.178010925,-3.15));
#1339=DIRECTION('',(0.707106781,-0.707106781,0.0));
#1340=DIRECTION('',(0.0,0.0,-1.0));
#1341=ADVANCED_FACE('NONE',(#1342),#1367,.F.);
#1342=FACE_BOUND('NONE',#1343,.T.);
#1343=EDGE_LOOP('',(#1344,#1352,#1353,#1361));
#1344=ORIENTED_EDGE('',*,*,#1345,.T.);
#1345=EDGE_CURVE('NONE',#1346,#1315,#1348,.T.);
#1346=VERTEX_POINT('NONE',#1347);
#1347=CARTESIAN_POINT('',(1136.975598418,-127.696485236,3.65));
#1348=LINE('',#1349,#1350);
#1349=CARTESIAN_POINT('',(1135.384257507,-126.105144325,3.65));
#1350=VECTOR('',#1351,1.0);
#1351=DIRECTION('',(-0.707106781,0.707106781,0.0));
#1352=ORIENTED_EDGE('',*,*,#1331,.F.);
#1353=ORIENTED_EDGE('',*,*,#1354,.T.);
#1354=EDGE_CURVE('NONE',#1324,#1355,#1357,.T.);
#1355=VERTEX_POINT('NONE',#1356);
#1356=CARTESIAN_POINT('',(1136.975598418,-127.696485236,6.85));
#1357=LINE('',#1358,#1359);
#1358=CARTESIAN_POINT('',(1136.975598418,-127.696485236,6.85));
#1359=VECTOR('',#1360,1.0);
#1360=DIRECTION('',(0.707106781,-0.707106781,0.0));
#1361=ORIENTED_EDGE('',*,*,#1362,.T.);
#1362=EDGE_CURVE('NONE',#1355,#1346,#1363,.F.);
#1363=LINE('',#1364,#1365);
#1364=CARTESIAN_POINT('',(1136.975598418,-127.696485236,-3.15));
#1365=VECTOR('',#1366,1.0);
#1366=DIRECTION('',(0.0,0.0,1.0));
#1367=PLANE('',#1368);
#1368=AXIS2_PLACEMENT_3D('',#1369,#1370,#1371);
#1369=CARTESIAN_POINT('',(1136.975598418,-127.696485236,-3.15));
#1370=DIRECTION('',(-0.707106781,-0.707106781,0.0));
#1371=DIRECTION('',(-0.707106781,0.707106781,0.0));
#1372=ADVANCED_FACE('NONE',(#1373),#1398,.F.);
#1373=FACE_BOUND('NONE',#1374,.T.);
#1374=EDGE_LOOP('',(#1375,#1383,#1384,#1392));
#1375=ORIENTED_EDGE('',*,*,#1376,.T.);
#1376=EDGE_CURVE('NONE',#1377,#1346,#1379,.T.);
#1377=VERTEX_POINT('NONE',#1378);
#1378=CARTESIAN_POINT('',(1137.357124107,-127.314959547,3.65));
#1379=LINE('',#1380,#1381);
#1380=CARTESIAN_POINT('',(1140.398465017,-124.273618636,3.65));
#1381=VECTOR('',#1382,1.0);
#1382=DIRECTION('',(-0.707106781,-0.707106781,0.0));
#1383=ORIENTED_EDGE('',*,*,#1362,.F.);
#1384=ORIENTED_EDGE('',*,*,#1385,.T.);
#1385=EDGE_CURVE('NONE',#1355,#1386,#1388,.T.);
#1386=VERTEX_POINT('NONE',#1387);
#1387=CARTESIAN_POINT('',(1137.357124107,-127.314959547,6.85));
#1388=LINE('',#1389,#1390);
#1389=CARTESIAN_POINT('',(1137.357124107,-127.314959547,6.85));
#1390=VECTOR('',#1391,1.0);
#1391=DIRECTION('',(0.707106781,0.707106781,0.0));
#1392=ORIENTED_EDGE('',*,*,#1393,.T.);
#1393=EDGE_CURVE('NONE',#1386,#1377,#1394,.F.);
#1394=LINE('',#1395,#1396);
#1395=CARTESIAN_POINT('',(1137.357124107,-127.314959547,-3.15));
#1396=VECTOR('',#1397,1.0);
#1397=DIRECTION('',(0.0,0.0,1.0));
#1398=PLANE('',#1399);
#1399=AXIS2_PLACEMENT_3D('',#1400,#1401,#1402);
#1400=CARTESIAN_POINT('',(1137.357124107,-127.314959547,-3.15));
#1401=DIRECTION('',(0.707106781,-0.707106781,0.0));
#1402=DIRECTION('',(0.0,0.0,-1.0));
#1403=ADVANCED_FACE('NONE',(#1404),#1429,.F.);
#1404=FACE_BOUND('NONE',#1405,.T.);
#1405=EDGE_LOOP('',(#1406,#1414,#1415,#1423));
#1406=ORIENTED_EDGE('',*,*,#1407,.T.);
#1407=EDGE_CURVE('NONE',#1408,#1377,#1410,.T.);
#1408=VERTEX_POINT('NONE',#1409);
#1409=CARTESIAN_POINT('',(1137.949125965,-127.906961404,3.65));
#1410=LINE('',#1411,#1412);
#1411=CARTESIAN_POINT('',(1135.765783196,-125.723618636,3.65));
#1412=VECTOR('',#1413,1.0);
#1413=DIRECTION('',(-0.707106781,0.707106781,0.0));
#1414=ORIENTED_EDGE('',*,*,#1393,.F.);
#1415=ORIENTED_EDGE('',*,*,#1416,.T.);
#1416=EDGE_CURVE('NONE',#1386,#1417,#1419,.T.);
#1417=VERTEX_POINT('NONE',#1418);
#1418=CARTESIAN_POINT('',(1137.949125965,-127.906961404,6.85));
#1419=LINE('',#1420,#1421);
#1420=CARTESIAN_POINT('',(1137.949125965,-127.906961404,6.85));
#1421=VECTOR('',#1422,1.0);
#1422=DIRECTION('',(0.707106781,-0.707106781,0.0));
#1423=ORIENTED_EDGE('',*,*,#1424,.T.);
#1424=EDGE_CURVE('NONE',#1417,#1408,#1425,.F.);
#1425=LINE('',#1426,#1427);
#1426=CARTESIAN_POINT('',(1137.949125965,-127.906961404,-3.15));
#1427=VECTOR('',#1428,1.0);
#1428=DIRECTION('',(0.0,0.0,1.0));
#1429=PLANE('',#1430);
#1430=AXIS2_PLACEMENT_3D('',#1431,#1432,#1433);
#1431=CARTESIAN_POINT('',(1137.949125965,-127.906961404,-3.15));
#1432=DIRECTION('',(-0.707106781,-0.707106781,0.0));
#1433=DIRECTION('',(-0.707106781,0.707106781,0.0));
#1434=ADVANCED_FACE('NONE',(#1435),#1460,.F.);
#1435=FACE_BOUND('NONE',#1436,.T.);
#1436=EDGE_LOOP('',(#1437,#1445,#1446,#1454));
#1437=ORIENTED_EDGE('',*,*,#1438,.T.);
#1438=EDGE_CURVE('NONE',#1439,#1408,#1441,.T.);
#1439=VERTEX_POINT('NONE',#1440);
#1440=CARTESIAN_POINT('',(1138.257124107,-127.598963262,3.65));
#1441=LINE('',#1442,#1443);
#1442=CARTESIAN_POINT('',(1140.990466875,-124.865620494,3.65));
#1443=VECTOR('',#1444,1.0);
#1444=DIRECTION('',(-0.707106781,-0.707106781,0.0));
#1445=ORIENTED_EDGE('',*,*,#1424,.F.);
#1446=ORIENTED_EDGE('',*,*,#1447,.T.);
#1447=EDGE_CURVE('NONE',#1417,#1448,#1450,.T.);
#1448=VERTEX_POINT('NONE',#1449);
#1449=CARTESIAN_POINT('',(1138.257124107,-127.598963262,6.85));
#1450=LINE('',#1451,#1452);
#1451=CARTESIAN_POINT('',(1138.257124107,-127.598963262,6.85));
#1452=VECTOR('',#1453,1.0);
#1453=DIRECTION('',(0.707106781,0.707106781,0.0));
#1454=ORIENTED_EDGE('',*,*,#1455,.T.);
#1455=EDGE_CURVE('NONE',#1448,#1439,#1456,.F.);
#1456=LINE('',#1457,#1458);
#1457=CARTESIAN_POINT('',(1138.257124107,-127.598963262,-3.15));
#1458=VECTOR('',#1459,1.0);
#1459=DIRECTION('',(0.0,0.0,1.0));
#1460=PLANE('',#1461);
#1461=AXIS2_PLACEMENT_3D('',#1462,#1463,#1464);
#1462=CARTESIAN_POINT('',(1138.257124107,-127.598963262,-3.15));
#1463=DIRECTION('',(0.707106781,-0.707106781,0.0));
#1464=DIRECTION('',(0.0,0.0,-1.0));
#1465=ADVANCED_FACE('NONE',(#1466),#1491,.F.);
#1466=FACE_BOUND('NONE',#1467,.T.);
#1467=EDGE_LOOP('',(#1468,#1476,#1477,#1485));
#1468=ORIENTED_EDGE('',*,*,#1469,.T.);
#1469=EDGE_CURVE('NONE',#1470,#1439,#1472,.T.);
#1470=VERTEX_POINT('NONE',#1471);
#1471=CARTESIAN_POINT('',(1138.707124107,-128.048963262,3.65));
#1472=LINE('',#1473,#1474);
#1473=CARTESIAN_POINT('',(1136.073781338,-125.415620494,3.65));
#1474=VECTOR('',#1475,1.0);
#1475=DIRECTION('',(-0.707106781,0.707106781,0.0));
#1476=ORIENTED_EDGE('',*,*,#1455,.F.);
#1477=ORIENTED_EDGE('',*,*,#1478,.T.);
#1478=EDGE_CURVE('NONE',#1448,#1479,#1481,.T.);
#1479=VERTEX_POINT('NONE',#1480);
#1480=CARTESIAN_POINT('',(1138.707124107,-128.048963262,6.85));
#1481=LINE('',#1482,#1483);
#1482=CARTESIAN_POINT('',(1138.707124107,-128.048963262,6.85));
#1483=VECTOR('',#1484,1.0);
#1484=DIRECTION('',(0.707106781,-0.707106781,0.0));
#1485=ORIENTED_EDGE('',*,*,#1486,.T.);
#1486=EDGE_CURVE('NONE',#1479,#1470,#1487,.T.);
#1487=LINE('',#1488,#1489);
#1488=CARTESIAN_POINT('',(1138.707124107,-128.048963262,0.0));
#1489=VECTOR('',#1490,1.0);
#1490=DIRECTION('',(0.0,0.0,-1.0));
#1491=PLANE('',#1492);
#1492=AXIS2_PLACEMENT_3D('',#1493,#1494,#1495);
#1493=CARTESIAN_POINT('',(1138.707124107,-128.048963262,-3.15));
#1494=DIRECTION('',(-0.707106781,-0.707106781,0.0));
#1495=DIRECTION('',(-0.707106781,0.707106781,0.0));
#1496=ADVANCED_FACE('NONE',(#1497),#1522,.T.);
#1497=FACE_BOUND('NONE',#1498,.T.);
#1498=EDGE_LOOP('',(#1499,#1500,#1508,#1516));
#1499=ORIENTED_EDGE('',*,*,#1129,.F.);
#1500=ORIENTED_EDGE('',*,*,#1501,.T.);
#1501=EDGE_CURVE('NONE',#1122,#1502,#1504,.T.);
#1502=VERTEX_POINT('NONE',#1503);
#1503=CARTESIAN_POINT('',(1133.307124107,-133.682277726,3.65));
#1504=LINE('',#1505,#1506);
#1505=CARTESIAN_POINT('',(1133.307124107,-126.848963262,3.65));
#1506=VECTOR('',#1507,1.0);
#1507=DIRECTION('',(0.0,-1.0,0.0));
#1508=ORIENTED_EDGE('',*,*,#1509,.T.);
#1509=EDGE_CURVE('NONE',#1502,#1510,#1512,.T.);
#1510=VERTEX_POINT('NONE',#1511);
#1511=CARTESIAN_POINT('',(1133.307124107,-133.682277726,6.85));
#1512=LINE('',#1513,#1514);
#1513=CARTESIAN_POINT('',(1133.307124107,-133.682277726,3.65));
#1514=VECTOR('',#1515,1.0);
#1515=DIRECTION('',(0.0,0.0,1.0));
#1516=ORIENTED_EDGE('',*,*,#1517,.T.);
#1517=EDGE_CURVE('NONE',#1510,#1130,#1518,.T.);
#1518=LINE('',#1519,#1520);
#1519=CARTESIAN_POINT('',(1133.307124107,-133.682277726,6.85));
#1520=VECTOR('',#1521,1.0);
#1521=DIRECTION('',(0.0,1.0,0.0));
#1522=PLANE('',#1523);
#1523=AXIS2_PLACEMENT_3D('',#1524,#1525,#1526);
#1524=CARTESIAN_POINT('',(1133.307124107,0.0,0.0));
#1525=DIRECTION('',(-1.0,0.0,0.0));
#1526=DIRECTION('',(0.0,0.0,1.0));
#1527=ADVANCED_FACE('NONE',(#1528),#1553,.T.);
#1528=FACE_BOUND('NONE',#1529,.T.);
#1529=EDGE_LOOP('',(#1530,#1531,#1539,#1547));
#1530=ORIENTED_EDGE('',*,*,#1486,.F.);
#1531=ORIENTED_EDGE('',*,*,#1532,.T.);
#1532=EDGE_CURVE('NONE',#1479,#1533,#1535,.T.);
#1533=VERTEX_POINT('NONE',#1534);
#1534=CARTESIAN_POINT('',(1138.707124107,-133.682277726,6.85));
#1535=LINE('',#1536,#1537);
#1536=CARTESIAN_POINT('',(1138.707124107,-126.848963262,6.85));
#1537=VECTOR('',#1538,1.0);
#1538=DIRECTION('',(0.0,-1.0,0.0));
#1539=ORIENTED_EDGE('',*,*,#1540,.T.);
#1540=EDGE_CURVE('NONE',#1533,#1541,#1543,.T.);
#1541=VERTEX_POINT('NONE',#1542);
#1542=CARTESIAN_POINT('',(1138.707124107,-133.682277726,3.65));
#1543=LINE('',#1544,#1545);
#1544=CARTESIAN_POINT('',(1138.707124107,-133.682277726,6.85));
#1545=VECTOR('',#1546,1.0);
#1546=DIRECTION('',(0.0,-8.67361738E-15,-1.0));
#1547=ORIENTED_EDGE('',*,*,#1548,.T.);
#1548=EDGE_CURVE('NONE',#1541,#1470,#1549,.T.);
#1549=LINE('',#1550,#1551);
#1550=CARTESIAN_POINT('',(1138.707124107,-133.682277726,3.65));
#1551=VECTOR('',#1552,1.0);
#1552=DIRECTION('',(0.0,1.0,0.0));
#1553=PLANE('',#1554);
#1554=AXIS2_PLACEMENT_3D('',#1555,#1556,#1557);
#1555=CARTESIAN_POINT('',(1138.707124107,0.0,0.0));
#1556=DIRECTION('',(1.0,0.0,0.0));
#1557=DIRECTION('',(0.0,1.0,0.0));
#1558=ADVANCED_FACE('NONE',(#1559),#1595,.T.);
#1559=FACE_BOUND('NONE',#1560,.T.);
#1560=EDGE_LOOP('',(#1561,#1572,#1580,#1589));
#1561=ORIENTED_EDGE('',*,*,#1562,.T.);
#1562=EDGE_CURVE('NONE',#1563,#1565,#1567,.F.);
#1563=VERTEX_POINT('NONE',#1564);
#1564=CARTESIAN_POINT('',(1134.107124107,-141.432277726,4.1));
#1565=VERTEX_POINT('NONE',#1566);
#1566=CARTESIAN_POINT('',(1134.107124107,-141.032277726,4.5));
#1567=CIRCLE('',#1568,0.4);
#1568=AXIS2_PLACEMENT_3D('',#1569,#1570,#1571);
#1569=CARTESIAN_POINT('',(1134.107124107,-141.032277726,4.1));
#1570=DIRECTION('',(1.0,0.0,0.0));
#1571=DIRECTION('',(0.0,0.0,1.0));
#1572=ORIENTED_EDGE('',*,*,#1573,.T.);
#1573=EDGE_CURVE('NONE',#1565,#1574,#1576,.F.);
#1574=VERTEX_POINT('NONE',#1575);
#1575=CARTESIAN_POINT('',(1132.407124107,-141.032277726,4.5));
#1576=LINE('',#1577,#1578);
#1577=CARTESIAN_POINT('',(1132.407124107,-141.032277726,4.5));
#1578=VECTOR('',#1579,1.0);
#1579=DIRECTION('',(1.0,0.0,0.0));
#1580=ORIENTED_EDGE('',*,*,#1581,.T.);
#1581=EDGE_CURVE('NONE',#1574,#1582,#1584,.F.);
#1582=VERTEX_POINT('NONE',#1583);
#1583=CARTESIAN_POINT('',(1132.407124107,-141.432277726,4.1));
#1584=CIRCLE('',#1585,0.4);
#1585=AXIS2_PLACEMENT_3D('',#1586,#1587,#1588);
#1586=CARTESIAN_POINT('',(1132.407124107,-141.032277726,4.1));
#1587=DIRECTION('',(-1.0,0.0,0.0));
#1588=DIRECTION('',(0.0,0.0,-1.0));
#1589=ORIENTED_EDGE('',*,*,#1590,.T.);
#1590=EDGE_CURVE('NONE',#1582,#1563,#1591,.F.);
#1591=LINE('',#1592,#1593);
#1592=CARTESIAN_POINT('',(0.0,-141.432277726,4.1));
#1593=VECTOR('',#1594,1.0);
#1594=DIRECTION('',(-1.0,0.0,0.0));
#1595=CYLINDRICAL_SURFACE('',#1596,0.4);
#1596=AXIS2_PLACEMENT_3D('',#1597,#1598,#1599);
#1597=CARTESIAN_POINT('',(0.0,-141.032277726,4.1));
#1598=DIRECTION('',(-1.0,0.0,0.0));
#1599=DIRECTION('',(0.0,0.0,1.0));
#1600=ADVANCED_FACE('NONE',(#1601),#1637,.T.);
#1601=FACE_BOUND('NONE',#1602,.T.);
#1602=EDGE_LOOP('',(#1603,#1614,#1622,#1631));
#1603=ORIENTED_EDGE('',*,*,#1604,.T.);
#1604=EDGE_CURVE('NONE',#1605,#1607,#1609,.F.);
#1605=VERTEX_POINT('NONE',#1606);
#1606=CARTESIAN_POINT('',(1132.407124107,-141.432277726,6.4));
#1607=VERTEX_POINT('NONE',#1608);
#1608=CARTESIAN_POINT('',(1132.407124107,-141.032277726,6.0));
#1609=CIRCLE('',#1610,0.4);
#1610=AXIS2_PLACEMENT_3D('',#1611,#1612,#1613);
#1611=CARTESIAN_POINT('',(1132.407124107,-141.032277726,6.4));
#1612=DIRECTION('',(-1.0,0.0,0.0));
#1613=DIRECTION('',(0.0,0.0,-1.0));
#1614=ORIENTED_EDGE('',*,*,#1615,.T.);
#1615=EDGE_CURVE('NONE',#1607,#1616,#1618,.F.);
#1616=VERTEX_POINT('NONE',#1617);
#1617=CARTESIAN_POINT('',(1134.107124107,-141.032277726,6.0));
#1618=LINE('',#1619,#1620);
#1619=CARTESIAN_POINT('',(1132.407124107,-141.032277726,6.0));
#1620=VECTOR('',#1621,1.0);
#1621=DIRECTION('',(-1.0,0.0,0.0));
#1622=ORIENTED_EDGE('',*,*,#1623,.T.);
#1623=EDGE_CURVE('NONE',#1616,#1624,#1626,.F.);
#1624=VERTEX_POINT('NONE',#1625);
#1625=CARTESIAN_POINT('',(1134.107124107,-141.432277726,6.4));
#1626=CIRCLE('',#1627,0.4);
#1627=AXIS2_PLACEMENT_3D('',#1628,#1629,#1630);
#1628=CARTESIAN_POINT('',(1134.107124107,-141.032277726,6.4));
#1629=DIRECTION('',(1.0,0.0,0.0));
#1630=DIRECTION('',(0.0,0.0,1.0));
#1631=ORIENTED_EDGE('',*,*,#1632,.T.);
#1632=EDGE_CURVE('NONE',#1624,#1605,#1633,.F.);
#1633=LINE('',#1634,#1635);
#1634=CARTESIAN_POINT('',(1134.107124107,-141.432277726,6.4));
#1635=VECTOR('',#1636,1.0);
#1636=DIRECTION('',(1.0,0.0,0.0));
#1637=CYLINDRICAL_SURFACE('',#1638,0.4);
#1638=AXIS2_PLACEMENT_3D('',#1639,#1640,#1641);
#1639=CARTESIAN_POINT('',(0.0,-141.032277726,6.4));
#1640=DIRECTION('',(-1.0,0.0,0.0));
#1641=DIRECTION('',(0.0,0.0,1.0));
#1642=ADVANCED_FACE('NONE',(#1643),#1679,.T.);
#1643=FACE_BOUND('NONE',#1644,.T.);
#1644=EDGE_LOOP('',(#1645,#1656,#1664,#1673));
#1645=ORIENTED_EDGE('',*,*,#1646,.T.);
#1646=EDGE_CURVE('NONE',#1647,#1649,#1651,.F.);
#1647=VERTEX_POINT('NONE',#1648);
#1648=CARTESIAN_POINT('',(1136.907124107,-141.432277726,6.4));
#1649=VERTEX_POINT('NONE',#1650);
#1650=CARTESIAN_POINT('',(1136.907124107,-141.032277726,6.0));
#1651=CIRCLE('',#1652,0.4);
#1652=AXIS2_PLACEMENT_3D('',#1653,#1654,#1655);
#1653=CARTESIAN_POINT('',(1136.907124107,-141.032277726,6.4));
#1654=DIRECTION('',(-1.0,0.0,0.0));
#1655=DIRECTION('',(0.0,0.0,-1.0));
#1656=ORIENTED_EDGE('',*,*,#1657,.T.);
#1657=EDGE_CURVE('NONE',#1649,#1658,#1660,.F.);
#1658=VERTEX_POINT('NONE',#1659);
#1659=CARTESIAN_POINT('',(1138.607656242,-141.032277726,6.0));
#1660=LINE('',#1661,#1662);
#1661=CARTESIAN_POINT('',(1136.907124107,-141.032277726,6.0));
#1662=VECTOR('',#1663,1.0);
#1663=DIRECTION('',(-1.0,0.0,0.0));
#1664=ORIENTED_EDGE('',*,*,#1665,.T.);
#1665=EDGE_CURVE('NONE',#1658,#1666,#1668,.F.);
#1666=VERTEX_POINT('NONE',#1667);
#1667=CARTESIAN_POINT('',(1138.607656242,-141.432277726,6.4));
#1668=CIRCLE('',#1669,0.4);
#1669=AXIS2_PLACEMENT_3D('',#1670,#1671,#1672);
#1670=CARTESIAN_POINT('',(1138.607656242,-141.032277726,6.4));
#1671=DIRECTION('',(1.0,0.0,0.0));
#1672=DIRECTION('',(0.0,0.0,1.0));
#1673=ORIENTED_EDGE('',*,*,#1674,.T.);
#1674=EDGE_CURVE('NONE',#1666,#1647,#1675,.F.);
#1675=LINE('',#1676,#1677);
#1676=CARTESIAN_POINT('',(1138.607656242,-141.432277726,6.4));
#1677=VECTOR('',#1678,1.0);
#1678=DIRECTION('',(1.0,0.0,0.0));
#1679=CYLINDRICAL_SURFACE('',#1680,0.4);
#1680=AXIS2_PLACEMENT_3D('',#1681,#1682,#1683);
#1681=CARTESIAN_POINT('',(0.0,-141.032277726,6.4));
#1682=DIRECTION('',(-1.0,0.0,0.0));
#1683=DIRECTION('',(0.0,0.0,1.0));
#1684=ADVANCED_FACE('NONE',(#1685),#1721,.T.);
#1685=FACE_BOUND('NONE',#1686,.T.);
#1686=EDGE_LOOP('',(#1687,#1698,#1706,#1715));
#1687=ORIENTED_EDGE('',*,*,#1688,.T.);
#1688=EDGE_CURVE('NONE',#1689,#1691,#1693,.F.);
#1689=VERTEX_POINT('NONE',#1690);
#1690=CARTESIAN_POINT('',(1138.607656242,-141.432277726,4.1));
#1691=VERTEX_POINT('NONE',#1692);
#1692=CARTESIAN_POINT('',(1138.607656242,-141.032277726,4.5));
#1693=CIRCLE('',#1694,0.4);
#1694=AXIS2_PLACEMENT_3D('',#1695,#1696,#1697);
#1695=CARTESIAN_POINT('',(1138.607656242,-141.032277726,4.1));
#1696=DIRECTION('',(1.0,0.0,0.0));
#1697=DIRECTION('',(0.0,0.0,1.0));
#1698=ORIENTED_EDGE('',*,*,#1699,.T.);
#1699=EDGE_CURVE('NONE',#1691,#1700,#1702,.F.);
#1700=VERTEX_POINT('NONE',#1701);
#1701=CARTESIAN_POINT('',(1136.907124107,-141.032277726,4.5));
#1702=LINE('',#1703,#1704);
#1703=CARTESIAN_POINT('',(1136.907124107,-141.032277726,4.5));
#1704=VECTOR('',#1705,1.0);
#1705=DIRECTION('',(1.0,0.0,0.0));
#1706=ORIENTED_EDGE('',*,*,#1707,.T.);
#1707=EDGE_CURVE('NONE',#1700,#1708,#1710,.F.);
#1708=VERTEX_POINT('NONE',#1709);
#1709=CARTESIAN_POINT('',(1136.907124107,-141.432277726,4.1));
#1710=CIRCLE('',#1711,0.4);
#1711=AXIS2_PLACEMENT_3D('',#1712,#1713,#1714);
#1712=CARTESIAN_POINT('',(1136.907124107,-141.032277726,4.1));
#1713=DIRECTION('',(-1.0,0.0,0.0));
#1714=DIRECTION('',(0.0,0.0,-1.0));
#1715=ORIENTED_EDGE('',*,*,#1716,.T.);
#1716=EDGE_CURVE('NONE',#1708,#1689,#1717,.F.);
#1717=LINE('',#1718,#1719);
#1718=CARTESIAN_POINT('',(0.0,-141.432277726,4.1));
#1719=VECTOR('',#1720,1.0);
#1720=DIRECTION('',(-1.0,0.0,0.0));
#1721=CYLINDRICAL_SURFACE('',#1722,0.4);
#1722=AXIS2_PLACEMENT_3D('',#1723,#1724,#1725);
#1723=CARTESIAN_POINT('',(0.0,-141.032277726,4.1));
#1724=DIRECTION('',(-1.0,0.0,0.0));
#1725=DIRECTION('',(0.0,0.0,1.0));
#1726=ADVANCED_FACE('NONE',(#1727),#1763,.T.);
#1727=FACE_BOUND('NONE',#1728,.T.);
#1728=EDGE_LOOP('',(#1729,#1740,#1748,#1757));
#1729=ORIENTED_EDGE('',*,*,#1730,.T.);
#1730=EDGE_CURVE('NONE',#1731,#1733,#1735,.F.);
#1731=VERTEX_POINT('NONE',#1732);
#1732=CARTESIAN_POINT('',(1141.407124107,-141.432277726,6.4));
#1733=VERTEX_POINT('NONE',#1734);
#1734=CARTESIAN_POINT('',(1141.407124107,-141.032277726,6.0));
#1735=CIRCLE('',#1736,0.4);
#1736=AXIS2_PLACEMENT_3D('',#1737,#1738,#1739);
#1737=CARTESIAN_POINT('',(1141.407124107,-141.032277726,6.4));
#1738=DIRECTION('',(-1.0,0.0,0.0));
#1739=DIRECTION('',(0.0,0.0,-1.0));
#1740=ORIENTED_EDGE('',*,*,#1741,.T.);
#1741=EDGE_CURVE('NONE',#1733,#1742,#1744,.F.);
#1742=VERTEX_POINT('NONE',#1743);
#1743=CARTESIAN_POINT('',(1143.107124107,-141.032277726,6.0));
#1744=LINE('',#1745,#1746);
#1745=CARTESIAN_POINT('',(1141.407124107,-141.032277726,6.0));
#1746=VECTOR('',#1747,1.0);
#1747=DIRECTION('',(-1.0,0.0,0.0));
#1748=ORIENTED_EDGE('',*,*,#1749,.T.);
#1749=EDGE_CURVE('NONE',#1742,#1750,#1752,.F.);
#1750=VERTEX_POINT('NONE',#1751);
#1751=CARTESIAN_POINT('',(1143.107124107,-141.432277726,6.4));
#1752=CIRCLE('',#1753,0.4);
#1753=AXIS2_PLACEMENT_3D('',#1754,#1755,#1756);
#1754=CARTESIAN_POINT('',(1143.107124107,-141.032277726,6.4));
#1755=DIRECTION('',(1.0,0.0,0.0));
#1756=DIRECTION('',(0.0,0.0,1.0));
#1757=ORIENTED_EDGE('',*,*,#1758,.T.);
#1758=EDGE_CURVE('NONE',#1750,#1731,#1759,.F.);
#1759=LINE('',#1760,#1761);
#1760=CARTESIAN_POINT('',(0.0,-141.432277726,6.4));
#1761=VECTOR('',#1762,1.0);
#1762=DIRECTION('',(1.0,0.0,0.0));
#1763=CYLINDRICAL_SURFACE('',#1764,0.4);
#1764=AXIS2_PLACEMENT_3D('',#1765,#1766,#1767);
#1765=CARTESIAN_POINT('',(0.0,-141.032277726,6.4));
#1766=DIRECTION('',(1.0,0.0,0.0));
#1767=DIRECTION('',(0.0,0.0,-1.0));
#1768=ADVANCED_FACE('NONE',(#1769),#1805,.T.);
#1769=FACE_BOUND('NONE',#1770,.T.);
#1770=EDGE_LOOP('',(#1771,#1782,#1790,#1799));
#1771=ORIENTED_EDGE('',*,*,#1772,.T.);
#1772=EDGE_CURVE('NONE',#1773,#1775,#1777,.F.);
#1773=VERTEX_POINT('NONE',#1774);
#1774=CARTESIAN_POINT('',(1143.107124107,-141.432277726,4.1));
#1775=VERTEX_POINT('NONE',#1776);
#1776=CARTESIAN_POINT('',(1143.107124107,-141.032277726,4.5));
#1777=CIRCLE('',#1778,0.4);
#1778=AXIS2_PLACEMENT_3D('',#1779,#1780,#1781);
#1779=CARTESIAN_POINT('',(1143.107124107,-141.032277726,4.1));
#1780=DIRECTION('',(1.0,0.0,0.0));
#1781=DIRECTION('',(0.0,0.0,1.0));
#1782=ORIENTED_EDGE('',*,*,#1783,.T.);
#1783=EDGE_CURVE('NONE',#1775,#1784,#1786,.F.);
#1784=VERTEX_POINT('NONE',#1785);
#1785=CARTESIAN_POINT('',(1141.407124107,-141.032277726,4.5));
#1786=LINE('',#1787,#1788);
#1787=CARTESIAN_POINT('',(1143.107124107,-141.032277726,4.5));
#1788=VECTOR('',#1789,1.0);
#1789=DIRECTION('',(1.0,0.0,0.0));
#1790=ORIENTED_EDGE('',*,*,#1791,.T.);
#1791=EDGE_CURVE('NONE',#1784,#1792,#1794,.F.);
#1792=VERTEX_POINT('NONE',#1793);
#1793=CARTESIAN_POINT('',(1141.407124107,-141.432277726,4.1));
#1794=CIRCLE('',#1795,0.4);
#1795=AXIS2_PLACEMENT_3D('',#1796,#1797,#1798);
#1796=CARTESIAN_POINT('',(1141.407124107,-141.032277726,4.1));
#1797=DIRECTION('',(-1.0,0.0,0.0));
#1798=DIRECTION('',(0.0,0.0,-1.0));
#1799=ORIENTED_EDGE('',*,*,#1800,.T.);
#1800=EDGE_CURVE('NONE',#1792,#1773,#1801,.F.);
#1801=LINE('',#1802,#1803);
#1802=CARTESIAN_POINT('',(1141.407124107,-141.432277726,4.1));
#1803=VECTOR('',#1804,1.0);
#1804=DIRECTION('',(-1.0,0.0,0.0));
#1805=CYLINDRICAL_SURFACE('',#1806,0.4);
#1806=AXIS2_PLACEMENT_3D('',#1807,#1808,#1809);
#1807=CARTESIAN_POINT('',(0.0,-141.032277726,4.1));
#1808=DIRECTION('',(1.0,0.0,0.0));
#1809=DIRECTION('',(0.0,0.0,-1.0));
#1810=ADVANCED_FACE('NONE',(#1811),#1847,.T.);
#1811=FACE_BOUND('NONE',#1812,.T.);
#1812=EDGE_LOOP('',(#1813,#1824,#1832,#1841));
#1813=ORIENTED_EDGE('',*,*,#1814,.T.);
#1814=EDGE_CURVE('NONE',#1815,#1817,#1819,.F.);
#1815=VERTEX_POINT('NONE',#1816);
#1816=CARTESIAN_POINT('',(1145.757124107,-133.682277726,10.5));
#1817=VERTEX_POINT('NONE',#1818);
#1818=CARTESIAN_POINT('',(1145.757124107,-133.182277726,10.0));
#1819=CIRCLE('',#1820,0.5);
#1820=AXIS2_PLACEMENT_3D('',#1821,#1822,#1823);
#1821=CARTESIAN_POINT('',(1145.757124107,-133.682277726,10.0));
#1822=DIRECTION('',(1.0,0.0,0.0));
#1823=DIRECTION('',(0.0,-1.0,0.0));
#1824=ORIENTED_EDGE('',*,*,#1825,.T.);
#1825=EDGE_CURVE('NONE',#1817,#1826,#1828,.F.);
#1826=VERTEX_POINT('NONE',#1827);
#1827=CARTESIAN_POINT('',(1129.757124107,-133.182277726,10.0));
#1828=LINE('',#1829,#1830);
#1829=CARTESIAN_POINT('',(1145.757124107,-133.182277726,10.0));
#1830=VECTOR('',#1831,1.0);
#1831=DIRECTION('',(1.0,-8.045094381E-15,0.0));
#1832=ORIENTED_EDGE('',*,*,#1833,.T.);
#1833=EDGE_CURVE('NONE',#1826,#1834,#1836,.F.);
#1834=VERTEX_POINT('NONE',#1835);
#1835=CARTESIAN_POINT('',(1129.757124107,-133.682277726,10.5));
#1836=CIRCLE('',#1837,0.5);
#1837=AXIS2_PLACEMENT_3D('',#1838,#1839,#1840);
#1838=CARTESIAN_POINT('',(1129.757124107,-133.682277726,10.0));
#1839=DIRECTION('',(-1.0,0.0,0.0));
#1840=DIRECTION('',(0.0,0.0,-1.0));
#1841=ORIENTED_EDGE('',*,*,#1842,.T.);
#1842=EDGE_CURVE('NONE',#1834,#1815,#1843,.F.);
#1843=LINE('',#1844,#1845);
#1844=CARTESIAN_POINT('',(1129.757124107,-133.682277726,10.5));
#1845=VECTOR('',#1846,1.0);
#1846=DIRECTION('',(-1.0,8.045094381E-15,0.0));
#1847=CYLINDRICAL_SURFACE('',#1848,0.5);
#1848=AXIS2_PLACEMENT_3D('',#1849,#1850,#1851);
#1849=CARTESIAN_POINT('',(1129.957124107,-133.682277726,10.0));
#1850=DIRECTION('',(1.0,0.0,0.0));
#1851=DIRECTION('',(0.0,1.0,0.0));
#1852=ADVANCED_FACE('NONE',(#1853),#1889,.T.);
#1853=FACE_BOUND('NONE',#1854,.T.);
#1854=EDGE_LOOP('',(#1855,#1866,#1874,#1883));
#1855=ORIENTED_EDGE('',*,*,#1856,.T.);
#1856=EDGE_CURVE('NONE',#1857,#1859,#1861,.F.);
#1857=VERTEX_POINT('NONE',#1858);
#1858=CARTESIAN_POINT('',(1145.757124107,-133.182277726,0.5));
#1859=VERTEX_POINT('NONE',#1860);
#1860=CARTESIAN_POINT('',(1145.757124107,-133.682277726,0.0));
#1861=CIRCLE('',#1862,0.5);
#1862=AXIS2_PLACEMENT_3D('',#1863,#1864,#1865);
#1863=CARTESIAN_POINT('',(1145.757124107,-133.682277726,0.5));
#1864=DIRECTION('',(1.0,0.0,0.0));
#1865=DIRECTION('',(0.0,-1.0,0.0));
#1866=ORIENTED_EDGE('',*,*,#1867,.T.);
#1867=EDGE_CURVE('NONE',#1859,#1868,#1870,.F.);
#1868=VERTEX_POINT('NONE',#1869);
#1869=CARTESIAN_POINT('',(1129.757124107,-133.682277726,0.0));
#1870=LINE('',#1871,#1872);
#1871=CARTESIAN_POINT('',(1129.957124107,-133.682277726,0.0));
#1872=VECTOR('',#1873,1.0);
#1873=DIRECTION('',(1.0,-8.045094381E-15,0.0));
#1874=ORIENTED_EDGE('',*,*,#1875,.T.);
#1875=EDGE_CURVE('NONE',#1868,#1876,#1878,.F.);
#1876=VERTEX_POINT('NONE',#1877);
#1877=CARTESIAN_POINT('',(1129.757124107,-133.182277726,0.5));
#1878=CIRCLE('',#1879,0.5);
#1879=AXIS2_PLACEMENT_3D('',#1880,#1881,#1882);
#1880=CARTESIAN_POINT('',(1129.757124107,-133.682277726,0.5));
#1881=DIRECTION('',(-1.0,0.0,0.0));
#1882=DIRECTION('',(0.0,0.0,-1.0));
#1883=ORIENTED_EDGE('',*,*,#1884,.T.);
#1884=EDGE_CURVE('NONE',#1876,#1857,#1885,.F.);
#1885=LINE('',#1886,#1887);
#1886=CARTESIAN_POINT('',(1133.207124107,-133.182277726,0.5));
#1887=VECTOR('',#1888,1.0);
#1888=DIRECTION('',(-1.0,8.045094381E-15,0.0));
#1889=CYLINDRICAL_SURFACE('',#1890,0.5);
#1890=AXIS2_PLACEMENT_3D('',#1891,#1892,#1893);
#1891=CARTESIAN_POINT('',(1133.207124107,-133.682277726,0.5));
#1892=DIRECTION('',(-1.0,0.0,0.0));
#1893=DIRECTION('',(0.0,-1.0,0.0));
#1894=ADVANCED_FACE('NONE',(#1895),#1929,.T.);
#1895=FACE_BOUND('NONE',#1896,.T.);
#1896=EDGE_LOOP('',(#1897,#1907,#1915,#1923));
#1897=ORIENTED_EDGE('',*,*,#1898,.T.);
#1898=EDGE_CURVE('NONE',#1899,#1901,#1903,.T.);
#1899=VERTEX_POINT('NONE',#1900);
#1900=CARTESIAN_POINT('',(1129.807124107,-139.482277726,0.5));
#1901=VERTEX_POINT('NONE',#1902);
#1902=CARTESIAN_POINT('',(1129.807124107,-140.982277726,0.5));
#1903=LINE('',#1904,#1905);
#1904=CARTESIAN_POINT('',(1129.807124107,-139.482277726,0.5));
#1905=VECTOR('',#1906,1.0);
#1906=DIRECTION('',(0.0,-1.0,0.0));
#1907=ORIENTED_EDGE('',*,*,#1908,.T.);
#1908=EDGE_CURVE('NONE',#1901,#1909,#1911,.T.);
#1909=VERTEX_POINT('NONE',#1910);
#1910=CARTESIAN_POINT('',(1129.807124107,-140.982277726,10.0));
#1911=LINE('',#1912,#1913);
#1912=CARTESIAN_POINT('',(1129.807124107,-140.982277726,0.5));
#1913=VECTOR('',#1914,1.0);
#1914=DIRECTION('',(0.0,0.0,1.0));
#1915=ORIENTED_EDGE('',*,*,#1916,.T.);
#1916=EDGE_CURVE('NONE',#1909,#1917,#1919,.T.);
#1917=VERTEX_POINT('NONE',#1918);
#1918=CARTESIAN_POINT('',(1129.807124107,-139.482277726,10.0));
#1919=LINE('',#1920,#1921);
#1920=CARTESIAN_POINT('',(1129.807124107,-139.482277726,10.0));
#1921=VECTOR('',#1922,1.0);
#1922=DIRECTION('',(0.0,1.0,0.0));
#1923=ORIENTED_EDGE('',*,*,#1924,.T.);
#1924=EDGE_CURVE('NONE',#1917,#1899,#1925,.T.);
#1925=LINE('',#1926,#1927);
#1926=CARTESIAN_POINT('',(1129.807124107,-139.482277726,0.5));
#1927=VECTOR('',#1928,1.0);
#1928=DIRECTION('',(0.0,0.0,-1.0));
#1929=PLANE('',#1930);
#1930=AXIS2_PLACEMENT_3D('',#1931,#1932,#1933);
#1931=CARTESIAN_POINT('',(1129.807124107,0.0,0.0));
#1932=DIRECTION('',(-1.0,0.0,0.0));
#1933=DIRECTION('',(0.0,0.0,1.0));
#1934=ADVANCED_FACE('NONE',(#1935),#1969,.T.);
#1935=FACE_BOUND('NONE',#1936,.T.);
#1936=EDGE_LOOP('',(#1937,#1947,#1955,#1963));
#1937=ORIENTED_EDGE('',*,*,#1938,.T.);
#1938=EDGE_CURVE('NONE',#1939,#1941,#1943,.T.);
#1939=VERTEX_POINT('NONE',#1940);
#1940=CARTESIAN_POINT('',(1145.707124107,-139.482277726,10.0));
#1941=VERTEX_POINT('NONE',#1942);
#1942=CARTESIAN_POINT('',(1145.707124107,-140.982277726,10.0));
#1943=LINE('',#1944,#1945);
#1944=CARTESIAN_POINT('',(1145.707124107,-139.482277726,10.0));
#1945=VECTOR('',#1946,1.0);
#1946=DIRECTION('',(0.0,-1.0,0.0));
#1947=ORIENTED_EDGE('',*,*,#1948,.T.);
#1948=EDGE_CURVE('NONE',#1941,#1949,#1951,.T.);
#1949=VERTEX_POINT('NONE',#1950);
#1950=CARTESIAN_POINT('',(1145.707124107,-140.982277726,0.5));
#1951=LINE('',#1952,#1953);
#1952=CARTESIAN_POINT('',(1145.707124107,-140.982277726,10.0));
#1953=VECTOR('',#1954,1.0);
#1954=DIRECTION('',(0.0,0.0,-1.0));
#1955=ORIENTED_EDGE('',*,*,#1956,.T.);
#1956=EDGE_CURVE('NONE',#1949,#1957,#1959,.T.);
#1957=VERTEX_POINT('NONE',#1958);
#1958=CARTESIAN_POINT('',(1145.707124107,-139.482277726,0.5));
#1959=LINE('',#1960,#1961);
#1960=CARTESIAN_POINT('',(1145.707124107,-139.482277726,0.5));
#1961=VECTOR('',#1962,1.0);
#1962=DIRECTION('',(0.0,1.0,0.0));
#1963=ORIENTED_EDGE('',*,*,#1964,.T.);
#1964=EDGE_CURVE('NONE',#1957,#1939,#1965,.T.);
#1965=LINE('',#1966,#1967);
#1966=CARTESIAN_POINT('',(1145.707124107,-139.482277726,10.0));
#1967=VECTOR('',#1968,1.0);
#1968=DIRECTION('',(0.0,0.0,1.0));
#1969=PLANE('',#1970);
#1970=AXIS2_PLACEMENT_3D('',#1971,#1972,#1973);
#1971=CARTESIAN_POINT('',(1145.707124107,-2.707861036E-15,0.0));
#1972=DIRECTION('',(1.0,0.0,0.0));
#1973=DIRECTION('',(0.0,1.0,0.0));
#1974=ADVANCED_FACE('NONE',(#1975),#2025,.T.);
#1975=FACE_BOUND('NONE',#1976,.T.);
#1976=EDGE_LOOP('',(#1977,#1987,#1995,#2003,#2011,#2019));
#1977=ORIENTED_EDGE('',*,*,#1978,.T.);
#1978=EDGE_CURVE('NONE',#1979,#1981,#1983,.T.);
#1979=VERTEX_POINT('NONE',#1980);
#1980=CARTESIAN_POINT('',(1142.057124107,-133.682277726,10.0));
#1981=VERTEX_POINT('NONE',#1982);
#1982=CARTESIAN_POINT('',(1142.057124107,-139.482277726,10.0));
#1983=LINE('',#1984,#1985);
#1984=CARTESIAN_POINT('',(1142.057124107,-133.682277726,10.0));
#1985=VECTOR('',#1986,1.0);
#1986=DIRECTION('',(3.828355257E-14,-1.0,0.0));
#1987=ORIENTED_EDGE('',*,*,#1988,.T.);
#1988=EDGE_CURVE('NONE',#1981,#1989,#1991,.T.);
#1989=VERTEX_POINT('NONE',#1990);
#1990=CARTESIAN_POINT('',(1142.057124107,-139.482277726,0.5));
#1991=LINE('',#1992,#1993);
#1992=CARTESIAN_POINT('',(1142.057124107,-139.482277726,10.0));
#1993=VECTOR('',#1994,1.0);
#1994=DIRECTION('',(0.0,0.0,-1.0));
#1995=ORIENTED_EDGE('',*,*,#1996,.T.);
#1996=EDGE_CURVE('NONE',#1989,#1997,#1999,.T.);
#1997=VERTEX_POINT('NONE',#1998);
#1998=CARTESIAN_POINT('',(1142.057124107,-133.682277726,0.5));
#1999=LINE('',#2000,#2001);
#2000=CARTESIAN_POINT('',(1142.057124107,-133.682277726,0.5));
#2001=VECTOR('',#2002,1.0);
#2002=DIRECTION('',(-3.828355257E-14,1.0,0.0));
#2003=ORIENTED_EDGE('',*,*,#2004,.T.);
#2004=EDGE_CURVE('NONE',#1997,#2005,#2007,.T.);
#2005=VERTEX_POINT('NONE',#2006);
#2006=CARTESIAN_POINT('',(1142.057124107,-133.682277726,3.5));
#2007=LINE('',#2008,#2009);
#2008=CARTESIAN_POINT('',(1142.057124107,-133.682277726,10.0));
#2009=VECTOR('',#2010,1.0);
#2010=DIRECTION('',(0.0,0.0,1.0));
#2011=ORIENTED_EDGE('',*,*,#2012,.T.);
#2012=EDGE_CURVE('NONE',#2005,#2013,#2015,.T.);
#2013=VERTEX_POINT('NONE',#2014);
#2014=CARTESIAN_POINT('',(1142.057124107,-133.682277726,7.0));
#2015=LINE('',#2016,#2017);
#2016=CARTESIAN_POINT('',(1142.057124107,-133.682277726,10.0));
#2017=VECTOR('',#2018,1.0);
#2018=DIRECTION('',(0.0,0.0,1.0));
#2019=ORIENTED_EDGE('',*,*,#2020,.T.);
#2020=EDGE_CURVE('NONE',#2013,#1979,#2021,.T.);
#2021=LINE('',#2022,#2023);
#2022=CARTESIAN_POINT('',(1142.057124107,-133.682277726,10.0));
#2023=VECTOR('',#2024,1.0);
#2024=DIRECTION('',(0.0,0.0,1.0));
#2025=PLANE('',#2026);
#2026=AXIS2_PLACEMENT_3D('',#2027,#2028,#2029);
#2027=CARTESIAN_POINT('',(1142.057124107,4.366327138E-11,0.0));
#2028=DIRECTION('',(1.0,3.828355257E-14,0.0));
#2029=DIRECTION('',(-3.828355257E-14,1.0,0.0));
#2030=ADVANCED_FACE('NONE',(#2031),#2079,.F.);
#2031=FACE_BOUND('NONE',#2032,.T.);
#2032=EDGE_LOOP('',(#2033,#2041,#2049,#2055,#2056,#2064,#2072,#2078));
#2033=ORIENTED_EDGE('',*,*,#2034,.T.);
#2034=EDGE_CURVE('NONE',#2013,#2035,#2037,.T.);
#2035=VERTEX_POINT('NONE',#2036);
#2036=CARTESIAN_POINT('',(1142.357124107,-133.682277726,7.0));
#2037=LINE('',#2038,#2039);
#2038=CARTESIAN_POINT('',(1133.157124107,-133.682277726,7.0));
#2039=VECTOR('',#2040,1.0);
#2040=DIRECTION('',(1.0,-9.050731179E-15,0.0));
#2041=ORIENTED_EDGE('',*,*,#2042,.T.);
#2042=EDGE_CURVE('NONE',#2035,#2043,#2045,.T.);
#2043=VERTEX_POINT('NONE',#2044);
#2044=CARTESIAN_POINT('',(1142.357124107,-133.682277726,3.5));
#2045=LINE('',#2046,#2047);
#2046=CARTESIAN_POINT('',(1142.357124107,-133.682277726,3.5));
#2047=VECTOR('',#2048,1.0);
#2048=DIRECTION('',(0.0,0.0,-1.0));
#2049=ORIENTED_EDGE('',*,*,#2050,.T.);
#2050=EDGE_CURVE('NONE',#2043,#2005,#2051,.T.);
#2051=LINE('',#2052,#2053);
#2052=CARTESIAN_POINT('',(1133.157124107,-133.682277726,3.5));
#2053=VECTOR('',#2054,1.0);
#2054=DIRECTION('',(-1.0,9.050731179E-15,0.0));
#2055=ORIENTED_EDGE('',*,*,#2004,.F.);
#2056=ORIENTED_EDGE('',*,*,#2057,.T.);
#2057=EDGE_CURVE('NONE',#1997,#2058,#2060,.T.);
#2058=VERTEX_POINT('NONE',#2059);
#2059=CARTESIAN_POINT('',(1145.757124107,-133.682277726,0.5));
#2060=LINE('',#2061,#2062);
#2061=CARTESIAN_POINT('',(1142.057124107,-133.682277726,0.5));
#2062=VECTOR('',#2063,1.0);
#2063=DIRECTION('',(1.0,5.415722071E-14,0.0));
#2064=ORIENTED_EDGE('',*,*,#2065,.T.);
#2065=EDGE_CURVE('NONE',#2058,#2066,#2068,.T.);
#2066=VERTEX_POINT('NONE',#2067);
#2067=CARTESIAN_POINT('',(1145.757124107,-133.682277726,10.0));
#2068=LINE('',#2069,#2070);
#2069=CARTESIAN_POINT('',(1145.757124107,-133.682277726,10.0));
#2070=VECTOR('',#2071,1.0);
#2071=DIRECTION('',(0.0,0.0,1.0));
#2072=ORIENTED_EDGE('',*,*,#2073,.T.);
#2073=EDGE_CURVE('NONE',#2066,#1979,#2074,.F.);
#2074=LINE('',#2075,#2076);
#2075=CARTESIAN_POINT('',(1142.057124107,-133.682277726,10.0));
#2076=VECTOR('',#2077,1.0);
#2077=DIRECTION('',(1.0,5.415722071E-14,0.0));
#2078=ORIENTED_EDGE('',*,*,#2020,.F.);
#2079=PLANE('',#2080);
#2080=AXIS2_PLACEMENT_3D('',#2081,#2082,#2083);
#2081=CARTESIAN_POINT('',(1142.057124107,-133.682277726,10.0));
#2082=DIRECTION('',(-5.415722071E-14,1.0,0.0));
#2083=DIRECTION('',(1.0,5.415722071E-14,0.0));
#2084=ADVANCED_FACE('NONE',(#2085),#2119,.T.);
#2085=FACE_BOUND('NONE',#2086,.T.);
#2086=EDGE_LOOP('',(#2087,#2097,#2105,#2113));
#2087=ORIENTED_EDGE('',*,*,#2088,.T.);
#2088=EDGE_CURVE('NONE',#2089,#2091,#2093,.T.);
#2089=VERTEX_POINT('NONE',#2090);
#2090=CARTESIAN_POINT('',(1129.957124107,-133.682277726,0.5));
#2091=VERTEX_POINT('NONE',#2092);
#2092=CARTESIAN_POINT('',(1129.957124107,-139.482277726,0.5));
#2093=LINE('',#2094,#2095);
#2094=CARTESIAN_POINT('',(1129.957124107,-133.682277726,0.5));
#2095=VECTOR('',#2096,1.0);
#2096=DIRECTION('',(0.0,-1.0,1.495451272E-16));
#2097=ORIENTED_EDGE('',*,*,#2098,.T.);
#2098=EDGE_CURVE('NONE',#2091,#2099,#2101,.T.);
#2099=VERTEX_POINT('NONE',#2100);
#2100=CARTESIAN_POINT('',(1129.957124107,-139.482277726,10.0));
#2101=LINE('',#2102,#2103);
#2102=CARTESIAN_POINT('',(1129.957124107,-139.482277726,0.5));
#2103=VECTOR('',#2104,1.0);
#2104=DIRECTION('',(0.0,0.0,1.0));
#2105=ORIENTED_EDGE('',*,*,#2106,.T.);
#2106=EDGE_CURVE('NONE',#2099,#2107,#2109,.T.);
#2107=VERTEX_POINT('NONE',#2108);
#2108=CARTESIAN_POINT('',(1129.957124107,-133.682277726,10.0));
#2109=LINE('',#2110,#2111);
#2110=CARTESIAN_POINT('',(1129.957124107,-133.682277726,10.0));
#2111=VECTOR('',#2112,1.0);
#2112=DIRECTION('',(0.0,1.0,0.0));
#2113=ORIENTED_EDGE('',*,*,#2114,.T.);
#2114=EDGE_CURVE('NONE',#2107,#2089,#2115,.T.);
#2115=LINE('',#2116,#2117);
#2116=CARTESIAN_POINT('',(1129.957124107,-133.682277726,0.5));
#2117=VECTOR('',#2118,1.0);
#2118=DIRECTION('',(0.0,0.0,-1.0));
#2119=PLANE('',#2120);
#2120=AXIS2_PLACEMENT_3D('',#2121,#2122,#2123);
#2121=CARTESIAN_POINT('',(1129.957124107,0.0,0.0));
#2122=DIRECTION('',(-1.0,0.0,0.0));
#2123=DIRECTION('',(0.0,0.0,1.0));
#2124=ADVANCED_FACE('NONE',(#2125),#2150,.F.);
#2125=FACE_BOUND('NONE',#2126,.T.);
#2126=EDGE_LOOP('',(#2127,#2137,#2143,#2144));
#2127=ORIENTED_EDGE('',*,*,#2128,.T.);
#2128=EDGE_CURVE('NONE',#2129,#2131,#2133,.T.);
#2129=VERTEX_POINT('NONE',#2130);
#2130=CARTESIAN_POINT('',(1129.757124107,-133.682277726,10.0));
#2131=VERTEX_POINT('NONE',#2132);
#2132=CARTESIAN_POINT('',(1129.757124107,-133.682277726,0.5));
#2133=LINE('',#2134,#2135);
#2134=CARTESIAN_POINT('',(1129.757124107,-133.682277726,0.5));
#2135=VECTOR('',#2136,1.0);
#2136=DIRECTION('',(0.0,0.0,-1.0));
#2137=ORIENTED_EDGE('',*,*,#2138,.T.);
#2138=EDGE_CURVE('NONE',#2131,#2089,#2139,.F.);
#2139=LINE('',#2140,#2141);
#2140=CARTESIAN_POINT('',(1129.957124107,-133.682277726,0.5));
#2141=VECTOR('',#2142,1.0);
#2142=DIRECTION('',(-1.0,0.0,0.0));
#2143=ORIENTED_EDGE('',*,*,#2114,.F.);
#2144=ORIENTED_EDGE('',*,*,#2145,.T.);
#2145=EDGE_CURVE('NONE',#2107,#2129,#2146,.T.);
#2146=LINE('',#2147,#2148);
#2147=CARTESIAN_POINT('',(1129.957124107,-133.682277726,10.0));
#2148=VECTOR('',#2149,1.0);
#2149=DIRECTION('',(-1.0,0.0,0.0));
#2150=PLANE('',#2151);
#2151=AXIS2_PLACEMENT_3D('',#2152,#2153,#2154);
#2152=CARTESIAN_POINT('',(1129.957124107,-133.682277726,0.5));
#2153=DIRECTION('',(0.0,1.0,0.0));
#2154=DIRECTION('',(1.0,0.0,0.0));
#2155=ADVANCED_FACE('NONE',(#2156),#2190,.T.);
#2156=FACE_BOUND('NONE',#2157,.T.);
#2157=EDGE_LOOP('',(#2158,#2168,#2176,#2184));
#2158=ORIENTED_EDGE('',*,*,#2159,.T.);
#2159=EDGE_CURVE('NONE',#2160,#2162,#2164,.T.);
#2160=VERTEX_POINT('NONE',#2161);
#2161=CARTESIAN_POINT('',(1144.157124107,-139.482277726,0.05));
#2162=VERTEX_POINT('NONE',#2163);
#2163=CARTESIAN_POINT('',(1144.157124107,-140.982277726,0.05));
#2164=LINE('',#2165,#2166);
#2165=CARTESIAN_POINT('',(1144.157124107,-139.482277726,0.05));
#2166=VECTOR('',#2167,1.0);
#2167=DIRECTION('',(0.0,-1.0,0.0));
#2168=ORIENTED_EDGE('',*,*,#2169,.T.);
#2169=EDGE_CURVE('NONE',#2162,#2170,#2172,.T.);
#2170=VERTEX_POINT('NONE',#2171);
#2171=CARTESIAN_POINT('',(1131.357124107,-140.982277726,0.05));
#2172=LINE('',#2173,#2174);
#2173=CARTESIAN_POINT('',(1144.157124107,-140.982277726,0.05));
#2174=VECTOR('',#2175,1.0);
#2175=DIRECTION('',(-1.0,0.0,0.0));
#2176=ORIENTED_EDGE('',*,*,#2177,.T.);
#2177=EDGE_CURVE('NONE',#2170,#2178,#2180,.T.);
#2178=VERTEX_POINT('NONE',#2179);
#2179=CARTESIAN_POINT('',(1131.357124107,-139.482277726,0.05));
#2180=LINE('',#2181,#2182);
#2181=CARTESIAN_POINT('',(1131.357124107,-139.482277726,0.05));
#2182=VECTOR('',#2183,1.0);
#2183=DIRECTION('',(0.0,1.0,0.0));
#2184=ORIENTED_EDGE('',*,*,#2185,.T.);
#2185=EDGE_CURVE('NONE',#2178,#2160,#2186,.T.);
#2186=LINE('',#2187,#2188);
#2187=CARTESIAN_POINT('',(1144.157124107,-139.482277726,0.05));
#2188=VECTOR('',#2189,1.0);
#2189=DIRECTION('',(1.0,0.0,0.0));
#2190=PLANE('',#2191);
#2191=AXIS2_PLACEMENT_3D('',#2192,#2193,#2194);
#2192=CARTESIAN_POINT('',(0.0,0.0,0.05));
#2193=DIRECTION('',(0.0,0.0,-1.0));
#2194=DIRECTION('',(0.0,-1.0,0.0));
#2195=ADVANCED_FACE('NONE',(#2196),#2221,.F.);
#2196=FACE_BOUND('NONE',#2197,.T.);
#2197=EDGE_LOOP('',(#2198,#2208,#2214,#2215));
#2198=ORIENTED_EDGE('',*,*,#2199,.T.);
#2199=EDGE_CURVE('NONE',#2200,#2202,#2204,.T.);
#2200=VERTEX_POINT('NONE',#2201);
#2201=CARTESIAN_POINT('',(1131.357124107,-140.982277726,0.0));
#2202=VERTEX_POINT('NONE',#2203);
#2203=CARTESIAN_POINT('',(1131.357124107,-139.482277726,0.0));
#2204=LINE('',#2205,#2206);
#2205=CARTESIAN_POINT('',(1131.357124107,-139.482277726,0.0));
#2206=VECTOR('',#2207,1.0);
#2207=DIRECTION('',(0.0,1.0,0.0));
#2208=ORIENTED_EDGE('',*,*,#2209,.T.);
#2209=EDGE_CURVE('NONE',#2202,#2178,#2210,.F.);
#2210=LINE('',#2211,#2212);
#2211=CARTESIAN_POINT('',(1131.357124107,-139.482277726,0.05));
#2212=VECTOR('',#2213,1.0);
#2213=DIRECTION('',(0.0,0.0,-1.0));
#2214=ORIENTED_EDGE('',*,*,#2177,.F.);
#2215=ORIENTED_EDGE('',*,*,#2216,.T.);
#2216=EDGE_CURVE('NONE',#2170,#2200,#2217,.T.);
#2217=LINE('',#2218,#2219);
#2218=CARTESIAN_POINT('',(1131.357124107,-140.982277726,0.05));
#2219=VECTOR('',#2220,1.0);
#2220=DIRECTION('',(0.0,0.0,-1.0));
#2221=PLANE('',#2222);
#2222=AXIS2_PLACEMENT_3D('',#2223,#2224,#2225);
#2223=CARTESIAN_POINT('',(1131.357124107,-139.482277726,0.05));
#2224=DIRECTION('',(-1.0,0.0,0.0));
#2225=DIRECTION('',(0.0,0.0,1.0));
#2226=ADVANCED_FACE('NONE',(#2227),#2245,.F.);
#2227=FACE_BOUND('NONE',#2228,.T.);
#2228=EDGE_LOOP('',(#2229,#2237,#2243,#2244));
#2229=ORIENTED_EDGE('',*,*,#2230,.T.);
#2230=EDGE_CURVE('NONE',#2202,#2231,#2233,.T.);
#2231=VERTEX_POINT('NONE',#2232);
#2232=CARTESIAN_POINT('',(1144.157124107,-139.482277726,0.0));
#2233=LINE('',#2234,#2235);
#2234=CARTESIAN_POINT('',(1144.157124107,-139.482277726,0.0));
#2235=VECTOR('',#2236,1.0);
#2236=DIRECTION('',(1.0,0.0,0.0));
#2237=ORIENTED_EDGE('',*,*,#2238,.T.);
#2238=EDGE_CURVE('NONE',#2231,#2160,#2239,.F.);
#2239=LINE('',#2240,#2241);
#2240=CARTESIAN_POINT('',(1144.157124107,-139.482277726,0.05));
#2241=VECTOR('',#2242,1.0);
#2242=DIRECTION('',(0.0,0.0,-1.0));
#2243=ORIENTED_EDGE('',*,*,#2185,.F.);
#2244=ORIENTED_EDGE('',*,*,#2209,.F.);
#2245=PLANE('',#2246);
#2246=AXIS2_PLACEMENT_3D('',#2247,#2248,#2249);
#2247=CARTESIAN_POINT('',(1144.157124107,-139.482277726,0.05));
#2248=DIRECTION('',(0.0,1.0,0.0));
#2249=DIRECTION('',(1.0,0.0,0.0));
#2250=ADVANCED_FACE('NONE',(#2251),#2269,.F.);
#2251=FACE_BOUND('NONE',#2252,.T.);
#2252=EDGE_LOOP('',(#2253,#2261,#2267,#2268));
#2253=ORIENTED_EDGE('',*,*,#2254,.T.);
#2254=EDGE_CURVE('NONE',#2231,#2255,#2257,.T.);
#2255=VERTEX_POINT('NONE',#2256);
#2256=CARTESIAN_POINT('',(1144.157124107,-140.982277726,0.0));
#2257=LINE('',#2258,#2259);
#2258=CARTESIAN_POINT('',(1144.157124107,-139.482277726,0.0));
#2259=VECTOR('',#2260,1.0);
#2260=DIRECTION('',(0.0,-1.0,0.0));
#2261=ORIENTED_EDGE('',*,*,#2262,.T.);
#2262=EDGE_CURVE('NONE',#2255,#2162,#2263,.F.);
#2263=LINE('',#2264,#2265);
#2264=CARTESIAN_POINT('',(1144.157124107,-140.982277726,0.05));
#2265=VECTOR('',#2266,1.0);
#2266=DIRECTION('',(0.0,0.0,-1.0));
#2267=ORIENTED_EDGE('',*,*,#2159,.F.);
#2268=ORIENTED_EDGE('',*,*,#2238,.F.);
#2269=PLANE('',#2270);
#2270=AXIS2_PLACEMENT_3D('',#2271,#2272,#2273);
#2271=CARTESIAN_POINT('',(1144.157124107,-139.482277726,0.05));
#2272=DIRECTION('',(1.0,0.0,0.0));
#2273=DIRECTION('',(0.0,1.0,0.0));
#2274=ADVANCED_FACE('NONE',(#2275),#2309,.F.);
#2275=FACE_BOUND('NONE',#2276,.T.);
#2276=EDGE_LOOP('',(#2277,#2287,#2295,#2303));
#2277=ORIENTED_EDGE('',*,*,#2278,.T.);
#2278=EDGE_CURVE('NONE',#2279,#2281,#2283,.T.);
#2279=VERTEX_POINT('NONE',#2280);
#2280=CARTESIAN_POINT('',(1131.357124107,-139.482277726,10.45));
#2281=VERTEX_POINT('NONE',#2282);
#2282=CARTESIAN_POINT('',(1131.357124107,-140.982277726,10.45));
#2283=LINE('',#2284,#2285);
#2284=CARTESIAN_POINT('',(1131.357124107,-140.982277726,10.45));
#2285=VECTOR('',#2286,1.0);
#2286=DIRECTION('',(0.0,-1.0,0.0));
#2287=ORIENTED_EDGE('',*,*,#2288,.T.);
#2288=EDGE_CURVE('NONE',#2281,#2289,#2291,.T.);
#2289=VERTEX_POINT('NONE',#2290);
#2290=CARTESIAN_POINT('',(1144.157124107,-140.982277726,10.45));
#2291=LINE('',#2292,#2293);
#2292=CARTESIAN_POINT('',(1131.357124107,-140.982277726,10.45));
#2293=VECTOR('',#2294,1.0);
#2294=DIRECTION('',(1.0,0.0,0.0));
#2295=ORIENTED_EDGE('',*,*,#2296,.T.);
#2296=EDGE_CURVE('NONE',#2289,#2297,#2299,.T.);
#2297=VERTEX_POINT('NONE',#2298);
#2298=CARTESIAN_POINT('',(1144.157124107,-139.482277726,10.45));
#2299=LINE('',#2300,#2301);
#2300=CARTESIAN_POINT('',(1144.157124107,-140.982277726,10.45));
#2301=VECTOR('',#2302,1.0);
#2302=DIRECTION('',(0.0,1.0,0.0));
#2303=ORIENTED_EDGE('',*,*,#2304,.T.);
#2304=EDGE_CURVE('NONE',#2297,#2279,#2305,.T.);
#2305=LINE('',#2306,#2307);
#2306=CARTESIAN_POINT('',(1131.357124107,-139.482277726,10.45));
#2307=VECTOR('',#2308,1.0);
#2308=DIRECTION('',(-1.0,0.0,0.0));
#2309=PLANE('',#2310);
#2310=AXIS2_PLACEMENT_3D('',#2311,#2312,#2313);
#2311=CARTESIAN_POINT('',(0.0,0.0,10.45));
#2312=DIRECTION('',(0.0,0.0,-1.0));
#2313=DIRECTION('',(0.0,-1.0,0.0));
#2314=ADVANCED_FACE('NONE',(#2315),#2340,.F.);
#2315=FACE_BOUND('NONE',#2316,.T.);
#2316=EDGE_LOOP('',(#2317,#2327,#2333,#2334));
#2317=ORIENTED_EDGE('',*,*,#2318,.T.);
#2318=EDGE_CURVE('NONE',#2319,#2321,#2323,.T.);
#2319=VERTEX_POINT('NONE',#2320);
#2320=CARTESIAN_POINT('',(1144.157124107,-140.982277726,10.5));
#2321=VERTEX_POINT('NONE',#2322);
#2322=CARTESIAN_POINT('',(1144.157124107,-139.482277726,10.5));
#2323=LINE('',#2324,#2325);
#2324=CARTESIAN_POINT('',(1144.157124107,-140.982277726,10.5));
#2325=VECTOR('',#2326,1.0);
#2326=DIRECTION('',(0.0,1.0,0.0));
#2327=ORIENTED_EDGE('',*,*,#2328,.T.);
#2328=EDGE_CURVE('NONE',#2321,#2297,#2329,.F.);
#2329=LINE('',#2330,#2331);
#2330=CARTESIAN_POINT('',(1144.157124107,-139.482277726,10.45));
#2331=VECTOR('',#2332,1.0);
#2332=DIRECTION('',(0.0,0.0,1.0));
#2333=ORIENTED_EDGE('',*,*,#2296,.F.);
#2334=ORIENTED_EDGE('',*,*,#2335,.T.);
#2335=EDGE_CURVE('NONE',#2289,#2319,#2336,.T.);
#2336=LINE('',#2337,#2338);
#2337=CARTESIAN_POINT('',(1144.157124107,-140.982277726,10.45));
#2338=VECTOR('',#2339,1.0);
#2339=DIRECTION('',(0.0,0.0,1.0));
#2340=PLANE('',#2341);
#2341=AXIS2_PLACEMENT_3D('',#2342,#2343,#2344);
#2342=CARTESIAN_POINT('',(1144.157124107,-140.982277726,10.45));
#2343=DIRECTION('',(1.0,0.0,0.0));
#2344=DIRECTION('',(0.0,1.0,0.0));
#2345=ADVANCED_FACE('NONE',(#2346),#2364,.F.);
#2346=FACE_BOUND('NONE',#2347,.T.);
#2347=EDGE_LOOP('',(#2348,#2356,#2362,#2363));
#2348=ORIENTED_EDGE('',*,*,#2349,.T.);
#2349=EDGE_CURVE('NONE',#2321,#2350,#2352,.T.);
#2350=VERTEX_POINT('NONE',#2351);
#2351=CARTESIAN_POINT('',(1131.357124107,-139.482277726,10.5));
#2352=LINE('',#2353,#2354);
#2353=CARTESIAN_POINT('',(1131.357124107,-139.482277726,10.5));
#2354=VECTOR('',#2355,1.0);
#2355=DIRECTION('',(-1.0,0.0,0.0));
#2356=ORIENTED_EDGE('',*,*,#2357,.T.);
#2357=EDGE_CURVE('NONE',#2350,#2279,#2358,.F.);
#2358=LINE('',#2359,#2360);
#2359=CARTESIAN_POINT('',(1131.357124107,-139.482277726,10.45));
#2360=VECTOR('',#2361,1.0);
#2361=DIRECTION('',(0.0,0.0,1.0));
#2362=ORIENTED_EDGE('',*,*,#2304,.F.);
#2363=ORIENTED_EDGE('',*,*,#2328,.F.);
#2364=PLANE('',#2365);
#2365=AXIS2_PLACEMENT_3D('',#2366,#2367,#2368);
#2366=CARTESIAN_POINT('',(1131.357124107,-139.482277726,10.45));
#2367=DIRECTION('',(0.0,1.0,0.0));
#2368=DIRECTION('',(1.0,0.0,0.0));
#2369=ADVANCED_FACE('NONE',(#2370),#2388,.F.);
#2370=FACE_BOUND('NONE',#2371,.T.);
#2371=EDGE_LOOP('',(#2372,#2380,#2386,#2387));
#2372=ORIENTED_EDGE('',*,*,#2373,.T.);
#2373=EDGE_CURVE('NONE',#2350,#2374,#2376,.T.);
#2374=VERTEX_POINT('NONE',#2375);
#2375=CARTESIAN_POINT('',(1131.357124107,-140.982277726,10.5));
#2376=LINE('',#2377,#2378);
#2377=CARTESIAN_POINT('',(1131.357124107,-140.982277726,10.5));
#2378=VECTOR('',#2379,1.0);
#2379=DIRECTION('',(0.0,-1.0,0.0));
#2380=ORIENTED_EDGE('',*,*,#2381,.T.);
#2381=EDGE_CURVE('NONE',#2374,#2281,#2382,.F.);
#2382=LINE('',#2383,#2384);
#2383=CARTESIAN_POINT('',(1131.357124107,-140.982277726,10.45));
#2384=VECTOR('',#2385,1.0);
#2385=DIRECTION('',(0.0,0.0,1.0));
#2386=ORIENTED_EDGE('',*,*,#2278,.F.);
#2387=ORIENTED_EDGE('',*,*,#2357,.F.);
#2388=PLANE('',#2389);
#2389=AXIS2_PLACEMENT_3D('',#2390,#2391,#2392);
#2390=CARTESIAN_POINT('',(1131.357124107,-140.982277726,10.45));
#2391=DIRECTION('',(-1.0,0.0,0.0));
#2392=DIRECTION('',(0.0,0.0,1.0));
#2393=ADVANCED_FACE('NONE',(#2394),#2419,.T.);
#2394=FACE_BOUND('NONE',#2395,.T.);
#2395=EDGE_LOOP('',(#2396,#2404,#2405,#2413));
#2396=ORIENTED_EDGE('',*,*,#2397,.T.);
#2397=EDGE_CURVE('NONE',#2398,#1605,#2400,.T.);
#2398=VERTEX_POINT('NONE',#2399);
#2399=CARTESIAN_POINT('',(1132.407124107,-141.432277726,7.7));
#2400=LINE('',#2401,#2402);
#2401=CARTESIAN_POINT('',(1132.407124107,-141.432277726,7.7));
#2402=VECTOR('',#2403,1.0);
#2403=DIRECTION('',(0.0,0.0,-1.0));
#2404=ORIENTED_EDGE('',*,*,#1632,.F.);
#2405=ORIENTED_EDGE('',*,*,#2406,.T.);
#2406=EDGE_CURVE('NONE',#1624,#2407,#2409,.T.);
#2407=VERTEX_POINT('NONE',#2408);
#2408=CARTESIAN_POINT('',(1134.107124107,-141.432277726,7.7));
#2409=LINE('',#2410,#2411);
#2410=CARTESIAN_POINT('',(1134.107124107,-141.432277726,7.7));
#2411=VECTOR('',#2412,1.0);
#2412=DIRECTION('',(0.0,0.0,1.0));
#2413=ORIENTED_EDGE('',*,*,#2414,.T.);
#2414=EDGE_CURVE('NONE',#2407,#2398,#2415,.T.);
#2415=LINE('',#2416,#2417);
#2416=CARTESIAN_POINT('',(1132.407124107,-141.432277726,7.7));
#2417=VECTOR('',#2418,1.0);
#2418=DIRECTION('',(-1.0,0.0,0.0));
#2419=PLANE('',#2420);
#2420=AXIS2_PLACEMENT_3D('',#2421,#2422,#2423);
#2421=CARTESIAN_POINT('',(0.0,-141.432277726,0.0));
#2422=DIRECTION('',(0.0,-1.0,0.0));
#2423=DIRECTION('',(0.0,0.0,-1.0));
#2424=ADVANCED_FACE('NONE',(#2425),#2450,.F.);
#2425=FACE_BOUND('NONE',#2426,.T.);
#2426=EDGE_LOOP('',(#2427,#2437,#2443,#2444));
#2427=ORIENTED_EDGE('',*,*,#2428,.T.);
#2428=EDGE_CURVE('NONE',#2429,#2431,#2433,.T.);
#2429=VERTEX_POINT('NONE',#2430);
#2430=CARTESIAN_POINT('',(1134.107124107,-140.982277726,7.7));
#2431=VERTEX_POINT('NONE',#2432);
#2432=CARTESIAN_POINT('',(1132.407124107,-140.982277726,7.7));
#2433=LINE('',#2434,#2435);
#2434=CARTESIAN_POINT('',(1132.407124107,-140.982277726,7.7));
#2435=VECTOR('',#2436,1.0);
#2436=DIRECTION('',(-1.0,0.0,0.0));
#2437=ORIENTED_EDGE('',*,*,#2438,.T.);
#2438=EDGE_CURVE('NONE',#2431,#2398,#2439,.F.);
#2439=LINE('',#2440,#2441);
#2440=CARTESIAN_POINT('',(1132.407124107,-141.432277726,7.7));
#2441=VECTOR('',#2442,1.0);
#2442=DIRECTION('',(0.0,1.0,0.0));
#2443=ORIENTED_EDGE('',*,*,#2414,.F.);
#2444=ORIENTED_EDGE('',*,*,#2445,.T.);
#2445=EDGE_CURVE('NONE',#2407,#2429,#2446,.T.);
#2446=LINE('',#2447,#2448);
#2447=CARTESIAN_POINT('',(1134.107124107,-141.432277726,7.7));
#2448=VECTOR('',#2449,1.0);
#2449=DIRECTION('',(0.0,1.0,0.0));
#2450=PLANE('',#2451);
#2451=AXIS2_PLACEMENT_3D('',#2452,#2453,#2454);
#2452=CARTESIAN_POINT('',(1132.407124107,-141.432277726,7.7));
#2453=DIRECTION('',(0.0,0.0,-1.0));
#2454=DIRECTION('',(0.0,-1.0,0.0));
#2455=ADVANCED_FACE('NONE',(#2456),#2475,.F.);
#2456=FACE_BOUND('NONE',#2457,.T.);
#2457=EDGE_LOOP('',(#2458,#2459,#2460,#2468,#2474));
#2458=ORIENTED_EDGE('',*,*,#2406,.F.);
#2459=ORIENTED_EDGE('',*,*,#1623,.F.);
#2460=ORIENTED_EDGE('',*,*,#2461,.T.);
#2461=EDGE_CURVE('NONE',#1616,#2462,#2464,.T.);
#2462=VERTEX_POINT('NONE',#2463);
#2463=CARTESIAN_POINT('',(1134.107124107,-140.982277726,6.0));
#2464=LINE('',#2465,#2466);
#2465=CARTESIAN_POINT('',(1134.107124107,-141.432277726,6.0));
#2466=VECTOR('',#2467,1.0);
#2467=DIRECTION('',(0.0,1.0,0.0));
#2468=ORIENTED_EDGE('',*,*,#2469,.T.);
#2469=EDGE_CURVE('NONE',#2462,#2429,#2470,.T.);
#2470=LINE('',#2471,#2472);
#2471=CARTESIAN_POINT('',(1134.107124107,-140.982277726,7.7));
#2472=VECTOR('',#2473,1.0);
#2473=DIRECTION('',(0.0,0.0,1.0));
#2474=ORIENTED_EDGE('',*,*,#2445,.F.);
#2475=PLANE('',#2476);
#2476=AXIS2_PLACEMENT_3D('',#2477,#2478,#2479);
#2477=CARTESIAN_POINT('',(1134.107124107,-141.432277726,7.7));
#2478=DIRECTION('',(-1.0,0.0,0.0));
#2479=DIRECTION('',(0.0,0.0,1.0));
#2480=ADVANCED_FACE('NONE',(#2481),#2499,.F.);
#2481=FACE_BOUND('NONE',#2482,.T.);
#2482=EDGE_LOOP('',(#2483,#2484,#2485,#2493));
#2483=ORIENTED_EDGE('',*,*,#2461,.F.);
#2484=ORIENTED_EDGE('',*,*,#1615,.F.);
#2485=ORIENTED_EDGE('',*,*,#2486,.T.);
#2486=EDGE_CURVE('NONE',#1607,#2487,#2489,.T.);
#2487=VERTEX_POINT('NONE',#2488);
#2488=CARTESIAN_POINT('',(1132.407124107,-140.982277726,6.0));
#2489=LINE('',#2490,#2491);
#2490=CARTESIAN_POINT('',(1132.407124107,-141.432277726,6.0));
#2491=VECTOR('',#2492,1.0);
#2492=DIRECTION('',(0.0,1.0,0.0));
#2493=ORIENTED_EDGE('',*,*,#2494,.T.);
#2494=EDGE_CURVE('NONE',#2487,#2462,#2495,.T.);
#2495=LINE('',#2496,#2497);
#2496=CARTESIAN_POINT('',(1132.407124107,-140.982277726,6.0));
#2497=VECTOR('',#2498,1.0);
#2498=DIRECTION('',(1.0,0.0,0.0));
#2499=PLANE('',#2500);
#2500=AXIS2_PLACEMENT_3D('',#2501,#2502,#2503);
#2501=CARTESIAN_POINT('',(1132.407124107,-141.432277726,6.0));
#2502=DIRECTION('',(0.0,0.0,1.0));
#2503=DIRECTION('',(1.0,0.0,0.0));
#2504=ADVANCED_FACE('NONE',(#2505),#2517,.F.);
#2505=FACE_BOUND('NONE',#2506,.T.);
#2506=EDGE_LOOP('',(#2507,#2508,#2509,#2510,#2511));
#2507=ORIENTED_EDGE('',*,*,#2486,.F.);
#2508=ORIENTED_EDGE('',*,*,#1604,.F.);
#2509=ORIENTED_EDGE('',*,*,#2397,.F.);
#2510=ORIENTED_EDGE('',*,*,#2438,.F.);
#2511=ORIENTED_EDGE('',*,*,#2512,.T.);
#2512=EDGE_CURVE('NONE',#2431,#2487,#2513,.T.);
#2513=LINE('',#2514,#2515);
#2514=CARTESIAN_POINT('',(1132.407124107,-140.982277726,7.7));
#2515=VECTOR('',#2516,1.0);
#2516=DIRECTION('',(0.0,0.0,-1.0));
#2517=PLANE('',#2518);
#2518=AXIS2_PLACEMENT_3D('',#2519,#2520,#2521);
#2519=CARTESIAN_POINT('',(1132.407124107,-141.432277726,7.7));
#2520=DIRECTION('',(1.0,0.0,0.0));
#2521=DIRECTION('',(0.0,1.0,0.0));
#2522=ADVANCED_FACE('NONE',(#2523),#2548,.T.);
#2523=FACE_BOUND('NONE',#2524,.T.);
#2524=EDGE_LOOP('',(#2525,#2533,#2534,#2542));
#2525=ORIENTED_EDGE('',*,*,#2526,.T.);
#2526=EDGE_CURVE('NONE',#2527,#1647,#2529,.T.);
#2527=VERTEX_POINT('NONE',#2528);
#2528=CARTESIAN_POINT('',(1136.907124107,-141.432277726,7.7));
#2529=LINE('',#2530,#2531);
#2530=CARTESIAN_POINT('',(1136.907124107,-141.432277726,7.7));
#2531=VECTOR('',#2532,1.0);
#2532=DIRECTION('',(0.0,0.0,-1.0));
#2533=ORIENTED_EDGE('',*,*,#1674,.F.);
#2534=ORIENTED_EDGE('',*,*,#2535,.T.);
#2535=EDGE_CURVE('NONE',#1666,#2536,#2538,.T.);
#2536=VERTEX_POINT('NONE',#2537);
#2537=CARTESIAN_POINT('',(1138.607656242,-141.432277726,7.7));
#2538=LINE('',#2539,#2540);
#2539=CARTESIAN_POINT('',(1138.607656242,-141.432277726,7.7));
#2540=VECTOR('',#2541,1.0);
#2541=DIRECTION('',(0.0,0.0,1.0));
#2542=ORIENTED_EDGE('',*,*,#2543,.T.);
#2543=EDGE_CURVE('NONE',#2536,#2527,#2544,.T.);
#2544=LINE('',#2545,#2546);
#2545=CARTESIAN_POINT('',(1136.907124107,-141.432277726,7.7));
#2546=VECTOR('',#2547,1.0);
#2547=DIRECTION('',(-1.0,0.0,0.0));
#2548=PLANE('',#2549);
#2549=AXIS2_PLACEMENT_3D('',#2550,#2551,#2552);
#2550=CARTESIAN_POINT('',(0.0,-141.432277726,0.0));
#2551=DIRECTION('',(0.0,-1.0,0.0));
#2552=DIRECTION('',(0.0,0.0,-1.0));
#2553=ADVANCED_FACE('NONE',(#2554),#2579,.F.);
#2554=FACE_BOUND('NONE',#2555,.T.);
#2555=EDGE_LOOP('',(#2556,#2566,#2572,#2573));
#2556=ORIENTED_EDGE('',*,*,#2557,.T.);
#2557=EDGE_CURVE('NONE',#2558,#2560,#2562,.T.);
#2558=VERTEX_POINT('NONE',#2559);
#2559=CARTESIAN_POINT('',(1138.607656242,-140.982277726,7.7));
#2560=VERTEX_POINT('NONE',#2561);
#2561=CARTESIAN_POINT('',(1136.907124107,-140.982277726,7.7));
#2562=LINE('',#2563,#2564);
#2563=CARTESIAN_POINT('',(1136.907124107,-140.982277726,7.7));
#2564=VECTOR('',#2565,1.0);
#2565=DIRECTION('',(-1.0,0.0,0.0));
#2566=ORIENTED_EDGE('',*,*,#2567,.T.);
#2567=EDGE_CURVE('NONE',#2560,#2527,#2568,.F.);
#2568=LINE('',#2569,#2570);
#2569=CARTESIAN_POINT('',(1136.907124107,-141.432277726,7.7));
#2570=VECTOR('',#2571,1.0);
#2571=DIRECTION('',(0.0,1.0,0.0));
#2572=ORIENTED_EDGE('',*,*,#2543,.F.);
#2573=ORIENTED_EDGE('',*,*,#2574,.T.);
#2574=EDGE_CURVE('NONE',#2536,#2558,#2575,.T.);
#2575=LINE('',#2576,#2577);
#2576=CARTESIAN_POINT('',(1138.607656242,-141.432277726,7.7));
#2577=VECTOR('',#2578,1.0);
#2578=DIRECTION('',(0.0,1.0,0.0));
#2579=PLANE('',#2580);
#2580=AXIS2_PLACEMENT_3D('',#2581,#2582,#2583);
#2581=CARTESIAN_POINT('',(1136.907124107,-141.432277726,7.7));
#2582=DIRECTION('',(0.0,0.0,-1.0));
#2583=DIRECTION('',(0.0,-1.0,0.0));
#2584=ADVANCED_FACE('NONE',(#2585),#2604,.F.);
#2585=FACE_BOUND('NONE',#2586,.T.);
#2586=EDGE_LOOP('',(#2587,#2588,#2589,#2597,#2603));
#2587=ORIENTED_EDGE('',*,*,#2535,.F.);
#2588=ORIENTED_EDGE('',*,*,#1665,.F.);
#2589=ORIENTED_EDGE('',*,*,#2590,.T.);
#2590=EDGE_CURVE('NONE',#1658,#2591,#2593,.T.);
#2591=VERTEX_POINT('NONE',#2592);
#2592=CARTESIAN_POINT('',(1138.607656242,-140.982277726,6.0));
#2593=LINE('',#2594,#2595);
#2594=CARTESIAN_POINT('',(1138.607656242,-141.432277726,6.0));
#2595=VECTOR('',#2596,1.0);
#2596=DIRECTION('',(0.0,1.0,0.0));
#2597=ORIENTED_EDGE('',*,*,#2598,.T.);
#2598=EDGE_CURVE('NONE',#2591,#2558,#2599,.T.);
#2599=LINE('',#2600,#2601);
#2600=CARTESIAN_POINT('',(1138.607656242,-140.982277726,7.7));
#2601=VECTOR('',#2602,1.0);
#2602=DIRECTION('',(0.0,0.0,1.0));
#2603=ORIENTED_EDGE('',*,*,#2574,.F.);
#2604=PLANE('',#2605);
#2605=AXIS2_PLACEMENT_3D('',#2606,#2607,#2608);
#2606=CARTESIAN_POINT('',(1138.607656242,-141.432277726,7.7));
#2607=DIRECTION('',(-1.0,0.0,0.0));
#2608=DIRECTION('',(0.0,0.0,1.0));
#2609=ADVANCED_FACE('NONE',(#2610),#2628,.F.);
#2610=FACE_BOUND('NONE',#2611,.T.);
#2611=EDGE_LOOP('',(#2612,#2613,#2614,#2622));
#2612=ORIENTED_EDGE('',*,*,#2590,.F.);
#2613=ORIENTED_EDGE('',*,*,#1657,.F.);
#2614=ORIENTED_EDGE('',*,*,#2615,.T.);
#2615=EDGE_CURVE('NONE',#1649,#2616,#2618,.T.);
#2616=VERTEX_POINT('NONE',#2617);
#2617=CARTESIAN_POINT('',(1136.907124107,-140.982277726,6.0));
#2618=LINE('',#2619,#2620);
#2619=CARTESIAN_POINT('',(1136.907124107,-141.432277726,6.0));
#2620=VECTOR('',#2621,1.0);
#2621=DIRECTION('',(0.0,1.0,0.0));
#2622=ORIENTED_EDGE('',*,*,#2623,.T.);
#2623=EDGE_CURVE('NONE',#2616,#2591,#2624,.T.);
#2624=LINE('',#2625,#2626);
#2625=CARTESIAN_POINT('',(1136.907124107,-140.982277726,6.0));
#2626=VECTOR('',#2627,1.0);
#2627=DIRECTION('',(1.0,0.0,0.0));
#2628=PLANE('',#2629);
#2629=AXIS2_PLACEMENT_3D('',#2630,#2631,#2632);
#2630=CARTESIAN_POINT('',(1136.907124107,-141.432277726,6.0));
#2631=DIRECTION('',(0.0,0.0,1.0));
#2632=DIRECTION('',(1.0,0.0,0.0));
#2633=ADVANCED_FACE('NONE',(#2634),#2646,.F.);
#2634=FACE_BOUND('NONE',#2635,.T.);
#2635=EDGE_LOOP('',(#2636,#2637,#2638,#2639,#2640));
#2636=ORIENTED_EDGE('',*,*,#2615,.F.);
#2637=ORIENTED_EDGE('',*,*,#1646,.F.);
#2638=ORIENTED_EDGE('',*,*,#2526,.F.);
#2639=ORIENTED_EDGE('',*,*,#2567,.F.);
#2640=ORIENTED_EDGE('',*,*,#2641,.T.);
#2641=EDGE_CURVE('NONE',#2560,#2616,#2642,.T.);
#2642=LINE('',#2643,#2644);
#2643=CARTESIAN_POINT('',(1136.907124107,-140.982277726,7.7));
#2644=VECTOR('',#2645,1.0);
#2645=DIRECTION('',(0.0,0.0,-1.0));
#2646=PLANE('',#2647);
#2647=AXIS2_PLACEMENT_3D('',#2648,#2649,#2650);
#2648=CARTESIAN_POINT('',(1136.907124107,-141.432277726,7.7));
#2649=DIRECTION('',(1.0,0.0,0.0));
#2650=DIRECTION('',(0.0,1.0,0.0));
#2651=ADVANCED_FACE('NONE',(#2652),#2677,.F.);
#2652=FACE_BOUND('NONE',#2653,.T.);
#2653=EDGE_LOOP('',(#2654,#2662,#2663,#2671));
#2654=ORIENTED_EDGE('',*,*,#2655,.T.);
#2655=EDGE_CURVE('NONE',#2656,#1731,#2658,.T.);
#2656=VERTEX_POINT('NONE',#2657);
#2657=CARTESIAN_POINT('',(1141.407124107,-141.432277726,7.7));
#2658=LINE('',#2659,#2660);
#2659=CARTESIAN_POINT('',(1141.407124107,-141.432277726,6.0));
#2660=VECTOR('',#2661,1.0);
#2661=DIRECTION('',(0.0,0.0,-1.0));
#2662=ORIENTED_EDGE('',*,*,#1758,.F.);
#2663=ORIENTED_EDGE('',*,*,#2664,.T.);
#2664=EDGE_CURVE('NONE',#1750,#2665,#2667,.T.);
#2665=VERTEX_POINT('NONE',#2666);
#2666=CARTESIAN_POINT('',(1143.107124107,-141.432277726,7.7));
#2667=LINE('',#2668,#2669);
#2668=CARTESIAN_POINT('',(1143.107124107,-141.432277726,6.0));
#2669=VECTOR('',#2670,1.0);
#2670=DIRECTION('',(0.0,0.0,1.0));
#2671=ORIENTED_EDGE('',*,*,#2672,.T.);
#2672=EDGE_CURVE('NONE',#2665,#2656,#2673,.T.);
#2673=LINE('',#2674,#2675);
#2674=CARTESIAN_POINT('',(1141.407124107,-141.432277726,7.7));
#2675=VECTOR('',#2676,1.0);
#2676=DIRECTION('',(-1.0,0.0,0.0));
#2677=PLANE('',#2678);
#2678=AXIS2_PLACEMENT_3D('',#2679,#2680,#2681);
#2679=CARTESIAN_POINT('',(0.0,-141.432277726,0.0));
#2680=DIRECTION('',(0.0,1.0,0.0));
#2681=DIRECTION('',(1.0,0.0,0.0));
#2682=ADVANCED_FACE('NONE',(#2683),#2708,.F.);
#2683=FACE_BOUND('NONE',#2684,.T.);
#2684=EDGE_LOOP('',(#2685,#2695,#2701,#2702));
#2685=ORIENTED_EDGE('',*,*,#2686,.T.);
#2686=EDGE_CURVE('NONE',#2687,#2689,#2691,.T.);
#2687=VERTEX_POINT('NONE',#2688);
#2688=CARTESIAN_POINT('',(1143.107124107,-140.982277726,7.7));
#2689=VERTEX_POINT('NONE',#2690);
#2690=CARTESIAN_POINT('',(1141.407124107,-140.982277726,7.7));
#2691=LINE('',#2692,#2693);
#2692=CARTESIAN_POINT('',(1141.407124107,-140.982277726,7.7));
#2693=VECTOR('',#2694,1.0);
#2694=DIRECTION('',(-1.0,0.0,0.0));
#2695=ORIENTED_EDGE('',*,*,#2696,.T.);
#2696=EDGE_CURVE('NONE',#2689,#2656,#2697,.F.);
#2697=LINE('',#2698,#2699);
#2698=CARTESIAN_POINT('',(1141.407124107,-141.432277726,7.7));
#2699=VECTOR('',#2700,1.0);
#2700=DIRECTION('',(0.0,1.0,0.0));
#2701=ORIENTED_EDGE('',*,*,#2672,.F.);
#2702=ORIENTED_EDGE('',*,*,#2703,.T.);
#2703=EDGE_CURVE('NONE',#2665,#2687,#2704,.T.);
#2704=LINE('',#2705,#2706);
#2705=CARTESIAN_POINT('',(1143.107124107,-141.432277726,7.7));
#2706=VECTOR('',#2707,1.0);
#2707=DIRECTION('',(0.0,1.0,0.0));
#2708=PLANE('',#2709);
#2709=AXIS2_PLACEMENT_3D('',#2710,#2711,#2712);
#2710=CARTESIAN_POINT('',(1141.407124107,-141.432277726,7.7));
#2711=DIRECTION('',(0.0,0.0,-1.0));
#2712=DIRECTION('',(0.0,-1.0,0.0));
#2713=ADVANCED_FACE('NONE',(#2714),#2733,.F.);
#2714=FACE_BOUND('NONE',#2715,.T.);
#2715=EDGE_LOOP('',(#2716,#2717,#2718,#2726,#2732));
#2716=ORIENTED_EDGE('',*,*,#2664,.F.);
#2717=ORIENTED_EDGE('',*,*,#1749,.F.);
#2718=ORIENTED_EDGE('',*,*,#2719,.T.);
#2719=EDGE_CURVE('NONE',#1742,#2720,#2722,.T.);
#2720=VERTEX_POINT('NONE',#2721);
#2721=CARTESIAN_POINT('',(1143.107124107,-140.982277726,6.0));
#2722=LINE('',#2723,#2724);
#2723=CARTESIAN_POINT('',(1143.107124107,-141.432277726,6.0));
#2724=VECTOR('',#2725,1.0);
#2725=DIRECTION('',(0.0,1.0,0.0));
#2726=ORIENTED_EDGE('',*,*,#2727,.T.);
#2727=EDGE_CURVE('NONE',#2720,#2687,#2728,.T.);
#2728=LINE('',#2729,#2730);
#2729=CARTESIAN_POINT('',(1143.107124107,-140.982277726,6.0));
#2730=VECTOR('',#2731,1.0);
#2731=DIRECTION('',(0.0,0.0,1.0));
#2732=ORIENTED_EDGE('',*,*,#2703,.F.);
#2733=PLANE('',#2734);
#2734=AXIS2_PLACEMENT_3D('',#2735,#2736,#2737);
#2735=CARTESIAN_POINT('',(1143.107124107,-141.432277726,6.0));
#2736=DIRECTION('',(-1.0,0.0,0.0));
#2737=DIRECTION('',(0.0,0.0,1.0));
#2738=ADVANCED_FACE('NONE',(#2739),#2757,.F.);
#2739=FACE_BOUND('NONE',#2740,.T.);
#2740=EDGE_LOOP('',(#2741,#2742,#2743,#2751));
#2741=ORIENTED_EDGE('',*,*,#2719,.F.);
#2742=ORIENTED_EDGE('',*,*,#1741,.F.);
#2743=ORIENTED_EDGE('',*,*,#2744,.T.);
#2744=EDGE_CURVE('NONE',#1733,#2745,#2747,.T.);
#2745=VERTEX_POINT('NONE',#2746);
#2746=CARTESIAN_POINT('',(1141.407124107,-140.982277726,6.0));
#2747=LINE('',#2748,#2749);
#2748=CARTESIAN_POINT('',(1141.407124107,-141.432277726,6.0));
#2749=VECTOR('',#2750,1.0);
#2750=DIRECTION('',(0.0,1.0,0.0));
#2751=ORIENTED_EDGE('',*,*,#2752,.T.);
#2752=EDGE_CURVE('NONE',#2745,#2720,#2753,.T.);
#2753=LINE('',#2754,#2755);
#2754=CARTESIAN_POINT('',(1141.407124107,-140.982277726,6.0));
#2755=VECTOR('',#2756,1.0);
#2756=DIRECTION('',(1.0,0.0,0.0));
#2757=PLANE('',#2758);
#2758=AXIS2_PLACEMENT_3D('',#2759,#2760,#2761);
#2759=CARTESIAN_POINT('',(1141.407124107,-141.432277726,6.0));
#2760=DIRECTION('',(0.0,0.0,1.0));
#2761=DIRECTION('',(1.0,0.0,0.0));
#2762=ADVANCED_FACE('NONE',(#2763),#2775,.F.);
#2763=FACE_BOUND('NONE',#2764,.T.);
#2764=EDGE_LOOP('',(#2765,#2766,#2767,#2768,#2769));
#2765=ORIENTED_EDGE('',*,*,#2744,.F.);
#2766=ORIENTED_EDGE('',*,*,#1730,.F.);
#2767=ORIENTED_EDGE('',*,*,#2655,.F.);
#2768=ORIENTED_EDGE('',*,*,#2696,.F.);
#2769=ORIENTED_EDGE('',*,*,#2770,.T.);
#2770=EDGE_CURVE('NONE',#2689,#2745,#2771,.T.);
#2771=LINE('',#2772,#2773);
#2772=CARTESIAN_POINT('',(1141.407124107,-140.982277726,6.0));
#2773=VECTOR('',#2774,1.0);
#2774=DIRECTION('',(0.0,0.0,-1.0));
#2775=PLANE('',#2776);
#2776=AXIS2_PLACEMENT_3D('',#2777,#2778,#2779);
#2777=CARTESIAN_POINT('',(1141.407124107,-141.432277726,6.0));
#2778=DIRECTION('',(1.0,0.0,0.0));
#2779=DIRECTION('',(0.0,1.0,0.0));
#2780=ADVANCED_FACE('NONE',(#2781),#2806,.F.);
#2781=FACE_BOUND('NONE',#2782,.T.);
#2782=EDGE_LOOP('',(#2783,#2791,#2792,#2800));
#2783=ORIENTED_EDGE('',*,*,#2784,.T.);
#2784=EDGE_CURVE('NONE',#2785,#1563,#2787,.T.);
#2785=VERTEX_POINT('NONE',#2786);
#2786=CARTESIAN_POINT('',(1134.107124107,-141.432277726,2.8));
#2787=LINE('',#2788,#2789);
#2788=CARTESIAN_POINT('',(1134.107124107,-141.432277726,2.8));
#2789=VECTOR('',#2790,1.0);
#2790=DIRECTION('',(0.0,0.0,1.0));
#2791=ORIENTED_EDGE('',*,*,#1590,.F.);
#2792=ORIENTED_EDGE('',*,*,#2793,.T.);
#2793=EDGE_CURVE('NONE',#1582,#2794,#2796,.T.);
#2794=VERTEX_POINT('NONE',#2795);
#2795=CARTESIAN_POINT('',(1132.407124107,-141.432277726,2.8));
#2796=LINE('',#2797,#2798);
#2797=CARTESIAN_POINT('',(1132.407124107,-141.432277726,2.8));
#2798=VECTOR('',#2799,1.0);
#2799=DIRECTION('',(0.0,0.0,-1.0));
#2800=ORIENTED_EDGE('',*,*,#2801,.T.);
#2801=EDGE_CURVE('NONE',#2794,#2785,#2802,.T.);
#2802=LINE('',#2803,#2804);
#2803=CARTESIAN_POINT('',(1132.407124107,-141.432277726,2.8));
#2804=VECTOR('',#2805,1.0);
#2805=DIRECTION('',(1.0,0.0,0.0));
#2806=PLANE('',#2807);
#2807=AXIS2_PLACEMENT_3D('',#2808,#2809,#2810);
#2808=CARTESIAN_POINT('',(0.0,-141.432277726,0.0));
#2809=DIRECTION('',(0.0,1.0,0.0));
#2810=DIRECTION('',(1.0,0.0,0.0));
#2811=ADVANCED_FACE('NONE',(#2812),#2837,.F.);
#2812=FACE_BOUND('NONE',#2813,.T.);
#2813=EDGE_LOOP('',(#2814,#2822,#2823,#2831));
#2814=ORIENTED_EDGE('',*,*,#2815,.T.);
#2815=EDGE_CURVE('NONE',#2816,#1574,#2818,.F.);
#2816=VERTEX_POINT('NONE',#2817);
#2817=CARTESIAN_POINT('',(1132.407124107,-140.982277726,4.5));
#2818=LINE('',#2819,#2820);
#2819=CARTESIAN_POINT('',(1132.407124107,-141.432277726,4.5));
#2820=VECTOR('',#2821,1.0);
#2821=DIRECTION('',(0.0,1.0,0.0));
#2822=ORIENTED_EDGE('',*,*,#1573,.F.);
#2823=ORIENTED_EDGE('',*,*,#2824,.T.);
#2824=EDGE_CURVE('NONE',#1565,#2825,#2827,.T.);
#2825=VERTEX_POINT('NONE',#2826);
#2826=CARTESIAN_POINT('',(1134.107124107,-140.982277726,4.5));
#2827=LINE('',#2828,#2829);
#2828=CARTESIAN_POINT('',(1134.107124107,-141.432277726,4.5));
#2829=VECTOR('',#2830,1.0);
#2830=DIRECTION('',(0.0,1.0,0.0));
#2831=ORIENTED_EDGE('',*,*,#2832,.T.);
#2832=EDGE_CURVE('NONE',#2825,#2816,#2833,.T.);
#2833=LINE('',#2834,#2835);
#2834=CARTESIAN_POINT('',(1132.407124107,-140.982277726,4.5));
#2835=VECTOR('',#2836,1.0);
#2836=DIRECTION('',(-1.0,0.0,0.0));
#2837=PLANE('',#2838);
#2838=AXIS2_PLACEMENT_3D('',#2839,#2840,#2841);
#2839=CARTESIAN_POINT('',(1132.407124107,-141.432277726,4.5));
#2840=DIRECTION('',(0.0,0.0,-1.0));
#2841=DIRECTION('',(0.0,-1.0,0.0));
#2842=ADVANCED_FACE('NONE',(#2843),#2862,.F.);
#2843=FACE_BOUND('NONE',#2844,.T.);
#2844=EDGE_LOOP('',(#2845,#2846,#2847,#2848,#2856));
#2845=ORIENTED_EDGE('',*,*,#2824,.F.);
#2846=ORIENTED_EDGE('',*,*,#1562,.F.);
#2847=ORIENTED_EDGE('',*,*,#2784,.F.);
#2848=ORIENTED_EDGE('',*,*,#2849,.T.);
#2849=EDGE_CURVE('NONE',#2785,#2850,#2852,.T.);
#2850=VERTEX_POINT('NONE',#2851);
#2851=CARTESIAN_POINT('',(1134.107124107,-140.982277726,2.8));
#2852=LINE('',#2853,#2854);
#2853=CARTESIAN_POINT('',(1134.107124107,-141.432277726,2.8));
#2854=VECTOR('',#2855,1.0);
#2855=DIRECTION('',(0.0,1.0,0.0));
#2856=ORIENTED_EDGE('',*,*,#2857,.T.);
#2857=EDGE_CURVE('NONE',#2850,#2825,#2858,.T.);
#2858=LINE('',#2859,#2860);
#2859=CARTESIAN_POINT('',(1134.107124107,-140.982277726,2.8));
#2860=VECTOR('',#2861,1.0);
#2861=DIRECTION('',(0.0,0.0,1.0));
#2862=PLANE('',#2863);
#2863=AXIS2_PLACEMENT_3D('',#2864,#2865,#2866);
#2864=CARTESIAN_POINT('',(1134.107124107,-141.432277726,2.8));
#2865=DIRECTION('',(-1.0,0.0,0.0));
#2866=DIRECTION('',(0.0,0.0,1.0));
#2867=ADVANCED_FACE('NONE',(#2868),#2886,.F.);
#2868=FACE_BOUND('NONE',#2869,.T.);
#2869=EDGE_LOOP('',(#2870,#2878,#2879,#2880));
#2870=ORIENTED_EDGE('',*,*,#2871,.T.);
#2871=EDGE_CURVE('NONE',#2872,#2850,#2874,.T.);
#2872=VERTEX_POINT('NONE',#2873);
#2873=CARTESIAN_POINT('',(1132.407124107,-140.982277726,2.8));
#2874=LINE('',#2875,#2876);
#2875=CARTESIAN_POINT('',(1132.407124107,-140.982277726,2.8));
#2876=VECTOR('',#2877,1.0);
#2877=DIRECTION('',(1.0,0.0,0.0));
#2878=ORIENTED_EDGE('',*,*,#2849,.F.);
#2879=ORIENTED_EDGE('',*,*,#2801,.F.);
#2880=ORIENTED_EDGE('',*,*,#2881,.T.);
#2881=EDGE_CURVE('NONE',#2794,#2872,#2882,.T.);
#2882=LINE('',#2883,#2884);
#2883=CARTESIAN_POINT('',(1132.407124107,-141.432277726,2.8));
#2884=VECTOR('',#2885,1.0);
#2885=DIRECTION('',(0.0,1.0,0.0));
#2886=PLANE('',#2887);
#2887=AXIS2_PLACEMENT_3D('',#2888,#2889,#2890);
#2888=CARTESIAN_POINT('',(1132.407124107,-141.432277726,2.8));
#2889=DIRECTION('',(0.0,0.0,1.0));
#2890=DIRECTION('',(1.0,0.0,0.0));
#2891=ADVANCED_FACE('NONE',(#2892),#2904,.F.);
#2892=FACE_BOUND('NONE',#2893,.T.);
#2893=EDGE_LOOP('',(#2894,#2895,#2896,#2897,#2903));
#2894=ORIENTED_EDGE('',*,*,#2793,.F.);
#2895=ORIENTED_EDGE('',*,*,#1581,.F.);
#2896=ORIENTED_EDGE('',*,*,#2815,.F.);
#2897=ORIENTED_EDGE('',*,*,#2898,.T.);
#2898=EDGE_CURVE('NONE',#2816,#2872,#2899,.T.);
#2899=LINE('',#2900,#2901);
#2900=CARTESIAN_POINT('',(1132.407124107,-140.982277726,2.8));
#2901=VECTOR('',#2902,1.0);
#2902=DIRECTION('',(0.0,0.0,-1.0));
#2903=ORIENTED_EDGE('',*,*,#2881,.F.);
#2904=PLANE('',#2905);
#2905=AXIS2_PLACEMENT_3D('',#2906,#2907,#2908);
#2906=CARTESIAN_POINT('',(1132.407124107,-141.432277726,2.8));
#2907=DIRECTION('',(1.0,0.0,0.0));
#2908=DIRECTION('',(0.0,1.0,0.0));
#2909=ADVANCED_FACE('NONE',(#2910),#2935,.F.);
#2910=FACE_BOUND('NONE',#2911,.T.);
#2911=EDGE_LOOP('',(#2912,#2920,#2921,#2929));
#2912=ORIENTED_EDGE('',*,*,#2913,.T.);
#2913=EDGE_CURVE('NONE',#2914,#1689,#2916,.T.);
#2914=VERTEX_POINT('NONE',#2915);
#2915=CARTESIAN_POINT('',(1138.607656242,-141.432277726,2.8));
#2916=LINE('',#2917,#2918);
#2917=CARTESIAN_POINT('',(1138.607656242,-141.432277726,2.8));
#2918=VECTOR('',#2919,1.0);
#2919=DIRECTION('',(0.0,0.0,1.0));
#2920=ORIENTED_EDGE('',*,*,#1716,.F.);
#2921=ORIENTED_EDGE('',*,*,#2922,.T.);
#2922=EDGE_CURVE('NONE',#1708,#2923,#2925,.T.);
#2923=VERTEX_POINT('NONE',#2924);
#2924=CARTESIAN_POINT('',(1136.907124107,-141.432277726,2.8));
#2925=LINE('',#2926,#2927);
#2926=CARTESIAN_POINT('',(1136.907124107,-141.432277726,2.8));
#2927=VECTOR('',#2928,1.0);
#2928=DIRECTION('',(0.0,0.0,-1.0));
#2929=ORIENTED_EDGE('',*,*,#2930,.T.);
#2930=EDGE_CURVE('NONE',#2923,#2914,#2931,.T.);
#2931=LINE('',#2932,#2933);
#2932=CARTESIAN_POINT('',(1136.907124107,-141.432277726,2.8));
#2933=VECTOR('',#2934,1.0);
#2934=DIRECTION('',(1.0,0.0,0.0));
#2935=PLANE('',#2936);
#2936=AXIS2_PLACEMENT_3D('',#2937,#2938,#2939);
#2937=CARTESIAN_POINT('',(0.0,-141.432277726,0.0));
#2938=DIRECTION('',(0.0,1.0,0.0));
#2939=DIRECTION('',(1.0,0.0,0.0));
#2940=ADVANCED_FACE('NONE',(#2941),#2966,.F.);
#2941=FACE_BOUND('NONE',#2942,.T.);
#2942=EDGE_LOOP('',(#2943,#2953,#2959,#2960));
#2943=ORIENTED_EDGE('',*,*,#2944,.T.);
#2944=EDGE_CURVE('NONE',#2945,#2947,#2949,.T.);
#2945=VERTEX_POINT('NONE',#2946);
#2946=CARTESIAN_POINT('',(1136.907124107,-140.982277726,2.8));
#2947=VERTEX_POINT('NONE',#2948);
#2948=CARTESIAN_POINT('',(1138.607656242,-140.982277726,2.8));
#2949=LINE('',#2950,#2951);
#2950=CARTESIAN_POINT('',(1136.907124107,-140.982277726,2.8));
#2951=VECTOR('',#2952,1.0);
#2952=DIRECTION('',(1.0,0.0,0.0));
#2953=ORIENTED_EDGE('',*,*,#2954,.T.);
#2954=EDGE_CURVE('NONE',#2947,#2914,#2955,.F.);
#2955=LINE('',#2956,#2957);
#2956=CARTESIAN_POINT('',(1138.607656242,-141.432277726,2.8));
#2957=VECTOR('',#2958,1.0);
#2958=DIRECTION('',(0.0,1.0,0.0));
#2959=ORIENTED_EDGE('',*,*,#2930,.F.);
#2960=ORIENTED_EDGE('',*,*,#2961,.T.);
#2961=EDGE_CURVE('NONE',#2923,#2945,#2962,.T.);
#2962=LINE('',#2963,#2964);
#2963=CARTESIAN_POINT('',(1136.907124107,-141.432277726,2.8));
#2964=VECTOR('',#2965,1.0);
#2965=DIRECTION('',(0.0,1.0,0.0));
#2966=PLANE('',#2967);
#2967=AXIS2_PLACEMENT_3D('',#2968,#2969,#2970);
#2968=CARTESIAN_POINT('',(1136.907124107,-141.432277726,2.8));
#2969=DIRECTION('',(0.0,0.0,1.0));
#2970=DIRECTION('',(1.0,0.0,0.0));
#2971=ADVANCED_FACE('NONE',(#2972),#2991,.F.);
#2972=FACE_BOUND('NONE',#2973,.T.);
#2973=EDGE_LOOP('',(#2974,#2975,#2976,#2984,#2990));
#2974=ORIENTED_EDGE('',*,*,#2922,.F.);
#2975=ORIENTED_EDGE('',*,*,#1707,.F.);
#2976=ORIENTED_EDGE('',*,*,#2977,.T.);
#2977=EDGE_CURVE('NONE',#1700,#2978,#2980,.T.);
#2978=VERTEX_POINT('NONE',#2979);
#2979=CARTESIAN_POINT('',(1136.907124107,-140.982277726,4.5));
#2980=LINE('',#2981,#2982);
#2981=CARTESIAN_POINT('',(1136.907124107,-141.432277726,4.5));
#2982=VECTOR('',#2983,1.0);
#2983=DIRECTION('',(0.0,1.0,0.0));
#2984=ORIENTED_EDGE('',*,*,#2985,.T.);
#2985=EDGE_CURVE('NONE',#2978,#2945,#2986,.T.);
#2986=LINE('',#2987,#2988);
#2987=CARTESIAN_POINT('',(1136.907124107,-140.982277726,2.8));
#2988=VECTOR('',#2989,1.0);
#2989=DIRECTION('',(0.0,0.0,-1.0));
#2990=ORIENTED_EDGE('',*,*,#2961,.F.);
#2991=PLANE('',#2992);
#2992=AXIS2_PLACEMENT_3D('',#2993,#2994,#2995);
#2993=CARTESIAN_POINT('',(1136.907124107,-141.432277726,2.8));
#2994=DIRECTION('',(1.0,0.0,0.0));
#2995=DIRECTION('',(0.0,1.0,0.0));
#2996=ADVANCED_FACE('NONE',(#2997),#3015,.F.);
#2997=FACE_BOUND('NONE',#2998,.T.);
#2998=EDGE_LOOP('',(#2999,#3000,#3001,#3009));
#2999=ORIENTED_EDGE('',*,*,#2977,.F.);
#3000=ORIENTED_EDGE('',*,*,#1699,.F.);
#3001=ORIENTED_EDGE('',*,*,#3002,.T.);
#3002=EDGE_CURVE('NONE',#1691,#3003,#3005,.T.);
#3003=VERTEX_POINT('NONE',#3004);
#3004=CARTESIAN_POINT('',(1138.607656242,-140.982277726,4.5));
#3005=LINE('',#3006,#3007);
#3006=CARTESIAN_POINT('',(1138.607656242,-141.432277726,4.5));
#3007=VECTOR('',#3008,1.0);
#3008=DIRECTION('',(0.0,1.0,0.0));
#3009=ORIENTED_EDGE('',*,*,#3010,.T.);
#3010=EDGE_CURVE('NONE',#3003,#2978,#3011,.T.);
#3011=LINE('',#3012,#3013);
#3012=CARTESIAN_POINT('',(1136.907124107,-140.982277726,4.5));
#3013=VECTOR('',#3014,1.0);
#3014=DIRECTION('',(-1.0,0.0,0.0));
#3015=PLANE('',#3016);
#3016=AXIS2_PLACEMENT_3D('',#3017,#3018,#3019);
#3017=CARTESIAN_POINT('',(1136.907124107,-141.432277726,4.5));
#3018=DIRECTION('',(0.0,0.0,-1.0));
#3019=DIRECTION('',(0.0,-1.0,0.0));
#3020=ADVANCED_FACE('NONE',(#3021),#3033,.F.);
#3021=FACE_BOUND('NONE',#3022,.T.);
#3022=EDGE_LOOP('',(#3023,#3024,#3025,#3026,#3027));
#3023=ORIENTED_EDGE('',*,*,#3002,.F.);
#3024=ORIENTED_EDGE('',*,*,#1688,.F.);
#3025=ORIENTED_EDGE('',*,*,#2913,.F.);
#3026=ORIENTED_EDGE('',*,*,#2954,.F.);
#3027=ORIENTED_EDGE('',*,*,#3028,.T.);
#3028=EDGE_CURVE('NONE',#2947,#3003,#3029,.T.);
#3029=LINE('',#3030,#3031);
#3030=CARTESIAN_POINT('',(1138.607656242,-140.982277726,2.8));
#3031=VECTOR('',#3032,1.0);
#3032=DIRECTION('',(0.0,0.0,1.0));
#3033=PLANE('',#3034);
#3034=AXIS2_PLACEMENT_3D('',#3035,#3036,#3037);
#3035=CARTESIAN_POINT('',(1138.607656242,-141.432277726,2.8));
#3036=DIRECTION('',(-1.0,0.0,0.0));
#3037=DIRECTION('',(0.0,0.0,1.0));
#3038=ADVANCED_FACE('NONE',(#3039),#3064,.T.);
#3039=FACE_BOUND('NONE',#3040,.T.);
#3040=EDGE_LOOP('',(#3041,#3049,#3050,#3058));
#3041=ORIENTED_EDGE('',*,*,#3042,.T.);
#3042=EDGE_CURVE('NONE',#3043,#1773,#3045,.T.);
#3043=VERTEX_POINT('NONE',#3044);
#3044=CARTESIAN_POINT('',(1143.107124107,-141.432277726,2.8));
#3045=LINE('',#3046,#3047);
#3046=CARTESIAN_POINT('',(1143.107124107,-141.432277726,4.5));
#3047=VECTOR('',#3048,1.0);
#3048=DIRECTION('',(0.0,0.0,1.0));
#3049=ORIENTED_EDGE('',*,*,#1800,.F.);
#3050=ORIENTED_EDGE('',*,*,#3051,.T.);
#3051=EDGE_CURVE('NONE',#1792,#3052,#3054,.T.);
#3052=VERTEX_POINT('NONE',#3053);
#3053=CARTESIAN_POINT('',(1141.407124107,-141.432277726,2.8));
#3054=LINE('',#3055,#3056);
#3055=CARTESIAN_POINT('',(1141.407124107,-141.432277726,4.5));
#3056=VECTOR('',#3057,1.0);
#3057=DIRECTION('',(0.0,0.0,-1.0));
#3058=ORIENTED_EDGE('',*,*,#3059,.T.);
#3059=EDGE_CURVE('NONE',#3052,#3043,#3060,.T.);
#3060=LINE('',#3061,#3062);
#3061=CARTESIAN_POINT('',(1141.407124107,-141.432277726,2.8));
#3062=VECTOR('',#3063,1.0);
#3063=DIRECTION('',(1.0,0.0,0.0));
#3064=PLANE('',#3065);
#3065=AXIS2_PLACEMENT_3D('',#3066,#3067,#3068);
#3066=CARTESIAN_POINT('',(0.0,-141.432277726,0.0));
#3067=DIRECTION('',(0.0,-1.0,0.0));
#3068=DIRECTION('',(0.0,0.0,-1.0));
#3069=ADVANCED_FACE('NONE',(#3070),#3095,.F.);
#3070=FACE_BOUND('NONE',#3071,.T.);
#3071=EDGE_LOOP('',(#3072,#3080,#3081,#3089));
#3072=ORIENTED_EDGE('',*,*,#3073,.T.);
#3073=EDGE_CURVE('NONE',#3074,#1784,#3076,.F.);
#3074=VERTEX_POINT('NONE',#3075);
#3075=CARTESIAN_POINT('',(1141.407124107,-140.982277726,4.5));
#3076=LINE('',#3077,#3078);
#3077=CARTESIAN_POINT('',(1141.407124107,-141.432277726,4.5));
#3078=VECTOR('',#3079,1.0);
#3079=DIRECTION('',(0.0,1.0,0.0));
#3080=ORIENTED_EDGE('',*,*,#1783,.F.);
#3081=ORIENTED_EDGE('',*,*,#3082,.T.);
#3082=EDGE_CURVE('NONE',#1775,#3083,#3085,.T.);
#3083=VERTEX_POINT('NONE',#3084);
#3084=CARTESIAN_POINT('',(1143.107124107,-140.982277726,4.5));
#3085=LINE('',#3086,#3087);
#3086=CARTESIAN_POINT('',(1143.107124107,-141.432277726,4.5));
#3087=VECTOR('',#3088,1.0);
#3088=DIRECTION('',(0.0,1.0,0.0));
#3089=ORIENTED_EDGE('',*,*,#3090,.T.);
#3090=EDGE_CURVE('NONE',#3083,#3074,#3091,.T.);
#3091=LINE('',#3092,#3093);
#3092=CARTESIAN_POINT('',(1141.407124107,-140.982277726,4.5));
#3093=VECTOR('',#3094,1.0);
#3094=DIRECTION('',(-1.0,0.0,0.0));
#3095=PLANE('',#3096);
#3096=AXIS2_PLACEMENT_3D('',#3097,#3098,#3099);
#3097=CARTESIAN_POINT('',(1141.407124107,-141.432277726,4.5));
#3098=DIRECTION('',(0.0,0.0,-1.0));
#3099=DIRECTION('',(0.0,-1.0,0.0));
#3100=ADVANCED_FACE('NONE',(#3101),#3120,.F.);
#3101=FACE_BOUND('NONE',#3102,.T.);
#3102=EDGE_LOOP('',(#3103,#3104,#3105,#3106,#3114));
#3103=ORIENTED_EDGE('',*,*,#3082,.F.);
#3104=ORIENTED_EDGE('',*,*,#1772,.F.);
#3105=ORIENTED_EDGE('',*,*,#3042,.F.);
#3106=ORIENTED_EDGE('',*,*,#3107,.T.);
#3107=EDGE_CURVE('NONE',#3043,#3108,#3110,.T.);
#3108=VERTEX_POINT('NONE',#3109);
#3109=CARTESIAN_POINT('',(1143.107124107,-140.982277726,2.8));
#3110=LINE('',#3111,#3112);
#3111=CARTESIAN_POINT('',(1143.107124107,-141.432277726,2.8));
#3112=VECTOR('',#3113,1.0);
#3113=DIRECTION('',(0.0,1.0,0.0));
#3114=ORIENTED_EDGE('',*,*,#3115,.T.);
#3115=EDGE_CURVE('NONE',#3108,#3083,#3116,.T.);
#3116=LINE('',#3117,#3118);
#3117=CARTESIAN_POINT('',(1143.107124107,-140.982277726,4.5));
#3118=VECTOR('',#3119,1.0);
#3119=DIRECTION('',(0.0,0.0,1.0));
#3120=PLANE('',#3121);
#3121=AXIS2_PLACEMENT_3D('',#3122,#3123,#3124);
#3122=CARTESIAN_POINT('',(1143.107124107,-141.432277726,4.5));
#3123=DIRECTION('',(-1.0,0.0,0.0));
#3124=DIRECTION('',(0.0,0.0,1.0));
#3125=ADVANCED_FACE('NONE',(#3126),#3144,.F.);
#3126=FACE_BOUND('NONE',#3127,.T.);
#3127=EDGE_LOOP('',(#3128,#3136,#3137,#3138));
#3128=ORIENTED_EDGE('',*,*,#3129,.T.);
#3129=EDGE_CURVE('NONE',#3130,#3108,#3132,.T.);
#3130=VERTEX_POINT('NONE',#3131);
#3131=CARTESIAN_POINT('',(1141.407124107,-140.982277726,2.8));
#3132=LINE('',#3133,#3134);
#3133=CARTESIAN_POINT('',(1141.407124107,-140.982277726,2.8));
#3134=VECTOR('',#3135,1.0);
#3135=DIRECTION('',(1.0,0.0,0.0));
#3136=ORIENTED_EDGE('',*,*,#3107,.F.);
#3137=ORIENTED_EDGE('',*,*,#3059,.F.);
#3138=ORIENTED_EDGE('',*,*,#3139,.T.);
#3139=EDGE_CURVE('NONE',#3052,#3130,#3140,.T.);
#3140=LINE('',#3141,#3142);
#3141=CARTESIAN_POINT('',(1141.407124107,-141.432277726,2.8));
#3142=VECTOR('',#3143,1.0);
#3143=DIRECTION('',(0.0,1.0,0.0));
#3144=PLANE('',#3145);
#3145=AXIS2_PLACEMENT_3D('',#3146,#3147,#3148);
#3146=CARTESIAN_POINT('',(1141.407124107,-141.432277726,2.8));
#3147=DIRECTION('',(0.0,0.0,1.0));
#3148=DIRECTION('',(1.0,0.0,0.0));
#3149=ADVANCED_FACE('NONE',(#3150),#3162,.F.);
#3150=FACE_BOUND('NONE',#3151,.T.);
#3151=EDGE_LOOP('',(#3152,#3153,#3154,#3155,#3161));
#3152=ORIENTED_EDGE('',*,*,#3051,.F.);
#3153=ORIENTED_EDGE('',*,*,#1791,.F.);
#3154=ORIENTED_EDGE('',*,*,#3073,.F.);
#3155=ORIENTED_EDGE('',*,*,#3156,.T.);
#3156=EDGE_CURVE('NONE',#3074,#3130,#3157,.T.);
#3157=LINE('',#3158,#3159);
#3158=CARTESIAN_POINT('',(1141.407124107,-140.982277726,4.5));
#3159=VECTOR('',#3160,1.0);
#3160=DIRECTION('',(0.0,0.0,-1.0));
#3161=ORIENTED_EDGE('',*,*,#3139,.F.);
#3162=PLANE('',#3163);
#3163=AXIS2_PLACEMENT_3D('',#3164,#3165,#3166);
#3164=CARTESIAN_POINT('',(1141.407124107,-141.432277726,4.5));
#3165=DIRECTION('',(1.0,0.0,0.0));
#3166=DIRECTION('',(0.0,1.0,0.0));
#3167=ADVANCED_FACE('NONE',(#3168),#3193,.F.);
#3168=FACE_BOUND('NONE',#3169,.T.);
#3169=EDGE_LOOP('',(#3170,#3176,#3177,#3178,#3184,#3185,#3186,#3192));
#3170=ORIENTED_EDGE('',*,*,#3171,.T.);
#3171=EDGE_CURVE('NONE',#912,#258,#3172,.F.);
#3172=LINE('',#3173,#3174);
#3173=CARTESIAN_POINT('',(1133.857124107,-146.782277726,8.75));
#3174=VECTOR('',#3175,1.0);
#3175=DIRECTION('',(-5.921189465E-14,-1.0,-9.599650813E-30));
#3176=ORIENTED_EDGE('',*,*,#255,.F.);
#3177=ORIENTED_EDGE('',*,*,#650,.F.);
#3178=ORIENTED_EDGE('',*,*,#3179,.T.);
#3179=EDGE_CURVE('NONE',#651,#846,#3180,.T.);
#3180=LINE('',#3181,#3182);
#3181=CARTESIAN_POINT('',(1132.407124107,-140.982277726,8.75));
#3182=VECTOR('',#3183,1.0);
#3183=DIRECTION('',(-1.0,0.0,-1.621236893E-16));
#3184=ORIENTED_EDGE('',*,*,#845,.F.);
#3185=ORIENTED_EDGE('',*,*,#33,.F.);
#3186=ORIENTED_EDGE('',*,*,#3187,.T.);
#3187=EDGE_CURVE('NONE',#26,#920,#3188,.F.);
#3188=LINE('',#3189,#3190);
#3189=CARTESIAN_POINT('',(1132.657124107,-143.032277726,8.75));
#3190=VECTOR('',#3191,1.0);
#3191=DIRECTION('',(-5.921189465E-14,1.0,-9.599650813E-30));
#3192=ORIENTED_EDGE('',*,*,#919,.F.);
#3193=PLANE('',#3194);
#3194=AXIS2_PLACEMENT_3D('',#3195,#3196,#3197);
#3195=CARTESIAN_POINT('',(1132.407124107,-151.132277726,8.75));
#3196=DIRECTION('',(1.621236893E-16,0.0,-1.0));
#3197=DIRECTION('',(0.0,-1.0,0.0));
#3198=ADVANCED_FACE('NONE',(#3199),#3224,.F.);
#3199=FACE_BOUND('NONE',#3200,.T.);
#3200=EDGE_LOOP('',(#3201,#3202,#3203,#3209,#3210,#3216,#3217,#3218));
#3201=ORIENTED_EDGE('',*,*,#659,.F.);
#3202=ORIENTED_EDGE('',*,*,#273,.F.);
#3203=ORIENTED_EDGE('',*,*,#3204,.T.);
#3204=EDGE_CURVE('NONE',#266,#910,#3205,.F.);
#3205=LINE('',#3206,#3207);
#3206=CARTESIAN_POINT('',(1133.857124107,-146.782277726,8.25));
#3207=VECTOR('',#3208,1.0);
#3208=DIRECTION('',(5.921189465E-14,1.0,9.599650813E-30));
#3209=ORIENTED_EDGE('',*,*,#936,.F.);
#3210=ORIENTED_EDGE('',*,*,#3211,.T.);
#3211=EDGE_CURVE('NONE',#929,#18,#3212,.F.);
#3212=LINE('',#3213,#3214);
#3213=CARTESIAN_POINT('',(1132.657124107,-143.032277726,8.25));
#3214=VECTOR('',#3215,1.0);
#3215=DIRECTION('',(5.921189465E-14,-1.0,9.599650813E-30));
#3216=ORIENTED_EDGE('',*,*,#15,.F.);
#3217=ORIENTED_EDGE('',*,*,#836,.F.);
#3218=ORIENTED_EDGE('',*,*,#3219,.T.);
#3219=EDGE_CURVE('NONE',#837,#660,#3220,.T.);
#3220=LINE('',#3221,#3222);
#3221=CARTESIAN_POINT('',(1132.407124107,-140.982277726,8.25));
#3222=VECTOR('',#3223,1.0);
#3223=DIRECTION('',(1.0,0.0,1.621236893E-16));
#3224=PLANE('',#3225);
#3225=AXIS2_PLACEMENT_3D('',#3226,#3227,#3228);
#3226=CARTESIAN_POINT('',(1132.407124107,-151.132277726,8.25));
#3227=DIRECTION('',(-1.621236893E-16,0.0,1.0));
#3228=DIRECTION('',(1.0,0.0,1.621236893E-16));
#3229=ADVANCED_FACE('NONE',(#3230),#3255,.F.);
#3230=FACE_BOUND('NONE',#3231,.T.);
#3231=EDGE_LOOP('',(#3232,#3238,#3239,#3240,#3246,#3247,#3248,#3254));
#3232=ORIENTED_EDGE('',*,*,#3233,.T.);
#3233=EDGE_CURVE('NONE',#870,#298,#3234,.F.);
#3234=LINE('',#3235,#3236);
#3235=CARTESIAN_POINT('',(1133.857124107,-146.782277726,2.25));
#3236=VECTOR('',#3237,1.0);
#3237=DIRECTION('',(-5.921189465E-14,-1.0,-4.799825407E-30));
#3238=ORIENTED_EDGE('',*,*,#295,.F.);
#3239=ORIENTED_EDGE('',*,*,#619,.F.);
#3240=ORIENTED_EDGE('',*,*,#3241,.T.);
#3241=EDGE_CURVE('NONE',#620,#815,#3242,.T.);
#3242=LINE('',#3243,#3244);
#3243=CARTESIAN_POINT('',(1132.407124107,-140.982277726,2.25));
#3244=VECTOR('',#3245,1.0);
#3245=DIRECTION('',(-1.0,0.0,-8.106184467E-17));
#3246=ORIENTED_EDGE('',*,*,#814,.F.);
#3247=ORIENTED_EDGE('',*,*,#73,.F.);
#3248=ORIENTED_EDGE('',*,*,#3249,.T.);
#3249=EDGE_CURVE('NONE',#66,#878,#3250,.F.);
#3250=LINE('',#3251,#3252);
#3251=CARTESIAN_POINT('',(1132.657124107,-143.032277726,2.25));
#3252=VECTOR('',#3253,1.0);
#3253=DIRECTION('',(-5.921189465E-14,1.0,-4.799825407E-30));
#3254=ORIENTED_EDGE('',*,*,#877,.F.);
#3255=PLANE('',#3256);
#3256=AXIS2_PLACEMENT_3D('',#3257,#3258,#3259);
#3257=CARTESIAN_POINT('',(1132.407124107,-151.132277726,2.25));
#3258=DIRECTION('',(8.106184467E-17,0.0,-1.0));
#3259=DIRECTION('',(0.0,-1.0,0.0));
#3260=ADVANCED_FACE('NONE',(#3261),#3286,.F.);
#3261=FACE_BOUND('NONE',#3262,.T.);
#3262=EDGE_LOOP('',(#3263,#3264,#3265,#3271,#3272,#3278,#3279,#3280));
#3263=ORIENTED_EDGE('',*,*,#628,.F.);
#3264=ORIENTED_EDGE('',*,*,#313,.F.);
#3265=ORIENTED_EDGE('',*,*,#3266,.T.);
#3266=EDGE_CURVE('NONE',#306,#868,#3267,.F.);
#3267=LINE('',#3268,#3269);
#3268=CARTESIAN_POINT('',(1133.857124107,-146.782277726,1.75));
#3269=VECTOR('',#3270,1.0);
#3270=DIRECTION('',(5.921189465E-14,1.0,4.799825407E-30));
#3271=ORIENTED_EDGE('',*,*,#894,.F.);
#3272=ORIENTED_EDGE('',*,*,#3273,.T.);
#3273=EDGE_CURVE('NONE',#887,#58,#3274,.F.);
#3274=LINE('',#3275,#3276);
#3275=CARTESIAN_POINT('',(1132.657124107,-143.032277726,1.75));
#3276=VECTOR('',#3277,1.0);
#3277=DIRECTION('',(5.921189465E-14,-1.0,4.799825407E-30));
#3278=ORIENTED_EDGE('',*,*,#55,.F.);
#3279=ORIENTED_EDGE('',*,*,#805,.F.);
#3280=ORIENTED_EDGE('',*,*,#3281,.T.);
#3281=EDGE_CURVE('NONE',#806,#629,#3282,.T.);
#3282=LINE('',#3283,#3284);
#3283=CARTESIAN_POINT('',(1132.407124107,-140.982277726,1.75));
#3284=VECTOR('',#3285,1.0);
#3285=DIRECTION('',(1.0,0.0,8.106184467E-17));
#3286=PLANE('',#3287);
#3287=AXIS2_PLACEMENT_3D('',#3288,#3289,#3290);
#3288=CARTESIAN_POINT('',(1132.407124107,-151.132277726,1.75));
#3289=DIRECTION('',(-8.106184467E-17,0.0,1.0));
#3290=DIRECTION('',(1.0,0.0,8.106184467E-17));
#3291=ADVANCED_FACE('NONE',(#3292),#3317,.F.);
#3292=FACE_BOUND('NONE',#3293,.T.);
#3293=EDGE_LOOP('',(#3294,#3300,#3301,#3302,#3308,#3309,#3310,#3316));
#3294=ORIENTED_EDGE('',*,*,#3295,.T.);
#3295=EDGE_CURVE('NONE',#996,#378,#3296,.F.);
#3296=LINE('',#3297,#3298);
#3297=CARTESIAN_POINT('',(1138.357124107,-146.782277726,8.75));
#3298=VECTOR('',#3299,1.0);
#3299=DIRECTION('',(-5.921189465E-14,-1.0,-9.599650813E-30));
#3300=ORIENTED_EDGE('',*,*,#375,.F.);
#3301=ORIENTED_EDGE('',*,*,#588,.F.);
#3302=ORIENTED_EDGE('',*,*,#3303,.T.);
#3303=EDGE_CURVE('NONE',#589,#784,#3304,.T.);
#3304=LINE('',#3305,#3306);
#3305=CARTESIAN_POINT('',(1132.407124107,-140.982277726,8.75));
#3306=VECTOR('',#3307,1.0);
#3307=DIRECTION('',(-1.0,0.0,-1.621236893E-16));
#3308=ORIENTED_EDGE('',*,*,#783,.F.);
#3309=ORIENTED_EDGE('',*,*,#113,.F.);
#3310=ORIENTED_EDGE('',*,*,#3311,.T.);
#3311=EDGE_CURVE('NONE',#106,#1004,#3312,.F.);
#3312=LINE('',#3313,#3314);
#3313=CARTESIAN_POINT('',(1137.157124107,-143.032277726,8.75));
#3314=VECTOR('',#3315,1.0);
#3315=DIRECTION('',(-5.921189465E-14,1.0,-9.599650813E-30));
#3316=ORIENTED_EDGE('',*,*,#1003,.F.);
#3317=PLANE('',#3318);
#3318=AXIS2_PLACEMENT_3D('',#3319,#3320,#3321);
#3319=CARTESIAN_POINT('',(1132.407124107,-151.132277726,8.75));
#3320=DIRECTION('',(1.621236893E-16,0.0,-1.0));
#3321=DIRECTION('',(0.0,-1.0,0.0));
#3322=ADVANCED_FACE('NONE',(#3323),#3348,.F.);
#3323=FACE_BOUND('NONE',#3324,.T.);
#3324=EDGE_LOOP('',(#3325,#3326,#3327,#3333,#3334,#3340,#3341,#3342));
#3325=ORIENTED_EDGE('',*,*,#597,.F.);
#3326=ORIENTED_EDGE('',*,*,#393,.F.);
#3327=ORIENTED_EDGE('',*,*,#3328,.T.);
#3328=EDGE_CURVE('NONE',#386,#994,#3329,.F.);
#3329=LINE('',#3330,#3331);
#3330=CARTESIAN_POINT('',(1138.357124107,-146.782277726,8.25));
#3331=VECTOR('',#3332,1.0);
#3332=DIRECTION('',(5.921189465E-14,1.0,9.599650813E-30));
#3333=ORIENTED_EDGE('',*,*,#1020,.F.);
#3334=ORIENTED_EDGE('',*,*,#3335,.T.);
#3335=EDGE_CURVE('NONE',#1013,#98,#3336,.F.);
#3336=LINE('',#3337,#3338);
#3337=CARTESIAN_POINT('',(1137.157124107,-143.032277726,8.25));
#3338=VECTOR('',#3339,1.0);
#3339=DIRECTION('',(5.921189465E-14,-1.0,9.599650813E-30));
#3340=ORIENTED_EDGE('',*,*,#95,.F.);
#3341=ORIENTED_EDGE('',*,*,#774,.F.);
#3342=ORIENTED_EDGE('',*,*,#3343,.T.);
#3343=EDGE_CURVE('NONE',#775,#598,#3344,.T.);
#3344=LINE('',#3345,#3346);
#3345=CARTESIAN_POINT('',(1132.407124107,-140.982277726,8.25));
#3346=VECTOR('',#3347,1.0);
#3347=DIRECTION('',(1.0,0.0,1.621236893E-16));
#3348=PLANE('',#3349);
#3349=AXIS2_PLACEMENT_3D('',#3350,#3351,#3352);
#3350=CARTESIAN_POINT('',(1132.407124107,-151.132277726,8.25));
#3351=DIRECTION('',(-1.621236893E-16,0.0,1.0));
#3352=DIRECTION('',(1.0,0.0,1.621236893E-16));
#3353=ADVANCED_FACE('NONE',(#3354),#3379,.F.);
#3354=FACE_BOUND('NONE',#3355,.T.);
#3355=EDGE_LOOP('',(#3356,#3362,#3363,#3364,#3370,#3371,#3372,#3378));
#3356=ORIENTED_EDGE('',*,*,#3357,.T.);
#3357=EDGE_CURVE('NONE',#954,#338,#3358,.F.);
#3358=LINE('',#3359,#3360);
#3359=CARTESIAN_POINT('',(1138.357124107,-146.782277726,2.25));
#3360=VECTOR('',#3361,1.0);
#3361=DIRECTION('',(-5.921189465E-14,-1.0,-4.799825407E-30));
#3362=ORIENTED_EDGE('',*,*,#335,.F.);
#3363=ORIENTED_EDGE('',*,*,#557,.F.);
#3364=ORIENTED_EDGE('',*,*,#3365,.T.);
#3365=EDGE_CURVE('NONE',#558,#753,#3366,.T.);
#3366=LINE('',#3367,#3368);
#3367=CARTESIAN_POINT('',(1132.407124107,-140.982277726,2.25));
#3368=VECTOR('',#3369,1.0);
#3369=DIRECTION('',(-1.0,0.0,-8.106184467E-17));
#3370=ORIENTED_EDGE('',*,*,#752,.F.);
#3371=ORIENTED_EDGE('',*,*,#193,.F.);
#3372=ORIENTED_EDGE('',*,*,#3373,.T.);
#3373=EDGE_CURVE('NONE',#186,#962,#3374,.F.);
#3374=LINE('',#3375,#3376);
#3375=CARTESIAN_POINT('',(1137.157124107,-143.032277726,2.25));
#3376=VECTOR('',#3377,1.0);
#3377=DIRECTION('',(-5.921189465E-14,1.0,-4.799825407E-30));
#3378=ORIENTED_EDGE('',*,*,#961,.F.);
#3379=PLANE('',#3380);
#3380=AXIS2_PLACEMENT_3D('',#3381,#3382,#3383);
#3381=CARTESIAN_POINT('',(1132.407124107,-151.132277726,2.25));
#3382=DIRECTION('',(8.106184467E-17,0.0,-1.0));
#3383=DIRECTION('',(0.0,-1.0,0.0));
#3384=ADVANCED_FACE('NONE',(#3385),#3410,.F.);
#3385=FACE_BOUND('NONE',#3386,.T.);
#3386=EDGE_LOOP('',(#3387,#3388,#3389,#3395,#3396,#3402,#3403,#3404));
#3387=ORIENTED_EDGE('',*,*,#566,.F.);
#3388=ORIENTED_EDGE('',*,*,#353,.F.);
#3389=ORIENTED_EDGE('',*,*,#3390,.T.);
#3390=EDGE_CURVE('NONE',#346,#952,#3391,.F.);
#3391=LINE('',#3392,#3393);
#3392=CARTESIAN_POINT('',(1138.357124107,-146.782277726,1.75));
#3393=VECTOR('',#3394,1.0);
#3394=DIRECTION('',(5.921189465E-14,1.0,4.799825407E-30));
#3395=ORIENTED_EDGE('',*,*,#978,.F.);
#3396=ORIENTED_EDGE('',*,*,#3397,.T.);
#3397=EDGE_CURVE('NONE',#971,#178,#3398,.F.);
#3398=LINE('',#3399,#3400);
#3399=CARTESIAN_POINT('',(1137.157124107,-143.032277726,1.75));
#3400=VECTOR('',#3401,1.0);
#3401=DIRECTION('',(5.921189465E-14,-1.0,4.799825407E-30));
#3402=ORIENTED_EDGE('',*,*,#175,.F.);
#3403=ORIENTED_EDGE('',*,*,#743,.F.);
#3404=ORIENTED_EDGE('',*,*,#3405,.T.);
#3405=EDGE_CURVE('NONE',#744,#567,#3406,.T.);
#3406=LINE('',#3407,#3408);
#3407=CARTESIAN_POINT('',(1132.407124107,-140.982277726,1.75));
#3408=VECTOR('',#3409,1.0);
#3409=DIRECTION('',(1.0,0.0,8.106184467E-17));
#3410=PLANE('',#3411);
#3411=AXIS2_PLACEMENT_3D('',#3412,#3413,#3414);
#3412=CARTESIAN_POINT('',(1132.407124107,-151.132277726,1.75));
#3413=DIRECTION('',(-8.106184467E-17,0.0,1.0));
#3414=DIRECTION('',(1.0,0.0,8.106184467E-17));
#3415=ADVANCED_FACE('NONE',(#3416),#3441,.F.);
#3416=FACE_BOUND('NONE',#3417,.T.);
#3417=EDGE_LOOP('',(#3418,#3424,#3425,#3426,#3432,#3433,#3434,#3440));
#3418=ORIENTED_EDGE('',*,*,#3419,.T.);
#3419=EDGE_CURVE('NONE',#1080,#418,#3420,.F.);
#3420=LINE('',#3421,#3422);
#3421=CARTESIAN_POINT('',(1142.857124107,-146.782277726,8.75));
#3422=VECTOR('',#3423,1.0);
#3423=DIRECTION('',(-5.921189465E-14,-1.0,-9.599650813E-30));
#3424=ORIENTED_EDGE('',*,*,#415,.F.);
#3425=ORIENTED_EDGE('',*,*,#526,.F.);
#3426=ORIENTED_EDGE('',*,*,#3427,.T.);
#3427=EDGE_CURVE('NONE',#527,#722,#3428,.T.);
#3428=LINE('',#3429,#3430);
#3429=CARTESIAN_POINT('',(1132.407124107,-140.982277726,8.75));
#3430=VECTOR('',#3431,1.0);
#3431=DIRECTION('',(-1.0,0.0,-1.621236893E-16));
#3432=ORIENTED_EDGE('',*,*,#721,.F.);
#3433=ORIENTED_EDGE('',*,*,#153,.F.);
#3434=ORIENTED_EDGE('',*,*,#3435,.T.);
#3435=EDGE_CURVE('NONE',#146,#1088,#3436,.F.);
#3436=LINE('',#3437,#3438);
#3437=CARTESIAN_POINT('',(1141.657124107,-143.032277726,8.75));
#3438=VECTOR('',#3439,1.0);
#3439=DIRECTION('',(-5.921189465E-14,1.0,-9.599650813E-30));
#3440=ORIENTED_EDGE('',*,*,#1087,.F.);
#3441=PLANE('',#3442);
#3442=AXIS2_PLACEMENT_3D('',#3443,#3444,#3445);
#3443=CARTESIAN_POINT('',(1132.407124107,-151.132277726,8.75));
#3444=DIRECTION('',(1.621236893E-16,0.0,-1.0));
#3445=DIRECTION('',(0.0,-1.0,0.0));
#3446=ADVANCED_FACE('NONE',(#3447),#3472,.F.);
#3447=FACE_BOUND('NONE',#3448,.T.);
#3448=EDGE_LOOP('',(#3449,#3450,#3451,#3457,#3458,#3464,#3465,#3466));
#3449=ORIENTED_EDGE('',*,*,#535,.F.);
#3450=ORIENTED_EDGE('',*,*,#433,.F.);
#3451=ORIENTED_EDGE('',*,*,#3452,.T.);
#3452=EDGE_CURVE('NONE',#426,#1078,#3453,.F.);
#3453=LINE('',#3454,#3455);
#3454=CARTESIAN_POINT('',(1142.857124107,-146.782277726,8.25));
#3455=VECTOR('',#3456,1.0);
#3456=DIRECTION('',(5.921189465E-14,1.0,9.599650813E-30));
#3457=ORIENTED_EDGE('',*,*,#1104,.F.);
#3458=ORIENTED_EDGE('',*,*,#3459,.T.);
#3459=EDGE_CURVE('NONE',#1097,#138,#3460,.F.);
#3460=LINE('',#3461,#3462);
#3461=CARTESIAN_POINT('',(1141.657124107,-143.032277726,8.25));
#3462=VECTOR('',#3463,1.0);
#3463=DIRECTION('',(5.921189465E-14,-1.0,9.599650813E-30));
#3464=ORIENTED_EDGE('',*,*,#135,.F.);
#3465=ORIENTED_EDGE('',*,*,#712,.F.);
#3466=ORIENTED_EDGE('',*,*,#3467,.T.);
#3467=EDGE_CURVE('NONE',#713,#536,#3468,.T.);
#3468=LINE('',#3469,#3470);
#3469=CARTESIAN_POINT('',(1132.407124107,-140.982277726,8.25));
#3470=VECTOR('',#3471,1.0);
#3471=DIRECTION('',(1.0,0.0,1.621236893E-16));
#3472=PLANE('',#3473);
#3473=AXIS2_PLACEMENT_3D('',#3474,#3475,#3476);
#3474=CARTESIAN_POINT('',(1132.407124107,-151.132277726,8.25));
#3475=DIRECTION('',(-1.621236893E-16,0.0,1.0));
#3476=DIRECTION('',(1.0,0.0,1.621236893E-16));
#3477=ADVANCED_FACE('NONE',(#3478),#3503,.F.);
#3478=FACE_BOUND('NONE',#3479,.T.);
#3479=EDGE_LOOP('',(#3480,#3486,#3487,#3488,#3494,#3495,#3496,#3502));
#3480=ORIENTED_EDGE('',*,*,#3481,.T.);
#3481=EDGE_CURVE('NONE',#1038,#458,#3482,.F.);
#3482=LINE('',#3483,#3484);
#3483=CARTESIAN_POINT('',(1142.857124107,-146.782277726,2.25));
#3484=VECTOR('',#3485,1.0);
#3485=DIRECTION('',(-5.921189465E-14,-1.0,-4.799825407E-30));
#3486=ORIENTED_EDGE('',*,*,#455,.F.);
#3487=ORIENTED_EDGE('',*,*,#495,.F.);
#3488=ORIENTED_EDGE('',*,*,#3489,.T.);
#3489=EDGE_CURVE('NONE',#496,#691,#3490,.T.);
#3490=LINE('',#3491,#3492);
#3491=CARTESIAN_POINT('',(1132.407124107,-140.982277726,2.25));
#3492=VECTOR('',#3493,1.0);
#3493=DIRECTION('',(-1.0,0.0,-8.106184467E-17));
#3494=ORIENTED_EDGE('',*,*,#690,.F.);
#3495=ORIENTED_EDGE('',*,*,#233,.F.);
#3496=ORIENTED_EDGE('',*,*,#3497,.T.);
#3497=EDGE_CURVE('NONE',#226,#1046,#3498,.F.);
#3498=LINE('',#3499,#3500);
#3499=CARTESIAN_POINT('',(1141.657124107,-143.032277726,2.25));
#3500=VECTOR('',#3501,1.0);
#3501=DIRECTION('',(-5.921189465E-14,1.0,-4.799825407E-30));
#3502=ORIENTED_EDGE('',*,*,#1045,.F.);
#3503=PLANE('',#3504);
#3504=AXIS2_PLACEMENT_3D('',#3505,#3506,#3507);
#3505=CARTESIAN_POINT('',(1132.407124107,-151.132277726,2.25));
#3506=DIRECTION('',(8.106184467E-17,0.0,-1.0));
#3507=DIRECTION('',(0.0,-1.0,0.0));
#3508=ADVANCED_FACE('NONE',(#3509),#3534,.F.);
#3509=FACE_BOUND('NONE',#3510,.T.);
#3510=EDGE_LOOP('',(#3511,#3512,#3513,#3519,#3520,#3526,#3527,#3528));
#3511=ORIENTED_EDGE('',*,*,#504,.F.);
#3512=ORIENTED_EDGE('',*,*,#473,.F.);
#3513=ORIENTED_EDGE('',*,*,#3514,.T.);
#3514=EDGE_CURVE('NONE',#466,#1036,#3515,.F.);
#3515=LINE('',#3516,#3517);
#3516=CARTESIAN_POINT('',(1142.857124107,-146.782277726,1.75));
#3517=VECTOR('',#3518,1.0);
#3518=DIRECTION('',(5.921189465E-14,1.0,4.799825407E-30));
#3519=ORIENTED_EDGE('',*,*,#1062,.F.);
#3520=ORIENTED_EDGE('',*,*,#3521,.T.);
#3521=EDGE_CURVE('NONE',#1055,#218,#3522,.F.);
#3522=LINE('',#3523,#3524);
#3523=CARTESIAN_POINT('',(1141.657124107,-143.032277726,1.75));
#3524=VECTOR('',#3525,1.0);
#3525=DIRECTION('',(5.921189465E-14,-1.0,4.799825407E-30));
#3526=ORIENTED_EDGE('',*,*,#215,.F.);
#3527=ORIENTED_EDGE('',*,*,#681,.F.);
#3528=ORIENTED_EDGE('',*,*,#3529,.T.);
#3529=EDGE_CURVE('NONE',#682,#505,#3530,.T.);
#3530=LINE('',#3531,#3532);
#3531=CARTESIAN_POINT('',(1132.407124107,-140.982277726,1.75));
#3532=VECTOR('',#3533,1.0);
#3533=DIRECTION('',(1.0,0.0,8.106184467E-17));
#3534=PLANE('',#3535);
#3535=AXIS2_PLACEMENT_3D('',#3536,#3537,#3538);
#3536=CARTESIAN_POINT('',(1132.407124107,-151.132277726,1.75));
#3537=DIRECTION('',(-8.106184467E-17,0.0,1.0));
#3538=DIRECTION('',(1.0,0.0,8.106184467E-17));
#3539=ADVANCED_FACE('NONE',(#3540),#3599,.T.);
#3540=FACE_BOUND('NONE',#3541,.T.);
#3541=EDGE_LOOP('',(#3542,#3553,#3561,#3567,#3568,#3574,#3575,#3576,#3584,#3593));
#3542=ORIENTED_EDGE('',*,*,#3543,.T.);
#3543=EDGE_CURVE('NONE',#3544,#3546,#3548,.T.);
#3544=VERTEX_POINT('NONE',#3545);
#3545=CARTESIAN_POINT('',(1144.857124107,-141.582277726,10.0));
#3546=VERTEX_POINT('NONE',#3547);
#3547=CARTESIAN_POINT('',(1144.657124107,-141.382277726,10.0));
#3548=CIRCLE('',#3549,0.2);
#3549=AXIS2_PLACEMENT_3D('',#3550,#3551,#3552);
#3550=CARTESIAN_POINT('',(1144.857124107,-141.382277726,10.0));
#3551=DIRECTION('',(0.0,0.0,-1.0));
#3552=DIRECTION('',(-1.0,0.0,0.0));
#3553=ORIENTED_EDGE('',*,*,#3554,.T.);
#3554=EDGE_CURVE('NONE',#3546,#3555,#3557,.T.);
#3555=VERTEX_POINT('NONE',#3556);
#3556=CARTESIAN_POINT('',(1144.657124107,-140.982277726,10.0));
#3557=LINE('',#3558,#3559);
#3558=CARTESIAN_POINT('',(1144.657124107,-151.132277726,10.0));
#3559=VECTOR('',#3560,1.0);
#3560=DIRECTION('',(0.0,1.0,0.0));
#3561=ORIENTED_EDGE('',*,*,#3562,.T.);
#3562=EDGE_CURVE('NONE',#3555,#1941,#3563,.F.);
#3563=LINE('',#3564,#3565);
#3564=CARTESIAN_POINT('',(1145.757124107,-140.982277726,10.0));
#3565=VECTOR('',#3566,1.0);
#3566=DIRECTION('',(-1.0,0.0,0.0));
#3567=ORIENTED_EDGE('',*,*,#1938,.F.);
#3568=ORIENTED_EDGE('',*,*,#3569,.T.);
#3569=EDGE_CURVE('NONE',#1939,#1981,#3570,.F.);
#3570=LINE('',#3571,#3572);
#3571=CARTESIAN_POINT('',(1142.057124107,-139.482277726,10.0));
#3572=VECTOR('',#3573,1.0);
#3573=DIRECTION('',(1.0,5.415722071E-14,0.0));
#3574=ORIENTED_EDGE('',*,*,#1978,.F.);
#3575=ORIENTED_EDGE('',*,*,#2073,.F.);
#3576=ORIENTED_EDGE('',*,*,#3577,.T.);
#3577=EDGE_CURVE('NONE',#2066,#3578,#3580,.T.);
#3578=VERTEX_POINT('NONE',#3579);
#3579=CARTESIAN_POINT('',(1145.757124107,-141.382277726,10.0));
#3580=LINE('',#3581,#3582);
#3581=CARTESIAN_POINT('',(1145.757124107,-141.382277726,10.0));
#3582=VECTOR('',#3583,1.0);
#3583=DIRECTION('',(5.415722071E-14,-1.0,0.0));
#3584=ORIENTED_EDGE('',*,*,#3585,.T.);
#3585=EDGE_CURVE('NONE',#3578,#3586,#3588,.T.);
#3586=VERTEX_POINT('NONE',#3587);
#3587=CARTESIAN_POINT('',(1145.557124107,-141.582277726,10.0));
#3588=CIRCLE('',#3589,0.2);
#3589=AXIS2_PLACEMENT_3D('',#3590,#3591,#3592);
#3590=CARTESIAN_POINT('',(1145.557124107,-141.382277726,10.0));
#3591=DIRECTION('',(0.0,0.0,-1.0));
#3592=DIRECTION('',(-1.0,0.0,0.0));
#3593=ORIENTED_EDGE('',*,*,#3594,.T.);
#3594=EDGE_CURVE('NONE',#3586,#3544,#3595,.T.);
#3595=LINE('',#3596,#3597);
#3596=CARTESIAN_POINT('',(1144.857124107,-141.582277726,10.0));
#3597=VECTOR('',#3598,1.0);
#3598=DIRECTION('',(-1.0,0.0,0.0));
#3599=PLANE('',#3600);
#3600=AXIS2_PLACEMENT_3D('',#3601,#3602,#3603);
#3601=CARTESIAN_POINT('',(1145.757124107,-151.132277726,10.0));
#3602=DIRECTION('',(0.0,0.0,-1.0));
#3603=DIRECTION('',(0.0,-1.0,0.0));
#3604=ADVANCED_FACE('NONE',(#3605),#3664,.T.);
#3605=FACE_BOUND('NONE',#3606,.T.);
#3606=EDGE_LOOP('',(#3607,#3618,#3626,#3635,#3641,#3642,#3643,#3649,#3650,#3658));
#3607=ORIENTED_EDGE('',*,*,#3608,.T.);
#3608=EDGE_CURVE('NONE',#3609,#3611,#3613,.T.);
#3609=VERTEX_POINT('NONE',#3610);
#3610=CARTESIAN_POINT('',(1144.657124107,-141.382277726,0.5));
#3611=VERTEX_POINT('NONE',#3612);
#3612=CARTESIAN_POINT('',(1144.857124107,-141.582277726,0.5));
#3613=CIRCLE('',#3614,0.2);
#3614=AXIS2_PLACEMENT_3D('',#3615,#3616,#3617);
#3615=CARTESIAN_POINT('',(1144.857124107,-141.382277726,0.5));
#3616=DIRECTION('',(0.0,0.0,1.0));
#3617=DIRECTION('',(1.0,0.0,0.0));
#3618=ORIENTED_EDGE('',*,*,#3619,.T.);
#3619=EDGE_CURVE('NONE',#3611,#3620,#3622,.T.);
#3620=VERTEX_POINT('NONE',#3621);
#3621=CARTESIAN_POINT('',(1145.557124107,-141.582277726,0.5));
#3622=LINE('',#3623,#3624);
#3623=CARTESIAN_POINT('',(1144.857124107,-141.582277726,0.5));
#3624=VECTOR('',#3625,1.0);
#3625=DIRECTION('',(1.0,0.0,0.0));
#3626=ORIENTED_EDGE('',*,*,#3627,.T.);
#3627=EDGE_CURVE('NONE',#3620,#3628,#3630,.T.);
#3628=VERTEX_POINT('NONE',#3629);
#3629=CARTESIAN_POINT('',(1145.757124107,-141.382277726,0.5));
#3630=CIRCLE('',#3631,0.2);
#3631=AXIS2_PLACEMENT_3D('',#3632,#3633,#3634);
#3632=CARTESIAN_POINT('',(1145.557124107,-141.382277726,0.5));
#3633=DIRECTION('',(0.0,0.0,1.0));
#3634=DIRECTION('',(1.0,0.0,0.0));
#3635=ORIENTED_EDGE('',*,*,#3636,.T.);
#3636=EDGE_CURVE('NONE',#3628,#2058,#3637,.T.);
#3637=LINE('',#3638,#3639);
#3638=CARTESIAN_POINT('',(1145.757124107,-141.382277726,0.5));
#3639=VECTOR('',#3640,1.0);
#3640=DIRECTION('',(-5.415722071E-14,1.0,0.0));
#3641=ORIENTED_EDGE('',*,*,#2057,.F.);
#3642=ORIENTED_EDGE('',*,*,#1996,.F.);
#3643=ORIENTED_EDGE('',*,*,#3644,.T.);
#3644=EDGE_CURVE('NONE',#1989,#1957,#3645,.T.);
#3645=LINE('',#3646,#3647);
#3646=CARTESIAN_POINT('',(1142.057124107,-139.482277726,0.5));
#3647=VECTOR('',#3648,1.0);
#3648=DIRECTION('',(1.0,5.415722071E-14,0.0));
#3649=ORIENTED_EDGE('',*,*,#1956,.F.);
#3650=ORIENTED_EDGE('',*,*,#3651,.T.);
#3651=EDGE_CURVE('NONE',#1949,#3652,#3654,.F.);
#3652=VERTEX_POINT('NONE',#3653);
#3653=CARTESIAN_POINT('',(1144.657124107,-140.982277726,0.5));
#3654=LINE('',#3655,#3656);
#3655=CARTESIAN_POINT('',(1145.757124107,-140.982277726,0.5));
#3656=VECTOR('',#3657,1.0);
#3657=DIRECTION('',(1.0,0.0,0.0));
#3658=ORIENTED_EDGE('',*,*,#3659,.T.);
#3659=EDGE_CURVE('NONE',#3652,#3609,#3660,.F.);
#3660=LINE('',#3661,#3662);
#3661=CARTESIAN_POINT('',(1144.657124107,-151.132277726,0.5));
#3662=VECTOR('',#3663,1.0);
#3663=DIRECTION('',(0.0,1.0,0.0));
#3664=PLANE('',#3665);
#3665=AXIS2_PLACEMENT_3D('',#3666,#3667,#3668);
#3666=CARTESIAN_POINT('',(1145.757124107,-151.132277726,0.5));
#3667=DIRECTION('',(0.0,0.0,1.0));
#3668=DIRECTION('',(1.0,0.0,0.0));
#3669=ADVANCED_FACE('NONE',(#3670),#3729,.T.);
#3670=FACE_BOUND('NONE',#3671,.T.);
#3671=EDGE_LOOP('',(#3672,#3683,#3691,#3700,#3708,#3714,#3715,#3721,#3722,#3723));
#3672=ORIENTED_EDGE('',*,*,#3673,.T.);
#3673=EDGE_CURVE('NONE',#3674,#3676,#3678,.T.);
#3674=VERTEX_POINT('NONE',#3675);
#3675=CARTESIAN_POINT('',(1129.757124107,-141.382277726,0.5));
#3676=VERTEX_POINT('NONE',#3677);
#3677=CARTESIAN_POINT('',(1129.957124107,-141.582277726,0.5));
#3678=CIRCLE('',#3679,0.2);
#3679=AXIS2_PLACEMENT_3D('',#3680,#3681,#3682);
#3680=CARTESIAN_POINT('',(1129.957124107,-141.382277726,0.5));
#3681=DIRECTION('',(0.0,0.0,1.0));
#3682=DIRECTION('',(1.0,0.0,0.0));
#3683=ORIENTED_EDGE('',*,*,#3684,.T.);
#3684=EDGE_CURVE('NONE',#3676,#3685,#3687,.T.);
#3685=VERTEX_POINT('NONE',#3686);
#3686=CARTESIAN_POINT('',(1130.657124107,-141.582277726,0.5));
#3687=LINE('',#3688,#3689);
#3688=CARTESIAN_POINT('',(1129.957124107,-141.582277726,0.5));
#3689=VECTOR('',#3690,1.0);
#3690=DIRECTION('',(1.0,0.0,0.0));
#3691=ORIENTED_EDGE('',*,*,#3692,.T.);
#3692=EDGE_CURVE('NONE',#3685,#3693,#3695,.T.);
#3693=VERTEX_POINT('NONE',#3694);
#3694=CARTESIAN_POINT('',(1130.857124107,-141.382277726,0.5));
#3695=CIRCLE('',#3696,0.2);
#3696=AXIS2_PLACEMENT_3D('',#3697,#3698,#3699);
#3697=CARTESIAN_POINT('',(1130.657124107,-141.382277726,0.5));
#3698=DIRECTION('',(0.0,0.0,1.0));
#3699=DIRECTION('',(1.0,0.0,0.0));
#3700=ORIENTED_EDGE('',*,*,#3701,.T.);
#3701=EDGE_CURVE('NONE',#3693,#3702,#3704,.T.);
#3702=VERTEX_POINT('NONE',#3703);
#3703=CARTESIAN_POINT('',(1130.857124107,-140.982277726,0.5));
#3704=LINE('',#3705,#3706);
#3705=CARTESIAN_POINT('',(1130.857124107,-151.132277726,0.5));
#3706=VECTOR('',#3707,1.0);
#3707=DIRECTION('',(0.0,1.0,0.0));
#3708=ORIENTED_EDGE('',*,*,#3709,.T.);
#3709=EDGE_CURVE('NONE',#3702,#1901,#3710,.F.);
#3710=LINE('',#3711,#3712);
#3711=CARTESIAN_POINT('',(1129.757124107,-140.982277726,0.5));
#3712=VECTOR('',#3713,1.0);
#3713=DIRECTION('',(1.0,0.0,0.0));
#3714=ORIENTED_EDGE('',*,*,#1898,.F.);
#3715=ORIENTED_EDGE('',*,*,#3716,.T.);
#3716=EDGE_CURVE('NONE',#1899,#2091,#3717,.F.);
#3717=LINE('',#3718,#3719);
#3718=CARTESIAN_POINT('',(1129.957124107,-139.482277726,0.5));
#3719=VECTOR('',#3720,1.0);
#3720=DIRECTION('',(-1.0,0.0,0.0));
#3721=ORIENTED_EDGE('',*,*,#2088,.F.);
#3722=ORIENTED_EDGE('',*,*,#2138,.F.);
#3723=ORIENTED_EDGE('',*,*,#3724,.T.);
#3724=EDGE_CURVE('NONE',#2131,#3674,#3725,.T.);
#3725=LINE('',#3726,#3727);
#3726=CARTESIAN_POINT('',(1129.757124107,-133.182277726,0.5));
#3727=VECTOR('',#3728,1.0);
#3728=DIRECTION('',(0.0,-1.0,0.0));
#3729=PLANE('',#3730);
#3730=AXIS2_PLACEMENT_3D('',#3731,#3732,#3733);
#3731=CARTESIAN_POINT('',(1129.757124107,-151.132277726,0.5));
#3732=DIRECTION('',(0.0,0.0,1.0));
#3733=DIRECTION('',(1.0,0.0,0.0));
#3734=ADVANCED_FACE('NONE',(#3735),#3794,.T.);
#3735=FACE_BOUND('NONE',#3736,.T.);
#3736=EDGE_LOOP('',(#3737,#3748,#3754,#3755,#3756,#3762,#3763,#3771,#3779,#3788));
#3737=ORIENTED_EDGE('',*,*,#3738,.T.);
#3738=EDGE_CURVE('NONE',#3739,#3741,#3743,.T.);
#3739=VERTEX_POINT('NONE',#3740);
#3740=CARTESIAN_POINT('',(1129.957124107,-141.582277726,10.0));
#3741=VERTEX_POINT('NONE',#3742);
#3742=CARTESIAN_POINT('',(1129.757124107,-141.382277726,10.0));
#3743=CIRCLE('',#3744,0.2);
#3744=AXIS2_PLACEMENT_3D('',#3745,#3746,#3747);
#3745=CARTESIAN_POINT('',(1129.957124107,-141.382277726,10.0));
#3746=DIRECTION('',(0.0,0.0,-1.0));
#3747=DIRECTION('',(-1.0,0.0,0.0));
#3748=ORIENTED_EDGE('',*,*,#3749,.T.);
#3749=EDGE_CURVE('NONE',#3741,#2129,#3750,.T.);
#3750=LINE('',#3751,#3752);
#3751=CARTESIAN_POINT('',(1129.757124107,-133.182277726,10.0));
#3752=VECTOR('',#3753,1.0);
#3753=DIRECTION('',(0.0,1.0,0.0));
#3754=ORIENTED_EDGE('',*,*,#2145,.F.);
#3755=ORIENTED_EDGE('',*,*,#2106,.F.);
#3756=ORIENTED_EDGE('',*,*,#3757,.T.);
#3757=EDGE_CURVE('NONE',#2099,#1917,#3758,.T.);
#3758=LINE('',#3759,#3760);
#3759=CARTESIAN_POINT('',(1129.957124107,-139.482277726,10.0));
#3760=VECTOR('',#3761,1.0);
#3761=DIRECTION('',(-1.0,0.0,0.0));
#3762=ORIENTED_EDGE('',*,*,#1916,.F.);
#3763=ORIENTED_EDGE('',*,*,#3764,.T.);
#3764=EDGE_CURVE('NONE',#1909,#3765,#3767,.F.);
#3765=VERTEX_POINT('NONE',#3766);
#3766=CARTESIAN_POINT('',(1130.857124107,-140.982277726,10.0));
#3767=LINE('',#3768,#3769);
#3768=CARTESIAN_POINT('',(1129.757124107,-140.982277726,10.0));
#3769=VECTOR('',#3770,1.0);
#3770=DIRECTION('',(-1.0,0.0,0.0));
#3771=ORIENTED_EDGE('',*,*,#3772,.T.);
#3772=EDGE_CURVE('NONE',#3765,#3773,#3775,.F.);
#3773=VERTEX_POINT('NONE',#3774);
#3774=CARTESIAN_POINT('',(1130.857124107,-141.382277726,10.0));
#3775=LINE('',#3776,#3777);
#3776=CARTESIAN_POINT('',(1130.857124107,-151.132277726,10.0));
#3777=VECTOR('',#3778,1.0);
#3778=DIRECTION('',(0.0,1.0,0.0));
#3779=ORIENTED_EDGE('',*,*,#3780,.T.);
#3780=EDGE_CURVE('NONE',#3773,#3781,#3783,.T.);
#3781=VERTEX_POINT('NONE',#3782);
#3782=CARTESIAN_POINT('',(1130.657124107,-141.582277726,10.0));
#3783=CIRCLE('',#3784,0.2);
#3784=AXIS2_PLACEMENT_3D('',#3785,#3786,#3787);
#3785=CARTESIAN_POINT('',(1130.657124107,-141.382277726,10.0));
#3786=DIRECTION('',(0.0,0.0,-1.0));
#3787=DIRECTION('',(-1.0,0.0,0.0));
#3788=ORIENTED_EDGE('',*,*,#3789,.T.);
#3789=EDGE_CURVE('NONE',#3781,#3739,#3790,.T.);
#3790=LINE('',#3791,#3792);
#3791=CARTESIAN_POINT('',(1129.957124107,-141.582277726,10.0));
#3792=VECTOR('',#3793,1.0);
#3793=DIRECTION('',(-1.0,0.0,0.0));
#3794=PLANE('',#3795);
#3795=AXIS2_PLACEMENT_3D('',#3796,#3797,#3798);
#3796=CARTESIAN_POINT('',(1129.757124107,-151.132277726,10.0));
#3797=DIRECTION('',(0.0,0.0,-1.0));
#3798=DIRECTION('',(0.0,-1.0,0.0));
#3799=ADVANCED_FACE('NONE',(#3800),#3834,.T.);
#3800=FACE_BOUND('NONE',#3801,.T.);
#3801=EDGE_LOOP('',(#3802,#3812,#3820,#3828));
#3802=ORIENTED_EDGE('',*,*,#3803,.T.);
#3803=EDGE_CURVE('NONE',#3804,#3806,#3808,.T.);
#3804=VERTEX_POINT('NONE',#3805);
#3805=CARTESIAN_POINT('',(1134.257124107,-133.332277726,2.85));
#3806=VERTEX_POINT('NONE',#3807);
#3807=CARTESIAN_POINT('',(1134.257124107,-133.332277726,1.35));
#3808=LINE('',#3809,#3810);
#3809=CARTESIAN_POINT('',(1134.257124107,-133.332277726,2.85));
#3810=VECTOR('',#3811,1.0);
#3811=DIRECTION('',(0.0,0.0,-1.0));
#3812=ORIENTED_EDGE('',*,*,#3813,.T.);
#3813=EDGE_CURVE('NONE',#3806,#3814,#3816,.T.);
#3814=VERTEX_POINT('NONE',#3815);
#3815=CARTESIAN_POINT('',(1131.257124107,-133.332277726,1.35));
#3816=LINE('',#3817,#3818);
#3817=CARTESIAN_POINT('',(1134.257124107,-133.332277726,1.35));
#3818=VECTOR('',#3819,1.0);
#3819=DIRECTION('',(-1.0,9.251858539E-15,0.0));
#3820=ORIENTED_EDGE('',*,*,#3821,.T.);
#3821=EDGE_CURVE('NONE',#3814,#3822,#3824,.T.);
#3822=VERTEX_POINT('NONE',#3823);
#3823=CARTESIAN_POINT('',(1131.257124107,-133.332277726,2.85));
#3824=LINE('',#3825,#3826);
#3825=CARTESIAN_POINT('',(1131.257124107,-133.332277726,2.85));
#3826=VECTOR('',#3827,1.0);
#3827=DIRECTION('',(0.0,0.0,1.0));
#3828=ORIENTED_EDGE('',*,*,#3829,.T.);
#3829=EDGE_CURVE('NONE',#3822,#3804,#3830,.T.);
#3830=LINE('',#3831,#3832);
#3831=CARTESIAN_POINT('',(1134.257124107,-133.332277726,2.85));
#3832=VECTOR('',#3833,1.0);
#3833=DIRECTION('',(1.0,-9.251858539E-15,0.0));
#3834=PLANE('',#3835);
#3835=AXIS2_PLACEMENT_3D('',#3836,#3837,#3838);
#3836=CARTESIAN_POINT('',(-1.233390358E-12,-133.332277726,0.0));
#3837=DIRECTION('',(9.251858539E-15,1.0,0.0));
#3838=DIRECTION('',(1.0,-9.251858539E-15,0.0));
#3839=ADVANCED_FACE('NONE',(#3840),#3865,.F.);
#3840=FACE_BOUND('NONE',#3841,.T.);
#3841=EDGE_LOOP('',(#3842,#3852,#3858,#3859));
#3842=ORIENTED_EDGE('',*,*,#3843,.T.);
#3843=EDGE_CURVE('NONE',#3844,#3846,#3848,.T.);
#3844=VERTEX_POINT('NONE',#3845);
#3845=CARTESIAN_POINT('',(1134.257124107,-133.182277726,1.35));
#3846=VERTEX_POINT('NONE',#3847);
#3847=CARTESIAN_POINT('',(1131.257124107,-133.182277726,1.35));
#3848=LINE('',#3849,#3850);
#3849=CARTESIAN_POINT('',(1134.257124107,-133.182277726,1.35));
#3850=VECTOR('',#3851,1.0);
#3851=DIRECTION('',(-1.0,9.251858539E-15,0.0));
#3852=ORIENTED_EDGE('',*,*,#3853,.T.);
#3853=EDGE_CURVE('NONE',#3846,#3814,#3854,.F.);
#3854=LINE('',#3855,#3856);
#3855=CARTESIAN_POINT('',(1131.257124107,-133.332277726,1.35));
#3856=VECTOR('',#3857,1.0);
#3857=DIRECTION('',(8.045094381E-15,1.0,0.0));
#3858=ORIENTED_EDGE('',*,*,#3813,.F.);
#3859=ORIENTED_EDGE('',*,*,#3860,.T.);
#3860=EDGE_CURVE('NONE',#3806,#3844,#3861,.T.);
#3861=LINE('',#3862,#3863);
#3862=CARTESIAN_POINT('',(1134.257124107,-133.332277726,1.35));
#3863=VECTOR('',#3864,1.0);
#3864=DIRECTION('',(8.045094381E-15,1.0,0.0));
#3865=PLANE('',#3866);
#3866=AXIS2_PLACEMENT_3D('',#3867,#3868,#3869);
#3867=CARTESIAN_POINT('',(1134.257124107,-133.332277726,1.35));
#3868=DIRECTION('',(0.0,0.0,-1.0));
#3869=DIRECTION('',(0.0,-1.0,0.0));
#3870=ADVANCED_FACE('NONE',(#3871),#3889,.F.);
#3871=FACE_BOUND('NONE',#3872,.T.);
#3872=EDGE_LOOP('',(#3873,#3881,#3887,#3888));
#3873=ORIENTED_EDGE('',*,*,#3874,.T.);
#3874=EDGE_CURVE('NONE',#3846,#3875,#3877,.T.);
#3875=VERTEX_POINT('NONE',#3876);
#3876=CARTESIAN_POINT('',(1131.257124107,-133.182277726,2.85));
#3877=LINE('',#3878,#3879);
#3878=CARTESIAN_POINT('',(1131.257124107,-133.182277726,2.85));
#3879=VECTOR('',#3880,1.0);
#3880=DIRECTION('',(0.0,0.0,1.0));
#3881=ORIENTED_EDGE('',*,*,#3882,.T.);
#3882=EDGE_CURVE('NONE',#3875,#3822,#3883,.F.);
#3883=LINE('',#3884,#3885);
#3884=CARTESIAN_POINT('',(1131.257124107,-133.332277726,2.85));
#3885=VECTOR('',#3886,1.0);
#3886=DIRECTION('',(8.045094381E-15,1.0,0.0));
#3887=ORIENTED_EDGE('',*,*,#3821,.F.);
#3888=ORIENTED_EDGE('',*,*,#3853,.F.);
#3889=PLANE('',#3890);
#3890=AXIS2_PLACEMENT_3D('',#3891,#3892,#3893);
#3891=CARTESIAN_POINT('',(1131.257124107,-133.332277726,2.85));
#3892=DIRECTION('',(-1.0,8.045094381E-15,0.0));
#3893=DIRECTION('',(0.0,0.0,1.0));
#3894=ADVANCED_FACE('NONE',(#3895),#3913,.F.);
#3895=FACE_BOUND('NONE',#3896,.T.);
#3896=EDGE_LOOP('',(#3897,#3905,#3911,#3912));
#3897=ORIENTED_EDGE('',*,*,#3898,.T.);
#3898=EDGE_CURVE('NONE',#3875,#3899,#3901,.T.);
#3899=VERTEX_POINT('NONE',#3900);
#3900=CARTESIAN_POINT('',(1134.257124107,-133.182277726,2.85));
#3901=LINE('',#3902,#3903);
#3902=CARTESIAN_POINT('',(1134.257124107,-133.182277726,2.85));
#3903=VECTOR('',#3904,1.0);
#3904=DIRECTION('',(1.0,-9.251858539E-15,0.0));
#3905=ORIENTED_EDGE('',*,*,#3906,.T.);
#3906=EDGE_CURVE('NONE',#3899,#3804,#3907,.F.);
#3907=LINE('',#3908,#3909);
#3908=CARTESIAN_POINT('',(1134.257124107,-133.332277726,2.85));
#3909=VECTOR('',#3910,1.0);
#3910=DIRECTION('',(8.045094381E-15,1.0,0.0));
#3911=ORIENTED_EDGE('',*,*,#3829,.F.);
#3912=ORIENTED_EDGE('',*,*,#3882,.F.);
#3913=PLANE('',#3914);
#3914=AXIS2_PLACEMENT_3D('',#3915,#3916,#3917);
#3915=CARTESIAN_POINT('',(1134.257124107,-133.332277726,2.85));
#3916=DIRECTION('',(0.0,0.0,1.0));
#3917=DIRECTION('',(1.0,0.0,0.0));
#3918=ADVANCED_FACE('NONE',(#3919),#3930,.F.);
#3919=FACE_BOUND('NONE',#3920,.T.);
#3920=EDGE_LOOP('',(#3921,#3927,#3928,#3929));
#3921=ORIENTED_EDGE('',*,*,#3922,.T.);
#3922=EDGE_CURVE('NONE',#3899,#3844,#3923,.T.);
#3923=LINE('',#3924,#3925);
#3924=CARTESIAN_POINT('',(1134.257124107,-133.182277726,2.85));
#3925=VECTOR('',#3926,1.0);
#3926=DIRECTION('',(0.0,0.0,-1.0));
#3927=ORIENTED_EDGE('',*,*,#3860,.F.);
#3928=ORIENTED_EDGE('',*,*,#3803,.F.);
#3929=ORIENTED_EDGE('',*,*,#3906,.F.);
#3930=PLANE('',#3931);
#3931=AXIS2_PLACEMENT_3D('',#3932,#3933,#3934);
#3932=CARTESIAN_POINT('',(1134.257124107,-133.332277726,2.85));
#3933=DIRECTION('',(1.0,-8.045094381E-15,0.0));
#3934=DIRECTION('',(-8.045094381E-15,-1.0,0.0));
#3935=ADVANCED_FACE('NONE',(#3936),#3970,.T.);
#3936=FACE_BOUND('NONE',#3937,.T.);
#3937=EDGE_LOOP('',(#3938,#3948,#3956,#3964));
#3938=ORIENTED_EDGE('',*,*,#3939,.T.);
#3939=EDGE_CURVE('NONE',#3940,#3942,#3944,.T.);
#3940=VERTEX_POINT('NONE',#3941);
#3941=CARTESIAN_POINT('',(1134.257124107,-133.332277726,7.65));
#3942=VERTEX_POINT('NONE',#3943);
#3943=CARTESIAN_POINT('',(1131.257124107,-133.332277726,7.65));
#3944=LINE('',#3945,#3946);
#3945=CARTESIAN_POINT('',(1134.257124107,-133.332277726,7.65));
#3946=VECTOR('',#3947,1.0);
#3947=DIRECTION('',(-1.0,9.251858539E-15,0.0));
#3948=ORIENTED_EDGE('',*,*,#3949,.T.);
#3949=EDGE_CURVE('NONE',#3942,#3950,#3952,.T.);
#3950=VERTEX_POINT('NONE',#3951);
#3951=CARTESIAN_POINT('',(1131.257124107,-133.332277726,9.15));
#3952=LINE('',#3953,#3954);
#3953=CARTESIAN_POINT('',(1131.257124107,-133.332277726,7.65));
#3954=VECTOR('',#3955,1.0);
#3955=DIRECTION('',(0.0,0.0,1.0));
#3956=ORIENTED_EDGE('',*,*,#3957,.T.);
#3957=EDGE_CURVE('NONE',#3950,#3958,#3960,.T.);
#3958=VERTEX_POINT('NONE',#3959);
#3959=CARTESIAN_POINT('',(1134.257124107,-133.332277726,9.15));
#3960=LINE('',#3961,#3962);
#3961=CARTESIAN_POINT('',(1134.257124107,-133.332277726,9.15));
#3962=VECTOR('',#3963,1.0);
#3963=DIRECTION('',(1.0,-9.251858539E-15,0.0));
#3964=ORIENTED_EDGE('',*,*,#3965,.T.);
#3965=EDGE_CURVE('NONE',#3958,#3940,#3966,.T.);
#3966=LINE('',#3967,#3968);
#3967=CARTESIAN_POINT('',(1134.257124107,-133.332277726,7.65));
#3968=VECTOR('',#3969,1.0);
#3969=DIRECTION('',(0.0,0.0,-1.0));
#3970=PLANE('',#3971);
#3971=AXIS2_PLACEMENT_3D('',#3972,#3973,#3974);
#3972=CARTESIAN_POINT('',(-1.233390358E-12,-133.332277726,0.0));
#3973=DIRECTION('',(9.251858539E-15,1.0,0.0));
#3974=DIRECTION('',(1.0,-9.251858539E-15,0.0));
#3975=ADVANCED_FACE('NONE',(#3976),#4001,.F.);
#3976=FACE_BOUND('NONE',#3977,.T.);
#3977=EDGE_LOOP('',(#3978,#3988,#3994,#3995));
#3978=ORIENTED_EDGE('',*,*,#3979,.T.);
#3979=EDGE_CURVE('NONE',#3980,#3982,#3984,.T.);
#3980=VERTEX_POINT('NONE',#3981);
#3981=CARTESIAN_POINT('',(1131.257124107,-133.182277726,7.65));
#3982=VERTEX_POINT('NONE',#3983);
#3983=CARTESIAN_POINT('',(1131.257124107,-133.182277726,9.15));
#3984=LINE('',#3985,#3986);
#3985=CARTESIAN_POINT('',(1131.257124107,-133.182277726,7.65));
#3986=VECTOR('',#3987,1.0);
#3987=DIRECTION('',(0.0,0.0,1.0));
#3988=ORIENTED_EDGE('',*,*,#3989,.T.);
#3989=EDGE_CURVE('NONE',#3982,#3950,#3990,.F.);
#3990=LINE('',#3991,#3992);
#3991=CARTESIAN_POINT('',(1131.257124107,-133.332277726,9.15));
#3992=VECTOR('',#3993,1.0);
#3993=DIRECTION('',(8.045094381E-15,1.0,0.0));
#3994=ORIENTED_EDGE('',*,*,#3949,.F.);
#3995=ORIENTED_EDGE('',*,*,#3996,.T.);
#3996=EDGE_CURVE('NONE',#3942,#3980,#3997,.T.);
#3997=LINE('',#3998,#3999);
#3998=CARTESIAN_POINT('',(1131.257124107,-133.332277726,7.65));
#3999=VECTOR('',#4000,1.0);
#4000=DIRECTION('',(8.045094381E-15,1.0,0.0));
#4001=PLANE('',#4002);
#4002=AXIS2_PLACEMENT_3D('',#4003,#4004,#4005);
#4003=CARTESIAN_POINT('',(1131.257124107,-133.332277726,7.65));
#4004=DIRECTION('',(-1.0,8.045094381E-15,0.0));
#4005=DIRECTION('',(0.0,0.0,1.0));
#4006=ADVANCED_FACE('NONE',(#4007),#4025,.F.);
#4007=FACE_BOUND('NONE',#4008,.T.);
#4008=EDGE_LOOP('',(#4009,#4017,#4023,#4024));
#4009=ORIENTED_EDGE('',*,*,#4010,.T.);
#4010=EDGE_CURVE('NONE',#3982,#4011,#4013,.T.);
#4011=VERTEX_POINT('NONE',#4012);
#4012=CARTESIAN_POINT('',(1134.257124107,-133.182277726,9.15));
#4013=LINE('',#4014,#4015);
#4014=CARTESIAN_POINT('',(1134.257124107,-133.182277726,9.15));
#4015=VECTOR('',#4016,1.0);
#4016=DIRECTION('',(1.0,-9.251858539E-15,0.0));
#4017=ORIENTED_EDGE('',*,*,#4018,.T.);
#4018=EDGE_CURVE('NONE',#4011,#3958,#4019,.F.);
#4019=LINE('',#4020,#4021);
#4020=CARTESIAN_POINT('',(1134.257124107,-133.332277726,9.15));
#4021=VECTOR('',#4022,1.0);
#4022=DIRECTION('',(8.045094381E-15,1.0,0.0));
#4023=ORIENTED_EDGE('',*,*,#3957,.F.);
#4024=ORIENTED_EDGE('',*,*,#3989,.F.);
#4025=PLANE('',#4026);
#4026=AXIS2_PLACEMENT_3D('',#4027,#4028,#4029);
#4027=CARTESIAN_POINT('',(1134.257124107,-133.332277726,9.15));
#4028=DIRECTION('',(0.0,0.0,1.0));
#4029=DIRECTION('',(1.0,0.0,0.0));
#4030=ADVANCED_FACE('NONE',(#4031),#4049,.F.);
#4031=FACE_BOUND('NONE',#4032,.T.);
#4032=EDGE_LOOP('',(#4033,#4041,#4047,#4048));
#4033=ORIENTED_EDGE('',*,*,#4034,.T.);
#4034=EDGE_CURVE('NONE',#4011,#4035,#4037,.T.);
#4035=VERTEX_POINT('NONE',#4036);
#4036=CARTESIAN_POINT('',(1134.257124107,-133.182277726,7.65));
#4037=LINE('',#4038,#4039);
#4038=CARTESIAN_POINT('',(1134.257124107,-133.182277726,7.65));
#4039=VECTOR('',#4040,1.0);
#4040=DIRECTION('',(0.0,0.0,-1.0));
#4041=ORIENTED_EDGE('',*,*,#4042,.T.);
#4042=EDGE_CURVE('NONE',#4035,#3940,#4043,.F.);
#4043=LINE('',#4044,#4045);
#4044=CARTESIAN_POINT('',(1134.257124107,-133.332277726,7.65));
#4045=VECTOR('',#4046,1.0);
#4046=DIRECTION('',(8.045094381E-15,1.0,0.0));
#4047=ORIENTED_EDGE('',*,*,#3965,.F.);
#4048=ORIENTED_EDGE('',*,*,#4018,.F.);
#4049=PLANE('',#4050);
#4050=AXIS2_PLACEMENT_3D('',#4051,#4052,#4053);
#4051=CARTESIAN_POINT('',(1134.257124107,-133.332277726,7.65));
#4052=DIRECTION('',(1.0,-8.045094381E-15,0.0));
#4053=DIRECTION('',(-8.045094381E-15,-1.0,0.0));
#4054=ADVANCED_FACE('NONE',(#4055),#4066,.F.);
#4055=FACE_BOUND('NONE',#4056,.T.);
#4056=EDGE_LOOP('',(#4057,#4063,#4064,#4065));
#4057=ORIENTED_EDGE('',*,*,#4058,.T.);
#4058=EDGE_CURVE('NONE',#4035,#3980,#4059,.T.);
#4059=LINE('',#4060,#4061);
#4060=CARTESIAN_POINT('',(1134.257124107,-133.182277726,7.65));
#4061=VECTOR('',#4062,1.0);
#4062=DIRECTION('',(-1.0,9.251858539E-15,0.0));
#4063=ORIENTED_EDGE('',*,*,#3996,.F.);
#4064=ORIENTED_EDGE('',*,*,#3939,.F.);
#4065=ORIENTED_EDGE('',*,*,#4042,.F.);
#4066=PLANE('',#4067);
#4067=AXIS2_PLACEMENT_3D('',#4068,#4069,#4070);
#4068=CARTESIAN_POINT('',(1134.257124107,-133.332277726,7.65));
#4069=DIRECTION('',(0.0,0.0,-1.0));
#4070=DIRECTION('',(0.0,-1.0,0.0));
#4071=ADVANCED_FACE('NONE',(#4072),#4106,.T.);
#4072=FACE_BOUND('NONE',#4073,.T.);
#4073=EDGE_LOOP('',(#4074,#4084,#4092,#4100));
#4074=ORIENTED_EDGE('',*,*,#4075,.T.);
#4075=EDGE_CURVE('NONE',#4076,#4078,#4080,.T.);
#4076=VERTEX_POINT('NONE',#4077);
#4077=CARTESIAN_POINT('',(1141.257124107,-133.332277726,2.85));
#4078=VERTEX_POINT('NONE',#4079);
#4079=CARTESIAN_POINT('',(1144.257124107,-133.332277726,2.85));
#4080=LINE('',#4081,#4082);
#4081=CARTESIAN_POINT('',(1141.257124107,-133.332277726,2.85));
#4082=VECTOR('',#4083,1.0);
#4083=DIRECTION('',(1.0,-9.251858539E-15,0.0));
#4084=ORIENTED_EDGE('',*,*,#4085,.T.);
#4085=EDGE_CURVE('NONE',#4078,#4086,#4088,.T.);
#4086=VERTEX_POINT('NONE',#4087);
#4087=CARTESIAN_POINT('',(1144.257124107,-133.332277726,1.35));
#4088=LINE('',#4089,#4090);
#4089=CARTESIAN_POINT('',(1144.257124107,-133.332277726,2.85));
#4090=VECTOR('',#4091,1.0);
#4091=DIRECTION('',(0.0,0.0,-1.0));
#4092=ORIENTED_EDGE('',*,*,#4093,.T.);
#4093=EDGE_CURVE('NONE',#4086,#4094,#4096,.T.);
#4094=VERTEX_POINT('NONE',#4095);
#4095=CARTESIAN_POINT('',(1141.257124107,-133.332277726,1.35));
#4096=LINE('',#4097,#4098);
#4097=CARTESIAN_POINT('',(1141.257124107,-133.332277726,1.35));
#4098=VECTOR('',#4099,1.0);
#4099=DIRECTION('',(-1.0,9.251858539E-15,0.0));
#4100=ORIENTED_EDGE('',*,*,#4101,.T.);
#4101=EDGE_CURVE('NONE',#4094,#4076,#4102,.T.);
#4102=LINE('',#4103,#4104);
#4103=CARTESIAN_POINT('',(1141.257124107,-133.332277726,2.85));
#4104=VECTOR('',#4105,1.0);
#4105=DIRECTION('',(0.0,0.0,1.0));
#4106=PLANE('',#4107);
#4107=AXIS2_PLACEMENT_3D('',#4108,#4109,#4110);
#4108=CARTESIAN_POINT('',(-1.233390358E-12,-133.332277726,0.0));
#4109=DIRECTION('',(9.251858539E-15,1.0,0.0));
#4110=DIRECTION('',(1.0,-9.251858539E-15,0.0));
#4111=ADVANCED_FACE('NONE',(#4112),#4137,.F.);
#4112=FACE_BOUND('NONE',#4113,.T.);
#4113=EDGE_LOOP('',(#4114,#4124,#4130,#4131));
#4114=ORIENTED_EDGE('',*,*,#4115,.T.);
#4115=EDGE_CURVE('NONE',#4116,#4118,#4120,.T.);
#4116=VERTEX_POINT('NONE',#4117);
#4117=CARTESIAN_POINT('',(1144.257124107,-133.182277726,2.85));
#4118=VERTEX_POINT('NONE',#4119);
#4119=CARTESIAN_POINT('',(1144.257124107,-133.182277726,1.35));
#4120=LINE('',#4121,#4122);
#4121=CARTESIAN_POINT('',(1144.257124107,-133.182277726,2.85));
#4122=VECTOR('',#4123,1.0);
#4123=DIRECTION('',(0.0,0.0,-1.0));
#4124=ORIENTED_EDGE('',*,*,#4125,.T.);
#4125=EDGE_CURVE('NONE',#4118,#4086,#4126,.F.);
#4126=LINE('',#4127,#4128);
#4127=CARTESIAN_POINT('',(1144.257124107,-133.332277726,1.35));
#4128=VECTOR('',#4129,1.0);
#4129=DIRECTION('',(8.045094381E-15,1.0,0.0));
#4130=ORIENTED_EDGE('',*,*,#4085,.F.);
#4131=ORIENTED_EDGE('',*,*,#4132,.T.);
#4132=EDGE_CURVE('NONE',#4078,#4116,#4133,.T.);
#4133=LINE('',#4134,#4135);
#4134=CARTESIAN_POINT('',(1144.257124107,-133.332277726,2.85));
#4135=VECTOR('',#4136,1.0);
#4136=DIRECTION('',(8.045094381E-15,1.0,0.0));
#4137=PLANE('',#4138);
#4138=AXIS2_PLACEMENT_3D('',#4139,#4140,#4141);
#4139=CARTESIAN_POINT('',(1144.257124107,-133.332277726,2.85));
#4140=DIRECTION('',(1.0,-8.045094381E-15,0.0));
#4141=DIRECTION('',(-8.045094381E-15,-1.0,0.0));
#4142=ADVANCED_FACE('NONE',(#4143),#4161,.F.);
#4143=FACE_BOUND('NONE',#4144,.T.);
#4144=EDGE_LOOP('',(#4145,#4153,#4159,#4160));
#4145=ORIENTED_EDGE('',*,*,#4146,.T.);
#4146=EDGE_CURVE('NONE',#4118,#4147,#4149,.T.);
#4147=VERTEX_POINT('NONE',#4148);
#4148=CARTESIAN_POINT('',(1141.257124107,-133.182277726,1.35));
#4149=LINE('',#4150,#4151);
#4150=CARTESIAN_POINT('',(1141.257124107,-133.182277726,1.35));
#4151=VECTOR('',#4152,1.0);
#4152=DIRECTION('',(-1.0,9.251858539E-15,0.0));
#4153=ORIENTED_EDGE('',*,*,#4154,.T.);
#4154=EDGE_CURVE('NONE',#4147,#4094,#4155,.F.);
#4155=LINE('',#4156,#4157);
#4156=CARTESIAN_POINT('',(1141.257124107,-133.332277726,1.35));
#4157=VECTOR('',#4158,1.0);
#4158=DIRECTION('',(8.045094381E-15,1.0,0.0));
#4159=ORIENTED_EDGE('',*,*,#4093,.F.);
#4160=ORIENTED_EDGE('',*,*,#4125,.F.);
#4161=PLANE('',#4162);
#4162=AXIS2_PLACEMENT_3D('',#4163,#4164,#4165);
#4163=CARTESIAN_POINT('',(1141.257124107,-133.332277726,1.35));
#4164=DIRECTION('',(0.0,0.0,-1.0));
#4165=DIRECTION('',(0.0,-1.0,0.0));
#4166=ADVANCED_FACE('NONE',(#4167),#4185,.F.);
#4167=FACE_BOUND('NONE',#4168,.T.);
#4168=EDGE_LOOP('',(#4169,#4177,#4183,#4184));
#4169=ORIENTED_EDGE('',*,*,#4170,.T.);
#4170=EDGE_CURVE('NONE',#4147,#4171,#4173,.T.);
#4171=VERTEX_POINT('NONE',#4172);
#4172=CARTESIAN_POINT('',(1141.257124107,-133.182277726,2.85));
#4173=LINE('',#4174,#4175);
#4174=CARTESIAN_POINT('',(1141.257124107,-133.182277726,2.85));
#4175=VECTOR('',#4176,1.0);
#4176=DIRECTION('',(0.0,0.0,1.0));
#4177=ORIENTED_EDGE('',*,*,#4178,.T.);
#4178=EDGE_CURVE('NONE',#4171,#4076,#4179,.F.);
#4179=LINE('',#4180,#4181);
#4180=CARTESIAN_POINT('',(1141.257124107,-133.332277726,2.85));
#4181=VECTOR('',#4182,1.0);
#4182=DIRECTION('',(8.045094381E-15,1.0,0.0));
#4183=ORIENTED_EDGE('',*,*,#4101,.F.);
#4184=ORIENTED_EDGE('',*,*,#4154,.F.);
#4185=PLANE('',#4186);
#4186=AXIS2_PLACEMENT_3D('',#4187,#4188,#4189);
#4187=CARTESIAN_POINT('',(1141.257124107,-133.332277726,2.85));
#4188=DIRECTION('',(-1.0,8.045094381E-15,0.0));
#4189=DIRECTION('',(0.0,0.0,1.0));
#4190=ADVANCED_FACE('NONE',(#4191),#4202,.F.);
#4191=FACE_BOUND('NONE',#4192,.T.);
#4192=EDGE_LOOP('',(#4193,#4199,#4200,#4201));
#4193=ORIENTED_EDGE('',*,*,#4194,.T.);
#4194=EDGE_CURVE('NONE',#4171,#4116,#4195,.T.);
#4195=LINE('',#4196,#4197);
#4196=CARTESIAN_POINT('',(1141.257124107,-133.182277726,2.85));
#4197=VECTOR('',#4198,1.0);
#4198=DIRECTION('',(1.0,-9.251858539E-15,0.0));
#4199=ORIENTED_EDGE('',*,*,#4132,.F.);
#4200=ORIENTED_EDGE('',*,*,#4075,.F.);
#4201=ORIENTED_EDGE('',*,*,#4178,.F.);
#4202=PLANE('',#4203);
#4203=AXIS2_PLACEMENT_3D('',#4204,#4205,#4206);
#4204=CARTESIAN_POINT('',(1141.257124107,-133.332277726,2.85));
#4205=DIRECTION('',(0.0,0.0,1.0));
#4206=DIRECTION('',(1.0,0.0,0.0));
#4207=ADVANCED_FACE('NONE',(#4208),#4242,.T.);
#4208=FACE_BOUND('NONE',#4209,.T.);
#4209=EDGE_LOOP('',(#4210,#4220,#4228,#4236));
#4210=ORIENTED_EDGE('',*,*,#4211,.T.);
#4211=EDGE_CURVE('NONE',#4212,#4214,#4216,.T.);
#4212=VERTEX_POINT('NONE',#4213);
#4213=CARTESIAN_POINT('',(1141.257124107,-133.332277726,7.65));
#4214=VERTEX_POINT('NONE',#4215);
#4215=CARTESIAN_POINT('',(1141.257124107,-133.332277726,9.15));
#4216=LINE('',#4217,#4218);
#4217=CARTESIAN_POINT('',(1141.257124107,-133.332277726,7.65));
#4218=VECTOR('',#4219,1.0);
#4219=DIRECTION('',(0.0,0.0,1.0));
#4220=ORIENTED_EDGE('',*,*,#4221,.T.);
#4221=EDGE_CURVE('NONE',#4214,#4222,#4224,.T.);
#4222=VERTEX_POINT('NONE',#4223);
#4223=CARTESIAN_POINT('',(1144.257124107,-133.332277726,9.15));
#4224=LINE('',#4225,#4226);
#4225=CARTESIAN_POINT('',(1141.257124107,-133.332277726,9.15));
#4226=VECTOR('',#4227,1.0);
#4227=DIRECTION('',(1.0,-9.251858539E-15,0.0));
#4228=ORIENTED_EDGE('',*,*,#4229,.T.);
#4229=EDGE_CURVE('NONE',#4222,#4230,#4232,.T.);
#4230=VERTEX_POINT('NONE',#4231);
#4231=CARTESIAN_POINT('',(1144.257124107,-133.332277726,7.65));
#4232=LINE('',#4233,#4234);
#4233=CARTESIAN_POINT('',(1144.257124107,-133.332277726,7.65));
#4234=VECTOR('',#4235,1.0);
#4235=DIRECTION('',(0.0,0.0,-1.0));
#4236=ORIENTED_EDGE('',*,*,#4237,.T.);
#4237=EDGE_CURVE('NONE',#4230,#4212,#4238,.T.);
#4238=LINE('',#4239,#4240);
#4239=CARTESIAN_POINT('',(1141.257124107,-133.332277726,7.65));
#4240=VECTOR('',#4241,1.0);
#4241=DIRECTION('',(-1.0,9.251858539E-15,0.0));
#4242=PLANE('',#4243);
#4243=AXIS2_PLACEMENT_3D('',#4244,#4245,#4246);
#4244=CARTESIAN_POINT('',(-1.233390358E-12,-133.332277726,0.0));
#4245=DIRECTION('',(9.251858539E-15,1.0,0.0));
#4246=DIRECTION('',(1.0,-9.251858539E-15,0.0));
#4247=ADVANCED_FACE('NONE',(#4248),#4273,.F.);
#4248=FACE_BOUND('NONE',#4249,.T.);
#4249=EDGE_LOOP('',(#4250,#4260,#4266,#4267));
#4250=ORIENTED_EDGE('',*,*,#4251,.T.);
#4251=EDGE_CURVE('NONE',#4252,#4254,#4256,.T.);
#4252=VERTEX_POINT('NONE',#4253);
#4253=CARTESIAN_POINT('',(1141.257124107,-133.182277726,9.15));
#4254=VERTEX_POINT('NONE',#4255);
#4255=CARTESIAN_POINT('',(1144.257124107,-133.182277726,9.15));
#4256=LINE('',#4257,#4258);
#4257=CARTESIAN_POINT('',(1141.257124107,-133.182277726,9.15));
#4258=VECTOR('',#4259,1.0);
#4259=DIRECTION('',(1.0,-9.251858539E-15,0.0));
#4260=ORIENTED_EDGE('',*,*,#4261,.T.);
#4261=EDGE_CURVE('NONE',#4254,#4222,#4262,.F.);
#4262=LINE('',#4263,#4264);
#4263=CARTESIAN_POINT('',(1144.257124107,-133.332277726,9.15));
#4264=VECTOR('',#4265,1.0);
#4265=DIRECTION('',(8.045094381E-15,1.0,0.0));
#4266=ORIENTED_EDGE('',*,*,#4221,.F.);
#4267=ORIENTED_EDGE('',*,*,#4268,.T.);
#4268=EDGE_CURVE('NONE',#4214,#4252,#4269,.T.);
#4269=LINE('',#4270,#4271);
#4270=CARTESIAN_POINT('',(1141.257124107,-133.332277726,9.15));
#4271=VECTOR('',#4272,1.0);
#4272=DIRECTION('',(8.045094381E-15,1.0,0.0));
#4273=PLANE('',#4274);
#4274=AXIS2_PLACEMENT_3D('',#4275,#4276,#4277);
#4275=CARTESIAN_POINT('',(1141.257124107,-133.332277726,9.15));
#4276=DIRECTION('',(0.0,0.0,1.0));
#4277=DIRECTION('',(1.0,0.0,0.0));
#4278=ADVANCED_FACE('NONE',(#4279),#4297,.F.);
#4279=FACE_BOUND('NONE',#4280,.T.);
#4280=EDGE_LOOP('',(#4281,#4289,#4295,#4296));
#4281=ORIENTED_EDGE('',*,*,#4282,.T.);
#4282=EDGE_CURVE('NONE',#4254,#4283,#4285,.T.);
#4283=VERTEX_POINT('NONE',#4284);
#4284=CARTESIAN_POINT('',(1144.257124107,-133.182277726,7.65));
#4285=LINE('',#4286,#4287);
#4286=CARTESIAN_POINT('',(1144.257124107,-133.182277726,7.65));
#4287=VECTOR('',#4288,1.0);
#4288=DIRECTION('',(0.0,0.0,-1.0));
#4289=ORIENTED_EDGE('',*,*,#4290,.T.);
#4290=EDGE_CURVE('NONE',#4283,#4230,#4291,.F.);
#4291=LINE('',#4292,#4293);
#4292=CARTESIAN_POINT('',(1144.257124107,-133.332277726,7.65));
#4293=VECTOR('',#4294,1.0);
#4294=DIRECTION('',(8.045094381E-15,1.0,0.0));
#4295=ORIENTED_EDGE('',*,*,#4229,.F.);
#4296=ORIENTED_EDGE('',*,*,#4261,.F.);
#4297=PLANE('',#4298);
#4298=AXIS2_PLACEMENT_3D('',#4299,#4300,#4301);
#4299=CARTESIAN_POINT('',(1144.257124107,-133.332277726,7.65));
#4300=DIRECTION('',(1.0,-8.045094381E-15,0.0));
#4301=DIRECTION('',(-8.045094381E-15,-1.0,0.0));
#4302=ADVANCED_FACE('NONE',(#4303),#4321,.F.);
#4303=FACE_BOUND('NONE',#4304,.T.);
#4304=EDGE_LOOP('',(#4305,#4313,#4319,#4320));
#4305=ORIENTED_EDGE('',*,*,#4306,.T.);
#4306=EDGE_CURVE('NONE',#4283,#4307,#4309,.T.);
#4307=VERTEX_POINT('NONE',#4308);
#4308=CARTESIAN_POINT('',(1141.257124107,-133.182277726,7.65));
#4309=LINE('',#4310,#4311);
#4310=CARTESIAN_POINT('',(1141.257124107,-133.182277726,7.65));
#4311=VECTOR('',#4312,1.0);
#4312=DIRECTION('',(-1.0,9.251858539E-15,0.0));
#4313=ORIENTED_EDGE('',*,*,#4314,.T.);
#4314=EDGE_CURVE('NONE',#4307,#4212,#4315,.F.);
#4315=LINE('',#4316,#4317);
#4316=CARTESIAN_POINT('',(1141.257124107,-133.332277726,7.65));
#4317=VECTOR('',#4318,1.0);
#4318=DIRECTION('',(8.045094381E-15,1.0,0.0));
#4319=ORIENTED_EDGE('',*,*,#4237,.F.);
#4320=ORIENTED_EDGE('',*,*,#4290,.F.);
#4321=PLANE('',#4322);
#4322=AXIS2_PLACEMENT_3D('',#4323,#4324,#4325);
#4323=CARTESIAN_POINT('',(1141.257124107,-133.332277726,7.65));
#4324=DIRECTION('',(0.0,0.0,-1.0));
#4325=DIRECTION('',(0.0,-1.0,0.0));
#4326=ADVANCED_FACE('NONE',(#4327),#4338,.F.);
#4327=FACE_BOUND('NONE',#4328,.T.);
#4328=EDGE_LOOP('',(#4329,#4335,#4336,#4337));
#4329=ORIENTED_EDGE('',*,*,#4330,.T.);
#4330=EDGE_CURVE('NONE',#4307,#4252,#4331,.T.);
#4331=LINE('',#4332,#4333);
#4332=CARTESIAN_POINT('',(1141.257124107,-133.182277726,7.65));
#4333=VECTOR('',#4334,1.0);
#4334=DIRECTION('',(0.0,0.0,1.0));
#4335=ORIENTED_EDGE('',*,*,#4268,.F.);
#4336=ORIENTED_EDGE('',*,*,#4211,.F.);
#4337=ORIENTED_EDGE('',*,*,#4314,.F.);
#4338=PLANE('',#4339);
#4339=AXIS2_PLACEMENT_3D('',#4340,#4341,#4342);
#4340=CARTESIAN_POINT('',(1141.257124107,-133.332277726,7.65));
#4341=DIRECTION('',(-1.0,8.045094381E-15,0.0));
#4342=DIRECTION('',(0.0,0.0,1.0));
#4343=ADVANCED_FACE('NONE',(#4344,#4360),#4385,.T.);
#4344=FACE_BOUND('NONE',#4345,.T.);
#4345=EDGE_LOOP('',(#4346,#4352,#4353,#4359));
#4346=ORIENTED_EDGE('',*,*,#4347,.T.);
#4347=EDGE_CURVE('NONE',#1533,#1510,#4348,.F.);
#4348=LINE('',#4349,#4350);
#4349=CARTESIAN_POINT('',(1133.207124107,-133.682277726,6.85));
#4350=VECTOR('',#4351,1.0);
#4351=DIRECTION('',(1.0,-9.912705577E-15,0.0));
#4352=ORIENTED_EDGE('',*,*,#1509,.F.);
#4353=ORIENTED_EDGE('',*,*,#4354,.T.);
#4354=EDGE_CURVE('NONE',#1502,#1541,#4355,.F.);
#4355=LINE('',#4356,#4357);
#4356=CARTESIAN_POINT('',(1133.207124107,-133.682277726,3.65));
#4357=VECTOR('',#4358,1.0);
#4358=DIRECTION('',(-1.0,9.912705577E-15,0.0));
#4359=ORIENTED_EDGE('',*,*,#1540,.F.);
#4360=FACE_BOUND('NONE',#4361,.T.);
#4361=EDGE_LOOP('',(#4362,#4363,#4371,#4379));
#4362=ORIENTED_EDGE('',*,*,#2012,.F.);
#4363=ORIENTED_EDGE('',*,*,#4364,.T.);
#4364=EDGE_CURVE('NONE',#2005,#4365,#4367,.T.);
#4365=VERTEX_POINT('NONE',#4366);
#4366=CARTESIAN_POINT('',(1133.157124107,-133.682277726,3.5));
#4367=LINE('',#4368,#4369);
#4368=CARTESIAN_POINT('',(1133.157124107,-133.682277726,3.5));
#4369=VECTOR('',#4370,1.0);
#4370=DIRECTION('',(-1.0,9.050731179E-15,0.0));
#4371=ORIENTED_EDGE('',*,*,#4372,.T.);
#4372=EDGE_CURVE('NONE',#4365,#4373,#4375,.T.);
#4373=VERTEX_POINT('NONE',#4374);
#4374=CARTESIAN_POINT('',(1133.157124107,-133.682277726,7.0));
#4375=LINE('',#4376,#4377);
#4376=CARTESIAN_POINT('',(1133.157124107,-133.682277726,3.5));
#4377=VECTOR('',#4378,1.0);
#4378=DIRECTION('',(0.0,0.0,1.0));
#4379=ORIENTED_EDGE('',*,*,#4380,.T.);
#4380=EDGE_CURVE('NONE',#4373,#2013,#4381,.T.);
#4381=LINE('',#4382,#4383);
#4382=CARTESIAN_POINT('',(1133.157124107,-133.682277726,7.0));
#4383=VECTOR('',#4384,1.0);
#4384=DIRECTION('',(1.0,-9.050731179E-15,0.0));
#4385=PLANE('',#4386);
#4386=AXIS2_PLACEMENT_3D('',#4387,#4388,#4389);
#4387=CARTESIAN_POINT('',(-1.209419541E-12,-133.682277726,0.0));
#4388=DIRECTION('',(9.050731179E-15,1.0,0.0));
#4389=DIRECTION('',(1.0,-9.050731179E-15,0.0));
#4390=ADVANCED_FACE('NONE',(#4391),#4417,.F.);
#4391=FACE_BOUND('NONE',#4392,.T.);
#4392=EDGE_LOOP('',(#4393,#4403,#4409,#4410,#4411));
#4393=ORIENTED_EDGE('',*,*,#4394,.T.);
#4394=EDGE_CURVE('NONE',#4395,#4397,#4399,.T.);
#4395=VERTEX_POINT('NONE',#4396);
#4396=CARTESIAN_POINT('',(1133.157124107,-133.182277726,7.0));
#4397=VERTEX_POINT('NONE',#4398);
#4398=CARTESIAN_POINT('',(1142.357124107,-133.182277726,7.0));
#4399=LINE('',#4400,#4401);
#4400=CARTESIAN_POINT('',(1133.157124107,-133.182277726,7.0));
#4401=VECTOR('',#4402,1.0);
#4402=DIRECTION('',(1.0,-9.050731179E-15,0.0));
#4403=ORIENTED_EDGE('',*,*,#4404,.T.);
#4404=EDGE_CURVE('NONE',#4397,#2035,#4405,.F.);
#4405=LINE('',#4406,#4407);
#4406=CARTESIAN_POINT('',(1142.357124107,-133.682277726,7.0));
#4407=VECTOR('',#4408,1.0);
#4408=DIRECTION('',(8.045094381E-15,1.0,0.0));
#4409=ORIENTED_EDGE('',*,*,#2034,.F.);
#4410=ORIENTED_EDGE('',*,*,#4380,.F.);
#4411=ORIENTED_EDGE('',*,*,#4412,.T.);
#4412=EDGE_CURVE('NONE',#4373,#4395,#4413,.T.);
#4413=LINE('',#4414,#4415);
#4414=CARTESIAN_POINT('',(1133.157124107,-133.682277726,7.0));
#4415=VECTOR('',#4416,1.0);
#4416=DIRECTION('',(8.045094381E-15,1.0,0.0));
#4417=PLANE('',#4418);
#4418=AXIS2_PLACEMENT_3D('',#4419,#4420,#4421);
#4419=CARTESIAN_POINT('',(1133.157124107,-133.682277726,7.0));
#4420=DIRECTION('',(0.0,0.0,1.0));
#4421=DIRECTION('',(1.0,0.0,0.0));
#4422=ADVANCED_FACE('NONE',(#4423),#4441,.F.);
#4423=FACE_BOUND('NONE',#4424,.T.);
#4424=EDGE_LOOP('',(#4425,#4433,#4439,#4440));
#4425=ORIENTED_EDGE('',*,*,#4426,.T.);
#4426=EDGE_CURVE('NONE',#4397,#4427,#4429,.T.);
#4427=VERTEX_POINT('NONE',#4428);
#4428=CARTESIAN_POINT('',(1142.357124107,-133.182277726,3.5));
#4429=LINE('',#4430,#4431);
#4430=CARTESIAN_POINT('',(1142.357124107,-133.182277726,3.5));
#4431=VECTOR('',#4432,1.0);
#4432=DIRECTION('',(0.0,0.0,-1.0));
#4433=ORIENTED_EDGE('',*,*,#4434,.T.);
#4434=EDGE_CURVE('NONE',#4427,#2043,#4435,.F.);
#4435=LINE('',#4436,#4437);
#4436=CARTESIAN_POINT('',(1142.357124107,-133.682277726,3.5));
#4437=VECTOR('',#4438,1.0);
#4438=DIRECTION('',(8.045094381E-15,1.0,0.0));
#4439=ORIENTED_EDGE('',*,*,#2042,.F.);
#4440=ORIENTED_EDGE('',*,*,#4404,.F.);
#4441=PLANE('',#4442);
#4442=AXIS2_PLACEMENT_3D('',#4443,#4444,#4445);
#4443=CARTESIAN_POINT('',(1142.357124107,-133.682277726,3.5));
#4444=DIRECTION('',(1.0,-8.045094381E-15,0.0));
#4445=DIRECTION('',(-8.045094381E-15,-1.0,0.0));
#4446=ADVANCED_FACE('NONE',(#4447),#4466,.F.);
#4447=FACE_BOUND('NONE',#4448,.T.);
#4448=EDGE_LOOP('',(#4449,#4457,#4463,#4464,#4465));
#4449=ORIENTED_EDGE('',*,*,#4450,.T.);
#4450=EDGE_CURVE('NONE',#4427,#4451,#4453,.T.);
#4451=VERTEX_POINT('NONE',#4452);
#4452=CARTESIAN_POINT('',(1133.157124107,-133.182277726,3.5));
#4453=LINE('',#4454,#4455);
#4454=CARTESIAN_POINT('',(1133.157124107,-133.182277726,3.5));
#4455=VECTOR('',#4456,1.0);
#4456=DIRECTION('',(-1.0,9.050731179E-15,0.0));
#4457=ORIENTED_EDGE('',*,*,#4458,.T.);
#4458=EDGE_CURVE('NONE',#4451,#4365,#4459,.F.);
#4459=LINE('',#4460,#4461);
#4460=CARTESIAN_POINT('',(1133.157124107,-133.682277726,3.5));
#4461=VECTOR('',#4462,1.0);
#4462=DIRECTION('',(8.045094381E-15,1.0,0.0));
#4463=ORIENTED_EDGE('',*,*,#4364,.F.);
#4464=ORIENTED_EDGE('',*,*,#2050,.F.);
#4465=ORIENTED_EDGE('',*,*,#4434,.F.);
#4466=PLANE('',#4467);
#4467=AXIS2_PLACEMENT_3D('',#4468,#4469,#4470);
#4468=CARTESIAN_POINT('',(1133.157124107,-133.682277726,3.5));
#4469=DIRECTION('',(0.0,0.0,-1.0));
#4470=DIRECTION('',(0.0,-1.0,0.0));
#4471=ADVANCED_FACE('NONE',(#4472),#4483,.F.);
#4472=FACE_BOUND('NONE',#4473,.T.);
#4473=EDGE_LOOP('',(#4474,#4480,#4481,#4482));
#4474=ORIENTED_EDGE('',*,*,#4475,.T.);
#4475=EDGE_CURVE('NONE',#4451,#4395,#4476,.T.);
#4476=LINE('',#4477,#4478);
#4477=CARTESIAN_POINT('',(1133.157124107,-133.182277726,3.5));
#4478=VECTOR('',#4479,1.0);
#4479=DIRECTION('',(0.0,0.0,1.0));
#4480=ORIENTED_EDGE('',*,*,#4412,.F.);
#4481=ORIENTED_EDGE('',*,*,#4372,.F.);
#4482=ORIENTED_EDGE('',*,*,#4458,.F.);
#4483=PLANE('',#4484);
#4484=AXIS2_PLACEMENT_3D('',#4485,#4486,#4487);
#4485=CARTESIAN_POINT('',(1133.157124107,-133.682277726,3.5));
#4486=DIRECTION('',(-1.0,8.045094381E-15,0.0));
#4487=DIRECTION('',(0.0,0.0,1.0));
#4488=ADVANCED_FACE('NONE',(#4489,#4495,#4501,#4507,#4513,#4519),#4535,.F.);
#4489=FACE_BOUND('NONE',#4490,.T.);
#4490=EDGE_LOOP('',(#4491,#4492,#4493,#4494));
#4491=ORIENTED_EDGE('',*,*,#4394,.F.);
#4492=ORIENTED_EDGE('',*,*,#4475,.F.);
#4493=ORIENTED_EDGE('',*,*,#4450,.F.);
#4494=ORIENTED_EDGE('',*,*,#4426,.F.);
#4495=FACE_BOUND('NONE',#4496,.T.);
#4496=EDGE_LOOP('',(#4497,#4498,#4499,#4500));
#4497=ORIENTED_EDGE('',*,*,#4251,.F.);
#4498=ORIENTED_EDGE('',*,*,#4330,.F.);
#4499=ORIENTED_EDGE('',*,*,#4306,.F.);
#4500=ORIENTED_EDGE('',*,*,#4282,.F.);
#4501=FACE_BOUND('NONE',#4502,.T.);
#4502=EDGE_LOOP('',(#4503,#4504,#4505,#4506));
#4503=ORIENTED_EDGE('',*,*,#4115,.F.);
#4504=ORIENTED_EDGE('',*,*,#4194,.F.);
#4505=ORIENTED_EDGE('',*,*,#4170,.F.);
#4506=ORIENTED_EDGE('',*,*,#4146,.F.);
#4507=FACE_BOUND('NONE',#4508,.T.);
#4508=EDGE_LOOP('',(#4509,#4510,#4511,#4512));
#4509=ORIENTED_EDGE('',*,*,#3979,.F.);
#4510=ORIENTED_EDGE('',*,*,#4058,.F.);
#4511=ORIENTED_EDGE('',*,*,#4034,.F.);
#4512=ORIENTED_EDGE('',*,*,#4010,.F.);
#4513=FACE_BOUND('NONE',#4514,.T.);
#4514=EDGE_LOOP('',(#4515,#4516,#4517,#4518));
#4515=ORIENTED_EDGE('',*,*,#3843,.F.);
#4516=ORIENTED_EDGE('',*,*,#3922,.F.);
#4517=ORIENTED_EDGE('',*,*,#3898,.F.);
#4518=ORIENTED_EDGE('',*,*,#3874,.F.);
#4519=FACE_BOUND('NONE',#4520,.T.);
#4520=EDGE_LOOP('',(#4521,#4527,#4528,#4534));
#4521=ORIENTED_EDGE('',*,*,#4522,.T.);
#4522=EDGE_CURVE('NONE',#1817,#1857,#4523,.T.);
#4523=LINE('',#4524,#4525);
#4524=CARTESIAN_POINT('',(1145.757124107,-133.182277726,10.5));
#4525=VECTOR('',#4526,1.0);
#4526=DIRECTION('',(0.0,0.0,-1.0));
#4527=ORIENTED_EDGE('',*,*,#1884,.F.);
#4528=ORIENTED_EDGE('',*,*,#4529,.T.);
#4529=EDGE_CURVE('NONE',#1876,#1826,#4530,.F.);
#4530=LINE('',#4531,#4532);
#4531=CARTESIAN_POINT('',(1129.757124107,-133.182277726,10.5));
#4532=VECTOR('',#4533,1.0);
#4533=DIRECTION('',(0.0,0.0,-1.0));
#4534=ORIENTED_EDGE('',*,*,#1825,.F.);
#4535=PLANE('',#4536);
#4536=AXIS2_PLACEMENT_3D('',#4537,#4538,#4539);
#4537=CARTESIAN_POINT('',(1133.207124107,-133.182277726,10.5));
#4538=DIRECTION('',(-8.045094381E-15,-1.0,0.0));
#4539=DIRECTION('',(-1.0,8.045094381E-15,0.0));
#4540=ADVANCED_FACE('NONE',(#4541),#4547,.F.);
#4541=FACE_BOUND('NONE',#4542,.T.);
#4542=EDGE_LOOP('',(#4543,#4544,#4545,#4546));
#4543=ORIENTED_EDGE('',*,*,#3481,.F.);
#4544=ORIENTED_EDGE('',*,*,#1035,.F.);
#4545=ORIENTED_EDGE('',*,*,#3514,.F.);
#4546=ORIENTED_EDGE('',*,*,#465,.F.);
#4547=PLANE('',#4548);
#4548=AXIS2_PLACEMENT_3D('',#4549,#4550,#4551);
#4549=CARTESIAN_POINT('',(1142.857124107,-146.782277726,10.5));
#4550=DIRECTION('',(-1.0,5.921189465E-14,0.0));
#4551=DIRECTION('',(0.0,0.0,1.0));
#4552=ADVANCED_FACE('NONE',(#4553),#4559,.F.);
#4553=FACE_BOUND('NONE',#4554,.T.);
#4554=EDGE_LOOP('',(#4555,#4556,#4557,#4558));
#4555=ORIENTED_EDGE('',*,*,#3357,.F.);
#4556=ORIENTED_EDGE('',*,*,#951,.F.);
#4557=ORIENTED_EDGE('',*,*,#3390,.F.);
#4558=ORIENTED_EDGE('',*,*,#345,.F.);
#4559=PLANE('',#4560);
#4560=AXIS2_PLACEMENT_3D('',#4561,#4562,#4563);
#4561=CARTESIAN_POINT('',(1138.357124107,-146.782277726,10.5));
#4562=DIRECTION('',(-1.0,5.921189465E-14,0.0));
#4563=DIRECTION('',(0.0,0.0,1.0));
#4564=ADVANCED_FACE('NONE',(#4565),#4571,.F.);
#4565=FACE_BOUND('NONE',#4566,.T.);
#4566=EDGE_LOOP('',(#4567,#4568,#4569,#4570));
#4567=ORIENTED_EDGE('',*,*,#3233,.F.);
#4568=ORIENTED_EDGE('',*,*,#867,.F.);
#4569=ORIENTED_EDGE('',*,*,#3266,.F.);
#4570=ORIENTED_EDGE('',*,*,#305,.F.);
#4571=PLANE('',#4572);
#4572=AXIS2_PLACEMENT_3D('',#4573,#4574,#4575);
#4573=CARTESIAN_POINT('',(1133.857124107,-146.782277726,10.5));
#4574=DIRECTION('',(-1.0,5.921189465E-14,0.0));
#4575=DIRECTION('',(0.0,0.0,1.0));
#4576=ADVANCED_FACE('NONE',(#4577),#4613,.F.);
#4577=FACE_BOUND('NONE',#4578,.T.);
#4578=EDGE_LOOP('',(#4579,#4580,#4581,#4589,#4595,#4596,#4597,#4598,#4606,#4612));
#4579=ORIENTED_EDGE('',*,*,#4529,.F.);
#4580=ORIENTED_EDGE('',*,*,#1875,.F.);
#4581=ORIENTED_EDGE('',*,*,#4582,.T.);
#4582=EDGE_CURVE('NONE',#1868,#4583,#4585,.T.);
#4583=VERTEX_POINT('NONE',#4584);
#4584=CARTESIAN_POINT('',(1129.757124107,-141.382277726,0.0));
#4585=LINE('',#4586,#4587);
#4586=CARTESIAN_POINT('',(1129.757124107,-133.182277726,0.0));
#4587=VECTOR('',#4588,1.0);
#4588=DIRECTION('',(0.0,-1.0,0.0));
#4589=ORIENTED_EDGE('',*,*,#4590,.T.);
#4590=EDGE_CURVE('NONE',#4583,#3674,#4591,.F.);
#4591=LINE('',#4592,#4593);
#4592=CARTESIAN_POINT('',(1129.757124107,-141.382277726,10.5));
#4593=VECTOR('',#4594,1.0);
#4594=DIRECTION('',(0.0,0.0,-1.0));
#4595=ORIENTED_EDGE('',*,*,#3724,.F.);
#4596=ORIENTED_EDGE('',*,*,#2128,.F.);
#4597=ORIENTED_EDGE('',*,*,#3749,.F.);
#4598=ORIENTED_EDGE('',*,*,#4599,.T.);
#4599=EDGE_CURVE('NONE',#3741,#4600,#4602,.F.);
#4600=VERTEX_POINT('NONE',#4601);
#4601=CARTESIAN_POINT('',(1129.757124107,-141.382277726,10.5));
#4602=LINE('',#4603,#4604);
#4603=CARTESIAN_POINT('',(1129.757124107,-141.382277726,10.5));
#4604=VECTOR('',#4605,1.0);
#4605=DIRECTION('',(0.0,0.0,-1.0));
#4606=ORIENTED_EDGE('',*,*,#4607,.T.);
#4607=EDGE_CURVE('NONE',#4600,#1834,#4608,.F.);
#4608=LINE('',#4609,#4610);
#4609=CARTESIAN_POINT('',(1129.757124107,-133.182277726,10.5));
#4610=VECTOR('',#4611,1.0);
#4611=DIRECTION('',(0.0,-1.0,0.0));
#4612=ORIENTED_EDGE('',*,*,#1833,.F.);
#4613=PLANE('',#4614);
#4614=AXIS2_PLACEMENT_3D('',#4615,#4616,#4617);
#4615=CARTESIAN_POINT('',(1129.757124107,-133.182277726,10.5));
#4616=DIRECTION('',(1.0,0.0,0.0));
#4617=DIRECTION('',(0.0,1.0,0.0));
#4618=ADVANCED_FACE('NONE',(#4619),#4655,.F.);
#4619=FACE_BOUND('NONE',#4620,.T.);
#4620=EDGE_LOOP('',(#4621,#4629,#4630,#4631,#4632,#4640,#4646,#4647,#4648,#4649));
#4621=ORIENTED_EDGE('',*,*,#4622,.T.);
#4622=EDGE_CURVE('NONE',#4623,#1859,#4625,.T.);
#4623=VERTEX_POINT('NONE',#4624);
#4624=CARTESIAN_POINT('',(1145.757124107,-141.382277726,0.0));
#4625=LINE('',#4626,#4627);
#4626=CARTESIAN_POINT('',(1145.757124107,-141.382277726,0.0));
#4627=VECTOR('',#4628,1.0);
#4628=DIRECTION('',(-5.415722071E-14,1.0,0.0));
#4629=ORIENTED_EDGE('',*,*,#1856,.F.);
#4630=ORIENTED_EDGE('',*,*,#4522,.F.);
#4631=ORIENTED_EDGE('',*,*,#1814,.F.);
#4632=ORIENTED_EDGE('',*,*,#4633,.T.);
#4633=EDGE_CURVE('NONE',#1815,#4634,#4636,.F.);
#4634=VERTEX_POINT('NONE',#4635);
#4635=CARTESIAN_POINT('',(1145.757124107,-141.382277726,10.5));
#4636=LINE('',#4637,#4638);
#4637=CARTESIAN_POINT('',(1145.757124107,-141.382277726,10.5));
#4638=VECTOR('',#4639,1.0);
#4639=DIRECTION('',(-5.415722071E-14,1.0,0.0));
#4640=ORIENTED_EDGE('',*,*,#4641,.T.);
#4641=EDGE_CURVE('NONE',#4634,#3578,#4642,.T.);
#4642=LINE('',#4643,#4644);
#4643=CARTESIAN_POINT('',(1145.757124107,-141.382277726,10.5));
#4644=VECTOR('',#4645,1.0);
#4645=DIRECTION('',(0.0,0.0,-1.0));
#4646=ORIENTED_EDGE('',*,*,#3577,.F.);
#4647=ORIENTED_EDGE('',*,*,#2065,.F.);
#4648=ORIENTED_EDGE('',*,*,#3636,.F.);
#4649=ORIENTED_EDGE('',*,*,#4650,.T.);
#4650=EDGE_CURVE('NONE',#3628,#4623,#4651,.T.);
#4651=LINE('',#4652,#4653);
#4652=CARTESIAN_POINT('',(1145.757124107,-141.382277726,10.5));
#4653=VECTOR('',#4654,1.0);
#4654=DIRECTION('',(0.0,0.0,-1.0));
#4655=PLANE('',#4656);
#4656=AXIS2_PLACEMENT_3D('',#4657,#4658,#4659);
#4657=CARTESIAN_POINT('',(1145.757124107,-141.382277726,10.5));
#4658=DIRECTION('',(-1.0,-5.415722071E-14,0.0));
#4659=DIRECTION('',(-5.415722071E-14,1.0,0.0));
#4660=ADVANCED_FACE('NONE',(#4661),#4680,.T.);
#4661=FACE_BOUND('NONE',#4662,.T.);
#4662=EDGE_LOOP('',(#4663,#4664,#4665,#4674));
#4663=ORIENTED_EDGE('',*,*,#3585,.F.);
#4664=ORIENTED_EDGE('',*,*,#4641,.F.);
#4665=ORIENTED_EDGE('',*,*,#4666,.T.);
#4666=EDGE_CURVE('NONE',#4634,#4667,#4669,.F.);
#4667=VERTEX_POINT('NONE',#4668);
#4668=CARTESIAN_POINT('',(1145.557124107,-141.582277726,10.5));
#4669=CIRCLE('',#4670,0.2);
#4670=AXIS2_PLACEMENT_3D('',#4671,#4672,#4673);
#4671=CARTESIAN_POINT('',(1145.557124107,-141.382277726,10.5));
#4672=DIRECTION('',(0.0,0.0,1.0));
#4673=DIRECTION('',(1.0,0.0,0.0));
#4674=ORIENTED_EDGE('',*,*,#4675,.T.);
#4675=EDGE_CURVE('NONE',#4667,#3586,#4676,.T.);
#4676=LINE('',#4677,#4678);
#4677=CARTESIAN_POINT('',(1145.557124107,-141.582277726,10.5));
#4678=VECTOR('',#4679,1.0);
#4679=DIRECTION('',(0.0,0.0,-1.0));
#4680=CYLINDRICAL_SURFACE('',#4681,0.2);
#4681=AXIS2_PLACEMENT_3D('',#4682,#4683,#4684);
#4682=CARTESIAN_POINT('',(1145.557124107,-141.382277726,10.5));
#4683=DIRECTION('',(0.0,0.0,-1.0));
#4684=DIRECTION('',(-1.0,0.0,0.0));
#4685=ADVANCED_FACE('NONE',(#4686),#4705,.T.);
#4686=FACE_BOUND('NONE',#4687,.T.);
#4687=EDGE_LOOP('',(#4688,#4689,#4697,#4704));
#4688=ORIENTED_EDGE('',*,*,#3627,.F.);
#4689=ORIENTED_EDGE('',*,*,#4690,.T.);
#4690=EDGE_CURVE('NONE',#3620,#4691,#4693,.T.);
#4691=VERTEX_POINT('NONE',#4692);
#4692=CARTESIAN_POINT('',(1145.557124107,-141.582277726,0.0));
#4693=LINE('',#4694,#4695);
#4694=CARTESIAN_POINT('',(1145.557124107,-141.582277726,10.5));
#4695=VECTOR('',#4696,1.0);
#4696=DIRECTION('',(0.0,0.0,-1.0));
#4697=ORIENTED_EDGE('',*,*,#4698,.T.);
#4698=EDGE_CURVE('NONE',#4691,#4623,#4699,.T.);
#4699=CIRCLE('',#4700,0.2);
#4700=AXIS2_PLACEMENT_3D('',#4701,#4702,#4703);
#4701=CARTESIAN_POINT('',(1145.557124107,-141.382277726,0.0));
#4702=DIRECTION('',(0.0,0.0,1.0));
#4703=DIRECTION('',(1.0,0.0,0.0));
#4704=ORIENTED_EDGE('',*,*,#4650,.F.);
#4705=CYLINDRICAL_SURFACE('',#4706,0.2);
#4706=AXIS2_PLACEMENT_3D('',#4707,#4708,#4709);
#4707=CARTESIAN_POINT('',(1145.557124107,-141.382277726,10.5));
#4708=DIRECTION('',(0.0,0.0,-1.0));
#4709=DIRECTION('',(-1.0,0.0,0.0));
#4710=ADVANCED_FACE('NONE',(#4711),#4729,.F.);
#4711=FACE_BOUND('NONE',#4712,.T.);
#4712=EDGE_LOOP('',(#4713,#4714,#4715,#4723));
#4713=ORIENTED_EDGE('',*,*,#3594,.F.);
#4714=ORIENTED_EDGE('',*,*,#4675,.F.);
#4715=ORIENTED_EDGE('',*,*,#4716,.T.);
#4716=EDGE_CURVE('NONE',#4667,#4717,#4719,.F.);
#4717=VERTEX_POINT('NONE',#4718);
#4718=CARTESIAN_POINT('',(1144.857124107,-141.582277726,10.5));
#4719=LINE('',#4720,#4721);
#4720=CARTESIAN_POINT('',(1144.857124107,-141.582277726,10.5));
#4721=VECTOR('',#4722,1.0);
#4722=DIRECTION('',(1.0,0.0,0.0));
#4723=ORIENTED_EDGE('',*,*,#4724,.T.);
#4724=EDGE_CURVE('NONE',#4717,#3544,#4725,.T.);
#4725=LINE('',#4726,#4727);
#4726=CARTESIAN_POINT('',(1144.857124107,-141.582277726,10.5));
#4727=VECTOR('',#4728,1.0);
#4728=DIRECTION('',(0.0,0.0,-1.0));
#4729=PLANE('',#4730);
#4730=AXIS2_PLACEMENT_3D('',#4731,#4732,#4733);
#4731=CARTESIAN_POINT('',(1144.857124107,-141.582277726,10.5));
#4732=DIRECTION('',(0.0,1.0,0.0));
#4733=DIRECTION('',(1.0,0.0,0.0));
#4734=ADVANCED_FACE('NONE',(#4735),#4753,.F.);
#4735=FACE_BOUND('NONE',#4736,.T.);
#4736=EDGE_LOOP('',(#4737,#4738,#4746,#4752));
#4737=ORIENTED_EDGE('',*,*,#3619,.F.);
#4738=ORIENTED_EDGE('',*,*,#4739,.T.);
#4739=EDGE_CURVE('NONE',#3611,#4740,#4742,.T.);
#4740=VERTEX_POINT('NONE',#4741);
#4741=CARTESIAN_POINT('',(1144.857124107,-141.582277726,0.0));
#4742=LINE('',#4743,#4744);
#4743=CARTESIAN_POINT('',(1144.857124107,-141.582277726,10.5));
#4744=VECTOR('',#4745,1.0);
#4745=DIRECTION('',(0.0,0.0,-1.0));
#4746=ORIENTED_EDGE('',*,*,#4747,.T.);
#4747=EDGE_CURVE('NONE',#4740,#4691,#4748,.T.);
#4748=LINE('',#4749,#4750);
#4749=CARTESIAN_POINT('',(1144.857124107,-141.582277726,0.0));
#4750=VECTOR('',#4751,1.0);
#4751=DIRECTION('',(1.0,0.0,0.0));
#4752=ORIENTED_EDGE('',*,*,#4690,.F.);
#4753=PLANE('',#4754);
#4754=AXIS2_PLACEMENT_3D('',#4755,#4756,#4757);
#4755=CARTESIAN_POINT('',(1144.857124107,-141.582277726,10.5));
#4756=DIRECTION('',(0.0,1.0,0.0));
#4757=DIRECTION('',(1.0,0.0,0.0));
#4758=ADVANCED_FACE('NONE',(#4759),#4778,.T.);
#4759=FACE_BOUND('NONE',#4760,.T.);
#4760=EDGE_LOOP('',(#4761,#4762,#4763,#4772));
#4761=ORIENTED_EDGE('',*,*,#3543,.F.);
#4762=ORIENTED_EDGE('',*,*,#4724,.F.);
#4763=ORIENTED_EDGE('',*,*,#4764,.T.);
#4764=EDGE_CURVE('NONE',#4717,#4765,#4767,.F.);
#4765=VERTEX_POINT('NONE',#4766);
#4766=CARTESIAN_POINT('',(1144.657124107,-141.382277726,10.5));
#4767=CIRCLE('',#4768,0.2);
#4768=AXIS2_PLACEMENT_3D('',#4769,#4770,#4771);
#4769=CARTESIAN_POINT('',(1144.857124107,-141.382277726,10.5));
#4770=DIRECTION('',(0.0,0.0,1.0));
#4771=DIRECTION('',(1.0,0.0,0.0));
#4772=ORIENTED_EDGE('',*,*,#4773,.T.);
#4773=EDGE_CURVE('NONE',#4765,#3546,#4774,.T.);
#4774=LINE('',#4775,#4776);
#4775=CARTESIAN_POINT('',(1144.657124107,-141.382277726,10.5));
#4776=VECTOR('',#4777,1.0);
#4777=DIRECTION('',(0.0,0.0,-1.0));
#4778=CYLINDRICAL_SURFACE('',#4779,0.2);
#4779=AXIS2_PLACEMENT_3D('',#4780,#4781,#4782);
#4780=CARTESIAN_POINT('',(1144.857124107,-141.382277726,10.5));
#4781=DIRECTION('',(0.0,0.0,-1.0));
#4782=DIRECTION('',(-1.0,0.0,0.0));
#4783=ADVANCED_FACE('NONE',(#4784),#4803,.T.);
#4784=FACE_BOUND('NONE',#4785,.T.);
#4785=EDGE_LOOP('',(#4786,#4787,#4795,#4802));
#4786=ORIENTED_EDGE('',*,*,#3608,.F.);
#4787=ORIENTED_EDGE('',*,*,#4788,.T.);
#4788=EDGE_CURVE('NONE',#3609,#4789,#4791,.T.);
#4789=VERTEX_POINT('NONE',#4790);
#4790=CARTESIAN_POINT('',(1144.657124107,-141.382277726,0.0));
#4791=LINE('',#4792,#4793);
#4792=CARTESIAN_POINT('',(1144.657124107,-141.382277726,10.5));
#4793=VECTOR('',#4794,1.0);
#4794=DIRECTION('',(0.0,0.0,-1.0));
#4795=ORIENTED_EDGE('',*,*,#4796,.T.);
#4796=EDGE_CURVE('NONE',#4789,#4740,#4797,.T.);
#4797=CIRCLE('',#4798,0.2);
#4798=AXIS2_PLACEMENT_3D('',#4799,#4800,#4801);
#4799=CARTESIAN_POINT('',(1144.857124107,-141.382277726,0.0));
#4800=DIRECTION('',(0.0,0.0,1.0));
#4801=DIRECTION('',(1.0,0.0,0.0));
#4802=ORIENTED_EDGE('',*,*,#4739,.F.);
#4803=CYLINDRICAL_SURFACE('',#4804,0.2);
#4804=AXIS2_PLACEMENT_3D('',#4805,#4806,#4807);
#4805=CARTESIAN_POINT('',(1144.857124107,-141.382277726,10.5));
#4806=DIRECTION('',(0.0,0.0,-1.0));
#4807=DIRECTION('',(-1.0,0.0,0.0));
#4808=ADVANCED_FACE('NONE',(#4809),#4827,.F.);
#4809=FACE_BOUND('NONE',#4810,.T.);
#4810=EDGE_LOOP('',(#4811,#4812,#4813,#4821));
#4811=ORIENTED_EDGE('',*,*,#3554,.F.);
#4812=ORIENTED_EDGE('',*,*,#4773,.F.);
#4813=ORIENTED_EDGE('',*,*,#4814,.T.);
#4814=EDGE_CURVE('NONE',#4765,#4815,#4817,.F.);
#4815=VERTEX_POINT('NONE',#4816);
#4816=CARTESIAN_POINT('',(1144.657124107,-140.982277726,10.5));
#4817=LINE('',#4818,#4819);
#4818=CARTESIAN_POINT('',(1144.657124107,-140.982277726,10.5));
#4819=VECTOR('',#4820,1.0);
#4820=DIRECTION('',(0.0,-1.0,0.0));
#4821=ORIENTED_EDGE('',*,*,#4822,.T.);
#4822=EDGE_CURVE('NONE',#4815,#3555,#4823,.T.);
#4823=LINE('',#4824,#4825);
#4824=CARTESIAN_POINT('',(1144.657124107,-140.982277726,10.5));
#4825=VECTOR('',#4826,1.0);
#4826=DIRECTION('',(0.0,0.0,-1.0));
#4827=PLANE('',#4828);
#4828=AXIS2_PLACEMENT_3D('',#4829,#4830,#4831);
#4829=CARTESIAN_POINT('',(1144.657124107,-140.982277726,10.5));
#4830=DIRECTION('',(1.0,0.0,0.0));
#4831=DIRECTION('',(0.0,1.0,0.0));
#4832=ADVANCED_FACE('NONE',(#4833),#4851,.F.);
#4833=FACE_BOUND('NONE',#4834,.T.);
#4834=EDGE_LOOP('',(#4835,#4836,#4844,#4850));
#4835=ORIENTED_EDGE('',*,*,#3659,.F.);
#4836=ORIENTED_EDGE('',*,*,#4837,.T.);
#4837=EDGE_CURVE('NONE',#3652,#4838,#4840,.T.);
#4838=VERTEX_POINT('NONE',#4839);
#4839=CARTESIAN_POINT('',(1144.657124107,-140.982277726,0.0));
#4840=LINE('',#4841,#4842);
#4841=CARTESIAN_POINT('',(1144.657124107,-140.982277726,10.5));
#4842=VECTOR('',#4843,1.0);
#4843=DIRECTION('',(0.0,0.0,-1.0));
#4844=ORIENTED_EDGE('',*,*,#4845,.T.);
#4845=EDGE_CURVE('NONE',#4838,#4789,#4846,.T.);
#4846=LINE('',#4847,#4848);
#4847=CARTESIAN_POINT('',(1144.657124107,-140.982277726,0.0));
#4848=VECTOR('',#4849,1.0);
#4849=DIRECTION('',(0.0,-1.0,0.0));
#4850=ORIENTED_EDGE('',*,*,#4788,.F.);
#4851=PLANE('',#4852);
#4852=AXIS2_PLACEMENT_3D('',#4853,#4854,#4855);
#4853=CARTESIAN_POINT('',(1144.657124107,-140.982277726,10.5));
#4854=DIRECTION('',(1.0,0.0,0.0));
#4855=DIRECTION('',(0.0,1.0,0.0));
#4856=ADVANCED_FACE('NONE',(#4857),#4863,.F.);
#4857=FACE_BOUND('NONE',#4858,.T.);
#4858=EDGE_LOOP('',(#4859,#4860,#4861,#4862));
#4859=ORIENTED_EDGE('',*,*,#3419,.F.);
#4860=ORIENTED_EDGE('',*,*,#1077,.F.);
#4861=ORIENTED_EDGE('',*,*,#3452,.F.);
#4862=ORIENTED_EDGE('',*,*,#425,.F.);
#4863=PLANE('',#4864);
#4864=AXIS2_PLACEMENT_3D('',#4865,#4866,#4867);
#4865=CARTESIAN_POINT('',(1142.857124107,-146.782277726,10.5));
#4866=DIRECTION('',(-1.0,5.921189465E-14,0.0));
#4867=DIRECTION('',(0.0,0.0,1.0));
#4868=ADVANCED_FACE('NONE',(#4869),#4875,.F.);
#4869=FACE_BOUND('NONE',#4870,.T.);
#4870=EDGE_LOOP('',(#4871,#4872,#4873,#4874));
#4871=ORIENTED_EDGE('',*,*,#3295,.F.);
#4872=ORIENTED_EDGE('',*,*,#993,.F.);
#4873=ORIENTED_EDGE('',*,*,#3328,.F.);
#4874=ORIENTED_EDGE('',*,*,#385,.F.);
#4875=PLANE('',#4876);
#4876=AXIS2_PLACEMENT_3D('',#4877,#4878,#4879);
#4877=CARTESIAN_POINT('',(1138.357124107,-146.782277726,10.5));
#4878=DIRECTION('',(-1.0,5.921189465E-14,0.0));
#4879=DIRECTION('',(0.0,0.0,1.0));
#4880=ADVANCED_FACE('NONE',(#4881),#4887,.F.);
#4881=FACE_BOUND('NONE',#4882,.T.);
#4882=EDGE_LOOP('',(#4883,#4884,#4885,#4886));
#4883=ORIENTED_EDGE('',*,*,#3171,.F.);
#4884=ORIENTED_EDGE('',*,*,#909,.F.);
#4885=ORIENTED_EDGE('',*,*,#3204,.F.);
#4886=ORIENTED_EDGE('',*,*,#265,.F.);
#4887=PLANE('',#4888);
#4888=AXIS2_PLACEMENT_3D('',#4889,#4890,#4891);
#4889=CARTESIAN_POINT('',(1133.857124107,-146.782277726,10.5));
#4890=DIRECTION('',(-1.0,5.921189465E-14,0.0));
#4891=DIRECTION('',(0.0,0.0,1.0));
#4892=ADVANCED_FACE('NONE',(#4893),#4918,.F.);
#4893=FACE_BOUND('NONE',#4894,.T.);
#4894=EDGE_LOOP('',(#4895,#4896,#4904,#4912));
#4895=ORIENTED_EDGE('',*,*,#3772,.F.);
#4896=ORIENTED_EDGE('',*,*,#4897,.T.);
#4897=EDGE_CURVE('NONE',#3765,#4898,#4900,.F.);
#4898=VERTEX_POINT('NONE',#4899);
#4899=CARTESIAN_POINT('',(1130.857124107,-140.982277726,10.5));
#4900=LINE('',#4901,#4902);
#4901=CARTESIAN_POINT('',(1130.857124107,-140.982277726,10.5));
#4902=VECTOR('',#4903,1.0);
#4903=DIRECTION('',(0.0,0.0,-1.0));
#4904=ORIENTED_EDGE('',*,*,#4905,.T.);
#4905=EDGE_CURVE('NONE',#4898,#4906,#4908,.F.);
#4906=VERTEX_POINT('NONE',#4907);
#4907=CARTESIAN_POINT('',(1130.857124107,-141.382277726,10.5));
#4908=LINE('',#4909,#4910);
#4909=CARTESIAN_POINT('',(1130.857124107,-141.382277726,10.5));
#4910=VECTOR('',#4911,1.0);
#4911=DIRECTION('',(0.0,1.0,0.0));
#4912=ORIENTED_EDGE('',*,*,#4913,.T.);
#4913=EDGE_CURVE('NONE',#4906,#3773,#4914,.T.);
#4914=LINE('',#4915,#4916);
#4915=CARTESIAN_POINT('',(1130.857124107,-141.382277726,10.5));
#4916=VECTOR('',#4917,1.0);
#4917=DIRECTION('',(0.0,0.0,-1.0));
#4918=PLANE('',#4919);
#4919=AXIS2_PLACEMENT_3D('',#4920,#4921,#4922);
#4920=CARTESIAN_POINT('',(1130.857124107,-141.382277726,10.5));
#4921=DIRECTION('',(-1.0,0.0,0.0));
#4922=DIRECTION('',(0.0,0.0,1.0));
#4923=ADVANCED_FACE('NONE',(#4924),#4949,.F.);
#4924=FACE_BOUND('NONE',#4925,.T.);
#4925=EDGE_LOOP('',(#4926,#4927,#4935,#4943));
#4926=ORIENTED_EDGE('',*,*,#3701,.F.);
#4927=ORIENTED_EDGE('',*,*,#4928,.T.);
#4928=EDGE_CURVE('NONE',#3693,#4929,#4931,.T.);
#4929=VERTEX_POINT('NONE',#4930);
#4930=CARTESIAN_POINT('',(1130.857124107,-141.382277726,0.0));
#4931=LINE('',#4932,#4933);
#4932=CARTESIAN_POINT('',(1130.857124107,-141.382277726,10.5));
#4933=VECTOR('',#4934,1.0);
#4934=DIRECTION('',(0.0,0.0,-1.0));
#4935=ORIENTED_EDGE('',*,*,#4936,.T.);
#4936=EDGE_CURVE('NONE',#4929,#4937,#4939,.T.);
#4937=VERTEX_POINT('NONE',#4938);
#4938=CARTESIAN_POINT('',(1130.857124107,-140.982277726,0.0));
#4939=LINE('',#4940,#4941);
#4940=CARTESIAN_POINT('',(1130.857124107,-141.382277726,0.0));
#4941=VECTOR('',#4942,1.0);
#4942=DIRECTION('',(0.0,1.0,0.0));
#4943=ORIENTED_EDGE('',*,*,#4944,.T.);
#4944=EDGE_CURVE('NONE',#4937,#3702,#4945,.F.);
#4945=LINE('',#4946,#4947);
#4946=CARTESIAN_POINT('',(1130.857124107,-140.982277726,10.5));
#4947=VECTOR('',#4948,1.0);
#4948=DIRECTION('',(0.0,0.0,-1.0));
#4949=PLANE('',#4950);
#4950=AXIS2_PLACEMENT_3D('',#4951,#4952,#4953);
#4951=CARTESIAN_POINT('',(1130.857124107,-141.382277726,10.5));
#4952=DIRECTION('',(-1.0,0.0,0.0));
#4953=DIRECTION('',(0.0,0.0,1.0));
#4954=ADVANCED_FACE('NONE',(#4955),#4974,.T.);
#4955=FACE_BOUND('NONE',#4956,.T.);
#4956=EDGE_LOOP('',(#4957,#4958,#4959,#4968));
#4957=ORIENTED_EDGE('',*,*,#3780,.F.);
#4958=ORIENTED_EDGE('',*,*,#4913,.F.);
#4959=ORIENTED_EDGE('',*,*,#4960,.T.);
#4960=EDGE_CURVE('NONE',#4906,#4961,#4963,.F.);
#4961=VERTEX_POINT('NONE',#4962);
#4962=CARTESIAN_POINT('',(1130.657124107,-141.582277726,10.5));
#4963=CIRCLE('',#4964,0.2);
#4964=AXIS2_PLACEMENT_3D('',#4965,#4966,#4967);
#4965=CARTESIAN_POINT('',(1130.657124107,-141.382277726,10.5));
#4966=DIRECTION('',(0.0,0.0,1.0));
#4967=DIRECTION('',(1.0,0.0,0.0));
#4968=ORIENTED_EDGE('',*,*,#4969,.T.);
#4969=EDGE_CURVE('NONE',#4961,#3781,#4970,.T.);
#4970=LINE('',#4971,#4972);
#4971=CARTESIAN_POINT('',(1130.657124107,-141.582277726,10.5));
#4972=VECTOR('',#4973,1.0);
#4973=DIRECTION('',(0.0,0.0,-1.0));
#4974=CYLINDRICAL_SURFACE('',#4975,0.2);
#4975=AXIS2_PLACEMENT_3D('',#4976,#4977,#4978);
#4976=CARTESIAN_POINT('',(1130.657124107,-141.382277726,10.5));
#4977=DIRECTION('',(0.0,0.0,-1.0));
#4978=DIRECTION('',(-1.0,0.0,0.0));
#4979=ADVANCED_FACE('NONE',(#4980),#4999,.T.);
#4980=FACE_BOUND('NONE',#4981,.T.);
#4981=EDGE_LOOP('',(#4982,#4983,#4991,#4998));
#4982=ORIENTED_EDGE('',*,*,#3692,.F.);
#4983=ORIENTED_EDGE('',*,*,#4984,.T.);
#4984=EDGE_CURVE('NONE',#3685,#4985,#4987,.T.);
#4985=VERTEX_POINT('NONE',#4986);
#4986=CARTESIAN_POINT('',(1130.657124107,-141.582277726,0.0));
#4987=LINE('',#4988,#4989);
#4988=CARTESIAN_POINT('',(1130.657124107,-141.582277726,10.5));
#4989=VECTOR('',#4990,1.0);
#4990=DIRECTION('',(0.0,0.0,-1.0));
#4991=ORIENTED_EDGE('',*,*,#4992,.T.);
#4992=EDGE_CURVE('NONE',#4985,#4929,#4993,.T.);
#4993=CIRCLE('',#4994,0.2);
#4994=AXIS2_PLACEMENT_3D('',#4995,#4996,#4997);
#4995=CARTESIAN_POINT('',(1130.657124107,-141.382277726,0.0));
#4996=DIRECTION('',(0.0,0.0,1.0));
#4997=DIRECTION('',(1.0,0.0,0.0));
#4998=ORIENTED_EDGE('',*,*,#4928,.F.);
#4999=CYLINDRICAL_SURFACE('',#5000,0.2);
#5000=AXIS2_PLACEMENT_3D('',#5001,#5002,#5003);
#5001=CARTESIAN_POINT('',(1130.657124107,-141.382277726,10.5));
#5002=DIRECTION('',(0.0,0.0,-1.0));
#5003=DIRECTION('',(-1.0,0.0,0.0));
#5004=ADVANCED_FACE('NONE',(#5005),#5023,.F.);
#5005=FACE_BOUND('NONE',#5006,.T.);
#5006=EDGE_LOOP('',(#5007,#5008,#5009,#5017));
#5007=ORIENTED_EDGE('',*,*,#3789,.F.);
#5008=ORIENTED_EDGE('',*,*,#4969,.F.);
#5009=ORIENTED_EDGE('',*,*,#5010,.T.);
#5010=EDGE_CURVE('NONE',#4961,#5011,#5013,.F.);
#5011=VERTEX_POINT('NONE',#5012);
#5012=CARTESIAN_POINT('',(1129.957124107,-141.582277726,10.5));
#5013=LINE('',#5014,#5015);
#5014=CARTESIAN_POINT('',(1129.957124107,-141.582277726,10.5));
#5015=VECTOR('',#5016,1.0);
#5016=DIRECTION('',(1.0,0.0,0.0));
#5017=ORIENTED_EDGE('',*,*,#5018,.T.);
#5018=EDGE_CURVE('NONE',#5011,#3739,#5019,.T.);
#5019=LINE('',#5020,#5021);
#5020=CARTESIAN_POINT('',(1129.957124107,-141.582277726,10.5));
#5021=VECTOR('',#5022,1.0);
#5022=DIRECTION('',(0.0,0.0,-1.0));
#5023=PLANE('',#5024);
#5024=AXIS2_PLACEMENT_3D('',#5025,#5026,#5027);
#5025=CARTESIAN_POINT('',(1129.957124107,-141.582277726,10.5));
#5026=DIRECTION('',(0.0,1.0,0.0));
#5027=DIRECTION('',(1.0,0.0,0.0));
#5028=ADVANCED_FACE('NONE',(#5029),#5047,.F.);
#5029=FACE_BOUND('NONE',#5030,.T.);
#5030=EDGE_LOOP('',(#5031,#5032,#5040,#5046));
#5031=ORIENTED_EDGE('',*,*,#3684,.F.);
#5032=ORIENTED_EDGE('',*,*,#5033,.T.);
#5033=EDGE_CURVE('NONE',#3676,#5034,#5036,.T.);
#5034=VERTEX_POINT('NONE',#5035);
#5035=CARTESIAN_POINT('',(1129.957124107,-141.582277726,0.0));
#5036=LINE('',#5037,#5038);
#5037=CARTESIAN_POINT('',(1129.957124107,-141.582277726,10.5));
#5038=VECTOR('',#5039,1.0);
#5039=DIRECTION('',(0.0,0.0,-1.0));
#5040=ORIENTED_EDGE('',*,*,#5041,.T.);
#5041=EDGE_CURVE('NONE',#5034,#4985,#5042,.T.);
#5042=LINE('',#5043,#5044);
#5043=CARTESIAN_POINT('',(1129.957124107,-141.582277726,0.0));
#5044=VECTOR('',#5045,1.0);
#5045=DIRECTION('',(1.0,0.0,0.0));
#5046=ORIENTED_EDGE('',*,*,#4984,.F.);
#5047=PLANE('',#5048);
#5048=AXIS2_PLACEMENT_3D('',#5049,#5050,#5051);
#5049=CARTESIAN_POINT('',(1129.957124107,-141.582277726,10.5));
#5050=DIRECTION('',(0.0,1.0,0.0));
#5051=DIRECTION('',(1.0,0.0,0.0));
#5052=ADVANCED_FACE('NONE',(#5053),#5065,.T.);
#5053=FACE_BOUND('NONE',#5054,.T.);
#5054=EDGE_LOOP('',(#5055,#5056,#5057,#5064));
#5055=ORIENTED_EDGE('',*,*,#3738,.F.);
#5056=ORIENTED_EDGE('',*,*,#5018,.F.);
#5057=ORIENTED_EDGE('',*,*,#5058,.T.);
#5058=EDGE_CURVE('NONE',#5011,#4600,#5059,.F.);
#5059=CIRCLE('',#5060,0.2);
#5060=AXIS2_PLACEMENT_3D('',#5061,#5062,#5063);
#5061=CARTESIAN_POINT('',(1129.957124107,-141.382277726,10.5));
#5062=DIRECTION('',(0.0,0.0,1.0));
#5063=DIRECTION('',(1.0,0.0,0.0));
#5064=ORIENTED_EDGE('',*,*,#4599,.F.);
#5065=CYLINDRICAL_SURFACE('',#5066,0.2);
#5066=AXIS2_PLACEMENT_3D('',#5067,#5068,#5069);
#5067=CARTESIAN_POINT('',(1129.957124107,-141.382277726,10.5));
#5068=DIRECTION('',(0.0,0.0,-1.0));
#5069=DIRECTION('',(-1.0,0.0,0.0));
#5070=ADVANCED_FACE('NONE',(#5071),#5083,.T.);
#5071=FACE_BOUND('NONE',#5072,.T.);
#5072=EDGE_LOOP('',(#5073,#5074,#5075,#5082));
#5073=ORIENTED_EDGE('',*,*,#3673,.F.);
#5074=ORIENTED_EDGE('',*,*,#4590,.F.);
#5075=ORIENTED_EDGE('',*,*,#5076,.T.);
#5076=EDGE_CURVE('NONE',#4583,#5034,#5077,.T.);
#5077=CIRCLE('',#5078,0.2);
#5078=AXIS2_PLACEMENT_3D('',#5079,#5080,#5081);
#5079=CARTESIAN_POINT('',(1129.957124107,-141.382277726,0.0));
#5080=DIRECTION('',(0.0,0.0,1.0));
#5081=DIRECTION('',(1.0,0.0,0.0));
#5082=ORIENTED_EDGE('',*,*,#5033,.F.);
#5083=CYLINDRICAL_SURFACE('',#5084,0.2);
#5084=AXIS2_PLACEMENT_3D('',#5085,#5086,#5087);
#5085=CARTESIAN_POINT('',(1129.957124107,-141.382277726,10.5));
#5086=DIRECTION('',(0.0,0.0,-1.0));
#5087=DIRECTION('',(-1.0,0.0,0.0));
#5088=ADVANCED_FACE('NONE',(#5089),#5117,.F.);
#5089=FACE_BOUND('NONE',#5090,.T.);
#5090=EDGE_LOOP('',(#5091,#5092,#5093,#5094,#5095,#5096,#5097,#5098,#5104,#5105,#5106,#5107,#5113,#5114,#5115,#5116));
#5091=ORIENTED_EDGE('',*,*,#4582,.F.);
#5092=ORIENTED_EDGE('',*,*,#1867,.F.);
#5093=ORIENTED_EDGE('',*,*,#4622,.F.);
#5094=ORIENTED_EDGE('',*,*,#4698,.F.);
#5095=ORIENTED_EDGE('',*,*,#4747,.F.);
#5096=ORIENTED_EDGE('',*,*,#4796,.F.);
#5097=ORIENTED_EDGE('',*,*,#4845,.F.);
#5098=ORIENTED_EDGE('',*,*,#5099,.T.);
#5099=EDGE_CURVE('NONE',#4838,#2255,#5100,.F.);
#5100=LINE('',#5101,#5102);
#5101=CARTESIAN_POINT('',(1143.107124107,-140.982277726,0.0));
#5102=VECTOR('',#5103,1.0);
#5103=DIRECTION('',(1.0,0.0,0.0));
#5104=ORIENTED_EDGE('',*,*,#2254,.F.);
#5105=ORIENTED_EDGE('',*,*,#2230,.F.);
#5106=ORIENTED_EDGE('',*,*,#2199,.F.);
#5107=ORIENTED_EDGE('',*,*,#5108,.T.);
#5108=EDGE_CURVE('NONE',#2200,#4937,#5109,.F.);
#5109=LINE('',#5110,#5111);
#5110=CARTESIAN_POINT('',(1143.107124107,-140.982277726,0.0));
#5111=VECTOR('',#5112,1.0);
#5112=DIRECTION('',(1.0,0.0,0.0));
#5113=ORIENTED_EDGE('',*,*,#4936,.F.);
#5114=ORIENTED_EDGE('',*,*,#4992,.F.);
#5115=ORIENTED_EDGE('',*,*,#5041,.F.);
#5116=ORIENTED_EDGE('',*,*,#5076,.F.);
#5117=PLANE('',#5118);
#5118=AXIS2_PLACEMENT_3D('',#5119,#5120,#5121);
#5119=CARTESIAN_POINT('',(1129.957124107,-141.382277726,0.0));
#5120=DIRECTION('',(0.0,0.0,1.0));
#5121=DIRECTION('',(1.0,0.0,0.0));
#5122=ADVANCED_FACE('NONE',(#5123),#5151,.T.);
#5123=FACE_BOUND('NONE',#5124,.T.);
#5124=EDGE_LOOP('',(#5125,#5126,#5127,#5128,#5129,#5130,#5131,#5132,#5138,#5139,#5140,#5141,#5147,#5148,#5149,#5150));
#5125=ORIENTED_EDGE('',*,*,#4633,.F.);
#5126=ORIENTED_EDGE('',*,*,#1842,.F.);
#5127=ORIENTED_EDGE('',*,*,#4607,.F.);
#5128=ORIENTED_EDGE('',*,*,#5058,.F.);
#5129=ORIENTED_EDGE('',*,*,#5010,.F.);
#5130=ORIENTED_EDGE('',*,*,#4960,.F.);
#5131=ORIENTED_EDGE('',*,*,#4905,.F.);
#5132=ORIENTED_EDGE('',*,*,#5133,.T.);
#5133=EDGE_CURVE('NONE',#4898,#2374,#5134,.T.);
#5134=LINE('',#5135,#5136);
#5135=CARTESIAN_POINT('',(1130.857124107,-140.982277726,10.5));
#5136=VECTOR('',#5137,1.0);
#5137=DIRECTION('',(1.0,0.0,0.0));
#5138=ORIENTED_EDGE('',*,*,#2373,.F.);
#5139=ORIENTED_EDGE('',*,*,#2349,.F.);
#5140=ORIENTED_EDGE('',*,*,#2318,.F.);
#5141=ORIENTED_EDGE('',*,*,#5142,.T.);
#5142=EDGE_CURVE('NONE',#2319,#4815,#5143,.T.);
#5143=LINE('',#5144,#5145);
#5144=CARTESIAN_POINT('',(1130.857124107,-140.982277726,10.5));
#5145=VECTOR('',#5146,1.0);
#5146=DIRECTION('',(1.0,0.0,0.0));
#5147=ORIENTED_EDGE('',*,*,#4814,.F.);
#5148=ORIENTED_EDGE('',*,*,#4764,.F.);
#5149=ORIENTED_EDGE('',*,*,#4716,.F.);
#5150=ORIENTED_EDGE('',*,*,#4666,.F.);
#5151=PLANE('',#5152);
#5152=AXIS2_PLACEMENT_3D('',#5153,#5154,#5155);
#5153=CARTESIAN_POINT('',(1129.957124107,-141.382277726,10.5));
#5154=DIRECTION('',(0.0,0.0,1.0));
#5155=DIRECTION('',(1.0,0.0,0.0));
#5156=ADVANCED_FACE('NONE',(#5157),#5163,.F.);
#5157=FACE_BOUND('NONE',#5158,.T.);
#5158=EDGE_LOOP('',(#5159,#5160,#5161,#5162));
#5159=ORIENTED_EDGE('',*,*,#1964,.F.);
#5160=ORIENTED_EDGE('',*,*,#3644,.F.);
#5161=ORIENTED_EDGE('',*,*,#1988,.F.);
#5162=ORIENTED_EDGE('',*,*,#3569,.F.);
#5163=PLANE('',#5164);
#5164=AXIS2_PLACEMENT_3D('',#5165,#5166,#5167);
#5165=CARTESIAN_POINT('',(1142.057124107,-139.482277726,10.0));
#5166=DIRECTION('',(5.415722071E-14,-1.0,0.0));
#5167=DIRECTION('',(0.0,0.0,-1.0));
#5168=ADVANCED_FACE('NONE',(#5169),#5175,.F.);
#5169=FACE_BOUND('NONE',#5170,.T.);
#5170=EDGE_LOOP('',(#5171,#5172,#5173,#5174));
#5171=ORIENTED_EDGE('',*,*,#1924,.F.);
#5172=ORIENTED_EDGE('',*,*,#3757,.F.);
#5173=ORIENTED_EDGE('',*,*,#2098,.F.);
#5174=ORIENTED_EDGE('',*,*,#3716,.F.);
#5175=PLANE('',#5176);
#5176=AXIS2_PLACEMENT_3D('',#5177,#5178,#5179);
#5177=CARTESIAN_POINT('',(1129.957124107,-139.482277726,0.5));
#5178=DIRECTION('',(0.0,-1.0,0.0));
#5179=DIRECTION('',(0.0,0.0,-1.0));
#5180=ADVANCED_FACE('NONE',(#5181),#5198,.T.);
#5181=FACE_BOUND('NONE',#5182,.T.);
#5182=EDGE_LOOP('',(#5183,#5184,#5185,#5186,#5187,#5188,#5189,#5190,#5191,#5192,#5193,#5194,#5195,#5196,#5197));
#5183=ORIENTED_EDGE('',*,*,#1478,.F.);
#5184=ORIENTED_EDGE('',*,*,#1447,.F.);
#5185=ORIENTED_EDGE('',*,*,#1416,.F.);
#5186=ORIENTED_EDGE('',*,*,#1385,.F.);
#5187=ORIENTED_EDGE('',*,*,#1354,.F.);
#5188=ORIENTED_EDGE('',*,*,#1323,.F.);
#5189=ORIENTED_EDGE('',*,*,#1292,.F.);
#5190=ORIENTED_EDGE('',*,*,#1261,.F.);
#5191=ORIENTED_EDGE('',*,*,#1230,.F.);
#5192=ORIENTED_EDGE('',*,*,#1199,.F.);
#5193=ORIENTED_EDGE('',*,*,#1168,.F.);
#5194=ORIENTED_EDGE('',*,*,#1137,.F.);
#5195=ORIENTED_EDGE('',*,*,#1517,.F.);
#5196=ORIENTED_EDGE('',*,*,#4347,.F.);
#5197=ORIENTED_EDGE('',*,*,#1532,.F.);
#5198=PLANE('',#5199);
#5199=AXIS2_PLACEMENT_3D('',#5200,#5201,#5202);
#5200=CARTESIAN_POINT('',(1133.207124107,-122.682277726,6.85));
#5201=DIRECTION('',(0.0,0.0,1.0));
#5202=DIRECTION('',(1.0,0.0,0.0));
#5203=ADVANCED_FACE('NONE',(#5204),#5221,.T.);
#5204=FACE_BOUND('NONE',#5205,.T.);
#5205=EDGE_LOOP('',(#5206,#5207,#5208,#5209,#5210,#5211,#5212,#5213,#5214,#5215,#5216,#5217,#5218,#5219,#5220));
#5206=ORIENTED_EDGE('',*,*,#1469,.F.);
#5207=ORIENTED_EDGE('',*,*,#1548,.F.);
#5208=ORIENTED_EDGE('',*,*,#4354,.F.);
#5209=ORIENTED_EDGE('',*,*,#1501,.F.);
#5210=ORIENTED_EDGE('',*,*,#1119,.F.);
#5211=ORIENTED_EDGE('',*,*,#1159,.F.);
#5212=ORIENTED_EDGE('',*,*,#1190,.F.);
#5213=ORIENTED_EDGE('',*,*,#1221,.F.);
#5214=ORIENTED_EDGE('',*,*,#1252,.F.);
#5215=ORIENTED_EDGE('',*,*,#1283,.F.);
#5216=ORIENTED_EDGE('',*,*,#1314,.F.);
#5217=ORIENTED_EDGE('',*,*,#1345,.F.);
#5218=ORIENTED_EDGE('',*,*,#1376,.F.);
#5219=ORIENTED_EDGE('',*,*,#1407,.F.);
#5220=ORIENTED_EDGE('',*,*,#1438,.F.);
#5221=PLANE('',#5222);
#5222=AXIS2_PLACEMENT_3D('',#5223,#5224,#5225);
#5223=CARTESIAN_POINT('',(1138.807124107,-122.682277726,3.65));
#5224=DIRECTION('',(0.0,0.0,-1.0));
#5225=DIRECTION('',(0.0,-1.0,0.0));
#5226=ADVANCED_FACE('NONE',(#5227),#5233,.F.);
#5227=FACE_BOUND('NONE',#5228,.T.);
#5228=EDGE_LOOP('',(#5229,#5230,#5231,#5232));
#5229=ORIENTED_EDGE('',*,*,#1054,.F.);
#5230=ORIENTED_EDGE('',*,*,#3497,.F.);
#5231=ORIENTED_EDGE('',*,*,#225,.F.);
#5232=ORIENTED_EDGE('',*,*,#3521,.F.);
#5233=PLANE('',#5234);
#5234=AXIS2_PLACEMENT_3D('',#5235,#5236,#5237);
#5235=CARTESIAN_POINT('',(1141.657124107,-143.032277726,10.5));
#5236=DIRECTION('',(1.0,5.921189465E-14,0.0));
#5237=DIRECTION('',(-5.921189465E-14,1.0,0.0));
#5238=ADVANCED_FACE('NONE',(#5239),#5245,.F.);
#5239=FACE_BOUND('NONE',#5240,.T.);
#5240=EDGE_LOOP('',(#5241,#5242,#5243,#5244));
#5241=ORIENTED_EDGE('',*,*,#1096,.F.);
#5242=ORIENTED_EDGE('',*,*,#3435,.F.);
#5243=ORIENTED_EDGE('',*,*,#145,.F.);
#5244=ORIENTED_EDGE('',*,*,#3459,.F.);
#5245=PLANE('',#5246);
#5246=AXIS2_PLACEMENT_3D('',#5247,#5248,#5249);
#5247=CARTESIAN_POINT('',(1141.657124107,-143.032277726,10.5));
#5248=DIRECTION('',(1.0,5.921189465E-14,0.0));
#5249=DIRECTION('',(-5.921189465E-14,1.0,0.0));
#5250=ADVANCED_FACE('NONE',(#5251),#5257,.F.);
#5251=FACE_BOUND('NONE',#5252,.T.);
#5252=EDGE_LOOP('',(#5253,#5254,#5255,#5256));
#5253=ORIENTED_EDGE('',*,*,#970,.F.);
#5254=ORIENTED_EDGE('',*,*,#3373,.F.);
#5255=ORIENTED_EDGE('',*,*,#185,.F.);
#5256=ORIENTED_EDGE('',*,*,#3397,.F.);
#5257=PLANE('',#5258);
#5258=AXIS2_PLACEMENT_3D('',#5259,#5260,#5261);
#5259=CARTESIAN_POINT('',(1137.157124107,-143.032277726,10.5));
#5260=DIRECTION('',(1.0,5.921189465E-14,0.0));
#5261=DIRECTION('',(-5.921189465E-14,1.0,0.0));
#5262=ADVANCED_FACE('NONE',(#5263),#5269,.F.);
#5263=FACE_BOUND('NONE',#5264,.T.);
#5264=EDGE_LOOP('',(#5265,#5266,#5267,#5268));
#5265=ORIENTED_EDGE('',*,*,#1012,.F.);
#5266=ORIENTED_EDGE('',*,*,#3311,.F.);
#5267=ORIENTED_EDGE('',*,*,#105,.F.);
#5268=ORIENTED_EDGE('',*,*,#3335,.F.);
#5269=PLANE('',#5270);
#5270=AXIS2_PLACEMENT_3D('',#5271,#5272,#5273);
#5271=CARTESIAN_POINT('',(1137.157124107,-143.032277726,10.5));
#5272=DIRECTION('',(1.0,5.921189465E-14,0.0));
#5273=DIRECTION('',(-5.921189465E-14,1.0,0.0));
#5274=ADVANCED_FACE('NONE',(#5275),#5281,.F.);
#5275=FACE_BOUND('NONE',#5276,.T.);
#5276=EDGE_LOOP('',(#5277,#5278,#5279,#5280));
#5277=ORIENTED_EDGE('',*,*,#886,.F.);
#5278=ORIENTED_EDGE('',*,*,#3249,.F.);
#5279=ORIENTED_EDGE('',*,*,#65,.F.);
#5280=ORIENTED_EDGE('',*,*,#3273,.F.);
#5281=PLANE('',#5282);
#5282=AXIS2_PLACEMENT_3D('',#5283,#5284,#5285);
#5283=CARTESIAN_POINT('',(1132.657124107,-143.032277726,10.5));
#5284=DIRECTION('',(1.0,5.921189465E-14,0.0));
#5285=DIRECTION('',(-5.921189465E-14,1.0,0.0));
#5286=ADVANCED_FACE('NONE',(#5287),#5293,.F.);
#5287=FACE_BOUND('NONE',#5288,.T.);
#5288=EDGE_LOOP('',(#5289,#5290,#5291,#5292));
#5289=ORIENTED_EDGE('',*,*,#928,.F.);
#5290=ORIENTED_EDGE('',*,*,#3187,.F.);
#5291=ORIENTED_EDGE('',*,*,#25,.F.);
#5292=ORIENTED_EDGE('',*,*,#3211,.F.);
#5293=PLANE('',#5294);
#5294=AXIS2_PLACEMENT_3D('',#5295,#5296,#5297);
#5295=CARTESIAN_POINT('',(1132.657124107,-143.032277726,10.5));
#5296=DIRECTION('',(1.0,5.921189465E-14,0.0));
#5297=DIRECTION('',(-5.921189465E-14,1.0,0.0));
#5298=ADVANCED_FACE('NONE',(#5299,#5305,#5311,#5317,#5323,#5329,#5335,#5341,#5347,#5353,#5359,#5365,#5371),#5393,.F.);
#5299=FACE_BOUND('NONE',#5300,.T.);
#5300=EDGE_LOOP('',(#5301,#5302,#5303,#5304));
#5301=ORIENTED_EDGE('',*,*,#512,.F.);
#5302=ORIENTED_EDGE('',*,*,#3529,.F.);
#5303=ORIENTED_EDGE('',*,*,#698,.F.);
#5304=ORIENTED_EDGE('',*,*,#3489,.F.);
#5305=FACE_BOUND('NONE',#5306,.T.);
#5306=EDGE_LOOP('',(#5307,#5308,#5309,#5310));
#5307=ORIENTED_EDGE('',*,*,#574,.F.);
#5308=ORIENTED_EDGE('',*,*,#3405,.F.);
#5309=ORIENTED_EDGE('',*,*,#760,.F.);
#5310=ORIENTED_EDGE('',*,*,#3365,.F.);
#5311=FACE_BOUND('NONE',#5312,.T.);
#5312=EDGE_LOOP('',(#5313,#5314,#5315,#5316));
#5313=ORIENTED_EDGE('',*,*,#636,.F.);
#5314=ORIENTED_EDGE('',*,*,#3281,.F.);
#5315=ORIENTED_EDGE('',*,*,#822,.F.);
#5316=ORIENTED_EDGE('',*,*,#3241,.F.);
#5317=FACE_BOUND('NONE',#5318,.T.);
#5318=EDGE_LOOP('',(#5319,#5320,#5321,#5322));
#5319=ORIENTED_EDGE('',*,*,#2512,.F.);
#5320=ORIENTED_EDGE('',*,*,#2428,.F.);
#5321=ORIENTED_EDGE('',*,*,#2469,.F.);
#5322=ORIENTED_EDGE('',*,*,#2494,.F.);
#5323=FACE_BOUND('NONE',#5324,.T.);
#5324=EDGE_LOOP('',(#5325,#5326,#5327,#5328));
#5325=ORIENTED_EDGE('',*,*,#2770,.F.);
#5326=ORIENTED_EDGE('',*,*,#2686,.F.);
#5327=ORIENTED_EDGE('',*,*,#2727,.F.);
#5328=ORIENTED_EDGE('',*,*,#2752,.F.);
#5329=FACE_BOUND('NONE',#5330,.T.);
#5330=EDGE_LOOP('',(#5331,#5332,#5333,#5334));
#5331=ORIENTED_EDGE('',*,*,#3028,.F.);
#5332=ORIENTED_EDGE('',*,*,#2944,.F.);
#5333=ORIENTED_EDGE('',*,*,#2985,.F.);
#5334=ORIENTED_EDGE('',*,*,#3010,.F.);
#5335=FACE_BOUND('NONE',#5336,.T.);
#5336=EDGE_LOOP('',(#5337,#5338,#5339,#5340));
#5337=ORIENTED_EDGE('',*,*,#3156,.F.);
#5338=ORIENTED_EDGE('',*,*,#3090,.F.);
#5339=ORIENTED_EDGE('',*,*,#3115,.F.);
#5340=ORIENTED_EDGE('',*,*,#3129,.F.);
#5341=FACE_BOUND('NONE',#5342,.T.);
#5342=EDGE_LOOP('',(#5343,#5344,#5345,#5346));
#5343=ORIENTED_EDGE('',*,*,#2898,.F.);
#5344=ORIENTED_EDGE('',*,*,#2832,.F.);
#5345=ORIENTED_EDGE('',*,*,#2857,.F.);
#5346=ORIENTED_EDGE('',*,*,#2871,.F.);
#5347=FACE_BOUND('NONE',#5348,.T.);
#5348=EDGE_LOOP('',(#5349,#5350,#5351,#5352));
#5349=ORIENTED_EDGE('',*,*,#2641,.F.);
#5350=ORIENTED_EDGE('',*,*,#2557,.F.);
#5351=ORIENTED_EDGE('',*,*,#2598,.F.);
#5352=ORIENTED_EDGE('',*,*,#2623,.F.);
#5353=FACE_BOUND('NONE',#5354,.T.);
#5354=EDGE_LOOP('',(#5355,#5356,#5357,#5358));
#5355=ORIENTED_EDGE('',*,*,#3179,.F.);
#5356=ORIENTED_EDGE('',*,*,#667,.F.);
#5357=ORIENTED_EDGE('',*,*,#3219,.F.);
#5358=ORIENTED_EDGE('',*,*,#853,.F.);
#5359=FACE_BOUND('NONE',#5360,.T.);
#5360=EDGE_LOOP('',(#5361,#5362,#5363,#5364));
#5361=ORIENTED_EDGE('',*,*,#3303,.F.);
#5362=ORIENTED_EDGE('',*,*,#605,.F.);
#5363=ORIENTED_EDGE('',*,*,#3343,.F.);
#5364=ORIENTED_EDGE('',*,*,#791,.F.);
#5365=FACE_BOUND('NONE',#5366,.T.);
#5366=EDGE_LOOP('',(#5367,#5368,#5369,#5370));
#5367=ORIENTED_EDGE('',*,*,#3427,.F.);
#5368=ORIENTED_EDGE('',*,*,#543,.F.);
#5369=ORIENTED_EDGE('',*,*,#3467,.F.);
#5370=ORIENTED_EDGE('',*,*,#729,.F.);
#5371=FACE_BOUND('NONE',#5372,.T.);
#5372=EDGE_LOOP('',(#5373,#5374,#5375,#5376,#5377,#5378,#5379,#5380,#5381,#5382,#5383,#5384,#5385,#5386,#5387,#5388,#5389,#5390,#5391,#5392));
#5373=ORIENTED_EDGE('',*,*,#1908,.F.);
#5374=ORIENTED_EDGE('',*,*,#3709,.F.);
#5375=ORIENTED_EDGE('',*,*,#4944,.F.);
#5376=ORIENTED_EDGE('',*,*,#5108,.F.);
#5377=ORIENTED_EDGE('',*,*,#2216,.F.);
#5378=ORIENTED_EDGE('',*,*,#2169,.F.);
#5379=ORIENTED_EDGE('',*,*,#2262,.F.);
#5380=ORIENTED_EDGE('',*,*,#5099,.F.);
#5381=ORIENTED_EDGE('',*,*,#4837,.F.);
#5382=ORIENTED_EDGE('',*,*,#3651,.F.);
#5383=ORIENTED_EDGE('',*,*,#1948,.F.);
#5384=ORIENTED_EDGE('',*,*,#3562,.F.);
#5385=ORIENTED_EDGE('',*,*,#4822,.F.);
#5386=ORIENTED_EDGE('',*,*,#5142,.F.);
#5387=ORIENTED_EDGE('',*,*,#2335,.F.);
#5388=ORIENTED_EDGE('',*,*,#2288,.F.);
#5389=ORIENTED_EDGE('',*,*,#2381,.F.);
#5390=ORIENTED_EDGE('',*,*,#5133,.F.);
#5391=ORIENTED_EDGE('',*,*,#4897,.F.);
#5392=ORIENTED_EDGE('',*,*,#3764,.F.);
#5393=PLANE('',#5394);
#5394=AXIS2_PLACEMENT_3D('',#5395,#5396,#5397);
#5395=CARTESIAN_POINT('',(1143.107124107,-140.982277726,10.5));
#5396=DIRECTION('',(0.0,1.0,0.0));
#5397=DIRECTION('',(1.0,0.0,0.0));
#5398=AXIS2_PLACEMENT_3D('',#5399,#5400,#5401);
#5399=CARTESIAN_POINT('',(0.0,0.0,0.0));
#5400=DIRECTION('',(0.0,0.0,1.0));
#5401=DIRECTION('',(1.0,0.0,0.0));
#5402=(GEOMETRIC_REPRESENTATION_CONTEXT(3)GLOBAL_UNCERTAINTY_ASSIGNED_CONTEXT((#5406))GLOBAL_UNIT_ASSIGNED_CONTEXT((#5403,#5404,#5405))REPRESENTATION_CONTEXT('',''));
#5403=(LENGTH_UNIT()NAMED_UNIT(*)SI_UNIT(.MILLI.,.METRE.));
#5404=(NAMED_UNIT(*)PLANE_ANGLE_UNIT()SI_UNIT($,.RADIAN.));
#5405=(NAMED_UNIT(*)SI_UNIT($,.STERADIAN.)SOLID_ANGLE_UNIT());
#5406=UNCERTAINTY_MEASURE_WITH_UNIT(LENGTH_MEASURE(1.0E-07),#5403,'','maximum tolerance');
#5407=ADVANCED_BREP_SHAPE_REPRESENTATION('',(#9,#5398),#5402);
#5408=SHAPE_DEFINITION_REPRESENTATION(#8,#5407);
#5409=PRODUCT_RELATED_PRODUCT_CATEGORY('part',$,(#4));
#5410=STYLED_ITEM('',(#5411),#9);
#5411=PRESENTATION_STYLE_ASSIGNMENT((#5412));
#5412=SURFACE_STYLE_USAGE(.BOTH.,#5413);
#5413=SURFACE_SIDE_STYLE('',(#5414));
#5414=SURFACE_STYLE_FILL_AREA(#5415);
#5415=FILL_AREA_STYLE('',(#5417));
#5416=COLOUR_RGB('',0.792156875,0.819607854,0.933333337);
#5417=FILL_AREA_STYLE_COLOUR('',#5416);
#5418=MECHANICAL_DESIGN_GEOMETRIC_PRESENTATION_REPRESENTATION('',(#5410),#5402);
ENDSEC;
END-ISO-10303-21;
