ISO-10303-21;
HEADER;
FILE_DESCRIPTION(('CAx-IF Rec.Pracs.---Model Styling and Organization---1.5---2016-08-15','CAx-IF Rec.Pracs.---Geometric and Assembly Validation Properties---4.4---2016-08-17','CAx-IF Rec.Pracs.---User Defined Attributes---1.5---2016-08-15','CAx-IF Rec.Pracs.---External References---2.1---2005-01-19'),'2;1');
FILE_NAME('12863328.step','2023-10-09T10:29:08',('Unspecified'),('Unspecified'),'CAD Exchanger 3.10.2 (cadexchanger.com)','Unspecified','');
FILE_SCHEMA(('AUTOMOTIVE_DESIGN { 1 0 10303 214 1 1 1 1 }'));
ENDSEC;
DATA;
#1=APPLICATION_CONTEXT('core data for automotive mechanical design processes');
#2=APPLICATION_PROTOCOL_DEFINITION('international standard','automotive_design',2000,#1);
#3=PRODUCT_CONTEXT('',#1,'mechanical');
#4=PRODUCT('3296w-1-503lf_1','3296w-1-503lf_1',$,(#3));
#5=PRODUCT_DEFINITION_FORMATION('',$,#4);
#6=PRODUCT_DEFINITION_CONTEXT('part definition',#1,'design');
#7=PRODUCT_DEFINITION('design',$,#5,#6);
#8=PRODUCT_DEFINITION_SHAPE('',$,#7);
#9=MANIFOLD_SOLID_BREP('3296w-1-503lf_1',#10);
#10=CLOSED_SHELL('',(#11,#77,#150,#206,#242,#298,#460,#499,#546,#585,#632,#674,#746,#777,#808,#833,#871,#901,#1176,#1352,#1425,#1441,#1485,#1541,#1583,#1639,#1681,#1691,#1715,#1739,#1789,#1844,#1899,#2051,#2090,#2122,#2139,#2170,#2187,#2214,#2313,#2412,#2642,#2673,#2797,#2879,#2954,#3044,#3148,#3200,#3217,#3229,#3302,#3358,#3431,#3487,#3523,#3569,#3605,#3647,#3689,#3731,#3767,#3791,#3825,#3862,#3886,#3919,#4000,#4040,#4080,#4111,#4142,#4166,#4213,#4237,#4261,#4328,#4352,#4376,#4414,#4426,#4443,#4455,#4471,#4483,#4541,#4583,#4673,#4713,#4773,#4820,#4850,#4860,#4885,#4923,#4947,#4959,#5090,#5172,#5189,#5201,#5276,#5366,#5463,#5515,#5588,#5644,#5717,#5773,#5809,#5855,#5891,#5933,#5975,#6017,#6053,#6070,#6082,#6131,#6162,#6198,#6217,#6229,#6248,#6260,#6330,#6372,#6408,#6539,#6621,#6638,#6650,#6725,#6815,#6912,#6964,#7027,#7069,#7111,#7153,#7189,#7206,#7218,#7267,#7298,#7334,#7353,#7365,#7384,#7396,#7466,#7508,#7544,#7563,#7575,#7645,#7687,#7723,#7735,#7823,#7845,#7867,#7901,#7928,#7959,#8006,#8039,#8074,#8092,#8167,#8180,#8198,#8265,#8307,#8324,#8336,#8356,#8371,#8389,#8402,#8475,#8533,#8575,#8631,#8673,#8729,#8745,#8781,#8826,#8851,#8888,#8905,#8917,#8934,#8944,#8977,#8994,#9006,#9030,#9052,#9064,#9081,#9093,#9120,#9140,#9170,#9188,#9200,#9256,#9298,#9308,#9364,#9406,#9416,#9472,#9514,#9524));
#11=ADVANCED_FACE('',(#12),#48,.T.);
#12=FACE_BOUND('',#13,.T.);
#13=EDGE_LOOP('',(#14,#24,#33,#41));
#14=ORIENTED_EDGE('',*,*,#15,.T.);
#15=EDGE_CURVE('',#16,#18,#20,.T.);
#16=VERTEX_POINT('',#17);
#17=CARTESIAN_POINT('',(-2.8448,-2.54,4.1148));
#18=VERTEX_POINT('',#19);
#19=CARTESIAN_POINT('',(-4.064,-2.54,4.1148));
#20=LINE('',#21,#22);
#21=CARTESIAN_POINT('',(-2.8448,-2.54,4.1148));
#22=VECTOR('',#23,1.0);
#23=DIRECTION('',(-1.0,0.0,0.0));
#24=ORIENTED_EDGE('',*,*,#25,.T.);
#25=EDGE_CURVE('',#18,#26,#28,.F.);
#26=VERTEX_POINT('',#27);
#27=CARTESIAN_POINT('',(-4.064,-2.54,3.6068));
#28=CIRCLE('',#29,0.254);
#29=AXIS2_PLACEMENT_3D('',#30,#31,#32);
#30=CARTESIAN_POINT('',(-4.064,-2.54,3.8608));
#31=DIRECTION('',(-1.0,0.0,0.0));
#32=DIRECTION('',(0.0,0.0,-1.0));
#33=ORIENTED_EDGE('',*,*,#34,.T.);
#34=EDGE_CURVE('',#26,#35,#37,.F.);
#35=VERTEX_POINT('',#36);
#36=CARTESIAN_POINT('',(-2.8448,-2.54,3.6068));
#37=LINE('',#38,#39);
#38=CARTESIAN_POINT('',(-2.8448,-2.54,3.6068));
#39=VECTOR('',#40,1.0);
#40=DIRECTION('',(-1.0,0.0,0.0));
#41=ORIENTED_EDGE('',*,*,#42,.T.);
#42=EDGE_CURVE('',#35,#16,#43,.T.);
#43=CIRCLE('',#44,0.254);
#44=AXIS2_PLACEMENT_3D('',#45,#46,#47);
#45=CARTESIAN_POINT('',(-2.8448,-2.54,3.8608));
#46=DIRECTION('',(-1.0,0.0,0.0));
#47=DIRECTION('',(0.0,0.0,-1.0));
#48=(BOUNDED_SURFACE()B_SPLINE_SURFACE(3,3,((#49,#50,#51,#52),(#53,#54,#55,#56),(#57,#58,#59,#60),(#61,#62,#63,#64),(#65,#66,#67,#68),(#69,#70,#71,#72),(#73,#74,#75,#76)),.UNSPECIFIED.,.F.,.F.,.U.)B_SPLINE_SURFACE_WITH_KNOTS((4,3,4),(4,4),(0.054316991,1.0,1.945683009),(-9.6E-04,0.04896),.UNSPECIFIED.)GEOMETRIC_REPRESENTATION_ITEM()RATIONAL_B_SPLINE_SURFACE(((1.153428252,1.153428252,1.153428252,1.153428252),(0.936391347,0.936391347,0.936391347,0.936391347),(0.949616881,0.949616881,0.949616881,0.949616881),(1.193104854,1.193104854,1.193104854,1.193104854),(0.949616881,0.949616881,0.949616881,0.949616881),(0.936391347,0.936391347,0.936391347,0.936391347),(1.153428252,1.153428252,1.153428252,1.153428252)))REPRESENTATION_ITEM('')SURFACE());
#49=CARTESIAN_POINT('',(-2.820416,-2.53900077,3.606801965));
#50=CARTESIAN_POINT('',(-3.243072,-2.53900077,3.606801965));
#51=CARTESIAN_POINT('',(-3.665728,-2.53900077,3.606801965));
#52=CARTESIAN_POINT('',(-4.088384,-2.53900077,3.606801965));
#53=CARTESIAN_POINT('',(-2.820416,-2.689299005,3.606210691));
#54=CARTESIAN_POINT('',(-3.243072,-2.689299005,3.606210691));
#55=CARTESIAN_POINT('',(-3.665728,-2.689299005,3.606210691));
#56=CARTESIAN_POINT('',(-4.088384,-2.689299005,3.606210691));
#57=CARTESIAN_POINT('',(-2.820416,-2.794,3.712593856));
#58=CARTESIAN_POINT('',(-3.243072,-2.794,3.712593856));
#59=CARTESIAN_POINT('',(-3.665728,-2.794,3.712593856));
#60=CARTESIAN_POINT('',(-4.088384,-2.794,3.712593856));
#61=CARTESIAN_POINT('',(-2.820416,-2.794,3.8608));
#62=CARTESIAN_POINT('',(-3.243072,-2.794,3.8608));
#63=CARTESIAN_POINT('',(-3.665728,-2.794,3.8608));
#64=CARTESIAN_POINT('',(-4.088384,-2.794,3.8608));
#65=CARTESIAN_POINT('',(-2.820416,-2.794,4.009006144));
#66=CARTESIAN_POINT('',(-3.243072,-2.794,4.009006144));
#67=CARTESIAN_POINT('',(-3.665728,-2.794,4.009006144));
#68=CARTESIAN_POINT('',(-4.088384,-2.794,4.009006144));
#69=CARTESIAN_POINT('',(-2.820416,-2.689299005,4.115389309));
#70=CARTESIAN_POINT('',(-3.243072,-2.689299005,4.115389309));
#71=CARTESIAN_POINT('',(-3.665728,-2.689299005,4.115389309));
#72=CARTESIAN_POINT('',(-4.088384,-2.689299005,4.115389309));
#73=CARTESIAN_POINT('',(-2.820416,-2.53900077,4.114798035));
#74=CARTESIAN_POINT('',(-3.243072,-2.53900077,4.114798035));
#75=CARTESIAN_POINT('',(-3.665728,-2.53900077,4.114798035));
#76=CARTESIAN_POINT('',(-4.088384,-2.53900077,4.114798035));
#77=ADVANCED_FACE('',(#78),#121,.T.);
#78=FACE_BOUND('',#79,.T.);
#79=EDGE_LOOP('',(#80,#99,#100,#114));
#80=ORIENTED_EDGE('',*,*,#81,.T.);
#81=EDGE_CURVE('',#82,#16,#84,.T.);
#82=VERTEX_POINT('',#83);
#83=CARTESIAN_POINT('',(-2.286,-2.54,3.556));
#84=B_SPLINE_CURVE_WITH_KNOTS('',3,(#85,#86,#87,#88,#89,#90,#91,#92,#93,#94,#95,#96,#97,#98),.UNSPECIFIED.,.F.,.U.,(4,1,1,1,1,1,1,1,1,1,1,4),(0.0,0.090909091,0.181818182,0.272727273,0.363636364,0.454545455,0.545454545,0.636363636,0.727272727,0.818181818,0.909090909,1.0),.UNSPECIFIED.);
#85=CARTESIAN_POINT('',(-2.286,-2.54,3.556));
#86=CARTESIAN_POINT('',(-2.286,-2.54,3.582598818));
#87=CARTESIAN_POINT('',(-2.289804761,-2.54,3.63579624));
#88=CARTESIAN_POINT('',(-2.306810006,-2.54,3.713968123));
#89=CARTESIAN_POINT('',(-2.334767175,-2.54,3.788924185));
#90=CARTESIAN_POINT('',(-2.373107141,-2.54,3.859138594));
#91=CARTESIAN_POINT('',(-2.421049414,-2.54,3.923181972));
#92=CARTESIAN_POINT('',(-2.477618028,-2.54,3.979750586));
#93=CARTESIAN_POINT('',(-2.541661406,-2.54,4.027692859));
#94=CARTESIAN_POINT('',(-2.611875815,-2.54,4.066032825));
#95=CARTESIAN_POINT('',(-2.686831877,-2.54,4.093989994));
#96=CARTESIAN_POINT('',(-2.76500376,-2.54,4.110995239));
#97=CARTESIAN_POINT('',(-2.818201182,-2.54,4.1148));
#98=CARTESIAN_POINT('',(-2.8448,-2.54,4.1148));
#99=ORIENTED_EDGE('',*,*,#42,.F.);
#100=ORIENTED_EDGE('',*,*,#101,.T.);
#101=EDGE_CURVE('',#35,#102,#104,.F.);
#102=VERTEX_POINT('',#103);
#103=CARTESIAN_POINT('',(-2.794,-2.54,3.556));
#104=B_SPLINE_CURVE_WITH_KNOTS('',3,(#105,#106,#107,#108,#109,#110,#111,#112,#113),.UNSPECIFIED.,.F.,.U.,(4,1,1,1,1,1,4),(0.0,0.166666667,0.333333333,0.5,0.666666667,0.833333333,1.0),.UNSPECIFIED.);
#105=CARTESIAN_POINT('',(-2.794,-2.54,3.556));
#106=CARTESIAN_POINT('',(-2.794,-2.54,3.560433136));
#107=CARTESIAN_POINT('',(-2.795167237,-2.54,3.569299005));
#108=CARTESIAN_POINT('',(-2.80030048,-2.54,3.581691824));
#109=CARTESIAN_POINT('',(-2.808466299,-2.54,3.592333701));
#110=CARTESIAN_POINT('',(-2.819108176,-2.54,3.60049952));
#111=CARTESIAN_POINT('',(-2.831500995,-2.54,3.605632763));
#112=CARTESIAN_POINT('',(-2.840366864,-2.54,3.6068));
#113=CARTESIAN_POINT('',(-2.8448,-2.54,3.6068));
#114=ORIENTED_EDGE('',*,*,#115,.T.);
#115=EDGE_CURVE('',#102,#82,#116,.T.);
#116=CIRCLE('',#117,0.254);
#117=AXIS2_PLACEMENT_3D('',#118,#119,#120);
#118=CARTESIAN_POINT('',(-2.54,-2.54,3.556));
#119=DIRECTION('',(0.0,0.0,1.0));
#120=DIRECTION('',(-1.0,0.0,0.0));
#121=(BOUNDED_SURFACE()B_SPLINE_SURFACE(3,3,((#122,#123,#124,#125,#126,#127,#128),(#129,#130,#131,#132,#133,#134,#135),(#136,#137,#138,#139,#140,#141,#142),(#143,#144,#145,#146,#147,#148,#149)),.UNSPECIFIED.,.F.,.F.,.U.)B_SPLINE_SURFACE_WITH_KNOTS((4,4),(4,3,4),(0.194073603,0.805926397),(0.056887344,1.0,1.950204204),.UNSPECIFIED.)GEOMETRIC_REPRESENTATION_ITEM()RATIONAL_B_SPLINE_SURFACE(((1.358759903,1.104863403,1.121161174,1.407653217,1.119006954,1.104633584,1.364533106),(1.082631559,0.880332122,0.893317847,1.121588733,0.891601409,0.880149007,1.087231528),(1.082631559,0.880332122,0.893317847,1.121588733,0.891601409,0.880149007,1.087231528),(1.358759903,1.104863403,1.121161174,1.407653217,1.119006954,1.104633584,1.364533106)))REPRESENTATION_ITEM('')SURFACE());
#122=CARTESIAN_POINT('',(-2.286078327,-2.53999646,3.546644128));
#123=CARTESIAN_POINT('',(-2.286076239,-2.689875567,3.546644093));
#124=CARTESIAN_POINT('',(-2.392363039,-2.794,3.54842388));
#125=CARTESIAN_POINT('',(-2.540042724,-2.794,3.550896797));
#126=CARTESIAN_POINT('',(-2.689119295,-2.794,3.553393105));
#127=CARTESIAN_POINT('',(-2.79562543,-2.688281804,3.555176565));
#128=CARTESIAN_POINT('',(-2.793992269,-2.537253126,3.555149217));
#129=CARTESIAN_POINT('',(-2.280451141,-2.53999646,3.882693065));
#130=CARTESIAN_POINT('',(-2.280449031,-2.689875567,3.882694286));
#131=CARTESIAN_POINT('',(-2.387806303,-2.794,3.820546776));
#132=CARTESIAN_POINT('',(-2.53697335,-2.794,3.734196217));
#133=CARTESIAN_POINT('',(-2.687551351,-2.794,3.647028877));
#134=CARTESIAN_POINT('',(-2.795130167,-2.688281804,3.584753119));
#135=CARTESIAN_POINT('',(-2.793480557,-2.537253126,3.585708053));
#136=CARTESIAN_POINT('',(-2.518106935,-2.53999646,4.120348859));
#137=CARTESIAN_POINT('',(-2.518105714,-2.689875567,4.120350969));
#138=CARTESIAN_POINT('',(-2.580253224,-2.794,4.012993697));
#139=CARTESIAN_POINT('',(-2.666603783,-2.794,3.86382665));
#140=CARTESIAN_POINT('',(-2.753771123,-2.794,3.713248649));
#141=CARTESIAN_POINT('',(-2.816046881,-2.688281804,3.605669833));
#142=CARTESIAN_POINT('',(-2.815091947,-2.537253126,3.607319443));
#143=CARTESIAN_POINT('',(-2.854155872,-2.53999646,4.114721673));
#144=CARTESIAN_POINT('',(-2.854155907,-2.689875567,4.114723761));
#145=CARTESIAN_POINT('',(-2.85237612,-2.794,4.008436961));
#146=CARTESIAN_POINT('',(-2.849903203,-2.794,3.860757276));
#147=CARTESIAN_POINT('',(-2.847406895,-2.794,3.711680705));
#148=CARTESIAN_POINT('',(-2.845623435,-2.688281804,3.60517457));
#149=CARTESIAN_POINT('',(-2.845650783,-2.537253126,3.606807731));
#150=ADVANCED_FACE('',(#151),#177,.T.);
#151=FACE_BOUND('',#152,.T.);
#152=EDGE_LOOP('',(#153,#161,#162,#170));
#153=ORIENTED_EDGE('',*,*,#154,.T.);
#154=EDGE_CURVE('',#155,#82,#157,.T.);
#155=VERTEX_POINT('',#156);
#156=CARTESIAN_POINT('',(-2.286,-2.54,3.5306));
#157=LINE('',#158,#159);
#158=CARTESIAN_POINT('',(-2.286,-2.54,3.5306));
#159=VECTOR('',#160,1.0);
#160=DIRECTION('',(-1.387778781E-14,0.0,1.0));
#161=ORIENTED_EDGE('',*,*,#115,.F.);
#162=ORIENTED_EDGE('',*,*,#163,.T.);
#163=EDGE_CURVE('',#102,#164,#166,.F.);
#164=VERTEX_POINT('',#165);
#165=CARTESIAN_POINT('',(-2.794,-2.54,3.5306));
#166=LINE('',#167,#168);
#167=CARTESIAN_POINT('',(-2.794,-2.54,3.5306));
#168=VECTOR('',#169,1.0);
#169=DIRECTION('',(0.0,0.0,1.0));
#170=ORIENTED_EDGE('',*,*,#171,.T.);
#171=EDGE_CURVE('',#164,#155,#172,.T.);
#172=CIRCLE('',#173,0.254);
#173=AXIS2_PLACEMENT_3D('',#174,#175,#176);
#174=CARTESIAN_POINT('',(-2.54,-2.54,3.5306));
#175=DIRECTION('',(0.0,0.0,1.0));
#176=DIRECTION('',(-1.0,0.0,0.0));
#177=(BOUNDED_SURFACE()B_SPLINE_SURFACE(3,3,((#178,#179,#180,#181),(#182,#183,#184,#185),(#186,#187,#188,#189),(#190,#191,#192,#193),(#194,#195,#196,#197),(#198,#199,#200,#201),(#202,#203,#204,#205)),.UNSPECIFIED.,.F.,.F.,.U.)B_SPLINE_SURFACE_WITH_KNOTS((4,3,4),(4,4),(0.039901161,1.0,1.960098839),(-2.0E-05,0.00102),.UNSPECIFIED.)GEOMETRIC_REPRESENTATION_ITEM()RATIONAL_B_SPLINE_SURFACE(((1.158567296,1.158567296,1.158567296,1.158567296),(0.937976611,0.937976611,0.937976611,0.937976611),(0.947541757,0.947541757,0.947541757,0.947541757),(1.187262732,1.187262732,1.187262732,1.187262732),(0.947541757,0.947541757,0.947541757,0.947541757),(0.937976611,0.937976611,0.937976611,0.937976611),(1.158567296,1.158567296,1.158567296,1.158567296)))REPRESENTATION_ITEM('')SURFACE());
#178=CARTESIAN_POINT('',(-2.793998035,-2.539000783,3.530092));
#179=CARTESIAN_POINT('',(-2.793998035,-2.539000783,3.538897333));
#180=CARTESIAN_POINT('',(-2.793998035,-2.539000783,3.547702667));
#181=CARTESIAN_POINT('',(-2.793998035,-2.539000783,3.556508));
#182=CARTESIAN_POINT('',(-2.794588165,-2.689010263,3.530092));
#183=CARTESIAN_POINT('',(-2.794588165,-2.689010263,3.538897333));
#184=CARTESIAN_POINT('',(-2.794588165,-2.689010263,3.547702667));
#185=CARTESIAN_POINT('',(-2.794588165,-2.689010263,3.556508));
#186=CARTESIAN_POINT('',(-2.688496329,-2.794,3.530092));
#187=CARTESIAN_POINT('',(-2.688496329,-2.794,3.538897333));
#188=CARTESIAN_POINT('',(-2.688496329,-2.794,3.547702667));
#189=CARTESIAN_POINT('',(-2.688496329,-2.794,3.556508));
#190=CARTESIAN_POINT('',(-2.54,-2.794,3.530092));
#191=CARTESIAN_POINT('',(-2.54,-2.794,3.538897333));
#192=CARTESIAN_POINT('',(-2.54,-2.794,3.547702667));
#193=CARTESIAN_POINT('',(-2.54,-2.794,3.556508));
#194=CARTESIAN_POINT('',(-2.391503671,-2.794,3.530092));
#195=CARTESIAN_POINT('',(-2.391503671,-2.794,3.538897333));
#196=CARTESIAN_POINT('',(-2.391503671,-2.794,3.547702667));
#197=CARTESIAN_POINT('',(-2.391503671,-2.794,3.556508));
#198=CARTESIAN_POINT('',(-2.285411835,-2.689010263,3.530092));
#199=CARTESIAN_POINT('',(-2.285411835,-2.689010263,3.538897333));
#200=CARTESIAN_POINT('',(-2.285411835,-2.689010263,3.547702667));
#201=CARTESIAN_POINT('',(-2.285411835,-2.689010263,3.556508));
#202=CARTESIAN_POINT('',(-2.286001965,-2.539000783,3.530092));
#203=CARTESIAN_POINT('',(-2.286001965,-2.539000783,3.538897333));
#204=CARTESIAN_POINT('',(-2.286001965,-2.539000783,3.547702667));
#205=CARTESIAN_POINT('',(-2.286001965,-2.539000783,3.556508));
#206=ADVANCED_FACE('',(#207,#227),#237,.T.);
#207=FACE_BOUND('',#208,.T.);
#208=EDGE_LOOP('',(#209,#220));
#209=ORIENTED_EDGE('',*,*,#210,.T.);
#210=EDGE_CURVE('',#211,#213,#215,.T.);
#211=VERTEX_POINT('',#212);
#212=CARTESIAN_POINT('',(-2.54,-2.921,3.5306));
#213=VERTEX_POINT('',#214);
#214=CARTESIAN_POINT('',(-2.54,-2.159,3.5306));
#215=CIRCLE('',#216,0.381);
#216=AXIS2_PLACEMENT_3D('',#217,#218,#219);
#217=CARTESIAN_POINT('',(-2.54,-2.54,3.5306));
#218=DIRECTION('',(0.0,0.0,1.0));
#219=DIRECTION('',(0.0,-1.0,0.0));
#220=ORIENTED_EDGE('',*,*,#221,.T.);
#221=EDGE_CURVE('',#213,#211,#222,.F.);
#222=CIRCLE('',#223,0.381);
#223=AXIS2_PLACEMENT_3D('',#224,#225,#226);
#224=CARTESIAN_POINT('',(-2.54,-2.54,3.5306));
#225=DIRECTION('',(0.0,0.0,-1.0));
#226=DIRECTION('',(0.0,-1.0,0.0));
#227=FACE_BOUND('',#228,.T.);
#228=EDGE_LOOP('',(#229,#230));
#229=ORIENTED_EDGE('',*,*,#171,.F.);
#230=ORIENTED_EDGE('',*,*,#231,.T.);
#231=EDGE_CURVE('',#164,#155,#232,.F.);
#232=CIRCLE('',#233,0.254);
#233=AXIS2_PLACEMENT_3D('',#234,#235,#236);
#234=CARTESIAN_POINT('',(-2.54,-2.54,3.5306));
#235=DIRECTION('',(0.0,0.0,1.0));
#236=DIRECTION('',(1.0,0.0,0.0));
#237=B_SPLINE_SURFACE_WITH_KNOTS('',1,1,((#238,#239),(#240,#241)),.UNSPECIFIED.,.F.,.F.,.U.,(2,2),(2,2),(-0.015009015,0.015009015),(-0.015009015,0.015009015),.PIECEWISE_BEZIER_KNOTS.);
#238=CARTESIAN_POINT('',(-2.158771018,-2.921228982,3.5306));
#239=CARTESIAN_POINT('',(-2.921228982,-2.921228982,3.5306));
#240=CARTESIAN_POINT('',(-2.158771018,-2.158771018,3.5306));
#241=CARTESIAN_POINT('',(-2.921228982,-2.158771018,3.5306));
#242=ADVANCED_FACE('',(#243),#269,.T.);
#243=FACE_BOUND('',#244,.T.);
#244=EDGE_LOOP('',(#245,#253,#254,#262));
#245=ORIENTED_EDGE('',*,*,#246,.T.);
#246=EDGE_CURVE('',#247,#211,#249,.F.);
#247=VERTEX_POINT('',#248);
#248=CARTESIAN_POINT('',(-2.54,-2.921,3.3528));
#249=LINE('',#250,#251);
#250=CARTESIAN_POINT('',(-2.54,-2.921,3.5306));
#251=VECTOR('',#252,1.0);
#252=DIRECTION('',(0.0,0.0,-1.0));
#253=ORIENTED_EDGE('',*,*,#221,.F.);
#254=ORIENTED_EDGE('',*,*,#255,.T.);
#255=EDGE_CURVE('',#213,#256,#258,.T.);
#256=VERTEX_POINT('',#257);
#257=CARTESIAN_POINT('',(-2.54,-2.159,3.3528));
#258=LINE('',#259,#260);
#259=CARTESIAN_POINT('',(-2.54,-2.159,3.5306));
#260=VECTOR('',#261,1.0);
#261=DIRECTION('',(0.0,0.0,-1.0));
#262=ORIENTED_EDGE('',*,*,#263,.T.);
#263=EDGE_CURVE('',#256,#247,#264,.T.);
#264=CIRCLE('',#265,0.381);
#265=AXIS2_PLACEMENT_3D('',#266,#267,#268);
#266=CARTESIAN_POINT('',(-2.54,-2.54,3.3528));
#267=DIRECTION('',(0.0,0.0,1.0));
#268=DIRECTION('',(0.0,1.0,0.0));
#269=(BOUNDED_SURFACE()B_SPLINE_SURFACE(3,3,((#270,#271,#272,#273),(#274,#275,#276,#277),(#278,#279,#280,#281),(#282,#283,#284,#285),(#286,#287,#288,#289),(#290,#291,#292,#293),(#294,#295,#296,#297)),.UNSPECIFIED.,.F.,.F.,.U.)B_SPLINE_SURFACE_WITH_KNOTS((4,3,4),(4,4),(0.040778167,1.0,1.959221833),(0.03519656,0.04390344),.UNSPECIFIED.)GEOMETRIC_REPRESENTATION_ITEM()RATIONAL_B_SPLINE_SURFACE(((1.157963375,1.157963375,1.157963375,1.157963375),(0.937994278,0.937994278,0.937994278,0.937994278),(0.94776073,0.94776073,0.94776073,0.94776073),(1.187262732,1.187262732,1.187262732,1.187262732),(0.94776073,0.94776073,0.94776073,0.94776073),(0.937994278,0.937994278,0.937994278,0.937994278),(1.157963375,1.157963375,1.157963375,1.157963375)))REPRESENTATION_ITEM('')SURFACE());
#270=CARTESIAN_POINT('',(-2.539000521,-2.159001311,3.331122633));
#271=CARTESIAN_POINT('',(-2.539000521,-2.159001311,3.404840878));
#272=CARTESIAN_POINT('',(-2.539000521,-2.159001311,3.478559122));
#273=CARTESIAN_POINT('',(-2.539000521,-2.159001311,3.552277367));
#274=CARTESIAN_POINT('',(-2.763805933,-2.158411576,3.331122633));
#275=CARTESIAN_POINT('',(-2.763805933,-2.158411576,3.404840878));
#276=CARTESIAN_POINT('',(-2.763805933,-2.158411576,3.478559122));
#277=CARTESIAN_POINT('',(-2.763805933,-2.158411576,3.552277367));
#278=CARTESIAN_POINT('',(-2.921,-2.31751039,3.331122633));
#279=CARTESIAN_POINT('',(-2.921,-2.31751039,3.404840878));
#280=CARTESIAN_POINT('',(-2.921,-2.31751039,3.478559122));
#281=CARTESIAN_POINT('',(-2.921,-2.31751039,3.552277367));
#282=CARTESIAN_POINT('',(-2.921,-2.54,3.331122633));
#283=CARTESIAN_POINT('',(-2.921,-2.54,3.404840878));
#284=CARTESIAN_POINT('',(-2.921,-2.54,3.478559122));
#285=CARTESIAN_POINT('',(-2.921,-2.54,3.552277367));
#286=CARTESIAN_POINT('',(-2.921,-2.76248961,3.331122633));
#287=CARTESIAN_POINT('',(-2.921,-2.76248961,3.404840878));
#288=CARTESIAN_POINT('',(-2.921,-2.76248961,3.478559122));
#289=CARTESIAN_POINT('',(-2.921,-2.76248961,3.552277367));
#290=CARTESIAN_POINT('',(-2.763805933,-2.921588424,3.331122633));
#291=CARTESIAN_POINT('',(-2.763805933,-2.921588424,3.404840878));
#292=CARTESIAN_POINT('',(-2.763805933,-2.921588424,3.478559122));
#293=CARTESIAN_POINT('',(-2.763805933,-2.921588424,3.552277367));
#294=CARTESIAN_POINT('',(-2.539000521,-2.920998689,3.331122633));
#295=CARTESIAN_POINT('',(-2.539000521,-2.920998689,3.404840878));
#296=CARTESIAN_POINT('',(-2.539000521,-2.920998689,3.478559122));
#297=CARTESIAN_POINT('',(-2.539000521,-2.920998689,3.552277367));
#298=ADVANCED_FACE('',(#299,#405,#415,#435),#455,.F.);
#299=FACE_BOUND('',#300,.T.);
#300=EDGE_LOOP('',(#301,#311,#319,#327,#335,#343,#351,#359,#367,#375,#383,#391,#399));
#301=ORIENTED_EDGE('',*,*,#302,.T.);
#302=EDGE_CURVE('',#303,#305,#307,.F.);
#303=VERTEX_POINT('',#304);
#304=CARTESIAN_POINT('',(3.4544,-4.0132,3.3528));
#305=VERTEX_POINT('',#306);
#306=CARTESIAN_POINT('',(3.4544,1.5748,3.3528));
#307=LINE('',#308,#309);
#308=CARTESIAN_POINT('',(3.4544,1.5748,3.3528));
#309=VECTOR('',#310,1.0);
#310=DIRECTION('',(0.0,-1.0,0.0));
#311=ORIENTED_EDGE('',*,*,#312,.T.);
#312=EDGE_CURVE('',#305,#313,#315,.F.);
#313=VERTEX_POINT('',#314);
#314=CARTESIAN_POINT('',(0.9144,4.1148,3.3528));
#315=LINE('',#316,#317);
#316=CARTESIAN_POINT('',(0.9144,4.1148,3.3528));
#317=VECTOR('',#318,1.0);
#318=DIRECTION('',(0.707106781,-0.707106781,0.0));
#319=ORIENTED_EDGE('',*,*,#320,.T.);
#320=EDGE_CURVE('',#313,#321,#323,.F.);
#321=VERTEX_POINT('',#322);
#322=CARTESIAN_POINT('',(-3.5814,4.1148,3.3528));
#323=LINE('',#324,#325);
#324=CARTESIAN_POINT('',(-3.5814,4.1148,3.3528));
#325=VECTOR('',#326,1.0);
#326=DIRECTION('',(1.0,0.0,0.0));
#327=ORIENTED_EDGE('',*,*,#328,.T.);
#328=EDGE_CURVE('',#321,#329,#331,.F.);
#329=VERTEX_POINT('',#330);
#330=CARTESIAN_POINT('',(-3.5814,3.492126147,3.3528));
#331=LINE('',#332,#333);
#332=CARTESIAN_POINT('',(-3.5814,3.492126147,3.3528));
#333=VECTOR('',#334,1.0);
#334=DIRECTION('',(0.0,1.0,0.0));
#335=ORIENTED_EDGE('',*,*,#336,.T.);
#336=EDGE_CURVE('',#329,#337,#339,.F.);
#337=VERTEX_POINT('',#338);
#338=CARTESIAN_POINT('',(-3.5814,3.365873853,3.3528));
#339=LINE('',#340,#341);
#340=CARTESIAN_POINT('',(-3.5814,3.365873853,3.3528));
#341=VECTOR('',#342,1.0);
#342=DIRECTION('',(0.0,1.0,0.0));
#343=ORIENTED_EDGE('',*,*,#344,.T.);
#344=EDGE_CURVE('',#337,#345,#347,.F.);
#345=VERTEX_POINT('',#346);
#346=CARTESIAN_POINT('',(-3.5814,-3.365873853,3.3528));
#347=LINE('',#348,#349);
#348=CARTESIAN_POINT('',(-3.5814,-3.365873853,3.3528));
#349=VECTOR('',#350,1.0);
#350=DIRECTION('',(0.0,1.0,0.0));
#351=ORIENTED_EDGE('',*,*,#352,.T.);
#352=EDGE_CURVE('',#345,#353,#355,.F.);
#353=VERTEX_POINT('',#354);
#354=CARTESIAN_POINT('',(-3.5814,-3.492126147,3.3528));
#355=LINE('',#356,#357);
#356=CARTESIAN_POINT('',(-3.5814,-3.492126147,3.3528));
#357=VECTOR('',#358,1.0);
#358=DIRECTION('',(0.0,1.0,0.0));
#359=ORIENTED_EDGE('',*,*,#360,.T.);
#360=EDGE_CURVE('',#353,#361,#363,.F.);
#361=VERTEX_POINT('',#362);
#362=CARTESIAN_POINT('',(-3.5814,-4.0132,3.3528));
#363=LINE('',#364,#365);
#364=CARTESIAN_POINT('',(-3.5814,-4.0132,3.3528));
#365=VECTOR('',#366,1.0);
#366=DIRECTION('',(0.0,1.0,0.0));
#367=ORIENTED_EDGE('',*,*,#368,.T.);
#368=EDGE_CURVE('',#361,#369,#371,.F.);
#369=VERTEX_POINT('',#370);
#370=CARTESIAN_POINT('',(-2.650470757,-4.0132,3.3528));
#371=LINE('',#372,#373);
#372=CARTESIAN_POINT('',(-2.650470757,-4.0132,3.3528));
#373=VECTOR('',#374,1.0);
#374=DIRECTION('',(-1.0,0.0,0.0));
#375=ORIENTED_EDGE('',*,*,#376,.T.);
#376=EDGE_CURVE('',#369,#377,#379,.F.);
#377=VERTEX_POINT('',#378);
#378=CARTESIAN_POINT('',(-2.429529243,-4.0132,3.3528));
#379=LINE('',#380,#381);
#380=CARTESIAN_POINT('',(-2.429529243,-4.0132,3.3528));
#381=VECTOR('',#382,1.0);
#382=DIRECTION('',(-1.0,0.0,0.0));
#383=ORIENTED_EDGE('',*,*,#384,.T.);
#384=EDGE_CURVE('',#377,#385,#387,.F.);
#385=VERTEX_POINT('',#386);
#386=CARTESIAN_POINT('',(2.429529243,-4.0132,3.3528));
#387=LINE('',#388,#389);
#388=CARTESIAN_POINT('',(2.429529243,-4.0132,3.3528));
#389=VECTOR('',#390,1.0);
#390=DIRECTION('',(-1.0,0.0,0.0));
#391=ORIENTED_EDGE('',*,*,#392,.T.);
#392=EDGE_CURVE('',#385,#393,#395,.F.);
#393=VERTEX_POINT('',#394);
#394=CARTESIAN_POINT('',(2.650470757,-4.0132,3.3528));
#395=LINE('',#396,#397);
#396=CARTESIAN_POINT('',(2.650470757,-4.0132,3.3528));
#397=VECTOR('',#398,1.0);
#398=DIRECTION('',(-1.0,0.0,0.0));
#399=ORIENTED_EDGE('',*,*,#400,.T.);
#400=EDGE_CURVE('',#393,#303,#401,.F.);
#401=LINE('',#402,#403);
#402=CARTESIAN_POINT('',(3.4544,-4.0132,3.3528));
#403=VECTOR('',#404,1.0);
#404=DIRECTION('',(-1.0,0.0,0.0));
#405=FACE_BOUND('',#406,.T.);
#406=EDGE_LOOP('',(#407,#408));
#407=ORIENTED_EDGE('',*,*,#263,.F.);
#408=ORIENTED_EDGE('',*,*,#409,.T.);
#409=EDGE_CURVE('',#256,#247,#410,.F.);
#410=CIRCLE('',#411,0.381);
#411=AXIS2_PLACEMENT_3D('',#412,#413,#414);
#412=CARTESIAN_POINT('',(-2.54,-2.54,3.3528));
#413=DIRECTION('',(0.0,0.0,1.0));
#414=DIRECTION('',(0.0,-1.0,0.0));
#415=FACE_BOUND('',#416,.T.);
#416=EDGE_LOOP('',(#417,#428));
#417=ORIENTED_EDGE('',*,*,#418,.T.);
#418=EDGE_CURVE('',#419,#421,#423,.F.);
#419=VERTEX_POINT('',#420);
#420=CARTESIAN_POINT('',(-2.54,-0.381,3.3528));
#421=VERTEX_POINT('',#422);
#422=CARTESIAN_POINT('',(-2.54,0.381,3.3528));
#423=CIRCLE('',#424,0.381);
#424=AXIS2_PLACEMENT_3D('',#425,#426,#427);
#425=CARTESIAN_POINT('',(-2.54,0.0,3.3528));
#426=DIRECTION('',(0.0,0.0,1.0));
#427=DIRECTION('',(0.0,1.0,0.0));
#428=ORIENTED_EDGE('',*,*,#429,.T.);
#429=EDGE_CURVE('',#421,#419,#430,.F.);
#430=CIRCLE('',#431,0.381);
#431=AXIS2_PLACEMENT_3D('',#432,#433,#434);
#432=CARTESIAN_POINT('',(-2.54,0.0,3.3528));
#433=DIRECTION('',(0.0,0.0,1.0));
#434=DIRECTION('',(0.0,-1.0,0.0));
#435=FACE_BOUND('',#436,.T.);
#436=EDGE_LOOP('',(#437,#448));
#437=ORIENTED_EDGE('',*,*,#438,.T.);
#438=EDGE_CURVE('',#439,#441,#443,.F.);
#439=VERTEX_POINT('',#440);
#440=CARTESIAN_POINT('',(-2.54,2.159,3.3528));
#441=VERTEX_POINT('',#442);
#442=CARTESIAN_POINT('',(-2.54,2.921,3.3528));
#443=CIRCLE('',#444,0.381);
#444=AXIS2_PLACEMENT_3D('',#445,#446,#447);
#445=CARTESIAN_POINT('',(-2.54,2.54,3.3528));
#446=DIRECTION('',(0.0,0.0,1.0));
#447=DIRECTION('',(0.0,1.0,0.0));
#448=ORIENTED_EDGE('',*,*,#449,.T.);
#449=EDGE_CURVE('',#441,#439,#450,.F.);
#450=CIRCLE('',#451,0.381);
#451=AXIS2_PLACEMENT_3D('',#452,#453,#454);
#452=CARTESIAN_POINT('',(-2.54,2.54,3.3528));
#453=DIRECTION('',(0.0,0.0,1.0));
#454=DIRECTION('',(0.0,-1.0,0.0));
#455=B_SPLINE_SURFACE_WITH_KNOTS('',1,1,((#456,#457),(#458,#459)),.UNSPECIFIED.,.F.,.F.,.U.,(2,2),(2,2),(-3.937007874E-05,0.32003937),(-3.937007874E-05,0.27703937),.PIECEWISE_BEZIER_KNOTS.);
#456=CARTESIAN_POINT('',(-3.5824,-4.0142,3.3528));
#457=CARTESIAN_POINT('',(3.4554,-4.0142,3.3528));
#458=CARTESIAN_POINT('',(-3.5824,4.1158,3.3528));
#459=CARTESIAN_POINT('',(3.4554,4.1158,3.3528));
#460=ADVANCED_FACE('',(#461),#494,.T.);
#461=FACE_BOUND('',#462,.T.);
#462=EDGE_LOOP('',(#463,#471,#472,#480,#488));
#463=ORIENTED_EDGE('',*,*,#464,.T.);
#464=EDGE_CURVE('',#465,#303,#467,.T.);
#465=VERTEX_POINT('',#466);
#466=CARTESIAN_POINT('',(3.4544,-4.0132,2.5908));
#467=LINE('',#468,#469);
#468=CARTESIAN_POINT('',(3.4544,-4.0132,2.5908));
#469=VECTOR('',#470,1.0);
#470=DIRECTION('',(0.0,0.0,1.0));
#471=ORIENTED_EDGE('',*,*,#400,.F.);
#472=ORIENTED_EDGE('',*,*,#473,.T.);
#473=EDGE_CURVE('',#393,#474,#476,.T.);
#474=VERTEX_POINT('',#475);
#475=CARTESIAN_POINT('',(2.650470757,-4.0132,2.5908));
#476=LINE('',#477,#478);
#477=CARTESIAN_POINT('',(2.650470757,-4.0132,3.3528));
#478=VECTOR('',#479,1.0);
#479=DIRECTION('',(0.0,0.0,-1.0));
#480=ORIENTED_EDGE('',*,*,#481,.T.);
#481=EDGE_CURVE('',#474,#482,#484,.F.);
#482=VERTEX_POINT('',#483);
#483=CARTESIAN_POINT('',(3.048,-4.0132,2.5908));
#484=LINE('',#485,#486);
#485=CARTESIAN_POINT('',(3.048,-4.0132,2.5908));
#486=VECTOR('',#487,1.0);
#487=DIRECTION('',(-1.0,0.0,0.0));
#488=ORIENTED_EDGE('',*,*,#489,.T.);
#489=EDGE_CURVE('',#482,#465,#490,.F.);
#490=LINE('',#491,#492);
#491=CARTESIAN_POINT('',(3.4544,-4.0132,2.5908));
#492=VECTOR('',#493,1.0);
#493=DIRECTION('',(-1.0,0.0,0.0));
#494=B_SPLINE_SURFACE_WITH_KNOTS('',1,1,((#495,#496),(#497,#498)),.UNSPECIFIED.,.F.,.F.,.U.,(2,2),(2,2),(-3.937007874E-05,0.031690128),(-3.937007874E-05,0.03003937),.PIECEWISE_BEZIER_KNOTS.);
#495=CARTESIAN_POINT('',(3.4554,-4.0132,3.3538));
#496=CARTESIAN_POINT('',(3.4554,-4.0132,2.5898));
#497=CARTESIAN_POINT('',(2.649470757,-4.0132,3.3538));
#498=CARTESIAN_POINT('',(2.649470757,-4.0132,2.5898));
#499=ADVANCED_FACE('',(#500),#541,.T.);
#500=FACE_BOUND('',#501,.T.);
#501=EDGE_LOOP('',(#502,#512,#518,#519,#527,#535));
#502=ORIENTED_EDGE('',*,*,#503,.T.);
#503=EDGE_CURVE('',#504,#506,#508,.F.);
#504=VERTEX_POINT('',#505);
#505=CARTESIAN_POINT('',(2.032,-4.0132,2.5908));
#506=VERTEX_POINT('',#507);
#507=CARTESIAN_POINT('',(2.429529243,-4.0132,2.5908));
#508=LINE('',#509,#510);
#509=CARTESIAN_POINT('',(2.429529243,-4.0132,2.5908));
#510=VECTOR('',#511,1.0);
#511=DIRECTION('',(-1.0,0.0,0.0));
#512=ORIENTED_EDGE('',*,*,#513,.T.);
#513=EDGE_CURVE('',#506,#385,#514,.F.);
#514=LINE('',#515,#516);
#515=CARTESIAN_POINT('',(2.429529243,-4.0132,3.3528));
#516=VECTOR('',#517,1.0);
#517=DIRECTION('',(0.0,0.0,-1.0));
#518=ORIENTED_EDGE('',*,*,#384,.F.);
#519=ORIENTED_EDGE('',*,*,#520,.T.);
#520=EDGE_CURVE('',#377,#521,#523,.T.);
#521=VERTEX_POINT('',#522);
#522=CARTESIAN_POINT('',(-2.429529243,-4.0132,2.5908));
#523=LINE('',#524,#525);
#524=CARTESIAN_POINT('',(-2.429529243,-4.0132,3.3528));
#525=VECTOR('',#526,1.0);
#526=DIRECTION('',(0.0,0.0,-1.0));
#527=ORIENTED_EDGE('',*,*,#528,.T.);
#528=EDGE_CURVE('',#521,#529,#531,.F.);
#529=VERTEX_POINT('',#530);
#530=CARTESIAN_POINT('',(-1.7272,-4.0132,2.5908));
#531=LINE('',#532,#533);
#532=CARTESIAN_POINT('',(-1.7272,-4.0132,2.5908));
#533=VECTOR('',#534,1.0);
#534=DIRECTION('',(-1.0,0.0,0.0));
#535=ORIENTED_EDGE('',*,*,#536,.T.);
#536=EDGE_CURVE('',#529,#504,#537,.F.);
#537=LINE('',#538,#539);
#538=CARTESIAN_POINT('',(2.032,-4.0132,2.5908));
#539=VECTOR('',#540,1.0);
#540=DIRECTION('',(-1.0,0.0,0.0));
#541=B_SPLINE_SURFACE_WITH_KNOTS('',1,1,((#542,#543),(#544,#545)),.UNSPECIFIED.,.F.,.F.,.U.,(2,2),(2,2),(0.040309872,0.231690128),(-3.937007874E-05,0.03003937),.PIECEWISE_BEZIER_KNOTS.);
#542=CARTESIAN_POINT('',(2.430529243,-4.0132,3.3538));
#543=CARTESIAN_POINT('',(2.430529243,-4.0132,2.5898));
#544=CARTESIAN_POINT('',(-2.430529243,-4.0132,3.3538));
#545=CARTESIAN_POINT('',(-2.430529243,-4.0132,2.5898));
#546=ADVANCED_FACE('',(#547),#580,.T.);
#547=FACE_BOUND('',#548,.T.);
#548=EDGE_LOOP('',(#549,#559,#565,#566,#574));
#549=ORIENTED_EDGE('',*,*,#550,.T.);
#550=EDGE_CURVE('',#551,#553,#555,.F.);
#551=VERTEX_POINT('',#552);
#552=CARTESIAN_POINT('',(-3.0734,-4.0132,2.5908));
#553=VERTEX_POINT('',#554);
#554=CARTESIAN_POINT('',(-2.650470757,-4.0132,2.5908));
#555=LINE('',#556,#557);
#556=CARTESIAN_POINT('',(-2.650470757,-4.0132,2.5908));
#557=VECTOR('',#558,1.0);
#558=DIRECTION('',(-1.0,0.0,0.0));
#559=ORIENTED_EDGE('',*,*,#560,.T.);
#560=EDGE_CURVE('',#553,#369,#561,.F.);
#561=LINE('',#562,#563);
#562=CARTESIAN_POINT('',(-2.650470757,-4.0132,3.3528));
#563=VECTOR('',#564,1.0);
#564=DIRECTION('',(0.0,0.0,-1.0));
#565=ORIENTED_EDGE('',*,*,#368,.F.);
#566=ORIENTED_EDGE('',*,*,#567,.T.);
#567=EDGE_CURVE('',#361,#568,#570,.T.);
#568=VERTEX_POINT('',#569);
#569=CARTESIAN_POINT('',(-3.5814,-4.0132,2.5908));
#570=LINE('',#571,#572);
#571=CARTESIAN_POINT('',(-3.5814,-4.0132,3.3528));
#572=VECTOR('',#573,1.0);
#573=DIRECTION('',(0.0,0.0,-1.0));
#574=ORIENTED_EDGE('',*,*,#575,.T.);
#575=EDGE_CURVE('',#568,#551,#576,.F.);
#576=LINE('',#577,#578);
#577=CARTESIAN_POINT('',(-3.0734,-4.0132,2.5908));
#578=VECTOR('',#579,1.0);
#579=DIRECTION('',(-1.0,0.0,0.0));
#580=B_SPLINE_SURFACE_WITH_KNOTS('',1,1,((#581,#582),(#583,#584)),.UNSPECIFIED.,.F.,.F.,.U.,(2,2),(2,2),(0.240309872,0.27703937),(-3.937007874E-05,0.03003937),.PIECEWISE_BEZIER_KNOTS.);
#581=CARTESIAN_POINT('',(-2.649470757,-4.0132,3.3538));
#582=CARTESIAN_POINT('',(-2.649470757,-4.0132,2.5898));
#583=CARTESIAN_POINT('',(-3.5824,-4.0132,3.3538));
#584=CARTESIAN_POINT('',(-3.5824,-4.0132,2.5898));
#585=ADVANCED_FACE('',(#586),#627,.T.);
#586=FACE_BOUND('',#587,.T.);
#587=EDGE_LOOP('',(#588,#598,#606,#614,#620,#621));
#588=ORIENTED_EDGE('',*,*,#589,.T.);
#589=EDGE_CURVE('',#590,#592,#594,.F.);
#590=VERTEX_POINT('',#591);
#591=CARTESIAN_POINT('',(-3.5814,-3.8735,2.5908));
#592=VERTEX_POINT('',#593);
#593=CARTESIAN_POINT('',(-3.7084,-3.8735,2.5908));
#594=LINE('',#595,#596);
#595=CARTESIAN_POINT('',(-3.7084,-3.8735,2.5908));
#596=VECTOR('',#597,1.0);
#597=DIRECTION('',(1.0,0.0,0.0));
#598=ORIENTED_EDGE('',*,*,#599,.T.);
#599=EDGE_CURVE('',#592,#600,#602,.T.);
#600=VERTEX_POINT('',#601);
#601=CARTESIAN_POINT('',(-3.7084,-4.1275,2.5908));
#602=LINE('',#603,#604);
#603=CARTESIAN_POINT('',(-3.7084,-3.8735,2.5908));
#604=VECTOR('',#605,1.0);
#605=DIRECTION('',(0.0,-1.0,0.0));
#606=ORIENTED_EDGE('',*,*,#607,.T.);
#607=EDGE_CURVE('',#600,#608,#610,.T.);
#608=VERTEX_POINT('',#609);
#609=CARTESIAN_POINT('',(-3.0734,-4.1275,2.5908));
#610=LINE('',#611,#612);
#611=CARTESIAN_POINT('',(-3.7084,-4.1275,2.5908));
#612=VECTOR('',#613,1.0);
#613=DIRECTION('',(1.0,0.0,0.0));
#614=ORIENTED_EDGE('',*,*,#615,.T.);
#615=EDGE_CURVE('',#608,#551,#616,.T.);
#616=LINE('',#617,#618);
#617=CARTESIAN_POINT('',(-3.0734,-4.1275,2.5908));
#618=VECTOR('',#619,1.0);
#619=DIRECTION('',(0.0,1.0,0.0));
#620=ORIENTED_EDGE('',*,*,#575,.F.);
#621=ORIENTED_EDGE('',*,*,#622,.T.);
#622=EDGE_CURVE('',#568,#590,#623,.T.);
#623=LINE('',#624,#625);
#624=CARTESIAN_POINT('',(-3.5814,-4.0132,2.5908));
#625=VECTOR('',#626,1.0);
#626=DIRECTION('',(0.0,1.0,0.0));
#627=B_SPLINE_SURFACE_WITH_KNOTS('',1,1,((#628,#629),(#630,#631)),.UNSPECIFIED.,.F.,.F.,.U.,(2,2),(2,2),(0.12096063,0.14603937),(0.15246063,0.16253937),.PIECEWISE_BEZIER_KNOTS.);
#628=CARTESIAN_POINT('',(-3.0724,-3.8725,2.5908));
#629=CARTESIAN_POINT('',(-3.0724,-4.1285,2.5908));
#630=CARTESIAN_POINT('',(-3.7094,-3.8725,2.5908));
#631=CARTESIAN_POINT('',(-3.7094,-4.1285,2.5908));
#632=ADVANCED_FACE('',(#633),#669,.T.);
#633=FACE_BOUND('',#634,.T.);
#634=EDGE_LOOP('',(#635,#646,#654,#663));
#635=ORIENTED_EDGE('',*,*,#636,.T.);
#636=EDGE_CURVE('',#637,#639,#641,.T.);
#637=VERTEX_POINT('',#638);
#638=CARTESIAN_POINT('',(-3.5814,2.910105122,2.5908));
#639=VERTEX_POINT('',#640);
#640=CARTESIAN_POINT('',(-3.7084,2.7305,2.5908));
#641=CIRCLE('',#642,0.1905);
#642=AXIS2_PLACEMENT_3D('',#643,#644,#645);
#643=CARTESIAN_POINT('',(-3.5179,2.7305,2.5908));
#644=DIRECTION('',(0.0,0.0,1.0));
#645=DIRECTION('',(-0.333333333,0.942809042,0.0));
#646=ORIENTED_EDGE('',*,*,#647,.T.);
#647=EDGE_CURVE('',#639,#648,#650,.T.);
#648=VERTEX_POINT('',#649);
#649=CARTESIAN_POINT('',(-3.7084,-2.7305,2.5908));
#650=LINE('',#651,#652);
#651=CARTESIAN_POINT('',(-3.7084,2.7305,2.5908));
#652=VECTOR('',#653,1.0);
#653=DIRECTION('',(0.0,-1.0,0.0));
#654=ORIENTED_EDGE('',*,*,#655,.T.);
#655=EDGE_CURVE('',#648,#656,#658,.T.);
#656=VERTEX_POINT('',#657);
#657=CARTESIAN_POINT('',(-3.5814,-2.910105122,2.5908));
#658=CIRCLE('',#659,0.1905);
#659=AXIS2_PLACEMENT_3D('',#660,#661,#662);
#660=CARTESIAN_POINT('',(-3.5179,-2.7305,2.5908));
#661=DIRECTION('',(0.0,0.0,1.0));
#662=DIRECTION('',(-1.0,0.0,0.0));
#663=ORIENTED_EDGE('',*,*,#664,.T.);
#664=EDGE_CURVE('',#656,#637,#665,.T.);
#665=LINE('',#666,#667);
#666=CARTESIAN_POINT('',(-3.5814,-2.910105122,2.5908));
#667=VECTOR('',#668,1.0);
#668=DIRECTION('',(0.0,1.0,0.0));
#669=B_SPLINE_SURFACE_WITH_KNOTS('',1,1,((#670,#671),(#672,#673)),.UNSPECIFIED.,.F.,.F.,.U.,(2,2),(2,2),(0.14096063,0.14603937),(-0.114610438,0.114610438),.PIECEWISE_BEZIER_KNOTS.);
#670=CARTESIAN_POINT('',(-3.5804,2.911105122,2.5908));
#671=CARTESIAN_POINT('',(-3.5804,-2.911105122,2.5908));
#672=CARTESIAN_POINT('',(-3.7094,2.911105122,2.5908));
#673=CARTESIAN_POINT('',(-3.7094,-2.911105122,2.5908));
#674=ADVANCED_FACE('',(#675),#741,.T.);
#675=FACE_BOUND('',#676,.T.);
#676=EDGE_LOOP('',(#677,#687,#695,#703,#711,#719,#727,#735));
#677=ORIENTED_EDGE('',*,*,#678,.T.);
#678=EDGE_CURVE('',#679,#681,#683,.T.);
#679=VERTEX_POINT('',#680);
#680=CARTESIAN_POINT('',(-3.5814,4.1148,2.5908));
#681=VERTEX_POINT('',#682);
#682=CARTESIAN_POINT('',(0.9144,4.1148,2.5908));
#683=LINE('',#684,#685);
#684=CARTESIAN_POINT('',(-3.5814,4.1148,2.5908));
#685=VECTOR('',#686,1.0);
#686=DIRECTION('',(1.0,0.0,0.0));
#687=ORIENTED_EDGE('',*,*,#688,.T.);
#688=EDGE_CURVE('',#681,#689,#691,.T.);
#689=VERTEX_POINT('',#690);
#690=CARTESIAN_POINT('',(3.4544,1.5748,2.5908));
#691=LINE('',#692,#693);
#692=CARTESIAN_POINT('',(0.9144,4.1148,2.5908));
#693=VECTOR('',#694,1.0);
#694=DIRECTION('',(0.707106781,-0.707106781,0.0));
#695=ORIENTED_EDGE('',*,*,#696,.T.);
#696=EDGE_CURVE('',#689,#697,#699,.T.);
#697=VERTEX_POINT('',#698);
#698=CARTESIAN_POINT('',(3.4544,1.7145,2.5908));
#699=LINE('',#700,#701);
#700=CARTESIAN_POINT('',(3.4544,1.5748,2.5908));
#701=VECTOR('',#702,1.0);
#702=DIRECTION('',(0.0,1.0,0.0));
#703=ORIENTED_EDGE('',*,*,#704,.T.);
#704=EDGE_CURVE('',#697,#705,#707,.T.);
#705=VERTEX_POINT('',#706);
#706=CARTESIAN_POINT('',(1.0414,4.1275,2.5908));
#707=LINE('',#708,#709);
#708=CARTESIAN_POINT('',(3.4544,1.7145,2.5908));
#709=VECTOR('',#710,1.0);
#710=DIRECTION('',(-0.707106781,0.707106781,0.0));
#711=ORIENTED_EDGE('',*,*,#712,.T.);
#712=EDGE_CURVE('',#705,#713,#715,.T.);
#713=VERTEX_POINT('',#714);
#714=CARTESIAN_POINT('',(-3.7084,4.1275,2.5908));
#715=LINE('',#716,#717);
#716=CARTESIAN_POINT('',(1.0414,4.1275,2.5908));
#717=VECTOR('',#718,1.0);
#718=DIRECTION('',(-1.0,0.0,0.0));
#719=ORIENTED_EDGE('',*,*,#720,.T.);
#720=EDGE_CURVE('',#713,#721,#723,.T.);
#721=VERTEX_POINT('',#722);
#722=CARTESIAN_POINT('',(-3.7084,3.8735,2.5908));
#723=LINE('',#724,#725);
#724=CARTESIAN_POINT('',(-3.7084,4.1275,2.5908));
#725=VECTOR('',#726,1.0);
#726=DIRECTION('',(0.0,-1.0,0.0));
#727=ORIENTED_EDGE('',*,*,#728,.T.);
#728=EDGE_CURVE('',#721,#729,#731,.T.);
#729=VERTEX_POINT('',#730);
#730=CARTESIAN_POINT('',(-3.5814,3.8735,2.5908));
#731=LINE('',#732,#733);
#732=CARTESIAN_POINT('',(-3.7084,3.8735,2.5908));
#733=VECTOR('',#734,1.0);
#734=DIRECTION('',(1.0,0.0,0.0));
#735=ORIENTED_EDGE('',*,*,#736,.T.);
#736=EDGE_CURVE('',#729,#679,#737,.T.);
#737=LINE('',#738,#739);
#738=CARTESIAN_POINT('',(-3.5814,3.8735,2.5908));
#739=VECTOR('',#740,1.0);
#740=DIRECTION('',(0.0,1.0,0.0));
#741=B_SPLINE_SURFACE_WITH_KNOTS('',1,1,((#742,#743),(#744,#745)),.UNSPECIFIED.,.F.,.F.,.U.,(2,2),(2,2),(-0.13603937,0.14603937),(-0.16253937,-0.06196063),.PIECEWISE_BEZIER_KNOTS.);
#742=CARTESIAN_POINT('',(3.4554,4.1285,2.5908));
#743=CARTESIAN_POINT('',(3.4554,1.5738,2.5908));
#744=CARTESIAN_POINT('',(-3.7094,4.1285,2.5908));
#745=CARTESIAN_POINT('',(-3.7094,1.5738,2.5908));
#746=ADVANCED_FACE('',(#747),#772,.T.);
#747=FACE_BOUND('',#748,.T.);
#748=EDGE_LOOP('',(#749,#757,#765,#771));
#749=ORIENTED_EDGE('',*,*,#750,.T.);
#750=EDGE_CURVE('',#482,#751,#753,.F.);
#751=VERTEX_POINT('',#752);
#752=CARTESIAN_POINT('',(3.048,-4.1275,2.5908));
#753=LINE('',#754,#755);
#754=CARTESIAN_POINT('',(3.048,-4.1275,2.5908));
#755=VECTOR('',#756,1.0);
#756=DIRECTION('',(0.0,1.0,0.0));
#757=ORIENTED_EDGE('',*,*,#758,.T.);
#758=EDGE_CURVE('',#751,#759,#761,.T.);
#759=VERTEX_POINT('',#760);
#760=CARTESIAN_POINT('',(3.4544,-4.1275,2.5908));
#761=LINE('',#762,#763);
#762=CARTESIAN_POINT('',(3.048,-4.1275,2.5908));
#763=VECTOR('',#764,1.0);
#764=DIRECTION('',(1.0,0.0,0.0));
#765=ORIENTED_EDGE('',*,*,#766,.T.);
#766=EDGE_CURVE('',#759,#465,#767,.T.);
#767=LINE('',#768,#769);
#768=CARTESIAN_POINT('',(3.4544,-4.1275,2.5908));
#769=VECTOR('',#770,1.0);
#770=DIRECTION('',(0.0,1.0,0.0));
#771=ORIENTED_EDGE('',*,*,#489,.F.);
#772=B_SPLINE_SURFACE_WITH_KNOTS('',1,1,((#773,#774),(#775,#776)),.UNSPECIFIED.,.F.,.F.,.U.,(2,2),(2,2),(-0.13603937,-0.11996063),(0.15796063,0.16253937),.PIECEWISE_BEZIER_KNOTS.);
#773=CARTESIAN_POINT('',(3.4554,-4.0122,2.5908));
#774=CARTESIAN_POINT('',(3.4554,-4.1285,2.5908));
#775=CARTESIAN_POINT('',(3.047,-4.0122,2.5908));
#776=CARTESIAN_POINT('',(3.047,-4.1285,2.5908));
#777=ADVANCED_FACE('',(#778),#803,.T.);
#778=FACE_BOUND('',#779,.T.);
#779=EDGE_LOOP('',(#780,#788,#796,#802));
#780=ORIENTED_EDGE('',*,*,#781,.T.);
#781=EDGE_CURVE('',#529,#782,#784,.F.);
#782=VERTEX_POINT('',#783);
#783=CARTESIAN_POINT('',(-1.7272,-4.1275,2.5908));
#784=LINE('',#785,#786);
#785=CARTESIAN_POINT('',(-1.7272,-4.1275,2.5908));
#786=VECTOR('',#787,1.0);
#787=DIRECTION('',(0.0,1.0,0.0));
#788=ORIENTED_EDGE('',*,*,#789,.T.);
#789=EDGE_CURVE('',#782,#790,#792,.T.);
#790=VERTEX_POINT('',#791);
#791=CARTESIAN_POINT('',(2.032,-4.1275,2.5908));
#792=LINE('',#793,#794);
#793=CARTESIAN_POINT('',(-1.7272,-4.1275,2.5908));
#794=VECTOR('',#795,1.0);
#795=DIRECTION('',(1.0,0.0,0.0));
#796=ORIENTED_EDGE('',*,*,#797,.T.);
#797=EDGE_CURVE('',#790,#504,#798,.T.);
#798=LINE('',#799,#800);
#799=CARTESIAN_POINT('',(2.032,-4.1275,2.5908));
#800=VECTOR('',#801,1.0);
#801=DIRECTION('',(0.0,1.0,0.0));
#802=ORIENTED_EDGE('',*,*,#536,.F.);
#803=B_SPLINE_SURFACE_WITH_KNOTS('',1,1,((#804,#805),(#806,#807)),.UNSPECIFIED.,.F.,.F.,.U.,(2,2),(2,2),(-0.08003937,0.06803937),(0.15796063,0.16253937),.PIECEWISE_BEZIER_KNOTS.);
#804=CARTESIAN_POINT('',(2.033,-4.0122,2.5908));
#805=CARTESIAN_POINT('',(2.033,-4.1285,2.5908));
#806=CARTESIAN_POINT('',(-1.7282,-4.0122,2.5908));
#807=CARTESIAN_POINT('',(-1.7282,-4.1285,2.5908));
#808=ADVANCED_FACE('',(#809),#828,.T.);
#809=FACE_BOUND('',#810,.T.);
#810=EDGE_LOOP('',(#811,#812,#813,#821,#827));
#811=ORIENTED_EDGE('',*,*,#567,.F.);
#812=ORIENTED_EDGE('',*,*,#360,.F.);
#813=ORIENTED_EDGE('',*,*,#814,.T.);
#814=EDGE_CURVE('',#353,#815,#817,.T.);
#815=VERTEX_POINT('',#816);
#816=CARTESIAN_POINT('',(-3.5814,-3.492126147,2.5908));
#817=LINE('',#818,#819);
#818=CARTESIAN_POINT('',(-3.5814,-3.492126147,3.3528));
#819=VECTOR('',#820,1.0);
#820=DIRECTION('',(0.0,0.0,-1.0));
#821=ORIENTED_EDGE('',*,*,#822,.T.);
#822=EDGE_CURVE('',#815,#590,#823,.F.);
#823=LINE('',#824,#825);
#824=CARTESIAN_POINT('',(-3.5814,-3.8735,2.5908));
#825=VECTOR('',#826,1.0);
#826=DIRECTION('',(0.0,1.0,0.0));
#827=ORIENTED_EDGE('',*,*,#622,.F.);
#828=B_SPLINE_SURFACE_WITH_KNOTS('',1,1,((#829,#830),(#831,#832)),.UNSPECIFIED.,.F.,.F.,.U.,(2,2),(2,2),(-3.937007874E-05,0.020554089),(-3.937007874E-05,0.03003937),.PIECEWISE_BEZIER_KNOTS.);
#829=CARTESIAN_POINT('',(-3.5814,-4.0142,3.3538));
#830=CARTESIAN_POINT('',(-3.5814,-4.0142,2.5898));
#831=CARTESIAN_POINT('',(-3.5814,-3.491126147,3.3538));
#832=CARTESIAN_POINT('',(-3.5814,-3.491126147,2.5898));
#833=ADVANCED_FACE('',(#834),#866,.T.);
#834=FACE_BOUND('',#835,.T.);
#835=EDGE_LOOP('',(#836,#844,#850,#851,#859,#865));
#836=ORIENTED_EDGE('',*,*,#837,.T.);
#837=EDGE_CURVE('',#656,#838,#840,.F.);
#838=VERTEX_POINT('',#839);
#839=CARTESIAN_POINT('',(-3.5814,-3.365873853,2.5908));
#840=LINE('',#841,#842);
#841=CARTESIAN_POINT('',(-3.5814,-3.365873853,2.5908));
#842=VECTOR('',#843,1.0);
#843=DIRECTION('',(0.0,1.0,0.0));
#844=ORIENTED_EDGE('',*,*,#845,.T.);
#845=EDGE_CURVE('',#838,#345,#846,.F.);
#846=LINE('',#847,#848);
#847=CARTESIAN_POINT('',(-3.5814,-3.365873853,3.3528));
#848=VECTOR('',#849,1.0);
#849=DIRECTION('',(0.0,0.0,-1.0));
#850=ORIENTED_EDGE('',*,*,#344,.F.);
#851=ORIENTED_EDGE('',*,*,#852,.T.);
#852=EDGE_CURVE('',#337,#853,#855,.T.);
#853=VERTEX_POINT('',#854);
#854=CARTESIAN_POINT('',(-3.5814,3.365873853,2.5908));
#855=LINE('',#856,#857);
#856=CARTESIAN_POINT('',(-3.5814,3.365873853,3.3528));
#857=VECTOR('',#858,1.0);
#858=DIRECTION('',(0.0,0.0,-1.0));
#859=ORIENTED_EDGE('',*,*,#860,.T.);
#860=EDGE_CURVE('',#853,#637,#861,.F.);
#861=LINE('',#862,#863);
#862=CARTESIAN_POINT('',(-3.5814,2.910105122,2.5908));
#863=VECTOR('',#864,1.0);
#864=DIRECTION('',(0.0,1.0,0.0));
#865=ORIENTED_EDGE('',*,*,#664,.F.);
#866=B_SPLINE_SURFACE_WITH_KNOTS('',1,1,((#867,#868),(#869,#870)),.UNSPECIFIED.,.F.,.F.,.U.,(2,2),(2,2),(0.025445911,0.290554089),(-3.937007874E-05,0.03003937),.PIECEWISE_BEZIER_KNOTS.);
#867=CARTESIAN_POINT('',(-3.5814,-3.366873853,3.3538));
#868=CARTESIAN_POINT('',(-3.5814,-3.366873853,2.5898));
#869=CARTESIAN_POINT('',(-3.5814,3.366873853,3.3538));
#870=CARTESIAN_POINT('',(-3.5814,3.366873853,2.5898));
#871=ADVANCED_FACE('',(#872),#896,.T.);
#872=FACE_BOUND('',#873,.T.);
#873=EDGE_LOOP('',(#874,#882,#888,#889,#895));
#874=ORIENTED_EDGE('',*,*,#875,.T.);
#875=EDGE_CURVE('',#729,#876,#878,.F.);
#876=VERTEX_POINT('',#877);
#877=CARTESIAN_POINT('',(-3.5814,3.492126147,2.5908));
#878=LINE('',#879,#880);
#879=CARTESIAN_POINT('',(-3.5814,3.492126147,2.5908));
#880=VECTOR('',#881,1.0);
#881=DIRECTION('',(0.0,1.0,0.0));
#882=ORIENTED_EDGE('',*,*,#883,.T.);
#883=EDGE_CURVE('',#876,#329,#884,.F.);
#884=LINE('',#885,#886);
#885=CARTESIAN_POINT('',(-3.5814,3.492126147,3.3528));
#886=VECTOR('',#887,1.0);
#887=DIRECTION('',(0.0,0.0,-1.0));
#888=ORIENTED_EDGE('',*,*,#328,.F.);
#889=ORIENTED_EDGE('',*,*,#890,.T.);
#890=EDGE_CURVE('',#321,#679,#891,.T.);
#891=LINE('',#892,#893);
#892=CARTESIAN_POINT('',(-3.5814,4.1148,3.3528));
#893=VECTOR('',#894,1.0);
#894=DIRECTION('',(0.0,0.0,-1.0));
#895=ORIENTED_EDGE('',*,*,#736,.F.);
#896=B_SPLINE_SURFACE_WITH_KNOTS('',1,1,((#897,#898),(#899,#900)),.UNSPECIFIED.,.F.,.F.,.U.,(2,2),(2,2),(0.295445911,0.32003937),(-3.937007874E-05,0.03003937),.PIECEWISE_BEZIER_KNOTS.);
#897=CARTESIAN_POINT('',(-3.5814,3.491126147,3.3538));
#898=CARTESIAN_POINT('',(-3.5814,3.491126147,2.5898));
#899=CARTESIAN_POINT('',(-3.5814,4.1158,3.3538));
#900=CARTESIAN_POINT('',(-3.5814,4.1158,2.5898));
#901=ADVANCED_FACE('',(#902,#1111,#1131,#1151),#1171,.T.);
#902=FACE_BOUND('',#903,.T.);
#903=EDGE_LOOP('',(#904,#914,#922,#929,#930,#938,#944,#945,#953,#961,#970,#979,#985,#986,#994,#1000,#1001,#1009,#1018,#1024,#1025,#1033,#1039,#1040,#1048,#1054,#1055,#1063,#1069,#1070,#1079,#1087,#1095,#1104));
#904=ORIENTED_EDGE('',*,*,#905,.T.);
#905=EDGE_CURVE('',#906,#908,#910,.F.);
#906=VERTEX_POINT('',#907);
#907=CARTESIAN_POINT('',(-2.859615883,1.651,2.5908));
#908=VERTEX_POINT('',#909);
#909=CARTESIAN_POINT('',(-3.3274,1.651,2.5908));
#910=LINE('',#911,#912);
#911=CARTESIAN_POINT('',(-3.3274,1.651,2.5908));
#912=VECTOR('',#913,1.0);
#913=DIRECTION('',(1.0,0.0,0.0));
#914=ORIENTED_EDGE('',*,*,#915,.T.);
#915=EDGE_CURVE('',#908,#916,#918,.F.);
#916=VERTEX_POINT('',#917);
#917=CARTESIAN_POINT('',(-3.3274,2.7305,2.5908));
#918=LINE('',#919,#920);
#919=CARTESIAN_POINT('',(-3.3274,2.7305,2.5908));
#920=VECTOR('',#921,1.0);
#921=DIRECTION('',(0.0,-1.0,0.0));
#922=ORIENTED_EDGE('',*,*,#923,.T.);
#923=EDGE_CURVE('',#916,#637,#924,.T.);
#924=CIRCLE('',#925,0.1905);
#925=AXIS2_PLACEMENT_3D('',#926,#927,#928);
#926=CARTESIAN_POINT('',(-3.5179,2.7305,2.5908));
#927=DIRECTION('',(0.0,0.0,1.0));
#928=DIRECTION('',(1.0,0.0,0.0));
#929=ORIENTED_EDGE('',*,*,#860,.F.);
#930=ORIENTED_EDGE('',*,*,#931,.T.);
#931=EDGE_CURVE('',#853,#932,#934,.F.);
#932=VERTEX_POINT('',#933);
#933=CARTESIAN_POINT('',(-3.429,3.429,2.5908));
#934=LINE('',#935,#936);
#935=CARTESIAN_POINT('',(-3.429,3.429,2.5908));
#936=VECTOR('',#937,1.0);
#937=DIRECTION('',(-0.923879533,-0.382683432,0.0));
#938=ORIENTED_EDGE('',*,*,#939,.T.);
#939=EDGE_CURVE('',#932,#876,#940,.T.);
#940=LINE('',#941,#942);
#941=CARTESIAN_POINT('',(-3.429,3.429,2.5908));
#942=VECTOR('',#943,1.0);
#943=DIRECTION('',(-0.923879533,0.382683432,0.0));
#944=ORIENTED_EDGE('',*,*,#875,.F.);
#945=ORIENTED_EDGE('',*,*,#946,.T.);
#946=EDGE_CURVE('',#729,#947,#949,.F.);
#947=VERTEX_POINT('',#948);
#948=CARTESIAN_POINT('',(-1.7272,3.8735,2.5908));
#949=LINE('',#950,#951);
#950=CARTESIAN_POINT('',(-1.7272,3.8735,2.5908));
#951=VECTOR('',#952,1.0);
#952=DIRECTION('',(-1.0,0.0,0.0));
#953=ORIENTED_EDGE('',*,*,#954,.T.);
#954=EDGE_CURVE('',#947,#955,#957,.F.);
#955=VERTEX_POINT('',#956);
#956=CARTESIAN_POINT('',(-1.7272,2.814246642,2.5908));
#957=LINE('',#958,#959);
#958=CARTESIAN_POINT('',(-1.7272,2.814246642,2.5908));
#959=VECTOR('',#960,1.0);
#960=DIRECTION('',(0.0,1.0,0.0));
#961=ORIENTED_EDGE('',*,*,#962,.T.);
#962=EDGE_CURVE('',#955,#963,#965,.T.);
#963=VERTEX_POINT('',#964);
#964=CARTESIAN_POINT('',(3.302,0.0,2.5908));
#965=CIRCLE('',#966,3.302);
#966=AXIS2_PLACEMENT_3D('',#967,#968,#969);
#967=CARTESIAN_POINT('',(0.0,0.0,2.5908));
#968=DIRECTION('',(0.0,0.0,-1.0));
#969=DIRECTION('',(-0.523076923,0.852285476,0.0));
#970=ORIENTED_EDGE('',*,*,#971,.T.);
#971=EDGE_CURVE('',#963,#972,#974,.T.);
#972=VERTEX_POINT('',#973);
#973=CARTESIAN_POINT('',(3.048,-1.269999999,2.5908));
#974=CIRCLE('',#975,3.302);
#975=AXIS2_PLACEMENT_3D('',#976,#977,#978);
#976=CARTESIAN_POINT('',(0.0,0.0,2.5908));
#977=DIRECTION('',(0.0,0.0,-1.0));
#978=DIRECTION('',(1.0,0.0,0.0));
#979=ORIENTED_EDGE('',*,*,#980,.T.);
#980=EDGE_CURVE('',#972,#482,#981,.T.);
#981=LINE('',#982,#983);
#982=CARTESIAN_POINT('',(3.048,-1.27,2.5908));
#983=VECTOR('',#984,1.0);
#984=DIRECTION('',(0.0,-1.0,0.0));
#985=ORIENTED_EDGE('',*,*,#481,.F.);
#986=ORIENTED_EDGE('',*,*,#987,.T.);
#987=EDGE_CURVE('',#474,#988,#990,.F.);
#988=VERTEX_POINT('',#989);
#989=CARTESIAN_POINT('',(2.54,-3.7465,2.5908));
#990=LINE('',#991,#992);
#991=CARTESIAN_POINT('',(2.54,-3.7465,2.5908));
#992=VECTOR('',#993,1.0);
#993=DIRECTION('',(0.382683432,-0.923879533,0.0));
#994=ORIENTED_EDGE('',*,*,#995,.T.);
#995=EDGE_CURVE('',#988,#506,#996,.T.);
#996=LINE('',#997,#998);
#997=CARTESIAN_POINT('',(2.54,-3.7465,2.5908));
#998=VECTOR('',#999,1.0);
#999=DIRECTION('',(-0.382683432,-0.923879533,0.0));
#1000=ORIENTED_EDGE('',*,*,#503,.F.);
#1001=ORIENTED_EDGE('',*,*,#1002,.T.);
#1002=EDGE_CURVE('',#504,#1003,#1005,.F.);
#1003=VERTEX_POINT('',#1004);
#1004=CARTESIAN_POINT('',(2.032,-2.602725495,2.5908));
#1005=LINE('',#1006,#1007);
#1006=CARTESIAN_POINT('',(2.032,-2.602725495,2.5908));
#1007=VECTOR('',#1008,1.0);
#1008=DIRECTION('',(0.0,-1.0,0.0));
#1009=ORIENTED_EDGE('',*,*,#1010,.T.);
#1010=EDGE_CURVE('',#1003,#1011,#1013,.T.);
#1011=VERTEX_POINT('',#1012);
#1012=CARTESIAN_POINT('',(-1.7272,-2.814246642,2.5908));
#1013=CIRCLE('',#1014,3.302);
#1014=AXIS2_PLACEMENT_3D('',#1015,#1016,#1017);
#1015=CARTESIAN_POINT('',(0.0,0.0,2.5908));
#1016=DIRECTION('',(0.0,0.0,-1.0));
#1017=DIRECTION('',(0.615384615,-0.788226982,0.0));
#1018=ORIENTED_EDGE('',*,*,#1019,.T.);
#1019=EDGE_CURVE('',#1011,#529,#1020,.T.);
#1020=LINE('',#1021,#1022);
#1021=CARTESIAN_POINT('',(-1.7272,-2.814246642,2.5908));
#1022=VECTOR('',#1023,1.0);
#1023=DIRECTION('',(0.0,-1.0,0.0));
#1024=ORIENTED_EDGE('',*,*,#528,.F.);
#1025=ORIENTED_EDGE('',*,*,#1026,.T.);
#1026=EDGE_CURVE('',#521,#1027,#1029,.F.);
#1027=VERTEX_POINT('',#1028);
#1028=CARTESIAN_POINT('',(-2.54,-3.7465,2.5908));
#1029=LINE('',#1030,#1031);
#1030=CARTESIAN_POINT('',(-2.54,-3.7465,2.5908));
#1031=VECTOR('',#1032,1.0);
#1032=DIRECTION('',(0.382683432,-0.923879533,0.0));
#1033=ORIENTED_EDGE('',*,*,#1034,.T.);
#1034=EDGE_CURVE('',#1027,#553,#1035,.T.);
#1035=LINE('',#1036,#1037);
#1036=CARTESIAN_POINT('',(-2.54,-3.7465,2.5908));
#1037=VECTOR('',#1038,1.0);
#1038=DIRECTION('',(-0.382683432,-0.923879533,0.0));
#1039=ORIENTED_EDGE('',*,*,#550,.F.);
#1040=ORIENTED_EDGE('',*,*,#1041,.T.);
#1041=EDGE_CURVE('',#551,#1042,#1044,.F.);
#1042=VERTEX_POINT('',#1043);
#1043=CARTESIAN_POINT('',(-3.0734,-3.8735,2.5908));
#1044=LINE('',#1045,#1046);
#1045=CARTESIAN_POINT('',(-3.0734,-3.8735,2.5908));
#1046=VECTOR('',#1047,1.0);
#1047=DIRECTION('',(0.0,-1.0,0.0));
#1048=ORIENTED_EDGE('',*,*,#1049,.T.);
#1049=EDGE_CURVE('',#1042,#590,#1050,.T.);
#1050=LINE('',#1051,#1052);
#1051=CARTESIAN_POINT('',(-3.0734,-3.8735,2.5908));
#1052=VECTOR('',#1053,1.0);
#1053=DIRECTION('',(-1.0,0.0,0.0));
#1054=ORIENTED_EDGE('',*,*,#822,.F.);
#1055=ORIENTED_EDGE('',*,*,#1056,.T.);
#1056=EDGE_CURVE('',#815,#1057,#1059,.F.);
#1057=VERTEX_POINT('',#1058);
#1058=CARTESIAN_POINT('',(-3.429,-3.429,2.5908));
#1059=LINE('',#1060,#1061);
#1060=CARTESIAN_POINT('',(-3.429,-3.429,2.5908));
#1061=VECTOR('',#1062,1.0);
#1062=DIRECTION('',(-0.923879533,-0.382683432,0.0));
#1063=ORIENTED_EDGE('',*,*,#1064,.T.);
#1064=EDGE_CURVE('',#1057,#838,#1065,.T.);
#1065=LINE('',#1066,#1067);
#1066=CARTESIAN_POINT('',(-3.429,-3.429,2.5908));
#1067=VECTOR('',#1068,1.0);
#1068=DIRECTION('',(-0.923879533,0.382683432,0.0));
#1069=ORIENTED_EDGE('',*,*,#837,.F.);
#1070=ORIENTED_EDGE('',*,*,#1071,.T.);
#1071=EDGE_CURVE('',#656,#1072,#1074,.T.);
#1072=VERTEX_POINT('',#1073);
#1073=CARTESIAN_POINT('',(-3.3274,-2.7305,2.5908));
#1074=CIRCLE('',#1075,0.1905);
#1075=AXIS2_PLACEMENT_3D('',#1076,#1077,#1078);
#1076=CARTESIAN_POINT('',(-3.5179,-2.7305,2.5908));
#1077=DIRECTION('',(0.0,0.0,1.0));
#1078=DIRECTION('',(-0.333333333,-0.942809042,0.0));
#1079=ORIENTED_EDGE('',*,*,#1080,.T.);
#1080=EDGE_CURVE('',#1072,#1081,#1083,.F.);
#1081=VERTEX_POINT('',#1082);
#1082=CARTESIAN_POINT('',(-3.3274,-1.651,2.5908));
#1083=LINE('',#1084,#1085);
#1084=CARTESIAN_POINT('',(-3.3274,-1.651,2.5908));
#1085=VECTOR('',#1086,1.0);
#1086=DIRECTION('',(0.0,-1.0,0.0));
#1087=ORIENTED_EDGE('',*,*,#1088,.T.);
#1088=EDGE_CURVE('',#1081,#1089,#1091,.F.);
#1089=VERTEX_POINT('',#1090);
#1090=CARTESIAN_POINT('',(-2.859615883,-1.651,2.5908));
#1091=LINE('',#1092,#1093);
#1092=CARTESIAN_POINT('',(-2.859615883,-1.651,2.5908));
#1093=VECTOR('',#1094,1.0);
#1094=DIRECTION('',(-1.0,0.0,0.0));
#1095=ORIENTED_EDGE('',*,*,#1096,.T.);
#1096=EDGE_CURVE('',#1089,#1097,#1099,.T.);
#1097=VERTEX_POINT('',#1098);
#1098=CARTESIAN_POINT('',(-3.302,0.0,2.5908));
#1099=CIRCLE('',#1100,3.302);
#1100=AXIS2_PLACEMENT_3D('',#1101,#1102,#1103);
#1101=CARTESIAN_POINT('',(0.0,0.0,2.5908));
#1102=DIRECTION('',(0.0,0.0,-1.0));
#1103=DIRECTION('',(-0.866025404,-0.5,0.0));
#1104=ORIENTED_EDGE('',*,*,#1105,.T.);
#1105=EDGE_CURVE('',#1097,#906,#1106,.T.);
#1106=CIRCLE('',#1107,3.302);
#1107=AXIS2_PLACEMENT_3D('',#1108,#1109,#1110);
#1108=CARTESIAN_POINT('',(0.0,0.0,2.5908));
#1109=DIRECTION('',(0.0,0.0,-1.0));
#1110=DIRECTION('',(-1.0,0.0,0.0));
#1111=FACE_BOUND('',#1112,.T.);
#1112=EDGE_LOOP('',(#1113,#1124));
#1113=ORIENTED_EDGE('',*,*,#1114,.T.);
#1114=EDGE_CURVE('',#1115,#1117,#1119,.T.);
#1115=VERTEX_POINT('',#1116);
#1116=CARTESIAN_POINT('',(-2.54,-2.159,2.5908));
#1117=VERTEX_POINT('',#1118);
#1118=CARTESIAN_POINT('',(-2.54,-2.921,2.5908));
#1119=CIRCLE('',#1120,0.381);
#1120=AXIS2_PLACEMENT_3D('',#1121,#1122,#1123);
#1121=CARTESIAN_POINT('',(-2.54,-2.54,2.5908));
#1122=DIRECTION('',(0.0,0.0,1.0));
#1123=DIRECTION('',(0.0,1.0,0.0));
#1124=ORIENTED_EDGE('',*,*,#1125,.T.);
#1125=EDGE_CURVE('',#1117,#1115,#1126,.T.);
#1126=CIRCLE('',#1127,0.381);
#1127=AXIS2_PLACEMENT_3D('',#1128,#1129,#1130);
#1128=CARTESIAN_POINT('',(-2.54,-2.54,2.5908));
#1129=DIRECTION('',(0.0,0.0,1.0));
#1130=DIRECTION('',(0.0,-1.0,0.0));
#1131=FACE_BOUND('',#1132,.T.);
#1132=EDGE_LOOP('',(#1133,#1144));
#1133=ORIENTED_EDGE('',*,*,#1134,.T.);
#1134=EDGE_CURVE('',#1135,#1137,#1139,.T.);
#1135=VERTEX_POINT('',#1136);
#1136=CARTESIAN_POINT('',(-2.54,0.381,2.5908));
#1137=VERTEX_POINT('',#1138);
#1138=CARTESIAN_POINT('',(-2.54,-0.381,2.5908));
#1139=CIRCLE('',#1140,0.381);
#1140=AXIS2_PLACEMENT_3D('',#1141,#1142,#1143);
#1141=CARTESIAN_POINT('',(-2.54,0.0,2.5908));
#1142=DIRECTION('',(0.0,0.0,1.0));
#1143=DIRECTION('',(0.0,1.0,0.0));
#1144=ORIENTED_EDGE('',*,*,#1145,.T.);
#1145=EDGE_CURVE('',#1137,#1135,#1146,.T.);
#1146=CIRCLE('',#1147,0.381);
#1147=AXIS2_PLACEMENT_3D('',#1148,#1149,#1150);
#1148=CARTESIAN_POINT('',(-2.54,0.0,2.5908));
#1149=DIRECTION('',(0.0,0.0,1.0));
#1150=DIRECTION('',(0.0,-1.0,0.0));
#1151=FACE_BOUND('',#1152,.T.);
#1152=EDGE_LOOP('',(#1153,#1164));
#1153=ORIENTED_EDGE('',*,*,#1154,.T.);
#1154=EDGE_CURVE('',#1155,#1157,#1159,.T.);
#1155=VERTEX_POINT('',#1156);
#1156=CARTESIAN_POINT('',(-2.54,2.921,2.5908));
#1157=VERTEX_POINT('',#1158);
#1158=CARTESIAN_POINT('',(-2.54,2.159,2.5908));
#1159=CIRCLE('',#1160,0.381);
#1160=AXIS2_PLACEMENT_3D('',#1161,#1162,#1163);
#1161=CARTESIAN_POINT('',(-2.54,2.54,2.5908));
#1162=DIRECTION('',(0.0,0.0,1.0));
#1163=DIRECTION('',(0.0,1.0,0.0));
#1164=ORIENTED_EDGE('',*,*,#1165,.T.);
#1165=EDGE_CURVE('',#1157,#1155,#1166,.T.);
#1166=CIRCLE('',#1167,0.381);
#1167=AXIS2_PLACEMENT_3D('',#1168,#1169,#1170);
#1168=CARTESIAN_POINT('',(-2.54,2.54,2.5908));
#1169=DIRECTION('',(0.0,0.0,1.0));
#1170=DIRECTION('',(0.0,-1.0,0.0));
#1171=B_SPLINE_SURFACE_WITH_KNOTS('',1,1,((#1172,#1173),(#1174,#1175)),.UNSPECIFIED.,.F.,.F.,.U.,(2,2),(2,2),(-3.937007874E-05,0.31053937),(-3.937007874E-05,0.271016035),.PIECEWISE_BEZIER_KNOTS.);
#1172=CARTESIAN_POINT('',(-3.5824,-4.0142,2.5908));
#1173=CARTESIAN_POINT('',(3.302407278,-4.0142,2.5908));
#1174=CARTESIAN_POINT('',(-3.5824,3.8745,2.5908));
#1175=CARTESIAN_POINT('',(3.302407278,3.8745,2.5908));
#1176=ADVANCED_FACE('',(#1177,#1261),#1323,.F.);
#1177=FACE_BOUND('',#1178,.T.);
#1178=EDGE_LOOP('',(#1179,#1180,#1188,#1197,#1205,#1214,#1222,#1231,#1237,#1238,#1246,#1255));
#1179=ORIENTED_EDGE('',*,*,#1105,.F.);
#1180=ORIENTED_EDGE('',*,*,#1181,.T.);
#1181=EDGE_CURVE('',#1097,#1182,#1184,.F.);
#1182=VERTEX_POINT('',#1183);
#1183=CARTESIAN_POINT('',(-3.302,0.0,0.7874));
#1184=LINE('',#1185,#1186);
#1185=CARTESIAN_POINT('',(-3.302,0.0,0.7874));
#1186=VECTOR('',#1187,1.0);
#1187=DIRECTION('',(0.0,0.0,1.0));
#1188=ORIENTED_EDGE('',*,*,#1189,.T.);
#1189=EDGE_CURVE('',#1182,#1190,#1192,.F.);
#1190=VERTEX_POINT('',#1191);
#1191=CARTESIAN_POINT('',(-1.7272,2.814246642,0.7874));
#1192=CIRCLE('',#1193,3.302);
#1193=AXIS2_PLACEMENT_3D('',#1194,#1195,#1196);
#1194=CARTESIAN_POINT('',(0.0,0.0,0.7874));
#1195=DIRECTION('',(0.0,0.0,1.0));
#1196=DIRECTION('',(-0.523076923,0.852285476,0.0));
#1197=ORIENTED_EDGE('',*,*,#1198,.T.);
#1198=EDGE_CURVE('',#1190,#1199,#1201,.T.);
#1199=VERTEX_POINT('',#1200);
#1200=CARTESIAN_POINT('',(-1.7272,2.814246642,0.5334));
#1201=LINE('',#1202,#1203);
#1202=CARTESIAN_POINT('',(-1.7272,2.814246642,0.7874));
#1203=VECTOR('',#1204,1.0);
#1204=DIRECTION('',(0.0,0.0,-1.0));
#1205=ORIENTED_EDGE('',*,*,#1206,.T.);
#1206=EDGE_CURVE('',#1199,#1207,#1209,.F.);
#1207=VERTEX_POINT('',#1208);
#1208=CARTESIAN_POINT('',(1.7272,2.814246642,0.5334));
#1209=CIRCLE('',#1210,3.302);
#1210=AXIS2_PLACEMENT_3D('',#1211,#1212,#1213);
#1211=CARTESIAN_POINT('',(0.0,0.0,0.5334));
#1212=DIRECTION('',(0.0,0.0,1.0));
#1213=DIRECTION('',(0.523076923,0.852285476,0.0));
#1214=ORIENTED_EDGE('',*,*,#1215,.T.);
#1215=EDGE_CURVE('',#1207,#1216,#1218,.F.);
#1216=VERTEX_POINT('',#1217);
#1217=CARTESIAN_POINT('',(1.7272,2.814246642,0.7874));
#1218=LINE('',#1219,#1220);
#1219=CARTESIAN_POINT('',(1.7272,2.814246642,0.7874));
#1220=VECTOR('',#1221,1.0);
#1221=DIRECTION('',(0.0,0.0,-1.0));
#1222=ORIENTED_EDGE('',*,*,#1223,.T.);
#1223=EDGE_CURVE('',#1216,#1224,#1226,.F.);
#1224=VERTEX_POINT('',#1225);
#1225=CARTESIAN_POINT('',(3.302,0.0,0.7874));
#1226=CIRCLE('',#1227,3.302);
#1227=AXIS2_PLACEMENT_3D('',#1228,#1229,#1230);
#1228=CARTESIAN_POINT('',(0.0,0.0,0.7874));
#1229=DIRECTION('',(0.0,0.0,1.0));
#1230=DIRECTION('',(1.0,0.0,0.0));
#1231=ORIENTED_EDGE('',*,*,#1232,.T.);
#1232=EDGE_CURVE('',#1224,#963,#1233,.F.);
#1233=LINE('',#1234,#1235);
#1234=CARTESIAN_POINT('',(3.302,0.0,2.5908));
#1235=VECTOR('',#1236,1.0);
#1236=DIRECTION('',(0.0,0.0,-1.0));
#1237=ORIENTED_EDGE('',*,*,#962,.F.);
#1238=ORIENTED_EDGE('',*,*,#1239,.T.);
#1239=EDGE_CURVE('',#955,#1240,#1242,.T.);
#1240=VERTEX_POINT('',#1241);
#1241=CARTESIAN_POINT('',(-1.7272,2.814246642,2.286));
#1242=LINE('',#1243,#1244);
#1243=CARTESIAN_POINT('',(-1.7272,2.814246642,2.5908));
#1244=VECTOR('',#1245,1.0);
#1245=DIRECTION('',(0.0,0.0,-1.0));
#1246=ORIENTED_EDGE('',*,*,#1247,.T.);
#1247=EDGE_CURVE('',#1240,#1248,#1250,.F.);
#1248=VERTEX_POINT('',#1249);
#1249=CARTESIAN_POINT('',(-2.859615883,1.651,2.286));
#1250=CIRCLE('',#1251,3.302);
#1251=AXIS2_PLACEMENT_3D('',#1252,#1253,#1254);
#1252=CARTESIAN_POINT('',(0.0,0.0,2.286));
#1253=DIRECTION('',(0.0,0.0,-1.0));
#1254=DIRECTION('',(-0.866025404,0.5,0.0));
#1255=ORIENTED_EDGE('',*,*,#1256,.T.);
#1256=EDGE_CURVE('',#1248,#906,#1257,.F.);
#1257=LINE('',#1258,#1259);
#1258=CARTESIAN_POINT('',(-2.859615883,1.651,2.5908));
#1259=VECTOR('',#1260,1.0);
#1260=DIRECTION('',(0.0,0.0,-1.0));
#1261=FACE_BOUND('',#1262,.T.);
#1262=EDGE_LOOP('',(#1263,#1295));
#1263=ORIENTED_EDGE('',*,*,#1264,.T.);
#1264=EDGE_CURVE('',#1265,#1267,#1269,.T.);
#1265=VERTEX_POINT('',#1266);
#1266=CARTESIAN_POINT('',(-1.551779423,2.91465,1.27));
#1267=VERTEX_POINT('',#1268);
#1268=CARTESIAN_POINT('',(1.551779423,2.91465,1.27));
#1269=B_SPLINE_CURVE_WITH_KNOTS('',3,(#1270,#1271,#1272,#1273,#1274,#1275,#1276,#1277,#1278,#1279,#1280,#1281,#1282,#1283,#1284,#1285,#1286,#1287,#1288,#1289,#1290,#1291,#1292,#1293,#1294),.UNSPECIFIED.,.F.,.U.,(4,1,1,1,1,1,1,1,1,1,1,1,1,1,1,1,1,1,1,1,1,1,4),(0.0,0.045454545,0.090909091,0.136363636,0.181818182,0.227272727,0.272727273,0.318181818,0.363636364,0.409090909,0.454545455,0.5,0.545454545,0.590909091,0.636363636,0.681818182,0.727272727,0.772727273,0.818181818,0.863636364,0.909090909,0.954545455,1.0),.UNSPECIFIED.);
#1270=CARTESIAN_POINT('',(-1.551779423,2.91465,1.27));
#1271=CARTESIAN_POINT('',(-1.551779423,2.91465,1.301434698));
#1272=CARTESIAN_POINT('',(-1.544230025,2.918698469,1.364546341));
#1273=CARTESIAN_POINT('',(-1.503014698,2.940303782,1.465677414));
#1274=CARTESIAN_POINT('',(-1.435045008,2.974300066,1.556233488));
#1275=CARTESIAN_POINT('',(-1.341586042,3.017940028,1.637504241));
#1276=CARTESIAN_POINT('',(-1.219999681,3.069476382,1.708993515));
#1277=CARTESIAN_POINT('',(-1.074919303,3.123610799,1.767499288));
#1278=CARTESIAN_POINT('',(-0.903492844,3.177964919,1.814705234));
#1279=CARTESIAN_POINT('',(-0.702323652,3.228898176,1.850761278));
#1280=CARTESIAN_POINT('',(-0.47990574,3.269723807,1.874926948));
#1281=CARTESIAN_POINT('',(-0.242471507,3.296044303,1.888558843));
#1282=CARTESIAN_POINT('',(-8.600211432E-05,3.304975429,1.892856339));
#1283=CARTESIAN_POINT('',(0.242366112,3.296053976,1.888563636));
#1284=CARTESIAN_POINT('',(0.479856418,3.269732279,1.874931752));
#1285=CARTESIAN_POINT('',(0.70233216,3.228897595,1.850761458));
#1286=CARTESIAN_POINT('',(0.903529953,3.17795405,1.814696611));
#1287=CARTESIAN_POINT('',(1.074913661,3.12361207,1.767499754));
#1288=CARTESIAN_POINT('',(1.219986113,3.069481833,1.70899995));
#1289=CARTESIAN_POINT('',(1.341573227,3.017945761,1.637513445));
#1290=CARTESIAN_POINT('',(1.43503929,2.974302919,1.556240398));
#1291=CARTESIAN_POINT('',(1.503015111,2.940303596,1.465678153));
#1292=CARTESIAN_POINT('',(1.544231615,2.918697622,1.364540799));
#1293=CARTESIAN_POINT('',(1.551779423,2.91465,1.301432084));
#1294=CARTESIAN_POINT('',(1.551779423,2.91465,1.27));
#1295=ORIENTED_EDGE('',*,*,#1296,.T.);
#1296=EDGE_CURVE('',#1267,#1265,#1297,.F.);
#1297=B_SPLINE_CURVE_WITH_KNOTS('',3,(#1298,#1299,#1300,#1301,#1302,#1303,#1304,#1305,#1306,#1307,#1308,#1309,#1310,#1311,#1312,#1313,#1314,#1315,#1316,#1317,#1318,#1319,#1320,#1321,#1322),.UNSPECIFIED.,.F.,.U.,(4,1,1,1,1,1,1,1,1,1,1,1,1,1,1,1,1,1,1,1,1,1,4),(0.0,0.045454545,0.090909091,0.136363636,0.181818182,0.227272727,0.272727273,0.318181818,0.363636364,0.409090909,0.454545455,0.5,0.545454545,0.590909091,0.636363636,0.681818182,0.727272727,0.772727273,0.818181818,0.863636364,0.909090909,0.954545455,1.0),.UNSPECIFIED.);
#1298=CARTESIAN_POINT('',(-1.551779423,2.91465,1.27));
#1299=CARTESIAN_POINT('',(-1.551779423,2.91465,1.240856773));
#1300=CARTESIAN_POINT('',(-1.544947467,2.918302313,1.182137706));
#1301=CARTESIAN_POINT('',(-1.511823953,2.935720902,1.092046274));
#1302=CARTESIAN_POINT('',(-1.451375028,2.966301474,1.002016037));
#1303=CARTESIAN_POINT('',(-1.363810847,3.007869923,0.919161847));
#1304=CARTESIAN_POINT('',(-1.249873087,3.057328647,0.846246054));
#1305=CARTESIAN_POINT('',(-1.110221791,3.111160598,0.784783174));
#1306=CARTESIAN_POINT('',(-0.944896235,3.165739237,0.735084062));
#1307=CARTESIAN_POINT('',(-0.753000749,3.217303354,0.696854813));
#1308=CARTESIAN_POINT('',(-0.533643112,3.261429742,0.669627889));
#1309=CARTESIAN_POINT('',(-0.28421812,3.293436555,0.652684232));
#1310=CARTESIAN_POINT('',(0.001007903,3.306356099,0.646484807));
#1311=CARTESIAN_POINT('',(0.288345159,3.293137369,0.652829528));
#1312=CARTESIAN_POINT('',(0.53835675,3.260647546,0.67006508));
#1313=CARTESIAN_POINT('',(0.756937485,3.21634652,0.697508753));
#1314=CARTESIAN_POINT('',(0.946970244,3.165090773,0.73563313));
#1315=CARTESIAN_POINT('',(1.111706554,3.110630084,0.785318401));
#1316=CARTESIAN_POINT('',(1.251312757,3.056736389,0.847008168));
#1317=CARTESIAN_POINT('',(1.364821972,3.007405111,0.919960606));
#1318=CARTESIAN_POINT('',(1.451975543,2.966002955,1.002772586));
#1319=CARTESIAN_POINT('',(1.511942054,2.935657984,1.092349419));
#1320=CARTESIAN_POINT('',(1.544979563,2.918285544,1.18230205));
#1321=CARTESIAN_POINT('',(1.551779423,2.91465,1.240902844));
#1322=CARTESIAN_POINT('',(1.551779423,2.91465,1.27));
#1323=(BOUNDED_SURFACE()B_SPLINE_SURFACE(3,3,((#1324,#1325,#1326,#1327),(#1328,#1329,#1330,#1331),(#1332,#1333,#1334,#1335),(#1336,#1337,#1338,#1339),(#1340,#1341,#1342,#1343),(#1344,#1345,#1346,#1347),(#1348,#1349,#1350,#1351)),.UNSPECIFIED.,.F.,.F.,.U.)B_SPLINE_SURFACE_WITH_KNOTS((4,3,4),(4,4),(0.042329792,1.0,1.957918151),(-4.50328588E-04,0.0811781),.UNSPECIFIED.)GEOMETRIC_REPRESENTATION_ITEM()RATIONAL_B_SPLINE_SURFACE(((1.156897721,1.156897721,1.156897721,1.156897721),(0.938026475,0.938026475,0.938026475,0.938026475),(0.948148146,0.948148146,0.948148146,0.948148146),(1.187262732,1.187262732,1.187262732,1.187262732),(0.948086239,0.948086239,0.948086239,0.948086239),(0.938021249,0.938021249,0.938021249,0.938021249),(1.157067765,1.157067765,1.157067765,1.157067765)))REPRESENTATION_ITEM('')SURFACE());
#1324=CARTESIAN_POINT('',(-3.301999849,-9.999400279E-04,2.602238346));
#1325=CARTESIAN_POINT('',(-3.301999849,-9.999400279E-04,1.911117654));
#1326=CARTESIAN_POINT('',(-3.301999849,-9.999400279E-04,1.219996962));
#1327=CARTESIAN_POINT('',(-3.301999849,-9.999400279E-04,0.52887627));
#1328=CARTESIAN_POINT('',(-3.302588881,1.944101901,2.602238346));
#1329=CARTESIAN_POINT('',(-3.302588881,1.944101901,1.911117654));
#1330=CARTESIAN_POINT('',(-3.302588881,1.944101901,1.219996962));
#1331=CARTESIAN_POINT('',(-3.302588881,1.944101901,0.52887627));
#1332=CARTESIAN_POINT('',(-1.924337579,3.302,2.602238346));
#1333=CARTESIAN_POINT('',(-1.924337579,3.302,1.911117654));
#1334=CARTESIAN_POINT('',(-1.924337579,3.302,1.219996962));
#1335=CARTESIAN_POINT('',(-1.924337579,3.302,0.52887627));
#1336=CARTESIAN_POINT('',(0.0,3.302,2.602238346));
#1337=CARTESIAN_POINT('',(0.0,3.302,1.911117654));
#1338=CARTESIAN_POINT('',(0.0,3.302,1.219996962));
#1339=CARTESIAN_POINT('',(0.0,3.302,0.52887627));
#1340=CARTESIAN_POINT('',(1.92496148,3.302,2.602238346));
#1341=CARTESIAN_POINT('',(1.92496148,3.302,1.911117654));
#1342=CARTESIAN_POINT('',(1.92496148,3.302,1.219996962));
#1343=CARTESIAN_POINT('',(1.92496148,3.302,0.52887627));
#1344=CARTESIAN_POINT('',(3.303310156,1.943391116,2.602238346));
#1345=CARTESIAN_POINT('',(3.303310156,1.943391116,1.911117654));
#1346=CARTESIAN_POINT('',(3.303310156,1.943391116,1.219996962));
#1347=CARTESIAN_POINT('',(3.303310156,1.943391116,0.52887627));
#1348=CARTESIAN_POINT('',(3.30199925,-0.002224802,2.602238346));
#1349=CARTESIAN_POINT('',(3.30199925,-0.002224802,1.911117654));
#1350=CARTESIAN_POINT('',(3.30199925,-0.002224802,1.219996962));
#1351=CARTESIAN_POINT('',(3.30199925,-0.002224802,0.52887627));
#1352=ADVANCED_FACE('',(#1353),#1396,.F.);
#1353=FACE_BOUND('',#1354,.T.);
#1354=EDGE_LOOP('',(#1355,#1365,#1374,#1380,#1381,#1389));
#1355=ORIENTED_EDGE('',*,*,#1356,.T.);
#1356=EDGE_CURVE('',#1357,#1359,#1361,.F.);
#1357=VERTEX_POINT('',#1358);
#1358=CARTESIAN_POINT('',(4.7752,4.29895,1.27));
#1359=VERTEX_POINT('',#1360);
#1360=CARTESIAN_POINT('',(-2.54,4.29895,1.27));
#1361=LINE('',#1362,#1363);
#1362=CARTESIAN_POINT('',(-2.54,4.29895,1.27));
#1363=VECTOR('',#1364,1.0);
#1364=DIRECTION('',(1.0,0.0,0.0));
#1365=ORIENTED_EDGE('',*,*,#1366,.T.);
#1366=EDGE_CURVE('',#1359,#1367,#1369,.F.);
#1367=VERTEX_POINT('',#1368);
#1368=CARTESIAN_POINT('',(-2.54,2.91465,1.27));
#1369=CIRCLE('',#1370,0.69215);
#1370=AXIS2_PLACEMENT_3D('',#1371,#1372,#1373);
#1371=CARTESIAN_POINT('',(-2.54,3.6068,1.27));
#1372=DIRECTION('',(1.0,0.0,0.0));
#1373=DIRECTION('',(0.0,-1.0,0.0));
#1374=ORIENTED_EDGE('',*,*,#1375,.T.);
#1375=EDGE_CURVE('',#1367,#1265,#1376,.T.);
#1376=LINE('',#1377,#1378);
#1377=CARTESIAN_POINT('',(-2.54,2.91465,1.27));
#1378=VECTOR('',#1379,1.0);
#1379=DIRECTION('',(1.0,0.0,0.0));
#1380=ORIENTED_EDGE('',*,*,#1296,.F.);
#1381=ORIENTED_EDGE('',*,*,#1382,.T.);
#1382=EDGE_CURVE('',#1267,#1383,#1385,.T.);
#1383=VERTEX_POINT('',#1384);
#1384=CARTESIAN_POINT('',(4.7752,2.91465,1.27));
#1385=LINE('',#1386,#1387);
#1386=CARTESIAN_POINT('',(1.551779423,2.91465,1.27));
#1387=VECTOR('',#1388,1.0);
#1388=DIRECTION('',(1.0,0.0,0.0));
#1389=ORIENTED_EDGE('',*,*,#1390,.T.);
#1390=EDGE_CURVE('',#1383,#1357,#1391,.T.);
#1391=CIRCLE('',#1392,0.69215);
#1392=AXIS2_PLACEMENT_3D('',#1393,#1394,#1395);
#1393=CARTESIAN_POINT('',(4.7752,3.6068,1.27));
#1394=DIRECTION('',(1.0,0.0,0.0));
#1395=DIRECTION('',(0.0,-1.0,0.0));
#1396=(BOUNDED_SURFACE()B_SPLINE_SURFACE(3,3,((#1397,#1398,#1399,#1400),(#1401,#1402,#1403,#1404),(#1405,#1406,#1407,#1408),(#1409,#1410,#1411,#1412),(#1413,#1414,#1415,#1416),(#1417,#1418,#1419,#1420),(#1421,#1422,#1423,#1424)),.UNSPECIFIED.,.F.,.F.,.U.)B_SPLINE_SURFACE_WITH_KNOTS((4,3,4),(4,4),(0.036556221,1.0,1.958433333),(0.05543449,0.34536551),.UNSPECIFIED.)GEOMETRIC_REPRESENTATION_ITEM()RATIONAL_B_SPLINE_SURFACE(((1.160881261,1.160881261,1.160881261,1.160881261),(0.937912756,0.937912756,0.937912756,0.937912756),(0.94670658,0.94670658,0.94670658,0.94670658),(1.187262732,1.187262732,1.187262732,1.187262732),(0.947957606,0.947957606,0.947957606,0.947957606),(0.93801049,0.93801049,0.93801049,0.93801049),(1.157421383,1.157421383,1.157421383,1.157421383)))REPRESENTATION_ITEM('')SURFACE());
#1397=CARTESIAN_POINT('',(-2.564523966,2.914677576,1.276178366));
#1398=CARTESIAN_POINT('',(-0.109774655,2.914677576,1.276178366));
#1399=CARTESIAN_POINT('',(2.344974655,2.914677576,1.276178366));
#1400=CARTESIAN_POINT('',(4.799723966,2.914677576,1.276178366));
#1401=CARTESIAN_POINT('',(-2.564523966,2.911015714,0.865963619));
#1402=CARTESIAN_POINT('',(-0.109774655,2.911015714,0.865963619));
#1403=CARTESIAN_POINT('',(2.344974655,2.911015714,0.865963619));
#1404=CARTESIAN_POINT('',(4.799723966,2.911015714,0.865963619));
#1405=CARTESIAN_POINT('',(-2.564523966,3.200379487,0.57785));
#1406=CARTESIAN_POINT('',(-0.109774655,3.200379487,0.57785));
#1407=CARTESIAN_POINT('',(2.344974655,3.200379487,0.57785));
#1408=CARTESIAN_POINT('',(4.799723966,3.200379487,0.57785));
#1409=CARTESIAN_POINT('',(-2.564523966,3.6068,0.57785));
#1410=CARTESIAN_POINT('',(-0.109774655,3.6068,0.57785));
#1411=CARTESIAN_POINT('',(2.344974655,3.6068,0.57785));
#1412=CARTESIAN_POINT('',(4.799723966,3.6068,0.57785));
#1413=CARTESIAN_POINT('',(-2.564523966,4.010573332,0.57785));
#1414=CARTESIAN_POINT('',(-0.109774655,4.010573332,0.57785));
#1415=CARTESIAN_POINT('',(2.344974655,4.010573332,0.57785));
#1416=CARTESIAN_POINT('',(4.799723966,4.010573332,0.57785));
#1417=CARTESIAN_POINT('',(-2.564523966,4.299538656,0.862944999));
#1418=CARTESIAN_POINT('',(-0.109774655,4.299538656,0.862944999));
#1419=CARTESIAN_POINT('',(2.344974655,4.299538656,0.862944999));
#1420=CARTESIAN_POINT('',(4.799723966,4.299538656,0.862944999));
#1421=CARTESIAN_POINT('',(-2.564523966,4.298949278,1.270999714));
#1422=CARTESIAN_POINT('',(-0.109774655,4.298949278,1.270999714));
#1423=CARTESIAN_POINT('',(2.344974655,4.298949278,1.270999714));
#1424=CARTESIAN_POINT('',(4.799723966,4.298949278,1.270999714));
#1425=ADVANCED_FACE('',(#1426),#1436,.F.);
#1426=FACE_BOUND('',#1427,.T.);
#1427=EDGE_LOOP('',(#1428,#1435));
#1428=ORIENTED_EDGE('',*,*,#1429,.T.);
#1429=EDGE_CURVE('',#1383,#1357,#1430,.F.);
#1430=CIRCLE('',#1431,0.69215);
#1431=AXIS2_PLACEMENT_3D('',#1432,#1433,#1434);
#1432=CARTESIAN_POINT('',(4.7752,3.6068,1.27));
#1433=DIRECTION('',(1.0,0.0,0.0));
#1434=DIRECTION('',(0.0,1.0,0.0));
#1435=ORIENTED_EDGE('',*,*,#1390,.F.);
#1436=B_SPLINE_SURFACE_WITH_KNOTS('',1,1,((#1437,#1438),(#1439,#1440)),.UNSPECIFIED.,.F.,.F.,.U.,(2,2),(2,2),(-0.027266377,0.027266377),(-0.027266377,0.027266377),.PIECEWISE_BEZIER_KNOTS.);
#1437=CARTESIAN_POINT('',(4.7752,4.299365984,0.577434016));
#1438=CARTESIAN_POINT('',(4.7752,2.914234016,0.577434016));
#1439=CARTESIAN_POINT('',(4.7752,4.299365984,1.962565984));
#1440=CARTESIAN_POINT('',(4.7752,2.914234016,1.962565984));
#1441=ADVANCED_FACE('',(#1442),#1456,.F.);
#1442=FACE_BOUND('',#1443,.T.);
#1443=EDGE_LOOP('',(#1444,#1445,#1446,#1447,#1454,#1455));
#1444=ORIENTED_EDGE('',*,*,#1382,.F.);
#1445=ORIENTED_EDGE('',*,*,#1264,.F.);
#1446=ORIENTED_EDGE('',*,*,#1375,.F.);
#1447=ORIENTED_EDGE('',*,*,#1448,.T.);
#1448=EDGE_CURVE('',#1367,#1359,#1449,.T.);
#1449=CIRCLE('',#1450,0.69215);
#1450=AXIS2_PLACEMENT_3D('',#1451,#1452,#1453);
#1451=CARTESIAN_POINT('',(-2.54,3.6068,1.27));
#1452=DIRECTION('',(-1.0,0.0,0.0));
#1453=DIRECTION('',(0.0,-1.0,0.0));
#1454=ORIENTED_EDGE('',*,*,#1356,.F.);
#1455=ORIENTED_EDGE('',*,*,#1429,.F.);
#1456=(BOUNDED_SURFACE()B_SPLINE_SURFACE(3,3,((#1457,#1458,#1459,#1460),(#1461,#1462,#1463,#1464),(#1465,#1466,#1467,#1468),(#1469,#1470,#1471,#1472),(#1473,#1474,#1475,#1476),(#1477,#1478,#1479,#1480),(#1481,#1482,#1483,#1484)),.UNSPECIFIED.,.F.,.F.,.U.)B_SPLINE_SURFACE_WITH_KNOTS((4,3,4),(4,4),(0.041566667,1.0,1.959648451),(0.05543449,0.34536551),.UNSPECIFIED.)GEOMETRIC_REPRESENTATION_ITEM()RATIONAL_B_SPLINE_SURFACE(((1.157421383,1.157421383,1.157421383,1.157421383),(0.93801049,0.93801049,0.93801049,0.93801049),(0.947957606,0.947957606,0.947957606,0.947957606),(1.187262732,1.187262732,1.187262732,1.187262732),(0.947654211,0.947654211,0.947654211,0.947654211),(0.937985636,0.937985636,0.937985636,0.937985636),(1.158257008,1.158257008,1.158257008,1.158257008)))REPRESENTATION_ITEM('')SURFACE());
#1457=CARTESIAN_POINT('',(-2.564523966,4.298949278,1.269000286));
#1458=CARTESIAN_POINT('',(-0.109774655,4.298949278,1.269000286));
#1459=CARTESIAN_POINT('',(2.344974655,4.298949278,1.269000286));
#1460=CARTESIAN_POINT('',(4.799723966,4.298949278,1.269000286));
#1461=CARTESIAN_POINT('',(-2.564523966,4.299538656,1.677055001));
#1462=CARTESIAN_POINT('',(-0.109774655,4.299538656,1.677055001));
#1463=CARTESIAN_POINT('',(2.344974655,4.299538656,1.677055001));
#1464=CARTESIAN_POINT('',(4.799723966,4.299538656,1.677055001));
#1465=CARTESIAN_POINT('',(-2.564523966,4.010573332,1.96215));
#1466=CARTESIAN_POINT('',(-0.109774655,4.010573332,1.96215));
#1467=CARTESIAN_POINT('',(2.344974655,4.010573332,1.96215));
#1468=CARTESIAN_POINT('',(4.799723966,4.010573332,1.96215));
#1469=CARTESIAN_POINT('',(-2.564523966,3.6068,1.96215));
#1470=CARTESIAN_POINT('',(-0.109774655,3.6068,1.96215));
#1471=CARTESIAN_POINT('',(2.344974655,3.6068,1.96215));
#1472=CARTESIAN_POINT('',(4.799723966,3.6068,1.96215));
#1473=CARTESIAN_POINT('',(-2.564523966,3.202385324,1.96215));
#1474=CARTESIAN_POINT('',(-0.109774655,3.202385324,1.96215));
#1475=CARTESIAN_POINT('',(2.344974655,3.202385324,1.96215));
#1476=CARTESIAN_POINT('',(4.799723966,3.202385324,1.96215));
#1477=CARTESIAN_POINT('',(-2.564523966,2.913321314,1.676324072));
#1478=CARTESIAN_POINT('',(-0.109774655,2.913321314,1.676324072));
#1479=CARTESIAN_POINT('',(2.344974655,2.913321314,1.676324072));
#1480=CARTESIAN_POINT('',(4.799723966,2.913321314,1.676324072));
#1481=CARTESIAN_POINT('',(-2.564523966,2.91465368,1.26774294));
#1482=CARTESIAN_POINT('',(-0.109774655,2.91465368,1.26774294));
#1483=CARTESIAN_POINT('',(2.344974655,2.91465368,1.26774294));
#1484=CARTESIAN_POINT('',(4.799723966,2.91465368,1.26774294));
#1485=ADVANCED_FACE('',(#1486),#1512,.F.);
#1486=FACE_BOUND('',#1487,.T.);
#1487=EDGE_LOOP('',(#1488,#1499,#1505,#1506));
#1488=ORIENTED_EDGE('',*,*,#1489,.T.);
#1489=EDGE_CURVE('',#1490,#1492,#1494,.T.);
#1490=VERTEX_POINT('',#1491);
#1491=CARTESIAN_POINT('',(-2.72330871,3.23215,1.27));
#1492=VERTEX_POINT('',#1493);
#1493=CARTESIAN_POINT('',(-2.72330871,3.98145,1.27));
#1494=CIRCLE('',#1495,0.37465);
#1495=AXIS2_PLACEMENT_3D('',#1496,#1497,#1498);
#1496=CARTESIAN_POINT('',(-2.72330871,3.6068,1.27));
#1497=DIRECTION('',(-1.0,0.0,0.0));
#1498=DIRECTION('',(0.0,-1.0,0.0));
#1499=ORIENTED_EDGE('',*,*,#1500,.T.);
#1500=EDGE_CURVE('',#1492,#1359,#1501,.T.);
#1501=LINE('',#1502,#1503);
#1502=CARTESIAN_POINT('',(-2.72330871,3.98145,1.27));
#1503=VECTOR('',#1504,1.0);
#1504=DIRECTION('',(0.5,0.866025404,0.0));
#1505=ORIENTED_EDGE('',*,*,#1448,.F.);
#1506=ORIENTED_EDGE('',*,*,#1507,.T.);
#1507=EDGE_CURVE('',#1367,#1490,#1508,.F.);
#1508=LINE('',#1509,#1510);
#1509=CARTESIAN_POINT('',(-2.72330871,3.23215,1.27));
#1510=VECTOR('',#1511,1.0);
#1511=DIRECTION('',(0.5,-0.866025404,0.0));
#1512=(BOUNDED_SURFACE()B_SPLINE_SURFACE(3,3,((#1513,#1514,#1515,#1516),(#1517,#1518,#1519,#1520),(#1521,#1522,#1523,#1524),(#1525,#1526,#1527,#1528),(#1529,#1530,#1531,#1532),(#1533,#1534,#1535,#1536),(#1537,#1538,#1539,#1540)),.UNSPECIFIED.,.F.,.F.,.U.)B_SPLINE_SURFACE_WITH_KNOTS((4,3,4),(4,4),(0.041279313,1.0,1.958720687),(0.008089197,0.016159515),.UNSPECIFIED.)GEOMETRIC_REPRESENTATION_ITEM()RATIONAL_B_SPLINE_SURFACE(((1.157618794,1.157618794,1.157618794,1.157618794),(0.938004546,0.938004546,0.938004546,0.938004546),(0.947885858,0.947885858,0.947885858,0.947885858),(1.187262732,1.187262732,1.187262732,1.187262732),(0.947885858,0.947885858,0.947885858,0.947885858),(0.938004546,0.938004546,0.938004546,0.938004546),(1.157618794,1.157618794,1.157618794,1.157618794)))REPRESENTATION_ITEM('')SURFACE());
#1513=CARTESIAN_POINT('',(-2.734147394,3.962676225,1.269333062));
#1514=CARTESIAN_POINT('',(-2.665818701,4.081024784,1.269111269));
#1515=CARTESIAN_POINT('',(-2.597490009,4.199373343,1.268889475));
#1516=CARTESIAN_POINT('',(-2.529161317,4.317721902,1.268667681));
#1517=CARTESIAN_POINT('',(-2.734147394,3.963069537,1.479203151));
#1518=CARTESIAN_POINT('',(-2.665818701,4.081548893,1.548774787));
#1519=CARTESIAN_POINT('',(-2.597490009,4.20002825,1.618346424));
#1520=CARTESIAN_POINT('',(-2.529161317,4.318507607,1.687918061));
#1521=CARTESIAN_POINT('',(-2.734147394,3.814482645,1.62587685));
#1522=CARTESIAN_POINT('',(-2.665818701,3.88354863,1.744225617));
#1523=CARTESIAN_POINT('',(-2.597490009,3.952614614,1.862574383));
#1524=CARTESIAN_POINT('',(-2.529161317,4.021680599,1.98092315));
#1525=CARTESIAN_POINT('',(-2.734147394,3.6068,1.62587685));
#1526=CARTESIAN_POINT('',(-2.665818701,3.6068,1.744225617));
#1527=CARTESIAN_POINT('',(-2.597490009,3.6068,1.862574383));
#1528=CARTESIAN_POINT('',(-2.529161317,3.6068,1.98092315));
#1529=CARTESIAN_POINT('',(-2.734147394,3.399117355,1.62587685));
#1530=CARTESIAN_POINT('',(-2.665818701,3.33005137,1.744225617));
#1531=CARTESIAN_POINT('',(-2.597490009,3.260985386,1.862574383));
#1532=CARTESIAN_POINT('',(-2.529161317,3.191919401,1.98092315));
#1533=CARTESIAN_POINT('',(-2.734147394,3.250530463,1.479203151));
#1534=CARTESIAN_POINT('',(-2.665818701,3.132051107,1.548774787));
#1535=CARTESIAN_POINT('',(-2.597490009,3.01357175,1.618346424));
#1536=CARTESIAN_POINT('',(-2.529161317,2.895092393,1.687918061));
#1537=CARTESIAN_POINT('',(-2.734147394,3.250923775,1.269333062));
#1538=CARTESIAN_POINT('',(-2.665818701,3.132575216,1.269111269));
#1539=CARTESIAN_POINT('',(-2.597490009,3.014226657,1.268889475));
#1540=CARTESIAN_POINT('',(-2.529161317,2.895878098,1.268667681));
#1541=ADVANCED_FACE('',(#1542),#1554,.F.);
#1542=FACE_BOUND('',#1543,.T.);
#1543=EDGE_LOOP('',(#1544,#1545,#1546,#1553));
#1544=ORIENTED_EDGE('',*,*,#1366,.F.);
#1545=ORIENTED_EDGE('',*,*,#1500,.F.);
#1546=ORIENTED_EDGE('',*,*,#1547,.T.);
#1547=EDGE_CURVE('',#1492,#1490,#1548,.F.);
#1548=CIRCLE('',#1549,0.37465);
#1549=AXIS2_PLACEMENT_3D('',#1550,#1551,#1552);
#1550=CARTESIAN_POINT('',(-2.72330871,3.6068,1.27));
#1551=DIRECTION('',(1.0,0.0,0.0));
#1552=DIRECTION('',(0.0,-1.0,0.0));
#1553=ORIENTED_EDGE('',*,*,#1507,.F.);
#1554=(BOUNDED_SURFACE()B_SPLINE_SURFACE(3,3,((#1555,#1556,#1557,#1558),(#1559,#1560,#1561,#1562),(#1563,#1564,#1565,#1566),(#1567,#1568,#1569,#1570),(#1571,#1572,#1573,#1574),(#1575,#1576,#1577,#1578),(#1579,#1580,#1581,#1582)),.UNSPECIFIED.,.F.,.F.,.U.)B_SPLINE_SURFACE_WITH_KNOTS((4,3,4),(4,4),(0.041279313,1.0,1.958720687),(0.008089197,0.016159515),.UNSPECIFIED.)GEOMETRIC_REPRESENTATION_ITEM()RATIONAL_B_SPLINE_SURFACE(((1.157618794,1.157618794,1.157618794,1.157618794),(0.938004546,0.938004546,0.938004546,0.938004546),(0.947885858,0.947885858,0.947885858,0.947885858),(1.187262732,1.187262732,1.187262732,1.187262732),(0.947885858,0.947885858,0.947885858,0.947885858),(0.938004546,0.938004546,0.938004546,0.938004546),(1.157618794,1.157618794,1.157618794,1.157618794)))REPRESENTATION_ITEM('')SURFACE());
#1555=CARTESIAN_POINT('',(-2.734147394,3.250923775,1.270666938));
#1556=CARTESIAN_POINT('',(-2.665818701,3.132575216,1.270888731));
#1557=CARTESIAN_POINT('',(-2.597490009,3.014226657,1.271110525));
#1558=CARTESIAN_POINT('',(-2.529161317,2.895878098,1.271332319));
#1559=CARTESIAN_POINT('',(-2.734147394,3.250530463,1.060796849));
#1560=CARTESIAN_POINT('',(-2.665818701,3.132051107,0.991225213));
#1561=CARTESIAN_POINT('',(-2.597490009,3.01357175,0.921653576));
#1562=CARTESIAN_POINT('',(-2.529161317,2.895092393,0.852081939));
#1563=CARTESIAN_POINT('',(-2.734147394,3.399117355,0.91412315));
#1564=CARTESIAN_POINT('',(-2.665818701,3.33005137,0.795774383));
#1565=CARTESIAN_POINT('',(-2.597490009,3.260985386,0.677425617));
#1566=CARTESIAN_POINT('',(-2.529161317,3.191919401,0.55907685));
#1567=CARTESIAN_POINT('',(-2.734147394,3.6068,0.91412315));
#1568=CARTESIAN_POINT('',(-2.665818701,3.6068,0.795774383));
#1569=CARTESIAN_POINT('',(-2.597490009,3.6068,0.677425617));
#1570=CARTESIAN_POINT('',(-2.529161317,3.6068,0.55907685));
#1571=CARTESIAN_POINT('',(-2.734147394,3.814482645,0.91412315));
#1572=CARTESIAN_POINT('',(-2.665818701,3.88354863,0.795774383));
#1573=CARTESIAN_POINT('',(-2.597490009,3.952614614,0.677425617));
#1574=CARTESIAN_POINT('',(-2.529161317,4.021680599,0.55907685));
#1575=CARTESIAN_POINT('',(-2.734147394,3.963069537,1.060796849));
#1576=CARTESIAN_POINT('',(-2.665818701,4.081548893,0.991225213));
#1577=CARTESIAN_POINT('',(-2.597490009,4.20002825,0.921653576));
#1578=CARTESIAN_POINT('',(-2.529161317,4.318507607,0.852081939));
#1579=CARTESIAN_POINT('',(-2.734147394,3.962676225,1.270666938));
#1580=CARTESIAN_POINT('',(-2.665818701,4.081024784,1.270888731));
#1581=CARTESIAN_POINT('',(-2.597490009,4.199373343,1.271110525));
#1582=CARTESIAN_POINT('',(-2.529161317,4.317721902,1.271332319));
#1583=ADVANCED_FACE('',(#1584),#1610,.F.);
#1584=FACE_BOUND('',#1585,.T.);
#1585=EDGE_LOOP('',(#1586,#1587,#1595,#1604));
#1586=ORIENTED_EDGE('',*,*,#1547,.F.);
#1587=ORIENTED_EDGE('',*,*,#1588,.T.);
#1588=EDGE_CURVE('',#1492,#1589,#1591,.F.);
#1589=VERTEX_POINT('',#1590);
#1590=CARTESIAN_POINT('',(-3.556,3.98145,1.27));
#1591=LINE('',#1592,#1593);
#1592=CARTESIAN_POINT('',(-3.556,3.98145,1.27));
#1593=VECTOR('',#1594,1.0);
#1594=DIRECTION('',(1.0,0.0,0.0));
#1595=ORIENTED_EDGE('',*,*,#1596,.T.);
#1596=EDGE_CURVE('',#1589,#1597,#1599,.F.);
#1597=VERTEX_POINT('',#1598);
#1598=CARTESIAN_POINT('',(-3.556,3.23215,1.27));
#1599=CIRCLE('',#1600,0.37465);
#1600=AXIS2_PLACEMENT_3D('',#1601,#1602,#1603);
#1601=CARTESIAN_POINT('',(-3.556,3.6068,1.27));
#1602=DIRECTION('',(1.0,0.0,0.0));
#1603=DIRECTION('',(0.0,-1.0,0.0));
#1604=ORIENTED_EDGE('',*,*,#1605,.T.);
#1605=EDGE_CURVE('',#1597,#1490,#1606,.T.);
#1606=LINE('',#1607,#1608);
#1607=CARTESIAN_POINT('',(-3.556,3.23215,1.27));
#1608=VECTOR('',#1609,1.0);
#1609=DIRECTION('',(1.0,0.0,0.0));
#1610=(BOUNDED_SURFACE()B_SPLINE_SURFACE(3,3,((#1611,#1612,#1613,#1614),(#1615,#1616,#1617,#1618),(#1619,#1620,#1621,#1622),(#1623,#1624,#1625,#1626),(#1627,#1628,#1629,#1630),(#1631,#1632,#1633,#1634),(#1635,#1636,#1637,#1638)),.UNSPECIFIED.,.F.,.F.,.U.)B_SPLINE_SURFACE_WITH_KNOTS((4,3,4),(4,4),(0.040748438,1.0,1.959251562),(0.01554656,0.050036561),.UNSPECIFIED.)GEOMETRIC_REPRESENTATION_ITEM()RATIONAL_B_SPLINE_SURFACE(((1.157983828,1.157983828,1.157983828,1.157983828),(0.937993673,0.937993673,0.937993673,0.937993673),(0.947753308,0.947753308,0.947753308,0.947753308),(1.187262732,1.187262732,1.187262732,1.187262732),(0.947753308,0.947753308,0.947753308,0.947753308),(0.937993673,0.937993673,0.937993673,0.937993673),(1.157983828,1.157983828,1.157983828,1.157983828)))REPRESENTATION_ITEM('')SURFACE());
#1611=CARTESIAN_POINT('',(-3.577677367,3.232151333,1.27099947));
#1612=CARTESIAN_POINT('',(-3.285662026,3.232151333,1.27099947));
#1613=CARTESIAN_POINT('',(-2.993646685,3.232151333,1.27099947));
#1614=CARTESIAN_POINT('',(-2.701631344,3.232151333,1.27099947));
#1615=CARTESIAN_POINT('',(-3.577677367,3.231561585,1.049933847));
#1616=CARTESIAN_POINT('',(-3.285662026,3.231561585,1.049933847));
#1617=CARTESIAN_POINT('',(-2.993646685,3.231561585,1.049933847));
#1618=CARTESIAN_POINT('',(-2.701631344,3.231561585,1.049933847));
#1619=CARTESIAN_POINT('',(-3.577677367,3.388010056,0.89535));
#1620=CARTESIAN_POINT('',(-3.285662026,3.388010056,0.89535));
#1621=CARTESIAN_POINT('',(-2.993646685,3.388010056,0.89535));
#1622=CARTESIAN_POINT('',(-2.701631344,3.388010056,0.89535));
#1623=CARTESIAN_POINT('',(-3.577677367,3.6068,0.89535));
#1624=CARTESIAN_POINT('',(-3.285662026,3.6068,0.89535));
#1625=CARTESIAN_POINT('',(-2.993646685,3.6068,0.89535));
#1626=CARTESIAN_POINT('',(-2.701631344,3.6068,0.89535));
#1627=CARTESIAN_POINT('',(-3.577677367,3.825589944,0.89535));
#1628=CARTESIAN_POINT('',(-3.285662026,3.825589944,0.89535));
#1629=CARTESIAN_POINT('',(-2.993646685,3.825589944,0.89535));
#1630=CARTESIAN_POINT('',(-2.701631344,3.825589944,0.89535));
#1631=CARTESIAN_POINT('',(-3.577677367,3.982038415,1.049933847));
#1632=CARTESIAN_POINT('',(-3.285662026,3.982038415,1.049933847));
#1633=CARTESIAN_POINT('',(-2.993646685,3.982038415,1.049933847));
#1634=CARTESIAN_POINT('',(-2.701631344,3.982038415,1.049933847));
#1635=CARTESIAN_POINT('',(-3.577677367,3.981448667,1.27099947));
#1636=CARTESIAN_POINT('',(-3.285662026,3.981448667,1.27099947));
#1637=CARTESIAN_POINT('',(-2.993646685,3.981448667,1.27099947));
#1638=CARTESIAN_POINT('',(-2.701631344,3.981448667,1.27099947));
#1639=ADVANCED_FACE('',(#1640),#1652,.F.);
#1640=FACE_BOUND('',#1641,.T.);
#1641=EDGE_LOOP('',(#1642,#1649,#1650,#1651));
#1642=ORIENTED_EDGE('',*,*,#1643,.T.);
#1643=EDGE_CURVE('',#1597,#1589,#1644,.T.);
#1644=CIRCLE('',#1645,0.37465);
#1645=AXIS2_PLACEMENT_3D('',#1646,#1647,#1648);
#1646=CARTESIAN_POINT('',(-3.556,3.6068,1.27));
#1647=DIRECTION('',(-1.0,0.0,0.0));
#1648=DIRECTION('',(0.0,-1.0,0.0));
#1649=ORIENTED_EDGE('',*,*,#1588,.F.);
#1650=ORIENTED_EDGE('',*,*,#1489,.F.);
#1651=ORIENTED_EDGE('',*,*,#1605,.F.);
#1652=(BOUNDED_SURFACE()B_SPLINE_SURFACE(3,3,((#1653,#1654,#1655,#1656),(#1657,#1658,#1659,#1660),(#1661,#1662,#1663,#1664),(#1665,#1666,#1667,#1668),(#1669,#1670,#1671,#1672),(#1673,#1674,#1675,#1676),(#1677,#1678,#1679,#1680)),.UNSPECIFIED.,.F.,.F.,.U.)B_SPLINE_SURFACE_WITH_KNOTS((4,3,4),(4,4),(0.040748438,1.0,1.959251562),(0.01554656,0.050036561),.UNSPECIFIED.)GEOMETRIC_REPRESENTATION_ITEM()RATIONAL_B_SPLINE_SURFACE(((1.157983828,1.157983828,1.157983828,1.157983828),(0.937993673,0.937993673,0.937993673,0.937993673),(0.947753308,0.947753308,0.947753308,0.947753308),(1.187262732,1.187262732,1.187262732,1.187262732),(0.947753308,0.947753308,0.947753308,0.947753308),(0.937993673,0.937993673,0.937993673,0.937993673),(1.157983828,1.157983828,1.157983828,1.157983828)))REPRESENTATION_ITEM('')SURFACE());
#1653=CARTESIAN_POINT('',(-3.577677367,3.981448667,1.26900053));
#1654=CARTESIAN_POINT('',(-3.285662026,3.981448667,1.26900053));
#1655=CARTESIAN_POINT('',(-2.993646685,3.981448667,1.26900053));
#1656=CARTESIAN_POINT('',(-2.701631344,3.981448667,1.26900053));
#1657=CARTESIAN_POINT('',(-3.577677367,3.982038415,1.490066153));
#1658=CARTESIAN_POINT('',(-3.285662026,3.982038415,1.490066153));
#1659=CARTESIAN_POINT('',(-2.993646685,3.982038415,1.490066153));
#1660=CARTESIAN_POINT('',(-2.701631344,3.982038415,1.490066153));
#1661=CARTESIAN_POINT('',(-3.577677367,3.825589944,1.64465));
#1662=CARTESIAN_POINT('',(-3.285662026,3.825589944,1.64465));
#1663=CARTESIAN_POINT('',(-2.993646685,3.825589944,1.64465));
#1664=CARTESIAN_POINT('',(-2.701631344,3.825589944,1.64465));
#1665=CARTESIAN_POINT('',(-3.577677367,3.6068,1.64465));
#1666=CARTESIAN_POINT('',(-3.285662026,3.6068,1.64465));
#1667=CARTESIAN_POINT('',(-2.993646685,3.6068,1.64465));
#1668=CARTESIAN_POINT('',(-2.701631344,3.6068,1.64465));
#1669=CARTESIAN_POINT('',(-3.577677367,3.388010056,1.64465));
#1670=CARTESIAN_POINT('',(-3.285662026,3.388010056,1.64465));
#1671=CARTESIAN_POINT('',(-2.993646685,3.388010056,1.64465));
#1672=CARTESIAN_POINT('',(-2.701631344,3.388010056,1.64465));
#1673=CARTESIAN_POINT('',(-3.577677367,3.231561585,1.490066153));
#1674=CARTESIAN_POINT('',(-3.285662026,3.231561585,1.490066153));
#1675=CARTESIAN_POINT('',(-2.993646685,3.231561585,1.490066153));
#1676=CARTESIAN_POINT('',(-2.701631344,3.231561585,1.490066153));
#1677=CARTESIAN_POINT('',(-3.577677367,3.232151333,1.26900053));
#1678=CARTESIAN_POINT('',(-3.285662026,3.232151333,1.26900053));
#1679=CARTESIAN_POINT('',(-2.993646685,3.232151333,1.26900053));
#1680=CARTESIAN_POINT('',(-2.701631344,3.232151333,1.26900053));
#1681=ADVANCED_FACE('',(#1682),#1686,.T.);
#1682=FACE_BOUND('',#1683,.T.);
#1683=EDGE_LOOP('',(#1684,#1685));
#1684=ORIENTED_EDGE('',*,*,#1596,.F.);
#1685=ORIENTED_EDGE('',*,*,#1643,.F.);
#1686=B_SPLINE_SURFACE_WITH_KNOTS('',1,1,((#1687,#1688),(#1689,#1690)),.UNSPECIFIED.,.F.,.F.,.U.,(2,2),(2,2),(-0.014758865,0.014758865),(-0.014758865,0.014758865),.PIECEWISE_BEZIER_KNOTS.);
#1687=CARTESIAN_POINT('',(-3.556,3.981675166,1.644875166));
#1688=CARTESIAN_POINT('',(-3.556,3.981675166,0.895124834));
#1689=CARTESIAN_POINT('',(-3.556,3.231924834,1.644875166));
#1690=CARTESIAN_POINT('',(-3.556,3.231924834,0.895124834));
#1691=ADVANCED_FACE('',(#1692),#1710,.F.);
#1692=FACE_BOUND('',#1693,.T.);
#1693=EDGE_LOOP('',(#1694,#1695,#1703,#1709));
#1694=ORIENTED_EDGE('',*,*,#1256,.F.);
#1695=ORIENTED_EDGE('',*,*,#1696,.T.);
#1696=EDGE_CURVE('',#1248,#1697,#1699,.F.);
#1697=VERTEX_POINT('',#1698);
#1698=CARTESIAN_POINT('',(-3.3274,1.651,2.286));
#1699=LINE('',#1700,#1701);
#1700=CARTESIAN_POINT('',(-3.3274,1.651,2.286));
#1701=VECTOR('',#1702,1.0);
#1702=DIRECTION('',(1.0,0.0,0.0));
#1703=ORIENTED_EDGE('',*,*,#1704,.T.);
#1704=EDGE_CURVE('',#1697,#908,#1705,.F.);
#1705=LINE('',#1706,#1707);
#1706=CARTESIAN_POINT('',(-3.3274,1.651,2.5908));
#1707=VECTOR('',#1708,1.0);
#1708=DIRECTION('',(0.0,0.0,-1.0));
#1709=ORIENTED_EDGE('',*,*,#905,.F.);
#1710=B_SPLINE_SURFACE_WITH_KNOTS('',1,1,((#1711,#1712),(#1713,#1714)),.UNSPECIFIED.,.F.,.F.,.U.,(2,2),(2,2),(-3.937007874E-05,0.018456068),(-0.01203937,3.937007874E-05),.PIECEWISE_BEZIER_KNOTS.);
#1711=CARTESIAN_POINT('',(-3.3284,1.651,2.285));
#1712=CARTESIAN_POINT('',(-3.3284,1.651,2.5918));
#1713=CARTESIAN_POINT('',(-2.858615883,1.651,2.285));
#1714=CARTESIAN_POINT('',(-2.858615883,1.651,2.5918));
#1715=ADVANCED_FACE('',(#1716),#1734,.F.);
#1716=FACE_BOUND('',#1717,.T.);
#1717=EDGE_LOOP('',(#1718,#1719,#1727,#1733));
#1718=ORIENTED_EDGE('',*,*,#1704,.F.);
#1719=ORIENTED_EDGE('',*,*,#1720,.T.);
#1720=EDGE_CURVE('',#1697,#1721,#1723,.F.);
#1721=VERTEX_POINT('',#1722);
#1722=CARTESIAN_POINT('',(-3.3274,2.7305,2.286));
#1723=LINE('',#1724,#1725);
#1724=CARTESIAN_POINT('',(-3.3274,2.7305,2.286));
#1725=VECTOR('',#1726,1.0);
#1726=DIRECTION('',(0.0,-1.0,0.0));
#1727=ORIENTED_EDGE('',*,*,#1728,.T.);
#1728=EDGE_CURVE('',#1721,#916,#1729,.F.);
#1729=LINE('',#1730,#1731);
#1730=CARTESIAN_POINT('',(-3.3274,2.7305,2.5908));
#1731=VECTOR('',#1732,1.0);
#1732=DIRECTION('',(0.0,0.0,-1.0));
#1733=ORIENTED_EDGE('',*,*,#915,.F.);
#1734=B_SPLINE_SURFACE_WITH_KNOTS('',1,1,((#1735,#1736),(#1737,#1738)),.UNSPECIFIED.,.F.,.F.,.U.,(2,2),(2,2),(-3.937007874E-05,0.04253937),(-0.01203937,3.937007874E-05),.PIECEWISE_BEZIER_KNOTS.);
#1735=CARTESIAN_POINT('',(-3.3274,2.7315,2.285));
#1736=CARTESIAN_POINT('',(-3.3274,2.7315,2.5918));
#1737=CARTESIAN_POINT('',(-3.3274,1.65,2.285));
#1738=CARTESIAN_POINT('',(-3.3274,1.65,2.5918));
#1739=ADVANCED_FACE('',(#1740),#1760,.T.);
#1740=FACE_BOUND('',#1741,.T.);
#1741=EDGE_LOOP('',(#1742,#1743,#1752,#1758,#1759));
#1742=ORIENTED_EDGE('',*,*,#1728,.F.);
#1743=ORIENTED_EDGE('',*,*,#1744,.T.);
#1744=EDGE_CURVE('',#1721,#1745,#1747,.F.);
#1745=VERTEX_POINT('',#1746);
#1746=CARTESIAN_POINT('',(-3.7084,2.7305,2.286));
#1747=CIRCLE('',#1748,0.1905);
#1748=AXIS2_PLACEMENT_3D('',#1749,#1750,#1751);
#1749=CARTESIAN_POINT('',(-3.5179,2.7305,2.286));
#1750=DIRECTION('',(0.0,0.0,-1.0));
#1751=DIRECTION('',(-1.0,0.0,0.0));
#1752=ORIENTED_EDGE('',*,*,#1753,.T.);
#1753=EDGE_CURVE('',#1745,#639,#1754,.F.);
#1754=LINE('',#1755,#1756);
#1755=CARTESIAN_POINT('',(-3.7084,2.7305,2.5908));
#1756=VECTOR('',#1757,1.0);
#1757=DIRECTION('',(0.0,0.0,-1.0));
#1758=ORIENTED_EDGE('',*,*,#636,.F.);
#1759=ORIENTED_EDGE('',*,*,#923,.F.);
#1760=(BOUNDED_SURFACE()B_SPLINE_SURFACE(3,3,((#1761,#1762,#1763,#1764),(#1765,#1766,#1767,#1768),(#1769,#1770,#1771,#1772),(#1773,#1774,#1775,#1776),(#1777,#1778,#1779,#1780),(#1781,#1782,#1783,#1784),(#1785,#1786,#1787,#1788)),.UNSPECIFIED.,.F.,.F.,.U.)B_SPLINE_SURFACE_WITH_KNOTS((4,3,4),(4,4),(0.071078205,1.0,1.928921795),(-0.01285344,8.534396288E-04),.UNSPECIFIED.)GEOMETRIC_REPRESENTATION_ITEM()RATIONAL_B_SPLINE_SURFACE(((1.147663621,1.147663621,1.147663621,1.147663621),(0.934465539,0.934465539,0.934465539,0.934465539),(0.952130458,0.952130458,0.952130458,0.952130458),(1.200658376,1.200658376,1.200658376,1.200658376),(0.952130458,0.952130458,0.952130458,0.952130458),(0.934465539,0.934465539,0.934465539,0.934465539),(1.147663621,1.147663621,1.147663621,1.147663621)))REPRESENTATION_ITEM('')SURFACE());
#1761=CARTESIAN_POINT('',(-3.327402619,2.729501007,2.264322633));
#1762=CARTESIAN_POINT('',(-3.327402619,2.729501007,2.380374211));
#1763=CARTESIAN_POINT('',(-3.327402619,2.729501007,2.496425789));
#1764=CARTESIAN_POINT('',(-3.327402619,2.729501007,2.612477367));
#1765=CARTESIAN_POINT('',(-3.326809495,2.842603519,2.264322633));
#1766=CARTESIAN_POINT('',(-3.326809495,2.842603519,2.380374211));
#1767=CARTESIAN_POINT('',(-3.326809495,2.842603519,2.496425789));
#1768=CARTESIAN_POINT('',(-3.326809495,2.842603519,2.612477367));
#1769=CARTESIAN_POINT('',(-3.406894357,2.921,2.264322633));
#1770=CARTESIAN_POINT('',(-3.406894357,2.921,2.380374211));
#1771=CARTESIAN_POINT('',(-3.406894357,2.921,2.496425789));
#1772=CARTESIAN_POINT('',(-3.406894357,2.921,2.612477367));
#1773=CARTESIAN_POINT('',(-3.5179,2.921,2.264322633));
#1774=CARTESIAN_POINT('',(-3.5179,2.921,2.380374211));
#1775=CARTESIAN_POINT('',(-3.5179,2.921,2.496425789));
#1776=CARTESIAN_POINT('',(-3.5179,2.921,2.612477367));
#1777=CARTESIAN_POINT('',(-3.628905643,2.921,2.264322633));
#1778=CARTESIAN_POINT('',(-3.628905643,2.921,2.380374211));
#1779=CARTESIAN_POINT('',(-3.628905643,2.921,2.496425789));
#1780=CARTESIAN_POINT('',(-3.628905643,2.921,2.612477367));
#1781=CARTESIAN_POINT('',(-3.708990505,2.842603519,2.264322633));
#1782=CARTESIAN_POINT('',(-3.708990505,2.842603519,2.380374211));
#1783=CARTESIAN_POINT('',(-3.708990505,2.842603519,2.496425789));
#1784=CARTESIAN_POINT('',(-3.708990505,2.842603519,2.612477367));
#1785=CARTESIAN_POINT('',(-3.708397381,2.729501007,2.264322633));
#1786=CARTESIAN_POINT('',(-3.708397381,2.729501007,2.380374211));
#1787=CARTESIAN_POINT('',(-3.708397381,2.729501007,2.496425789));
#1788=CARTESIAN_POINT('',(-3.708397381,2.729501007,2.612477367));
#1789=ADVANCED_FACE('',(#1790),#1839,.F.);
#1790=FACE_BOUND('',#1791,.T.);
#1791=EDGE_LOOP('',(#1792,#1802,#1810,#1816,#1817,#1825,#1833));
#1792=ORIENTED_EDGE('',*,*,#1793,.T.);
#1793=EDGE_CURVE('',#1794,#1796,#1798,.T.);
#1794=VERTEX_POINT('',#1795);
#1795=CARTESIAN_POINT('',(-3.7084,-3.544731269,4.3688));
#1796=VERTEX_POINT('',#1797);
#1797=CARTESIAN_POINT('',(-3.7084,-4.2037,4.3688));
#1798=LINE('',#1799,#1800);
#1799=CARTESIAN_POINT('',(-3.7084,-3.544731269,4.3688));
#1800=VECTOR('',#1801,1.0);
#1801=DIRECTION('',(0.0,-1.0,0.0));
#1802=ORIENTED_EDGE('',*,*,#1803,.T.);
#1803=EDGE_CURVE('',#1796,#1804,#1806,.T.);
#1804=VERTEX_POINT('',#1805);
#1805=CARTESIAN_POINT('',(-3.7084,-4.1275,4.236817728));
#1806=LINE('',#1807,#1808);
#1807=CARTESIAN_POINT('',(-3.7084,-4.2037,4.3688));
#1808=VECTOR('',#1809,1.0);
#1809=DIRECTION('',(0.0,0.5,-0.866025404));
#1810=ORIENTED_EDGE('',*,*,#1811,.T.);
#1811=EDGE_CURVE('',#1804,#600,#1812,.T.);
#1812=LINE('',#1813,#1814);
#1813=CARTESIAN_POINT('',(-3.7084,-4.1275,4.236817728));
#1814=VECTOR('',#1815,1.0);
#1815=DIRECTION('',(0.0,0.0,-1.0));
#1816=ORIENTED_EDGE('',*,*,#599,.F.);
#1817=ORIENTED_EDGE('',*,*,#1818,.T.);
#1818=EDGE_CURVE('',#592,#1819,#1821,.T.);
#1819=VERTEX_POINT('',#1820);
#1820=CARTESIAN_POINT('',(-3.7084,-3.8735,2.286));
#1821=LINE('',#1822,#1823);
#1822=CARTESIAN_POINT('',(-3.7084,-3.8735,2.5908));
#1823=VECTOR('',#1824,1.0);
#1824=DIRECTION('',(0.0,0.0,-1.0));
#1825=ORIENTED_EDGE('',*,*,#1826,.T.);
#1826=EDGE_CURVE('',#1819,#1827,#1829,.F.);
#1827=VERTEX_POINT('',#1828);
#1828=CARTESIAN_POINT('',(-3.7084,-3.544731269,2.286));
#1829=LINE('',#1830,#1831);
#1830=CARTESIAN_POINT('',(-3.7084,-3.544731269,2.286));
#1831=VECTOR('',#1832,1.0);
#1832=DIRECTION('',(0.0,-1.0,0.0));
#1833=ORIENTED_EDGE('',*,*,#1834,.T.);
#1834=EDGE_CURVE('',#1827,#1794,#1835,.T.);
#1835=LINE('',#1836,#1837);
#1836=CARTESIAN_POINT('',(-3.7084,-3.544731269,2.286));
#1837=VECTOR('',#1838,1.0);
#1838=DIRECTION('',(0.0,0.0,1.0));
#1839=B_SPLINE_SURFACE_WITH_KNOTS('',1,1,((#1840,#1841),(#1842,#1843)),.UNSPECIFIED.,.F.,.F.,.U.,(2,2),(2,2),(0.302016979,0.32803937),(-0.08203937,3.937007874E-05),.PIECEWISE_BEZIER_KNOTS.);
#1840=CARTESIAN_POINT('',(-3.7084,-3.543731269,2.285));
#1841=CARTESIAN_POINT('',(-3.7084,-3.543731269,4.3698));
#1842=CARTESIAN_POINT('',(-3.7084,-4.2047,2.285));
#1843=CARTESIAN_POINT('',(-3.7084,-4.2047,4.3698));
#1844=ADVANCED_FACE('',(#1845),#1894,.F.);
#1845=FACE_BOUND('',#1846,.T.);
#1846=EDGE_LOOP('',(#1847,#1857,#1863,#1864,#1872,#1880,#1888));
#1847=ORIENTED_EDGE('',*,*,#1848,.T.);
#1848=EDGE_CURVE('',#1849,#1851,#1853,.F.);
#1849=VERTEX_POINT('',#1850);
#1850=CARTESIAN_POINT('',(-3.7084,3.544731269,2.286));
#1851=VERTEX_POINT('',#1852);
#1852=CARTESIAN_POINT('',(-3.7084,3.8735,2.286));
#1853=LINE('',#1854,#1855);
#1854=CARTESIAN_POINT('',(-3.7084,3.8735,2.286));
#1855=VECTOR('',#1856,1.0);
#1856=DIRECTION('',(0.0,-1.0,0.0));
#1857=ORIENTED_EDGE('',*,*,#1858,.T.);
#1858=EDGE_CURVE('',#1851,#721,#1859,.F.);
#1859=LINE('',#1860,#1861);
#1860=CARTESIAN_POINT('',(-3.7084,3.8735,2.5908));
#1861=VECTOR('',#1862,1.0);
#1862=DIRECTION('',(0.0,0.0,-1.0));
#1863=ORIENTED_EDGE('',*,*,#720,.F.);
#1864=ORIENTED_EDGE('',*,*,#1865,.T.);
#1865=EDGE_CURVE('',#713,#1866,#1868,.F.);
#1866=VERTEX_POINT('',#1867);
#1867=CARTESIAN_POINT('',(-3.7084,4.1275,4.236817728));
#1868=LINE('',#1869,#1870);
#1869=CARTESIAN_POINT('',(-3.7084,4.1275,4.236817728));
#1870=VECTOR('',#1871,1.0);
#1871=DIRECTION('',(0.0,0.0,-1.0));
#1872=ORIENTED_EDGE('',*,*,#1873,.T.);
#1873=EDGE_CURVE('',#1866,#1874,#1876,.F.);
#1874=VERTEX_POINT('',#1875);
#1875=CARTESIAN_POINT('',(-3.7084,4.2037,4.3688));
#1876=LINE('',#1877,#1878);
#1877=CARTESIAN_POINT('',(-3.7084,4.2037,4.3688));
#1878=VECTOR('',#1879,1.0);
#1879=DIRECTION('',(0.0,-0.5,-0.866025404));
#1880=ORIENTED_EDGE('',*,*,#1881,.T.);
#1881=EDGE_CURVE('',#1874,#1882,#1884,.T.);
#1882=VERTEX_POINT('',#1883);
#1883=CARTESIAN_POINT('',(-3.7084,3.544731269,4.3688));
#1884=LINE('',#1885,#1886);
#1885=CARTESIAN_POINT('',(-3.7084,4.2037,4.3688));
#1886=VECTOR('',#1887,1.0);
#1887=DIRECTION('',(0.0,-1.0,0.0));
#1888=ORIENTED_EDGE('',*,*,#1889,.T.);
#1889=EDGE_CURVE('',#1882,#1849,#1890,.F.);
#1890=LINE('',#1891,#1892);
#1891=CARTESIAN_POINT('',(-3.7084,3.544731269,2.286));
#1892=VECTOR('',#1893,1.0);
#1893=DIRECTION('',(0.0,0.0,1.0));
#1894=B_SPLINE_SURFACE_WITH_KNOTS('',1,1,((#1895,#1896),(#1897,#1898)),.UNSPECIFIED.,.F.,.F.,.U.,(2,2),(2,2),(-0.00303937,0.022983021),(-0.08203937,3.937007874E-05),.PIECEWISE_BEZIER_KNOTS.);
#1895=CARTESIAN_POINT('',(-3.7084,4.2047,2.285));
#1896=CARTESIAN_POINT('',(-3.7084,4.2047,4.3698));
#1897=CARTESIAN_POINT('',(-3.7084,3.543731269,2.285));
#1898=CARTESIAN_POINT('',(-3.7084,3.543731269,4.3698));
#1899=ADVANCED_FACE('',(#1900),#2046,.F.);
#1900=FACE_BOUND('',#1901,.T.);
#1901=EDGE_LOOP('',(#1902,#1912,#1920,#1928,#1936,#1942,#1943,#1944,#1952,#1960,#1968,#1976,#1984,#1992,#2000,#2008,#2016,#2024,#2032,#2040));
#1902=ORIENTED_EDGE('',*,*,#1903,.T.);
#1903=EDGE_CURVE('',#1904,#1906,#1908,.F.);
#1904=VERTEX_POINT('',#1905);
#1905=CARTESIAN_POINT('',(-3.7084,-3.1496,2.9464));
#1906=VERTEX_POINT('',#1907);
#1907=CARTESIAN_POINT('',(-3.7084,-3.1496,4.3688));
#1908=LINE('',#1909,#1910);
#1909=CARTESIAN_POINT('',(-3.7084,-3.1496,4.3688));
#1910=VECTOR('',#1911,1.0);
#1911=DIRECTION('',(0.0,0.0,-1.0));
#1912=ORIENTED_EDGE('',*,*,#1913,.T.);
#1913=EDGE_CURVE('',#1906,#1914,#1916,.T.);
#1914=VERTEX_POINT('',#1915);
#1915=CARTESIAN_POINT('',(-3.7084,-3.313268731,4.3688));
#1916=LINE('',#1917,#1918);
#1917=CARTESIAN_POINT('',(-3.7084,-3.1496,4.3688));
#1918=VECTOR('',#1919,1.0);
#1919=DIRECTION('',(0.0,-1.0,0.0));
#1920=ORIENTED_EDGE('',*,*,#1921,.T.);
#1921=EDGE_CURVE('',#1914,#1922,#1924,.F.);
#1922=VERTEX_POINT('',#1923);
#1923=CARTESIAN_POINT('',(-3.7084,-3.313268731,2.286));
#1924=LINE('',#1925,#1926);
#1925=CARTESIAN_POINT('',(-3.7084,-3.313268731,2.286));
#1926=VECTOR('',#1927,1.0);
#1927=DIRECTION('',(0.0,0.0,1.0));
#1928=ORIENTED_EDGE('',*,*,#1929,.T.);
#1929=EDGE_CURVE('',#1922,#1930,#1932,.F.);
#1930=VERTEX_POINT('',#1931);
#1931=CARTESIAN_POINT('',(-3.7084,-2.7305,2.286));
#1932=LINE('',#1933,#1934);
#1933=CARTESIAN_POINT('',(-3.7084,-2.7305,2.286));
#1934=VECTOR('',#1935,1.0);
#1935=DIRECTION('',(0.0,-1.0,0.0));
#1936=ORIENTED_EDGE('',*,*,#1937,.T.);
#1937=EDGE_CURVE('',#1930,#648,#1938,.F.);
#1938=LINE('',#1939,#1940);
#1939=CARTESIAN_POINT('',(-3.7084,-2.7305,2.5908));
#1940=VECTOR('',#1941,1.0);
#1941=DIRECTION('',(0.0,0.0,-1.0));
#1942=ORIENTED_EDGE('',*,*,#647,.F.);
#1943=ORIENTED_EDGE('',*,*,#1753,.F.);
#1944=ORIENTED_EDGE('',*,*,#1945,.T.);
#1945=EDGE_CURVE('',#1745,#1946,#1948,.F.);
#1946=VERTEX_POINT('',#1947);
#1947=CARTESIAN_POINT('',(-3.7084,3.313268731,2.286));
#1948=LINE('',#1949,#1950);
#1949=CARTESIAN_POINT('',(-3.7084,3.313268731,2.286));
#1950=VECTOR('',#1951,1.0);
#1951=DIRECTION('',(0.0,-1.0,0.0));
#1952=ORIENTED_EDGE('',*,*,#1953,.T.);
#1953=EDGE_CURVE('',#1946,#1954,#1956,.T.);
#1954=VERTEX_POINT('',#1955);
#1955=CARTESIAN_POINT('',(-3.7084,3.313268731,4.3688));
#1956=LINE('',#1957,#1958);
#1957=CARTESIAN_POINT('',(-3.7084,3.313268731,2.286));
#1958=VECTOR('',#1959,1.0);
#1959=DIRECTION('',(0.0,0.0,1.0));
#1960=ORIENTED_EDGE('',*,*,#1961,.T.);
#1961=EDGE_CURVE('',#1954,#1962,#1964,.T.);
#1962=VERTEX_POINT('',#1963);
#1963=CARTESIAN_POINT('',(-3.7084,3.1496,4.3688));
#1964=LINE('',#1965,#1966);
#1965=CARTESIAN_POINT('',(-3.7084,3.313268731,4.3688));
#1966=VECTOR('',#1967,1.0);
#1967=DIRECTION('',(0.0,-1.0,0.0));
#1968=ORIENTED_EDGE('',*,*,#1969,.T.);
#1969=EDGE_CURVE('',#1962,#1970,#1972,.T.);
#1970=VERTEX_POINT('',#1971);
#1971=CARTESIAN_POINT('',(-3.7084,3.1496,2.9464));
#1972=LINE('',#1973,#1974);
#1973=CARTESIAN_POINT('',(-3.7084,3.1496,4.3688));
#1974=VECTOR('',#1975,1.0);
#1975=DIRECTION('',(0.0,0.0,-1.0));
#1976=ORIENTED_EDGE('',*,*,#1977,.T.);
#1977=EDGE_CURVE('',#1970,#1978,#1980,.T.);
#1978=VERTEX_POINT('',#1979);
#1979=CARTESIAN_POINT('',(-3.7084,1.9304,2.9464));
#1980=LINE('',#1981,#1982);
#1981=CARTESIAN_POINT('',(-3.7084,3.1496,2.9464));
#1982=VECTOR('',#1983,1.0);
#1983=DIRECTION('',(0.0,-1.0,0.0));
#1984=ORIENTED_EDGE('',*,*,#1985,.T.);
#1985=EDGE_CURVE('',#1978,#1986,#1988,.F.);
#1986=VERTEX_POINT('',#1987);
#1987=CARTESIAN_POINT('',(-3.7084,1.9304,4.3688));
#1988=LINE('',#1989,#1990);
#1989=CARTESIAN_POINT('',(-3.7084,1.9304,4.3688));
#1990=VECTOR('',#1991,1.0);
#1991=DIRECTION('',(0.0,0.0,-1.0));
#1992=ORIENTED_EDGE('',*,*,#1993,.T.);
#1993=EDGE_CURVE('',#1986,#1994,#1996,.T.);
#1994=VERTEX_POINT('',#1995);
#1995=CARTESIAN_POINT('',(-3.7084,0.6096,4.3688));
#1996=LINE('',#1997,#1998);
#1997=CARTESIAN_POINT('',(-3.7084,1.9304,4.3688));
#1998=VECTOR('',#1999,1.0);
#1999=DIRECTION('',(0.0,-1.0,0.0));
#2000=ORIENTED_EDGE('',*,*,#2001,.T.);
#2001=EDGE_CURVE('',#1994,#2002,#2004,.T.);
#2002=VERTEX_POINT('',#2003);
#2003=CARTESIAN_POINT('',(-3.7084,0.6096,2.9464));
#2004=LINE('',#2005,#2006);
#2005=CARTESIAN_POINT('',(-3.7084,0.6096,4.3688));
#2006=VECTOR('',#2007,1.0);
#2007=DIRECTION('',(0.0,0.0,-1.0));
#2008=ORIENTED_EDGE('',*,*,#2009,.T.);
#2009=EDGE_CURVE('',#2002,#2010,#2012,.F.);
#2010=VERTEX_POINT('',#2011);
#2011=CARTESIAN_POINT('',(-3.7084,-0.6096,2.9464));
#2012=LINE('',#2013,#2014);
#2013=CARTESIAN_POINT('',(-3.7084,-0.6096,2.9464));
#2014=VECTOR('',#2015,1.0);
#2015=DIRECTION('',(0.0,1.0,0.0));
#2016=ORIENTED_EDGE('',*,*,#2017,.T.);
#2017=EDGE_CURVE('',#2010,#2018,#2020,.F.);
#2018=VERTEX_POINT('',#2019);
#2019=CARTESIAN_POINT('',(-3.7084,-0.6096,4.3688));
#2020=LINE('',#2021,#2022);
#2021=CARTESIAN_POINT('',(-3.7084,-0.6096,4.3688));
#2022=VECTOR('',#2023,1.0);
#2023=DIRECTION('',(0.0,0.0,-1.0));
#2024=ORIENTED_EDGE('',*,*,#2025,.T.);
#2025=EDGE_CURVE('',#2018,#2026,#2028,.T.);
#2026=VERTEX_POINT('',#2027);
#2027=CARTESIAN_POINT('',(-3.7084,-1.9304,4.3688));
#2028=LINE('',#2029,#2030);
#2029=CARTESIAN_POINT('',(-3.7084,-0.6096,4.3688));
#2030=VECTOR('',#2031,1.0);
#2031=DIRECTION('',(0.0,-1.0,0.0));
#2032=ORIENTED_EDGE('',*,*,#2033,.T.);
#2033=EDGE_CURVE('',#2026,#2034,#2036,.T.);
#2034=VERTEX_POINT('',#2035);
#2035=CARTESIAN_POINT('',(-3.7084,-1.9304,2.9464));
#2036=LINE('',#2037,#2038);
#2037=CARTESIAN_POINT('',(-3.7084,-1.9304,4.3688));
#2038=VECTOR('',#2039,1.0);
#2039=DIRECTION('',(0.0,0.0,-1.0));
#2040=ORIENTED_EDGE('',*,*,#2041,.T.);
#2041=EDGE_CURVE('',#2034,#1904,#2042,.T.);
#2042=LINE('',#2043,#2044);
#2043=CARTESIAN_POINT('',(-3.7084,-1.9304,2.9464));
#2044=VECTOR('',#2045,1.0);
#2045=DIRECTION('',(0.0,-1.0,0.0));
#2046=B_SPLINE_SURFACE_WITH_KNOTS('',1,1,((#2047,#2048),(#2049,#2050)),.UNSPECIFIED.,.F.,.F.,.U.,(2,2),(2,2),(0.032016979,0.292983021),(-0.08203937,3.937007874E-05),.PIECEWISE_BEZIER_KNOTS.);
#2047=CARTESIAN_POINT('',(-3.7084,3.314268731,2.285));
#2048=CARTESIAN_POINT('',(-3.7084,3.314268731,4.3698));
#2049=CARTESIAN_POINT('',(-3.7084,-3.314268731,2.285));
#2050=CARTESIAN_POINT('',(-3.7084,-3.314268731,4.3698));
#2051=ADVANCED_FACE('',(#2052),#2085,.T.);
#2052=FACE_BOUND('',#2053,.T.);
#2053=EDGE_LOOP('',(#2054,#2055,#2063,#2069,#2070,#2078,#2084));
#2054=ORIENTED_EDGE('',*,*,#814,.F.);
#2055=ORIENTED_EDGE('',*,*,#2056,.T.);
#2056=EDGE_CURVE('',#353,#2057,#2059,.F.);
#2057=VERTEX_POINT('',#2058);
#2058=CARTESIAN_POINT('',(-3.5814,-3.492126147,4.148829547));
#2059=LINE('',#2060,#2061);
#2060=CARTESIAN_POINT('',(-3.5814,-3.492126147,4.148829547));
#2061=VECTOR('',#2062,1.0);
#2062=DIRECTION('',(0.0,0.0,-1.0));
#2063=ORIENTED_EDGE('',*,*,#2064,.T.);
#2064=EDGE_CURVE('',#2057,#1794,#2065,.T.);
#2065=LINE('',#2066,#2067);
#2066=CARTESIAN_POINT('',(-3.5814,-3.492126147,4.148829547));
#2067=VECTOR('',#2068,1.0);
#2068=DIRECTION('',(-0.489609778,-0.20280301,0.848029011));
#2069=ORIENTED_EDGE('',*,*,#1834,.F.);
#2070=ORIENTED_EDGE('',*,*,#2071,.T.);
#2071=EDGE_CURVE('',#1827,#2072,#2074,.T.);
#2072=VERTEX_POINT('',#2073);
#2073=CARTESIAN_POINT('',(-3.429,-3.429,2.286));
#2074=LINE('',#2075,#2076);
#2075=CARTESIAN_POINT('',(-3.7084,-3.544731269,2.286));
#2076=VECTOR('',#2077,1.0);
#2077=DIRECTION('',(0.923879533,0.382683432,0.0));
#2078=ORIENTED_EDGE('',*,*,#2079,.T.);
#2079=EDGE_CURVE('',#2072,#1057,#2080,.T.);
#2080=LINE('',#2081,#2082);
#2081=CARTESIAN_POINT('',(-3.429,-3.429,2.286));
#2082=VECTOR('',#2083,1.0);
#2083=DIRECTION('',(0.0,0.0,1.0));
#2084=ORIENTED_EDGE('',*,*,#1056,.F.);
#2085=B_SPLINE_SURFACE_WITH_KNOTS('',1,1,((#2086,#2087),(#2088,#2089)),.UNSPECIFIED.,.F.,.F.,.U.,(2,2),(2,2),(-3.937007871E-05,0.011945684),(-3.937007874E-05,0.08203937),.PIECEWISE_BEZIER_KNOTS.);
#2086=CARTESIAN_POINT('',(-3.70932388,-3.545113953,2.285));
#2087=CARTESIAN_POINT('',(-3.70932388,-3.545113953,4.3698));
#2088=CARTESIAN_POINT('',(-3.42807612,-3.428617317,2.285));
#2089=CARTESIAN_POINT('',(-3.42807612,-3.428617317,4.3698));
#2090=ADVANCED_FACE('',(#2091),#2117,.T.);
#2091=FACE_BOUND('',#2092,.T.);
#2092=EDGE_LOOP('',(#2093,#2094,#2100,#2101,#2109,#2115,#2116));
#2093=ORIENTED_EDGE('',*,*,#2079,.F.);
#2094=ORIENTED_EDGE('',*,*,#2095,.T.);
#2095=EDGE_CURVE('',#2072,#1922,#2096,.T.);
#2096=LINE('',#2097,#2098);
#2097=CARTESIAN_POINT('',(-3.429,-3.429,2.286));
#2098=VECTOR('',#2099,1.0);
#2099=DIRECTION('',(-0.923879533,0.382683432,0.0));
#2100=ORIENTED_EDGE('',*,*,#1921,.F.);
#2101=ORIENTED_EDGE('',*,*,#2102,.T.);
#2102=EDGE_CURVE('',#1914,#2103,#2105,.F.);
#2103=VERTEX_POINT('',#2104);
#2104=CARTESIAN_POINT('',(-3.5814,-3.365873853,4.148829547));
#2105=LINE('',#2106,#2107);
#2106=CARTESIAN_POINT('',(-3.5814,-3.365873853,4.148829547));
#2107=VECTOR('',#2108,1.0);
#2108=DIRECTION('',(-0.489609778,0.20280301,0.848029011));
#2109=ORIENTED_EDGE('',*,*,#2110,.T.);
#2110=EDGE_CURVE('',#2103,#345,#2111,.T.);
#2111=LINE('',#2112,#2113);
#2112=CARTESIAN_POINT('',(-3.5814,-3.365873853,4.148829547));
#2113=VECTOR('',#2114,1.0);
#2114=DIRECTION('',(0.0,0.0,-1.0));
#2115=ORIENTED_EDGE('',*,*,#845,.F.);
#2116=ORIENTED_EDGE('',*,*,#1064,.F.);
#2117=B_SPLINE_SURFACE_WITH_KNOTS('',1,1,((#2118,#2119),(#2120,#2121)),.UNSPECIFIED.,.F.,.F.,.U.,(2,2),(2,2),(-3.937007871E-05,0.011945684),(-3.937007874E-05,0.08203937),.PIECEWISE_BEZIER_KNOTS.);
#2118=CARTESIAN_POINT('',(-3.42807612,-3.429382683,2.285));
#2119=CARTESIAN_POINT('',(-3.42807612,-3.429382683,4.3698));
#2120=CARTESIAN_POINT('',(-3.70932388,-3.312886047,2.285));
#2121=CARTESIAN_POINT('',(-3.70932388,-3.312886047,4.3698));
#2122=ADVANCED_FACE('',(#2123),#2134,.F.);
#2123=FACE_BOUND('',#2124,.T.);
#2124=EDGE_LOOP('',(#2125,#2126,#2132,#2133));
#2125=ORIENTED_EDGE('',*,*,#2110,.F.);
#2126=ORIENTED_EDGE('',*,*,#2127,.T.);
#2127=EDGE_CURVE('',#2103,#2057,#2128,.F.);
#2128=LINE('',#2129,#2130);
#2129=CARTESIAN_POINT('',(-3.5814,-3.492126147,4.148829547));
#2130=VECTOR('',#2131,1.0);
#2131=DIRECTION('',(0.0,1.0,0.0));
#2132=ORIENTED_EDGE('',*,*,#2056,.F.);
#2133=ORIENTED_EDGE('',*,*,#352,.F.);
#2134=B_SPLINE_SURFACE_WITH_KNOTS('',1,1,((#2135,#2136),(#2137,#2138)),.UNSPECIFIED.,.F.,.F.,.U.,(2,2),(2,2),(0.019975349,0.025024651),(-0.061379116,-0.02996063),.PIECEWISE_BEZIER_KNOTS.);
#2135=CARTESIAN_POINT('',(-3.5814,-3.493126147,4.149829547));
#2136=CARTESIAN_POINT('',(-3.5814,-3.493126147,3.3518));
#2137=CARTESIAN_POINT('',(-3.5814,-3.364873853,4.149829547));
#2138=CARTESIAN_POINT('',(-3.5814,-3.364873853,3.3518));
#2139=ADVANCED_FACE('',(#2140),#2165,.F.);
#2140=FACE_BOUND('',#2141,.T.);
#2141=EDGE_LOOP('',(#2142,#2150,#2158,#2164));
#2142=ORIENTED_EDGE('',*,*,#2143,.T.);
#2143=EDGE_CURVE('',#329,#2144,#2146,.F.);
#2144=VERTEX_POINT('',#2145);
#2145=CARTESIAN_POINT('',(-3.5814,3.492126147,4.148829547));
#2146=LINE('',#2147,#2148);
#2147=CARTESIAN_POINT('',(-3.5814,3.492126147,4.148829547));
#2148=VECTOR('',#2149,1.0);
#2149=DIRECTION('',(0.0,0.0,-1.0));
#2150=ORIENTED_EDGE('',*,*,#2151,.T.);
#2151=EDGE_CURVE('',#2144,#2152,#2154,.F.);
#2152=VERTEX_POINT('',#2153);
#2153=CARTESIAN_POINT('',(-3.5814,3.365873853,4.148829547));
#2154=LINE('',#2155,#2156);
#2155=CARTESIAN_POINT('',(-3.5814,3.365873853,4.148829547));
#2156=VECTOR('',#2157,1.0);
#2157=DIRECTION('',(0.0,1.0,0.0));
#2158=ORIENTED_EDGE('',*,*,#2159,.T.);
#2159=EDGE_CURVE('',#2152,#337,#2160,.T.);
#2160=LINE('',#2161,#2162);
#2161=CARTESIAN_POINT('',(-3.5814,3.365873853,4.148829547));
#2162=VECTOR('',#2163,1.0);
#2163=DIRECTION('',(0.0,0.0,-1.0));
#2164=ORIENTED_EDGE('',*,*,#336,.F.);
#2165=B_SPLINE_SURFACE_WITH_KNOTS('',1,1,((#2166,#2167),(#2168,#2169)),.UNSPECIFIED.,.F.,.F.,.U.,(2,2),(2,2),(0.289975349,0.295024651),(-0.061379116,-0.02996063),.PIECEWISE_BEZIER_KNOTS.);
#2166=CARTESIAN_POINT('',(-3.5814,3.364873853,4.149829547));
#2167=CARTESIAN_POINT('',(-3.5814,3.364873853,3.3518));
#2168=CARTESIAN_POINT('',(-3.5814,3.493126147,4.149829547));
#2169=CARTESIAN_POINT('',(-3.5814,3.493126147,3.3518));
#2170=ADVANCED_FACE('',(#2171),#2182,.F.);
#2171=FACE_BOUND('',#2172,.T.);
#2172=EDGE_LOOP('',(#2173,#2174,#2180,#2181));
#2173=ORIENTED_EDGE('',*,*,#2102,.F.);
#2174=ORIENTED_EDGE('',*,*,#2175,.T.);
#2175=EDGE_CURVE('',#1914,#1794,#2176,.T.);
#2176=LINE('',#2177,#2178);
#2177=CARTESIAN_POINT('',(-3.7084,-3.313268731,4.3688));
#2178=VECTOR('',#2179,1.0);
#2179=DIRECTION('',(0.0,-1.0,0.0));
#2180=ORIENTED_EDGE('',*,*,#2064,.F.);
#2181=ORIENTED_EDGE('',*,*,#2127,.F.);
#2182=B_SPLINE_SURFACE_WITH_KNOTS('',1,1,((#2183,#2184),(#2185,#2186)),.UNSPECIFIED.,.F.,.F.,.U.,(2,2),(2,2),(0.01196063,0.02203937),(-0.365195719,-0.356004281),.PIECEWISE_BEZIER_KNOTS.);
#2183=CARTESIAN_POINT('',(-3.5809,-3.545731269,4.147963522));
#2184=CARTESIAN_POINT('',(-3.5809,-3.312268731,4.147963522));
#2185=CARTESIAN_POINT('',(-3.7089,-3.545731269,4.369666025));
#2186=CARTESIAN_POINT('',(-3.7089,-3.312268731,4.369666025));
#2187=ADVANCED_FACE('',(#2188),#2209,.F.);
#2188=FACE_BOUND('',#2189,.T.);
#2189=EDGE_LOOP('',(#2190,#2196,#2202,#2208));
#2190=ORIENTED_EDGE('',*,*,#2191,.T.);
#2191=EDGE_CURVE('',#2144,#1882,#2192,.T.);
#2192=LINE('',#2193,#2194);
#2193=CARTESIAN_POINT('',(-3.5814,3.492126147,4.148829547));
#2194=VECTOR('',#2195,1.0);
#2195=DIRECTION('',(-0.489609778,0.20280301,0.848029011));
#2196=ORIENTED_EDGE('',*,*,#2197,.T.);
#2197=EDGE_CURVE('',#1882,#1954,#2198,.T.);
#2198=LINE('',#2199,#2200);
#2199=CARTESIAN_POINT('',(-3.7084,3.544731269,4.3688));
#2200=VECTOR('',#2201,1.0);
#2201=DIRECTION('',(0.0,-1.0,0.0));
#2202=ORIENTED_EDGE('',*,*,#2203,.T.);
#2203=EDGE_CURVE('',#1954,#2152,#2204,.F.);
#2204=LINE('',#2205,#2206);
#2205=CARTESIAN_POINT('',(-3.5814,3.365873853,4.148829547));
#2206=VECTOR('',#2207,1.0);
#2207=DIRECTION('',(-0.489609778,-0.20280301,0.848029011));
#2208=ORIENTED_EDGE('',*,*,#2151,.F.);
#2209=B_SPLINE_SURFACE_WITH_KNOTS('',1,1,((#2210,#2211),(#2212,#2213)),.UNSPECIFIED.,.F.,.F.,.U.,(2,2),(2,2),(0.01196063,0.02203937),(-0.095195719,-0.086004281),.PIECEWISE_BEZIER_KNOTS.);
#2210=CARTESIAN_POINT('',(-3.5809,3.312268731,4.147963522));
#2211=CARTESIAN_POINT('',(-3.5809,3.545731269,4.147963522));
#2212=CARTESIAN_POINT('',(-3.7089,3.312268731,4.369666025));
#2213=CARTESIAN_POINT('',(-3.7089,3.545731269,4.369666025));
#2214=ADVANCED_FACE('',(#2215),#2308,.T.);
#2215=FACE_BOUND('',#2216,.T.);
#2216=EDGE_LOOP('',(#2217,#2228,#2236,#2245,#2253,#2262,#2270,#2276,#2277,#2285,#2293,#2302));
#2217=ORIENTED_EDGE('',*,*,#2218,.T.);
#2218=EDGE_CURVE('',#2219,#2221,#2223,.T.);
#2219=VERTEX_POINT('',#2220);
#2220=CARTESIAN_POINT('',(-4.6736,2.2606,4.3688));
#2221=VERTEX_POINT('',#2222);
#2222=CARTESIAN_POINT('',(-4.7752,2.0574,4.3688));
#2223=CIRCLE('',#2224,0.254);
#2224=AXIS2_PLACEMENT_3D('',#2225,#2226,#2227);
#2225=CARTESIAN_POINT('',(-4.5212,2.0574,4.3688));
#2226=DIRECTION('',(0.0,0.0,1.0));
#2227=DIRECTION('',(-0.6,0.8,0.0));
#2228=ORIENTED_EDGE('',*,*,#2229,.T.);
#2229=EDGE_CURVE('',#2221,#2230,#2232,.F.);
#2230=VERTEX_POINT('',#2231);
#2231=CARTESIAN_POINT('',(-4.7752,0.4826,4.3688));
#2232=LINE('',#2233,#2234);
#2233=CARTESIAN_POINT('',(-4.7752,0.4826,4.3688));
#2234=VECTOR('',#2235,1.0);
#2235=DIRECTION('',(0.0,1.0,0.0));
#2236=ORIENTED_EDGE('',*,*,#2237,.T.);
#2237=EDGE_CURVE('',#2230,#2238,#2240,.T.);
#2238=VERTEX_POINT('',#2239);
#2239=CARTESIAN_POINT('',(-4.6736,0.2794,4.3688));
#2240=CIRCLE('',#2241,0.254);
#2241=AXIS2_PLACEMENT_3D('',#2242,#2243,#2244);
#2242=CARTESIAN_POINT('',(-4.5212,0.4826,4.3688));
#2243=DIRECTION('',(0.0,0.0,1.0));
#2244=DIRECTION('',(-1.0,0.0,0.0));
#2245=ORIENTED_EDGE('',*,*,#2246,.T.);
#2246=EDGE_CURVE('',#2238,#2247,#2249,.F.);
#2247=VERTEX_POINT('',#2248);
#2248=CARTESIAN_POINT('',(-4.3688,0.2794,4.3688));
#2249=LINE('',#2250,#2251);
#2250=CARTESIAN_POINT('',(-4.3688,0.2794,4.3688));
#2251=VECTOR('',#2252,1.0);
#2252=DIRECTION('',(-1.0,0.0,0.0));
#2253=ORIENTED_EDGE('',*,*,#2254,.T.);
#2254=EDGE_CURVE('',#2247,#2255,#2257,.T.);
#2255=VERTEX_POINT('',#2256);
#2256=CARTESIAN_POINT('',(-4.2672,0.4826,4.3688));
#2257=CIRCLE('',#2258,0.254);
#2258=AXIS2_PLACEMENT_3D('',#2259,#2260,#2261);
#2259=CARTESIAN_POINT('',(-4.5212,0.4826,4.3688));
#2260=DIRECTION('',(0.0,0.0,1.0));
#2261=DIRECTION('',(0.6,-0.8,0.0));
#2262=ORIENTED_EDGE('',*,*,#2263,.T.);
#2263=EDGE_CURVE('',#2255,#2264,#2266,.F.);
#2264=VERTEX_POINT('',#2265);
#2265=CARTESIAN_POINT('',(-4.2672,0.6096,4.3688));
#2266=LINE('',#2267,#2268);
#2267=CARTESIAN_POINT('',(-4.2672,0.6096,4.3688));
#2268=VECTOR('',#2269,1.0);
#2269=DIRECTION('',(0.0,-1.0,0.0));
#2270=ORIENTED_EDGE('',*,*,#2271,.T.);
#2271=EDGE_CURVE('',#2264,#1994,#2272,.F.);
#2272=LINE('',#2273,#2274);
#2273=CARTESIAN_POINT('',(-3.7084,0.6096,4.3688));
#2274=VECTOR('',#2275,1.0);
#2275=DIRECTION('',(-1.0,0.0,0.0));
#2276=ORIENTED_EDGE('',*,*,#1993,.F.);
#2277=ORIENTED_EDGE('',*,*,#2278,.T.);
#2278=EDGE_CURVE('',#1986,#2279,#2281,.F.);
#2279=VERTEX_POINT('',#2280);
#2280=CARTESIAN_POINT('',(-4.2672,1.9304,4.3688));
#2281=LINE('',#2282,#2283);
#2282=CARTESIAN_POINT('',(-4.2672,1.9304,4.3688));
#2283=VECTOR('',#2284,1.0);
#2284=DIRECTION('',(1.0,0.0,0.0));
#2285=ORIENTED_EDGE('',*,*,#2286,.T.);
#2286=EDGE_CURVE('',#2279,#2287,#2289,.F.);
#2287=VERTEX_POINT('',#2288);
#2288=CARTESIAN_POINT('',(-4.2672,2.0574,4.3688));
#2289=LINE('',#2290,#2291);
#2290=CARTESIAN_POINT('',(-4.2672,2.0574,4.3688));
#2291=VECTOR('',#2292,1.0);
#2292=DIRECTION('',(0.0,-1.0,0.0));
#2293=ORIENTED_EDGE('',*,*,#2294,.T.);
#2294=EDGE_CURVE('',#2287,#2295,#2297,.T.);
#2295=VERTEX_POINT('',#2296);
#2296=CARTESIAN_POINT('',(-4.3688,2.2606,4.3688));
#2297=CIRCLE('',#2298,0.254);
#2298=AXIS2_PLACEMENT_3D('',#2299,#2300,#2301);
#2299=CARTESIAN_POINT('',(-4.5212,2.0574,4.3688));
#2300=DIRECTION('',(0.0,0.0,1.0));
#2301=DIRECTION('',(1.0,0.0,0.0));
#2302=ORIENTED_EDGE('',*,*,#2303,.T.);
#2303=EDGE_CURVE('',#2295,#2219,#2304,.T.);
#2304=LINE('',#2305,#2306);
#2305=CARTESIAN_POINT('',(-4.3688,2.2606,4.3688));
#2306=VECTOR('',#2307,1.0);
#2307=DIRECTION('',(-1.0,0.0,0.0));
#2308=B_SPLINE_SURFACE_WITH_KNOTS('',1,1,((#2309,#2310),(#2311,#2312)),.UNSPECIFIED.,.F.,.F.,.U.,(2,2),(2,2),(0.14596063,0.18803937),(-0.08903937,-0.01096063),.PIECEWISE_BEZIER_KNOTS.);
#2309=CARTESIAN_POINT('',(-3.7074,2.2616,4.3688));
#2310=CARTESIAN_POINT('',(-3.7074,0.2784,4.3688));
#2311=CARTESIAN_POINT('',(-4.7762,2.2616,4.3688));
#2312=CARTESIAN_POINT('',(-4.7762,0.2784,4.3688));
#2313=ADVANCED_FACE('',(#2314),#2407,.T.);
#2314=FACE_BOUND('',#2315,.T.);
#2315=EDGE_LOOP('',(#2316,#2327,#2335,#2341,#2342,#2350,#2358,#2367,#2375,#2384,#2392,#2401));
#2316=ORIENTED_EDGE('',*,*,#2317,.T.);
#2317=EDGE_CURVE('',#2318,#2320,#2322,.T.);
#2318=VERTEX_POINT('',#2319);
#2319=CARTESIAN_POINT('',(-4.3688,-2.2606,4.3688));
#2320=VERTEX_POINT('',#2321);
#2321=CARTESIAN_POINT('',(-4.2672,-2.0574,4.3688));
#2322=CIRCLE('',#2323,0.254);
#2323=AXIS2_PLACEMENT_3D('',#2324,#2325,#2326);
#2324=CARTESIAN_POINT('',(-4.5212,-2.0574,4.3688));
#2325=DIRECTION('',(0.0,0.0,1.0));
#2326=DIRECTION('',(0.6,-0.8,0.0));
#2327=ORIENTED_EDGE('',*,*,#2328,.T.);
#2328=EDGE_CURVE('',#2320,#2329,#2331,.F.);
#2329=VERTEX_POINT('',#2330);
#2330=CARTESIAN_POINT('',(-4.2672,-1.9304,4.3688));
#2331=LINE('',#2332,#2333);
#2332=CARTESIAN_POINT('',(-4.2672,-1.9304,4.3688));
#2333=VECTOR('',#2334,1.0);
#2334=DIRECTION('',(0.0,-1.0,0.0));
#2335=ORIENTED_EDGE('',*,*,#2336,.T.);
#2336=EDGE_CURVE('',#2329,#2026,#2337,.F.);
#2337=LINE('',#2338,#2339);
#2338=CARTESIAN_POINT('',(-3.7084,-1.9304,4.3688));
#2339=VECTOR('',#2340,1.0);
#2340=DIRECTION('',(-1.0,0.0,0.0));
#2341=ORIENTED_EDGE('',*,*,#2025,.F.);
#2342=ORIENTED_EDGE('',*,*,#2343,.T.);
#2343=EDGE_CURVE('',#2018,#2344,#2346,.F.);
#2344=VERTEX_POINT('',#2345);
#2345=CARTESIAN_POINT('',(-4.2672,-0.6096,4.3688));
#2346=LINE('',#2347,#2348);
#2347=CARTESIAN_POINT('',(-4.2672,-0.6096,4.3688));
#2348=VECTOR('',#2349,1.0);
#2349=DIRECTION('',(1.0,0.0,0.0));
#2350=ORIENTED_EDGE('',*,*,#2351,.T.);
#2351=EDGE_CURVE('',#2344,#2352,#2354,.F.);
#2352=VERTEX_POINT('',#2353);
#2353=CARTESIAN_POINT('',(-4.2672,-0.4826,4.3688));
#2354=LINE('',#2355,#2356);
#2355=CARTESIAN_POINT('',(-4.2672,-0.4826,4.3688));
#2356=VECTOR('',#2357,1.0);
#2357=DIRECTION('',(0.0,-1.0,0.0));
#2358=ORIENTED_EDGE('',*,*,#2359,.T.);
#2359=EDGE_CURVE('',#2352,#2360,#2362,.T.);
#2360=VERTEX_POINT('',#2361);
#2361=CARTESIAN_POINT('',(-4.3688,-0.2794,4.3688));
#2362=CIRCLE('',#2363,0.254);
#2363=AXIS2_PLACEMENT_3D('',#2364,#2365,#2366);
#2364=CARTESIAN_POINT('',(-4.5212,-0.4826,4.3688));
#2365=DIRECTION('',(0.0,0.0,1.0));
#2366=DIRECTION('',(1.0,0.0,0.0));
#2367=ORIENTED_EDGE('',*,*,#2368,.T.);
#2368=EDGE_CURVE('',#2360,#2369,#2371,.T.);
#2369=VERTEX_POINT('',#2370);
#2370=CARTESIAN_POINT('',(-4.6736,-0.2794,4.3688));
#2371=LINE('',#2372,#2373);
#2372=CARTESIAN_POINT('',(-4.3688,-0.2794,4.3688));
#2373=VECTOR('',#2374,1.0);
#2374=DIRECTION('',(-1.0,0.0,0.0));
#2375=ORIENTED_EDGE('',*,*,#2376,.T.);
#2376=EDGE_CURVE('',#2369,#2377,#2379,.T.);
#2377=VERTEX_POINT('',#2378);
#2378=CARTESIAN_POINT('',(-4.7752,-0.4826,4.3688));
#2379=CIRCLE('',#2380,0.254);
#2380=AXIS2_PLACEMENT_3D('',#2381,#2382,#2383);
#2381=CARTESIAN_POINT('',(-4.5212,-0.4826,4.3688));
#2382=DIRECTION('',(0.0,0.0,1.0));
#2383=DIRECTION('',(-0.6,0.8,0.0));
#2384=ORIENTED_EDGE('',*,*,#2385,.T.);
#2385=EDGE_CURVE('',#2377,#2386,#2388,.F.);
#2386=VERTEX_POINT('',#2387);
#2387=CARTESIAN_POINT('',(-4.7752,-2.0574,4.3688));
#2388=LINE('',#2389,#2390);
#2389=CARTESIAN_POINT('',(-4.7752,-2.0574,4.3688));
#2390=VECTOR('',#2391,1.0);
#2391=DIRECTION('',(0.0,1.0,0.0));
#2392=ORIENTED_EDGE('',*,*,#2393,.T.);
#2393=EDGE_CURVE('',#2386,#2394,#2396,.T.);
#2394=VERTEX_POINT('',#2395);
#2395=CARTESIAN_POINT('',(-4.6736,-2.2606,4.3688));
#2396=CIRCLE('',#2397,0.254);
#2397=AXIS2_PLACEMENT_3D('',#2398,#2399,#2400);
#2398=CARTESIAN_POINT('',(-4.5212,-2.0574,4.3688));
#2399=DIRECTION('',(0.0,0.0,1.0));
#2400=DIRECTION('',(-1.0,0.0,0.0));
#2401=ORIENTED_EDGE('',*,*,#2402,.T.);
#2402=EDGE_CURVE('',#2394,#2318,#2403,.F.);
#2403=LINE('',#2404,#2405);
#2404=CARTESIAN_POINT('',(-4.3688,-2.2606,4.3688));
#2405=VECTOR('',#2406,1.0);
#2406=DIRECTION('',(-1.0,0.0,0.0));
#2407=B_SPLINE_SURFACE_WITH_KNOTS('',1,1,((#2408,#2409),(#2410,#2411)),.UNSPECIFIED.,.F.,.F.,.U.,(2,2),(2,2),(0.14596063,0.18803937),(0.01096063,0.08903937),.PIECEWISE_BEZIER_KNOTS.);
#2408=CARTESIAN_POINT('',(-3.7074,-0.2784,4.3688));
#2409=CARTESIAN_POINT('',(-3.7074,-2.2616,4.3688));
#2410=CARTESIAN_POINT('',(-4.7762,-0.2784,4.3688));
#2411=CARTESIAN_POINT('',(-4.7762,-2.2616,4.3688));
#2412=ADVANCED_FACE('',(#2413),#2637,.T.);
#2413=FACE_BOUND('',#2414,.T.);
#2414=EDGE_LOOP('',(#2415,#2425,#2433,#2441,#2449,#2458,#2466,#2475,#2483,#2489,#2490,#2491,#2492,#2500,#2508,#2516,#2522,#2523,#2524,#2525,#2533,#2541,#2550,#2558,#2567,#2575,#2583,#2591,#2599,#2607,#2615,#2623,#2631));
#2415=ORIENTED_EDGE('',*,*,#2416,.T.);
#2416=EDGE_CURVE('',#2417,#2419,#2421,.T.);
#2417=VERTEX_POINT('',#2418);
#2418=CARTESIAN_POINT('',(3.7592,4.7752,4.3688));
#2419=VERTEX_POINT('',#2420);
#2420=CARTESIAN_POINT('',(-4.2164,4.7752,4.3688));
#2421=LINE('',#2422,#2423);
#2422=CARTESIAN_POINT('',(3.7592,4.7752,4.3688));
#2423=VECTOR('',#2424,1.0);
#2424=DIRECTION('',(-1.0,0.0,0.0));
#2425=ORIENTED_EDGE('',*,*,#2426,.T.);
#2426=EDGE_CURVE('',#2419,#2427,#2429,.T.);
#2427=VERTEX_POINT('',#2428);
#2428=CARTESIAN_POINT('',(-4.2164,4.1402,4.3688));
#2429=LINE('',#2430,#2431);
#2430=CARTESIAN_POINT('',(-4.2164,4.7752,4.3688));
#2431=VECTOR('',#2432,1.0);
#2432=DIRECTION('',(0.0,-1.0,0.0));
#2433=ORIENTED_EDGE('',*,*,#2434,.T.);
#2434=EDGE_CURVE('',#2427,#2435,#2437,.F.);
#2435=VERTEX_POINT('',#2436);
#2436=CARTESIAN_POINT('',(-4.7752,4.1402,4.3688));
#2437=LINE('',#2438,#2439);
#2438=CARTESIAN_POINT('',(-4.7752,4.1402,4.3688));
#2439=VECTOR('',#2440,1.0);
#2440=DIRECTION('',(1.0,0.0,0.0));
#2441=ORIENTED_EDGE('',*,*,#2442,.T.);
#2442=EDGE_CURVE('',#2435,#2443,#2445,.F.);
#2443=VERTEX_POINT('',#2444);
#2444=CARTESIAN_POINT('',(-4.7752,3.0226,4.3688));
#2445=LINE('',#2446,#2447);
#2446=CARTESIAN_POINT('',(-4.7752,3.0226,4.3688));
#2447=VECTOR('',#2448,1.0);
#2448=DIRECTION('',(0.0,1.0,0.0));
#2449=ORIENTED_EDGE('',*,*,#2450,.T.);
#2450=EDGE_CURVE('',#2443,#2451,#2453,.T.);
#2451=VERTEX_POINT('',#2452);
#2452=CARTESIAN_POINT('',(-4.6736,2.8194,4.3688));
#2453=CIRCLE('',#2454,0.254);
#2454=AXIS2_PLACEMENT_3D('',#2455,#2456,#2457);
#2455=CARTESIAN_POINT('',(-4.5212,3.0226,4.3688));
#2456=DIRECTION('',(0.0,0.0,1.0));
#2457=DIRECTION('',(-1.0,0.0,0.0));
#2458=ORIENTED_EDGE('',*,*,#2459,.T.);
#2459=EDGE_CURVE('',#2451,#2460,#2462,.F.);
#2460=VERTEX_POINT('',#2461);
#2461=CARTESIAN_POINT('',(-4.3688,2.8194,4.3688));
#2462=LINE('',#2463,#2464);
#2463=CARTESIAN_POINT('',(-4.3688,2.8194,4.3688));
#2464=VECTOR('',#2465,1.0);
#2465=DIRECTION('',(-1.0,0.0,0.0));
#2466=ORIENTED_EDGE('',*,*,#2467,.T.);
#2467=EDGE_CURVE('',#2460,#2468,#2470,.T.);
#2468=VERTEX_POINT('',#2469);
#2469=CARTESIAN_POINT('',(-4.2672,3.0226,4.3688));
#2470=CIRCLE('',#2471,0.254);
#2471=AXIS2_PLACEMENT_3D('',#2472,#2473,#2474);
#2472=CARTESIAN_POINT('',(-4.5212,3.0226,4.3688));
#2473=DIRECTION('',(0.0,0.0,1.0));
#2474=DIRECTION('',(0.6,-0.8,0.0));
#2475=ORIENTED_EDGE('',*,*,#2476,.T.);
#2476=EDGE_CURVE('',#2468,#2477,#2479,.F.);
#2477=VERTEX_POINT('',#2478);
#2478=CARTESIAN_POINT('',(-4.2672,3.1496,4.3688));
#2479=LINE('',#2480,#2481);
#2480=CARTESIAN_POINT('',(-4.2672,3.1496,4.3688));
#2481=VECTOR('',#2482,1.0);
#2482=DIRECTION('',(0.0,-1.0,0.0));
#2483=ORIENTED_EDGE('',*,*,#2484,.T.);
#2484=EDGE_CURVE('',#2477,#1962,#2485,.F.);
#2485=LINE('',#2486,#2487);
#2486=CARTESIAN_POINT('',(-3.7084,3.1496,4.3688));
#2487=VECTOR('',#2488,1.0);
#2488=DIRECTION('',(-1.0,0.0,0.0));
#2489=ORIENTED_EDGE('',*,*,#1961,.F.);
#2490=ORIENTED_EDGE('',*,*,#2197,.F.);
#2491=ORIENTED_EDGE('',*,*,#1881,.F.);
#2492=ORIENTED_EDGE('',*,*,#2493,.T.);
#2493=EDGE_CURVE('',#1874,#2494,#2496,.F.);
#2494=VERTEX_POINT('',#2495);
#2495=CARTESIAN_POINT('',(1.072963073,4.2037,4.3688));
#2496=LINE('',#2497,#2498);
#2497=CARTESIAN_POINT('',(1.072963073,4.2037,4.3688));
#2498=VECTOR('',#2499,1.0);
#2499=DIRECTION('',(-1.0,0.0,0.0));
#2500=ORIENTED_EDGE('',*,*,#2501,.T.);
#2501=EDGE_CURVE('',#2494,#2502,#2504,.F.);
#2502=VERTEX_POINT('',#2503);
#2503=CARTESIAN_POINT('',(3.5306,1.746063073,4.3688));
#2504=LINE('',#2505,#2506);
#2505=CARTESIAN_POINT('',(3.5306,1.746063073,4.3688));
#2506=VECTOR('',#2507,1.0);
#2507=DIRECTION('',(-0.707106781,0.707106781,0.0));
#2508=ORIENTED_EDGE('',*,*,#2509,.T.);
#2509=EDGE_CURVE('',#2502,#2510,#2512,.F.);
#2510=VERTEX_POINT('',#2511);
#2511=CARTESIAN_POINT('',(3.5306,-4.2037,4.3688));
#2512=LINE('',#2513,#2514);
#2513=CARTESIAN_POINT('',(3.5306,-4.2037,4.3688));
#2514=VECTOR('',#2515,1.0);
#2515=DIRECTION('',(0.0,1.0,0.0));
#2516=ORIENTED_EDGE('',*,*,#2517,.T.);
#2517=EDGE_CURVE('',#2510,#1796,#2518,.T.);
#2518=LINE('',#2519,#2520);
#2519=CARTESIAN_POINT('',(3.5306,-4.2037,4.3688));
#2520=VECTOR('',#2521,1.0);
#2521=DIRECTION('',(-1.0,0.0,0.0));
#2522=ORIENTED_EDGE('',*,*,#1793,.F.);
#2523=ORIENTED_EDGE('',*,*,#2175,.F.);
#2524=ORIENTED_EDGE('',*,*,#1913,.F.);
#2525=ORIENTED_EDGE('',*,*,#2526,.T.);
#2526=EDGE_CURVE('',#1906,#2527,#2529,.T.);
#2527=VERTEX_POINT('',#2528);
#2528=CARTESIAN_POINT('',(-4.2672,-3.1496,4.3688));
#2529=LINE('',#2530,#2531);
#2530=CARTESIAN_POINT('',(-3.7084,-3.1496,4.3688));
#2531=VECTOR('',#2532,1.0);
#2532=DIRECTION('',(-1.0,0.0,0.0));
#2533=ORIENTED_EDGE('',*,*,#2534,.T.);
#2534=EDGE_CURVE('',#2527,#2535,#2537,.T.);
#2535=VERTEX_POINT('',#2536);
#2536=CARTESIAN_POINT('',(-4.2672,-3.0226,4.3688));
#2537=LINE('',#2538,#2539);
#2538=CARTESIAN_POINT('',(-4.2672,-3.1496,4.3688));
#2539=VECTOR('',#2540,1.0);
#2540=DIRECTION('',(0.0,1.0,0.0));
#2541=ORIENTED_EDGE('',*,*,#2542,.T.);
#2542=EDGE_CURVE('',#2535,#2543,#2545,.F.);
#2543=VERTEX_POINT('',#2544);
#2544=CARTESIAN_POINT('',(-4.3688,-2.8194,4.3688));
#2545=CIRCLE('',#2546,0.254);
#2546=AXIS2_PLACEMENT_3D('',#2547,#2548,#2549);
#2547=CARTESIAN_POINT('',(-4.5212,-3.0226,4.3688));
#2548=DIRECTION('',(0.0,0.0,-1.0));
#2549=DIRECTION('',(0.6,0.8,0.0));
#2550=ORIENTED_EDGE('',*,*,#2551,.T.);
#2551=EDGE_CURVE('',#2543,#2552,#2554,.T.);
#2552=VERTEX_POINT('',#2553);
#2553=CARTESIAN_POINT('',(-4.6736,-2.8194,4.3688));
#2554=LINE('',#2555,#2556);
#2555=CARTESIAN_POINT('',(-4.3688,-2.8194,4.3688));
#2556=VECTOR('',#2557,1.0);
#2557=DIRECTION('',(-1.0,0.0,0.0));
#2558=ORIENTED_EDGE('',*,*,#2559,.T.);
#2559=EDGE_CURVE('',#2552,#2560,#2562,.F.);
#2560=VERTEX_POINT('',#2561);
#2561=CARTESIAN_POINT('',(-4.7752,-3.0226,4.3688));
#2562=CIRCLE('',#2563,0.254);
#2563=AXIS2_PLACEMENT_3D('',#2564,#2565,#2566);
#2564=CARTESIAN_POINT('',(-4.5212,-3.0226,4.3688));
#2565=DIRECTION('',(0.0,0.0,-1.0));
#2566=DIRECTION('',(-1.0,0.0,0.0));
#2567=ORIENTED_EDGE('',*,*,#2568,.T.);
#2568=EDGE_CURVE('',#2560,#2569,#2571,.F.);
#2569=VERTEX_POINT('',#2570);
#2570=CARTESIAN_POINT('',(-4.7752,-4.1402,4.3688));
#2571=LINE('',#2572,#2573);
#2572=CARTESIAN_POINT('',(-4.7752,-4.1402,4.3688));
#2573=VECTOR('',#2574,1.0);
#2574=DIRECTION('',(0.0,1.0,0.0));
#2575=ORIENTED_EDGE('',*,*,#2576,.T.);
#2576=EDGE_CURVE('',#2569,#2577,#2579,.T.);
#2577=VERTEX_POINT('',#2578);
#2578=CARTESIAN_POINT('',(-4.2164,-4.1402,4.3688));
#2579=LINE('',#2580,#2581);
#2580=CARTESIAN_POINT('',(-4.7752,-4.1402,4.3688));
#2581=VECTOR('',#2582,1.0);
#2582=DIRECTION('',(1.0,0.0,0.0));
#2583=ORIENTED_EDGE('',*,*,#2584,.T.);
#2584=EDGE_CURVE('',#2577,#2585,#2587,.F.);
#2585=VERTEX_POINT('',#2586);
#2586=CARTESIAN_POINT('',(-4.2164,-4.7752,4.3688));
#2587=LINE('',#2588,#2589);
#2588=CARTESIAN_POINT('',(-4.2164,-4.7752,4.3688));
#2589=VECTOR('',#2590,1.0);
#2590=DIRECTION('',(0.0,1.0,0.0));
#2591=ORIENTED_EDGE('',*,*,#2592,.T.);
#2592=EDGE_CURVE('',#2585,#2593,#2595,.T.);
#2593=VERTEX_POINT('',#2594);
#2594=CARTESIAN_POINT('',(3.7592,-4.7752,4.3688));
#2595=LINE('',#2596,#2597);
#2596=CARTESIAN_POINT('',(-4.2164,-4.7752,4.3688));
#2597=VECTOR('',#2598,1.0);
#2598=DIRECTION('',(1.0,0.0,0.0));
#2599=ORIENTED_EDGE('',*,*,#2600,.T.);
#2600=EDGE_CURVE('',#2593,#2601,#2603,.T.);
#2601=VERTEX_POINT('',#2602);
#2602=CARTESIAN_POINT('',(3.7592,-4.1402,4.3688));
#2603=LINE('',#2604,#2605);
#2604=CARTESIAN_POINT('',(3.7592,-4.7752,4.3688));
#2605=VECTOR('',#2606,1.0);
#2606=DIRECTION('',(0.0,1.0,0.0));
#2607=ORIENTED_EDGE('',*,*,#2608,.T.);
#2608=EDGE_CURVE('',#2601,#2609,#2611,.F.);
#2609=VERTEX_POINT('',#2610);
#2610=CARTESIAN_POINT('',(4.7752,-4.1402,4.3688));
#2611=LINE('',#2612,#2613);
#2612=CARTESIAN_POINT('',(4.7752,-4.1402,4.3688));
#2613=VECTOR('',#2614,1.0);
#2614=DIRECTION('',(-1.0,0.0,0.0));
#2615=ORIENTED_EDGE('',*,*,#2616,.T.);
#2616=EDGE_CURVE('',#2609,#2617,#2619,.T.);
#2617=VERTEX_POINT('',#2618);
#2618=CARTESIAN_POINT('',(4.7752,4.1402,4.3688));
#2619=LINE('',#2620,#2621);
#2620=CARTESIAN_POINT('',(4.7752,-4.1402,4.3688));
#2621=VECTOR('',#2622,1.0);
#2622=DIRECTION('',(0.0,1.0,0.0));
#2623=ORIENTED_EDGE('',*,*,#2624,.T.);
#2624=EDGE_CURVE('',#2617,#2625,#2627,.T.);
#2625=VERTEX_POINT('',#2626);
#2626=CARTESIAN_POINT('',(3.7592,4.1402,4.3688));
#2627=LINE('',#2628,#2629);
#2628=CARTESIAN_POINT('',(4.7752,4.1402,4.3688));
#2629=VECTOR('',#2630,1.0);
#2630=DIRECTION('',(-1.0,0.0,0.0));
#2631=ORIENTED_EDGE('',*,*,#2632,.T.);
#2632=EDGE_CURVE('',#2625,#2417,#2633,.F.);
#2633=LINE('',#2634,#2635);
#2634=CARTESIAN_POINT('',(3.7592,4.7752,4.3688));
#2635=VECTOR('',#2636,1.0);
#2636=DIRECTION('',(0.0,-1.0,0.0));
#2637=B_SPLINE_SURFACE_WITH_KNOTS('',1,1,((#2638,#2639),(#2640,#2641)),.UNSPECIFIED.,.F.,.F.,.U.,(2,2),(2,2),(-0.18803937,0.18803937),(-0.18803937,0.18803937),.PIECEWISE_BEZIER_KNOTS.);
#2638=CARTESIAN_POINT('',(4.7762,4.7762,4.3688));
#2639=CARTESIAN_POINT('',(4.7762,-4.7762,4.3688));
#2640=CARTESIAN_POINT('',(-4.7762,4.7762,4.3688));
#2641=CARTESIAN_POINT('',(-4.7762,-4.7762,4.3688));
#2642=ADVANCED_FACE('',(#2643),#2668,.T.);
#2643=FACE_BOUND('',#2644,.T.);
#2644=EDGE_LOOP('',(#2645,#2653,#2661,#2667));
#2645=ORIENTED_EDGE('',*,*,#2646,.T.);
#2646=EDGE_CURVE('',#2295,#2647,#2649,.T.);
#2647=VERTEX_POINT('',#2648);
#2648=CARTESIAN_POINT('',(-4.3688,2.2606,3.5052));
#2649=LINE('',#2650,#2651);
#2650=CARTESIAN_POINT('',(-4.3688,2.2606,4.3688));
#2651=VECTOR('',#2652,1.0);
#2652=DIRECTION('',(0.0,0.0,-1.0));
#2653=ORIENTED_EDGE('',*,*,#2654,.T.);
#2654=EDGE_CURVE('',#2647,#2655,#2657,.T.);
#2655=VERTEX_POINT('',#2656);
#2656=CARTESIAN_POINT('',(-4.6736,2.2606,3.5052));
#2657=LINE('',#2658,#2659);
#2658=CARTESIAN_POINT('',(-4.3688,2.2606,3.5052));
#2659=VECTOR('',#2660,1.0);
#2660=DIRECTION('',(-1.0,0.0,0.0));
#2661=ORIENTED_EDGE('',*,*,#2662,.T.);
#2662=EDGE_CURVE('',#2655,#2219,#2663,.F.);
#2663=LINE('',#2664,#2665);
#2664=CARTESIAN_POINT('',(-4.6736,2.2606,4.3688));
#2665=VECTOR('',#2666,1.0);
#2666=DIRECTION('',(0.0,0.0,-1.0));
#2667=ORIENTED_EDGE('',*,*,#2303,.F.);
#2668=B_SPLINE_SURFACE_WITH_KNOTS('',1,1,((#2669,#2670),(#2671,#2672)),.UNSPECIFIED.,.F.,.F.,.U.,(2,2),(2,2),(-3.937007874E-05,0.01203937),(-0.03403937,3.937007874E-05),.PIECEWISE_BEZIER_KNOTS.);
#2669=CARTESIAN_POINT('',(-4.3678,2.2606,3.5042));
#2670=CARTESIAN_POINT('',(-4.3678,2.2606,4.3698));
#2671=CARTESIAN_POINT('',(-4.6746,2.2606,3.5042));
#2672=CARTESIAN_POINT('',(-4.6746,2.2606,4.3698));
#2673=ADVANCED_FACE('',(#2674),#2768,.T.);
#2674=FACE_BOUND('',#2675,.T.);
#2675=EDGE_LOOP('',(#2676,#2711,#2719,#2726,#2727,#2728,#2736,#2745,#2751,#2752,#2753,#2762));
#2676=ORIENTED_EDGE('',*,*,#2677,.T.);
#2677=EDGE_CURVE('',#2678,#2680,#2682,.F.);
#2678=VERTEX_POINT('',#2679);
#2679=CARTESIAN_POINT('',(-4.465976001,2.305324,2.6416));
#2680=VERTEX_POINT('',#2681);
#2681=CARTESIAN_POINT('',(-4.424023999,2.292076,2.6416));
#2682=B_SPLINE_CURVE_WITH_KNOTS('',3,(#2683,#2684,#2685,#2686,#2687,#2688,#2689,#2690,#2691,#2692,#2693,#2694,#2695,#2696,#2697,#2698,#2699,#2700,#2701,#2702,#2703,#2704,#2705,#2706,#2707,#2708,#2709,#2710),.UNSPECIFIED.,.F.,.U.,(4,1,1,1,1,1,1,1,1,1,1,1,1,1,1,1,1,1,1,1,1,1,1,1,1,4),(0.0,0.04,0.08,0.12,0.16,0.2,0.24,0.28,0.32,0.36,0.4,0.44,0.48,0.52,0.56,0.6,0.64,0.68,0.72,0.76,0.8,0.84,0.88,0.92,0.96,1.0),.QUASI_UNIFORM_KNOTS.);
#2683=CARTESIAN_POINT('',(-4.424023999,2.292076,2.6416));
#2684=CARTESIAN_POINT('',(-4.424023999,2.292076,2.629918059));
#2685=CARTESIAN_POINT('',(-4.421904748,2.291205001,2.606666593));
#2686=CARTESIAN_POINT('',(-4.416702459,2.288930553,2.5721446));
#2687=CARTESIAN_POINT('',(-4.412558798,2.287002155,2.537570178));
#2688=CARTESIAN_POINT('',(-4.410285455,2.285904165,2.502361452));
#2689=CARTESIAN_POINT('',(-4.410472455,2.285995198,2.465989985));
#2690=CARTESIAN_POINT('',(-4.413833572,2.287614551,2.427909863));
#2691=CARTESIAN_POINT('',(-4.42150658,2.291102787,2.387858885));
#2692=CARTESIAN_POINT('',(-4.435392289,2.29671535,2.345993226));
#2693=CARTESIAN_POINT('',(-4.457289069,2.303688084,2.306087842));
#2694=CARTESIAN_POINT('',(-4.485154909,2.30943913,2.275104552));
#2695=CARTESIAN_POINT('',(-4.516282914,2.311995963,2.255208732));
#2696=CARTESIAN_POINT('',(-4.547830124,2.310699488,2.246604072));
#2697=CARTESIAN_POINT('',(-4.579805704,2.305161772,2.250294701));
#2698=CARTESIAN_POINT('',(-4.60516549,2.297485397,2.265927173));
#2699=CARTESIAN_POINT('',(-4.623373953,2.290103049,2.291307682));
#2700=CARTESIAN_POINT('',(-4.632493545,2.28572167,2.323695013));
#2701=CARTESIAN_POINT('',(-4.63212287,2.285912105,2.357845662));
#2702=CARTESIAN_POINT('',(-4.622771104,2.29035171,2.391575215));
#2703=CARTESIAN_POINT('',(-4.605770856,2.297237857,2.42246393));
#2704=CARTESIAN_POINT('',(-4.581982125,2.304519992,2.452479401));
#2705=CARTESIAN_POINT('',(-4.553514301,2.309948869,2.483354078));
#2706=CARTESIAN_POINT('',(-4.522783324,2.311989541,2.518251181));
#2707=CARTESIAN_POINT('',(-4.494414655,2.310446801,2.557227102));
#2708=CARTESIAN_POINT('',(-4.471752985,2.306720028,2.601129671));
#2709=CARTESIAN_POINT('',(-4.465976001,2.305324,2.628160729));
#2710=CARTESIAN_POINT('',(-4.465976001,2.305324,2.6416));
#2711=ORIENTED_EDGE('',*,*,#2712,.T.);
#2712=EDGE_CURVE('',#2680,#2713,#2715,.F.);
#2713=VERTEX_POINT('',#2714);
#2714=CARTESIAN_POINT('',(-4.424023999,2.292076,3.5052));
#2715=LINE('',#2716,#2717);
#2716=CARTESIAN_POINT('',(-4.424023999,2.292076,3.5052));
#2717=VECTOR('',#2718,1.0);
#2718=DIRECTION('',(0.0,0.0,-1.0));
#2719=ORIENTED_EDGE('',*,*,#2720,.T.);
#2720=EDGE_CURVE('',#2713,#2647,#2721,.T.);
#2721=CIRCLE('',#2722,0.254);
#2722=AXIS2_PLACEMENT_3D('',#2723,#2724,#2725);
#2723=CARTESIAN_POINT('',(-4.5212,2.0574,3.5052));
#2724=DIRECTION('',(0.0,0.0,-1.0));
#2725=DIRECTION('',(0.382582681,0.923921259,0.0));
#2726=ORIENTED_EDGE('',*,*,#2646,.F.);
#2727=ORIENTED_EDGE('',*,*,#2294,.F.);
#2728=ORIENTED_EDGE('',*,*,#2729,.T.);
#2729=EDGE_CURVE('',#2287,#2730,#2732,.F.);
#2730=VERTEX_POINT('',#2731);
#2731=CARTESIAN_POINT('',(-4.2672,2.0574,0.4318));
#2732=LINE('',#2733,#2734);
#2733=CARTESIAN_POINT('',(-4.2672,2.0574,0.4318));
#2734=VECTOR('',#2735,1.0);
#2735=DIRECTION('',(0.0,0.0,1.0));
#2736=ORIENTED_EDGE('',*,*,#2737,.T.);
#2737=EDGE_CURVE('',#2730,#2738,#2740,.T.);
#2738=VERTEX_POINT('',#2739);
#2739=CARTESIAN_POINT('',(-4.7752,2.0574,0.4318));
#2740=CIRCLE('',#2741,0.254);
#2741=AXIS2_PLACEMENT_3D('',#2742,#2743,#2744);
#2742=CARTESIAN_POINT('',(-4.5212,2.0574,0.4318));
#2743=DIRECTION('',(0.0,0.0,1.0));
#2744=DIRECTION('',(1.0,0.0,0.0));
#2745=ORIENTED_EDGE('',*,*,#2746,.T.);
#2746=EDGE_CURVE('',#2738,#2221,#2747,.F.);
#2747=LINE('',#2748,#2749);
#2748=CARTESIAN_POINT('',(-4.7752,2.0574,4.3688));
#2749=VECTOR('',#2750,1.0);
#2750=DIRECTION('',(0.0,0.0,-1.0));
#2751=ORIENTED_EDGE('',*,*,#2218,.F.);
#2752=ORIENTED_EDGE('',*,*,#2662,.F.);
#2753=ORIENTED_EDGE('',*,*,#2754,.T.);
#2754=EDGE_CURVE('',#2655,#2755,#2757,.T.);
#2755=VERTEX_POINT('',#2756);
#2756=CARTESIAN_POINT('',(-4.465976001,2.305324,3.5052));
#2757=CIRCLE('',#2758,0.254);
#2758=AXIS2_PLACEMENT_3D('',#2759,#2760,#2761);
#2759=CARTESIAN_POINT('',(-4.5212,2.0574,3.5052));
#2760=DIRECTION('',(0.0,0.0,-1.0));
#2761=DIRECTION('',(-0.6,0.8,0.0));
#2762=ORIENTED_EDGE('',*,*,#2763,.T.);
#2763=EDGE_CURVE('',#2755,#2678,#2764,.T.);
#2764=LINE('',#2765,#2766);
#2765=CARTESIAN_POINT('',(-4.465976001,2.305324,3.5052));
#2766=VECTOR('',#2767,1.0);
#2767=DIRECTION('',(0.0,0.0,-1.0));
#2768=(BOUNDED_SURFACE()B_SPLINE_SURFACE(3,3,((#2769,#2770,#2771,#2772),(#2773,#2774,#2775,#2776),(#2777,#2778,#2779,#2780),(#2781,#2782,#2783,#2784),(#2785,#2786,#2787,#2788),(#2789,#2790,#2791,#2792),(#2793,#2794,#2795,#2796)),.UNSPECIFIED.,.F.,.F.,.U.)B_SPLINE_SURFACE_WITH_KNOTS((4,3,4),(4,4),(0.054316991,1.0,1.945683009),(-0.002579485,0.157579485),.UNSPECIFIED.)GEOMETRIC_REPRESENTATION_ITEM()RATIONAL_B_SPLINE_SURFACE(((1.153428252,1.153428252,1.153428252,1.153428252),(0.936391347,0.936391347,0.936391347,0.936391347),(0.949616881,0.949616881,0.949616881,0.949616881),(1.193104854,1.193104854,1.193104854,1.193104854),(0.949616881,0.949616881,0.949616881,0.949616881),(0.936391347,0.936391347,0.936391347,0.936391347),(1.153428252,1.153428252,1.153428252,1.153428252)))REPRESENTATION_ITEM('')SURFACE());
#2769=CARTESIAN_POINT('',(-4.775198035,2.05640077,4.434318918));
#2770=CARTESIAN_POINT('',(-4.775198035,2.05640077,3.078306306));
#2771=CARTESIAN_POINT('',(-4.775198035,2.05640077,1.722293694));
#2772=CARTESIAN_POINT('',(-4.775198035,2.05640077,0.366281082));
#2773=CARTESIAN_POINT('',(-4.775789309,2.206699005,4.434318918));
#2774=CARTESIAN_POINT('',(-4.775789309,2.206699005,3.078306306));
#2775=CARTESIAN_POINT('',(-4.775789309,2.206699005,1.722293694));
#2776=CARTESIAN_POINT('',(-4.775789309,2.206699005,0.366281082));
#2777=CARTESIAN_POINT('',(-4.669406144,2.3114,4.434318918));
#2778=CARTESIAN_POINT('',(-4.669406144,2.3114,3.078306306));
#2779=CARTESIAN_POINT('',(-4.669406144,2.3114,1.722293694));
#2780=CARTESIAN_POINT('',(-4.669406144,2.3114,0.366281082));
#2781=CARTESIAN_POINT('',(-4.5212,2.3114,4.434318918));
#2782=CARTESIAN_POINT('',(-4.5212,2.3114,3.078306306));
#2783=CARTESIAN_POINT('',(-4.5212,2.3114,1.722293694));
#2784=CARTESIAN_POINT('',(-4.5212,2.3114,0.366281082));
#2785=CARTESIAN_POINT('',(-4.372993856,2.3114,4.434318918));
#2786=CARTESIAN_POINT('',(-4.372993856,2.3114,3.078306306));
#2787=CARTESIAN_POINT('',(-4.372993856,2.3114,1.722293694));
#2788=CARTESIAN_POINT('',(-4.372993856,2.3114,0.366281082));
#2789=CARTESIAN_POINT('',(-4.266610691,2.206699005,4.434318918));
#2790=CARTESIAN_POINT('',(-4.266610691,2.206699005,3.078306306));
#2791=CARTESIAN_POINT('',(-4.266610691,2.206699005,1.722293694));
#2792=CARTESIAN_POINT('',(-4.266610691,2.206699005,0.366281082));
#2793=CARTESIAN_POINT('',(-4.267201965,2.05640077,4.434318918));
#2794=CARTESIAN_POINT('',(-4.267201965,2.05640077,3.078306306));
#2795=CARTESIAN_POINT('',(-4.267201965,2.05640077,1.722293694));
#2796=CARTESIAN_POINT('',(-4.267201965,2.05640077,0.366281082));
#2797=ADVANCED_FACE('',(#2798),#2850,.T.);
#2798=FACE_BOUND('',#2799,.T.);
#2799=EDGE_LOOP('',(#2800,#2807,#2808,#2817,#2825,#2834,#2842,#2849));
#2800=ORIENTED_EDGE('',*,*,#2801,.T.);
#2801=EDGE_CURVE('',#2755,#2713,#2802,.F.);
#2802=CIRCLE('',#2803,0.254);
#2803=AXIS2_PLACEMENT_3D('',#2804,#2805,#2806);
#2804=CARTESIAN_POINT('',(-4.3688,2.54,3.5052));
#2805=DIRECTION('',(0.0,0.0,-1.0));
#2806=DIRECTION('',(-0.217417319,-0.976078741,0.0));
#2807=ORIENTED_EDGE('',*,*,#2712,.F.);
#2808=ORIENTED_EDGE('',*,*,#2809,.T.);
#2809=EDGE_CURVE('',#2680,#2810,#2812,.F.);
#2810=VERTEX_POINT('',#2811);
#2811=CARTESIAN_POINT('',(-4.1148,2.54,2.6416));
#2812=CIRCLE('',#2813,0.254);
#2813=AXIS2_PLACEMENT_3D('',#2814,#2815,#2816);
#2814=CARTESIAN_POINT('',(-4.3688,2.54,2.6416));
#2815=DIRECTION('',(0.0,0.0,-1.0));
#2816=DIRECTION('',(1.0,0.0,0.0));
#2817=ORIENTED_EDGE('',*,*,#2818,.T.);
#2818=EDGE_CURVE('',#2810,#2819,#2821,.F.);
#2819=VERTEX_POINT('',#2820);
#2820=CARTESIAN_POINT('',(-4.1148,2.54,3.556));
#2821=LINE('',#2822,#2823);
#2822=CARTESIAN_POINT('',(-4.1148,2.54,3.556));
#2823=VECTOR('',#2824,1.0);
#2824=DIRECTION('',(0.0,0.0,-1.0));
#2825=ORIENTED_EDGE('',*,*,#2826,.T.);
#2826=EDGE_CURVE('',#2819,#2827,#2829,.T.);
#2827=VERTEX_POINT('',#2828);
#2828=CARTESIAN_POINT('',(-4.6228,2.54,3.556));
#2829=CIRCLE('',#2830,0.254);
#2830=AXIS2_PLACEMENT_3D('',#2831,#2832,#2833);
#2831=CARTESIAN_POINT('',(-4.3688,2.54,3.556));
#2832=DIRECTION('',(0.0,0.0,-1.0));
#2833=DIRECTION('',(1.0,0.0,0.0));
#2834=ORIENTED_EDGE('',*,*,#2835,.T.);
#2835=EDGE_CURVE('',#2827,#2836,#2838,.T.);
#2836=VERTEX_POINT('',#2837);
#2837=CARTESIAN_POINT('',(-4.6228,2.54,2.6416));
#2838=LINE('',#2839,#2840);
#2839=CARTESIAN_POINT('',(-4.6228,2.54,3.556));
#2840=VECTOR('',#2841,1.0);
#2841=DIRECTION('',(0.0,0.0,-1.0));
#2842=ORIENTED_EDGE('',*,*,#2843,.T.);
#2843=EDGE_CURVE('',#2836,#2678,#2844,.F.);
#2844=CIRCLE('',#2845,0.254);
#2845=AXIS2_PLACEMENT_3D('',#2846,#2847,#2848);
#2846=CARTESIAN_POINT('',(-4.3688,2.54,2.6416));
#2847=DIRECTION('',(0.0,0.0,-1.0));
#2848=DIRECTION('',(-0.382582681,-0.923921259,0.0));
#2849=ORIENTED_EDGE('',*,*,#2763,.F.);
#2850=(BOUNDED_SURFACE()B_SPLINE_SURFACE(3,3,((#2851,#2852,#2853,#2854),(#2855,#2856,#2857,#2858),(#2859,#2860,#2861,#2862),(#2863,#2864,#2865,#2866),(#2867,#2868,#2869,#2870),(#2871,#2872,#2873,#2874),(#2875,#2876,#2877,#2878)),.UNSPECIFIED.,.F.,.F.,.U.)B_SPLINE_SURFACE_WITH_KNOTS((4,3,4),(4,4),(0.054316991,1.0,1.945683009),(-8.534396288E-04,0.03685344),.UNSPECIFIED.)GEOMETRIC_REPRESENTATION_ITEM()RATIONAL_B_SPLINE_SURFACE(((1.153428252,1.153428252,1.153428252,1.153428252),(0.936391347,0.936391347,0.936391347,0.936391347),(0.949616881,0.949616881,0.949616881,0.949616881),(1.193104854,1.193104854,1.193104854,1.193104854),(0.949616881,0.949616881,0.949616881,0.949616881),(0.936391347,0.936391347,0.936391347,0.936391347),(1.153428252,1.153428252,1.153428252,1.153428252)))REPRESENTATION_ITEM('')SURFACE());
#2851=CARTESIAN_POINT('',(-4.114801965,2.54099923,3.577677367));
#2852=CARTESIAN_POINT('',(-4.114801965,2.54099923,3.258425789));
#2853=CARTESIAN_POINT('',(-4.114801965,2.54099923,2.939174211));
#2854=CARTESIAN_POINT('',(-4.114801965,2.54099923,2.619922633));
#2855=CARTESIAN_POINT('',(-4.114210691,2.390700995,3.577677367));
#2856=CARTESIAN_POINT('',(-4.114210691,2.390700995,3.258425789));
#2857=CARTESIAN_POINT('',(-4.114210691,2.390700995,2.939174211));
#2858=CARTESIAN_POINT('',(-4.114210691,2.390700995,2.619922633));
#2859=CARTESIAN_POINT('',(-4.220593856,2.286,3.577677367));
#2860=CARTESIAN_POINT('',(-4.220593856,2.286,3.258425789));
#2861=CARTESIAN_POINT('',(-4.220593856,2.286,2.939174211));
#2862=CARTESIAN_POINT('',(-4.220593856,2.286,2.619922633));
#2863=CARTESIAN_POINT('',(-4.3688,2.286,3.577677367));
#2864=CARTESIAN_POINT('',(-4.3688,2.286,3.258425789));
#2865=CARTESIAN_POINT('',(-4.3688,2.286,2.939174211));
#2866=CARTESIAN_POINT('',(-4.3688,2.286,2.619922633));
#2867=CARTESIAN_POINT('',(-4.517006144,2.286,3.577677367));
#2868=CARTESIAN_POINT('',(-4.517006144,2.286,3.258425789));
#2869=CARTESIAN_POINT('',(-4.517006144,2.286,2.939174211));
#2870=CARTESIAN_POINT('',(-4.517006144,2.286,2.619922633));
#2871=CARTESIAN_POINT('',(-4.623389309,2.390700995,3.577677367));
#2872=CARTESIAN_POINT('',(-4.623389309,2.390700995,3.258425789));
#2873=CARTESIAN_POINT('',(-4.623389309,2.390700995,2.939174211));
#2874=CARTESIAN_POINT('',(-4.623389309,2.390700995,2.619922633));
#2875=CARTESIAN_POINT('',(-4.622798035,2.54099923,3.577677367));
#2876=CARTESIAN_POINT('',(-4.622798035,2.54099923,3.258425789));
#2877=CARTESIAN_POINT('',(-4.622798035,2.54099923,2.939174211));
#2878=CARTESIAN_POINT('',(-4.622798035,2.54099923,2.619922633));
#2879=ADVANCED_FACE('',(#2880),#2925,.T.);
#2880=FACE_BOUND('',#2881,.T.);
#2881=EDGE_LOOP('',(#2882,#2883,#2897,#2906,#2923,#2924));
#2882=ORIENTED_EDGE('',*,*,#2843,.F.);
#2883=ORIENTED_EDGE('',*,*,#2884,.T.);
#2884=EDGE_CURVE('',#2836,#2885,#2887,.T.);
#2885=VERTEX_POINT('',#2886);
#2886=CARTESIAN_POINT('',(-4.6736,2.54,2.5908));
#2887=B_SPLINE_CURVE_WITH_KNOTS('',3,(#2888,#2889,#2890,#2891,#2892,#2893,#2894,#2895,#2896),.UNSPECIFIED.,.F.,.U.,(4,1,1,1,1,1,4),(0.0,0.166666667,0.333333333,0.5,0.666666667,0.833333333,1.0),.UNSPECIFIED.);
#2888=CARTESIAN_POINT('',(-4.6228,2.54,2.6416));
#2889=CARTESIAN_POINT('',(-4.6228,2.54,2.637166864));
#2890=CARTESIAN_POINT('',(-4.623967237,2.54,2.628300995));
#2891=CARTESIAN_POINT('',(-4.62910048,2.54,2.615908176));
#2892=CARTESIAN_POINT('',(-4.637266299,2.54,2.605266299));
#2893=CARTESIAN_POINT('',(-4.647908176,2.54,2.59710048));
#2894=CARTESIAN_POINT('',(-4.660300995,2.54,2.591967237));
#2895=CARTESIAN_POINT('',(-4.669166864,2.54,2.5908));
#2896=CARTESIAN_POINT('',(-4.6736,2.54,2.5908));
#2897=ORIENTED_EDGE('',*,*,#2898,.T.);
#2898=EDGE_CURVE('',#2885,#2899,#2901,.F.);
#2899=VERTEX_POINT('',#2900);
#2900=CARTESIAN_POINT('',(-4.6736,2.54,2.0828));
#2901=CIRCLE('',#2902,0.254);
#2902=AXIS2_PLACEMENT_3D('',#2903,#2904,#2905);
#2903=CARTESIAN_POINT('',(-4.6736,2.54,2.3368));
#2904=DIRECTION('',(-1.0,0.0,0.0));
#2905=DIRECTION('',(0.0,0.0,-1.0));
#2906=ORIENTED_EDGE('',*,*,#2907,.T.);
#2907=EDGE_CURVE('',#2899,#2810,#2908,.F.);
#2908=B_SPLINE_CURVE_WITH_KNOTS('',3,(#2909,#2910,#2911,#2912,#2913,#2914,#2915,#2916,#2917,#2918,#2919,#2920,#2921,#2922),.UNSPECIFIED.,.F.,.U.,(4,1,1,1,1,1,1,1,1,1,1,4),(0.0,0.090909091,0.181818182,0.272727273,0.363636364,0.454545455,0.545454545,0.636363636,0.727272727,0.818181818,0.909090909,1.0),.UNSPECIFIED.);
#2909=CARTESIAN_POINT('',(-4.1148,2.54,2.6416));
#2910=CARTESIAN_POINT('',(-4.1148,2.54,2.615001182));
#2911=CARTESIAN_POINT('',(-4.118604761,2.54,2.56180376));
#2912=CARTESIAN_POINT('',(-4.135610006,2.54,2.483631877));
#2913=CARTESIAN_POINT('',(-4.163567175,2.54,2.408675815));
#2914=CARTESIAN_POINT('',(-4.201907141,2.54,2.338461406));
#2915=CARTESIAN_POINT('',(-4.249849414,2.54,2.274418028));
#2916=CARTESIAN_POINT('',(-4.306418028,2.54,2.217849414));
#2917=CARTESIAN_POINT('',(-4.370461406,2.54,2.169907141));
#2918=CARTESIAN_POINT('',(-4.440675815,2.54,2.131567175));
#2919=CARTESIAN_POINT('',(-4.515631877,2.54,2.103610006));
#2920=CARTESIAN_POINT('',(-4.59380376,2.54,2.086604761));
#2921=CARTESIAN_POINT('',(-4.647001182,2.54,2.0828));
#2922=CARTESIAN_POINT('',(-4.6736,2.54,2.0828));
#2923=ORIENTED_EDGE('',*,*,#2809,.F.);
#2924=ORIENTED_EDGE('',*,*,#2677,.F.);
#2925=(BOUNDED_SURFACE()B_SPLINE_SURFACE(3,3,((#2926,#2927,#2928,#2929,#2930,#2931,#2932),(#2933,#2934,#2935,#2936,#2937,#2938,#2939),(#2940,#2941,#2942,#2943,#2944,#2945,#2946),(#2947,#2948,#2949,#2950,#2951,#2952,#2953)),.UNSPECIFIED.,.F.,.F.,.U.)B_SPLINE_SURFACE_WITH_KNOTS((4,4),(4,3,4),(0.180710533,0.805926397),(0.049795796,1.0,1.943894555),.UNSPECIFIED.)GEOMETRIC_REPRESENTATION_ITEM()RATIONAL_B_SPLINE_SURFACE(((1.383099003,1.119663276,1.134232211,1.426805808,1.13617499,1.119869019,1.377887894),(1.0873638,0.880256086,0.891709881,1.121725186,0.893237254,0.880417837,1.083266934),(1.081175168,0.875246189,0.886634796,1.115340989,0.888153475,0.875407019,1.077101619),(1.364533106,1.104633584,1.119006954,1.407653217,1.120923654,1.104836565,1.359391948)))REPRESENTATION_ITEM('')SURFACE());
#2926=CARTESIAN_POINT('',(-4.622843511,2.542746874,2.64403478));
#2927=CARTESIAN_POINT('',(-4.624475025,2.391718196,2.643956517));
#2928=CARTESIAN_POINT('',(-4.518076306,2.286,2.649060445));
#2929=CARTESIAN_POINT('',(-4.369150084,2.286,2.65620441));
#2930=CARTESIAN_POINT('',(-4.221465741,2.286,2.663288802));
#2931=CARTESIAN_POINT('',(-4.115261148,2.390299689,2.668383418));
#2932=CARTESIAN_POINT('',(-4.115442006,2.54030659,2.668374742));
#2933=CARTESIAN_POINT('',(-4.621347286,2.542746874,2.612843817));
#2934=CARTESIAN_POINT('',(-4.623026894,2.391718196,2.613768154));
#2935=CARTESIAN_POINT('',(-4.513491701,2.286,2.553487761));
#2936=CARTESIAN_POINT('',(-4.360175358,2.286,2.469113333));
#2937=CARTESIAN_POINT('',(-4.208137502,2.286,2.385442493));
#2938=CARTESIAN_POINT('',(-4.098802157,2.390299689,2.325272083));
#2939=CARTESIAN_POINT('',(-4.098988346,2.54030659,2.325374548));
#2940=CARTESIAN_POINT('',(-4.643049613,2.542746874,2.590266452));
#2941=CARTESIAN_POINT('',(-4.644031623,2.391718196,2.591916515));
#2942=CARTESIAN_POINT('',(-4.579990116,2.286,2.484308132));
#2943=CARTESIAN_POINT('',(-4.490351259,2.286,2.333688744));
#2944=CARTESIAN_POINT('',(-4.401459889,2.286,2.184325354));
#2945=CARTESIAN_POINT('',(-4.337535227,2.390299689,2.076913305));
#2946=CARTESIAN_POINT('',(-4.337644086,2.54030659,2.077096218));
#2947=CARTESIAN_POINT('',(-4.674450783,2.542746874,2.590792269));
#2948=CARTESIAN_POINT('',(-4.674423435,2.391718196,2.59242543));
#2949=CARTESIAN_POINT('',(-4.676206895,2.286,2.485919295));
#2950=CARTESIAN_POINT('',(-4.678703203,2.286,2.336842724));
#2951=CARTESIAN_POINT('',(-4.681178695,2.286,2.189009285));
#2952=CARTESIAN_POINT('',(-4.682958901,2.390299689,2.082697472));
#2953=CARTESIAN_POINT('',(-4.682955869,2.54030659,2.082878512));
#2954=ADVANCED_FACE('',(#2955),#3015,.T.);
#2955=FACE_BOUND('',#2956,.T.);
#2956=EDGE_LOOP('',(#2957,#2966,#2967,#2974,#2975,#2984));
#2957=ORIENTED_EDGE('',*,*,#2958,.T.);
#2958=EDGE_CURVE('',#2959,#2810,#2961,.T.);
#2959=VERTEX_POINT('',#2960);
#2960=CARTESIAN_POINT('',(-4.424023999,2.787924,2.6416));
#2961=CIRCLE('',#2962,0.254);
#2962=AXIS2_PLACEMENT_3D('',#2963,#2964,#2965);
#2963=CARTESIAN_POINT('',(-4.3688,2.54,2.6416));
#2964=DIRECTION('',(0.0,0.0,-1.0));
#2965=DIRECTION('',(-0.217417319,0.976078741,0.0));
#2966=ORIENTED_EDGE('',*,*,#2907,.F.);
#2967=ORIENTED_EDGE('',*,*,#2968,.T.);
#2968=EDGE_CURVE('',#2899,#2885,#2969,.F.);
#2969=CIRCLE('',#2970,0.254);
#2970=AXIS2_PLACEMENT_3D('',#2971,#2972,#2973);
#2971=CARTESIAN_POINT('',(-4.6736,2.54,2.3368));
#2972=DIRECTION('',(-1.0,0.0,0.0));
#2973=DIRECTION('',(0.0,0.0,1.0));
#2974=ORIENTED_EDGE('',*,*,#2884,.F.);
#2975=ORIENTED_EDGE('',*,*,#2976,.T.);
#2976=EDGE_CURVE('',#2836,#2977,#2979,.T.);
#2977=VERTEX_POINT('',#2978);
#2978=CARTESIAN_POINT('',(-4.465976001,2.774676,2.6416));
#2979=CIRCLE('',#2980,0.254);
#2980=AXIS2_PLACEMENT_3D('',#2981,#2982,#2983);
#2981=CARTESIAN_POINT('',(-4.3688,2.54,2.6416));
#2982=DIRECTION('',(0.0,0.0,-1.0));
#2983=DIRECTION('',(-1.0,0.0,0.0));
#2984=ORIENTED_EDGE('',*,*,#2985,.T.);
#2985=EDGE_CURVE('',#2977,#2959,#2986,.T.);
#2986=B_SPLINE_CURVE_WITH_KNOTS('',3,(#2987,#2988,#2989,#2990,#2991,#2992,#2993,#2994,#2995,#2996,#2997,#2998,#2999,#3000,#3001,#3002,#3003,#3004,#3005,#3006,#3007,#3008,#3009,#3010,#3011,#3012,#3013,#3014),.UNSPECIFIED.,.F.,.U.,(4,1,1,1,1,1,1,1,1,1,1,1,1,1,1,1,1,1,1,1,1,1,1,1,1,4),(0.0,0.04,0.08,0.12,0.16,0.2,0.24,0.28,0.32,0.36,0.4,0.44,0.48,0.52,0.56,0.6,0.64,0.68,0.72,0.76,0.8,0.84,0.88,0.92,0.96,1.0),.QUASI_UNIFORM_KNOTS.);
#2987=CARTESIAN_POINT('',(-4.465976001,2.774676,2.6416));
#2988=CARTESIAN_POINT('',(-4.465976001,2.774676,2.6282311));
#2989=CARTESIAN_POINT('',(-4.47170702,2.773289226,2.601200955));
#2990=CARTESIAN_POINT('',(-4.494544525,2.769526663,2.556955874));
#2991=CARTESIAN_POINT('',(-4.523633734,2.767972573,2.517122899));
#2992=CARTESIAN_POINT('',(-4.555826889,2.770285907,2.48084614));
#2993=CARTESIAN_POINT('',(-4.585713011,2.776396208,2.448308159));
#2994=CARTESIAN_POINT('',(-4.609271969,2.784058311,2.417258035));
#2995=CARTESIAN_POINT('',(-4.624650168,2.790519907,2.386329918));
#2996=CARTESIAN_POINT('',(-4.632027745,2.794050208,2.356015201));
#2997=CARTESIAN_POINT('',(-4.63252718,2.794289958,2.324870833));
#2998=CARTESIAN_POINT('',(-4.623844583,2.790132513,2.292444393));
#2999=CARTESIAN_POINT('',(-4.606428048,2.782937064,2.267037716));
#3000=CARTESIAN_POINT('',(-4.580842002,2.775189776,2.250988962));
#3001=CARTESIAN_POINT('',(-4.553264055,2.770033533,2.246600752));
#3002=CARTESIAN_POINT('',(-4.521317232,2.767918267,2.253000203));
#3003=CARTESIAN_POINT('',(-4.49022533,2.769894196,2.271032808));
#3004=CARTESIAN_POINT('',(-4.461730921,2.775162373,2.300027378));
#3005=CARTESIAN_POINT('',(-4.438338055,2.782196233,2.339109087));
#3006=CARTESIAN_POINT('',(-4.422577921,2.788417568,2.383282455));
#3007=CARTESIAN_POINT('',(-4.41418183,2.792221671,2.425160867));
#3008=CARTESIAN_POINT('',(-4.410547519,2.793967573,2.464083026));
#3009=CARTESIAN_POINT('',(-4.410233646,2.794121357,2.500783046));
#3010=CARTESIAN_POINT('',(-4.412428829,2.793059678,2.536253438));
#3011=CARTESIAN_POINT('',(-4.416569037,2.791129292,2.571242251));
#3012=CARTESIAN_POINT('',(-4.421854384,2.788815644,2.606261919));
#3013=CARTESIAN_POINT('',(-4.424023999,2.787924,2.629785949));
#3014=CARTESIAN_POINT('',(-4.424023999,2.787924,2.6416));
#3015=(BOUNDED_SURFACE()B_SPLINE_SURFACE(3,3,((#3016,#3017,#3018,#3019,#3020,#3021,#3022),(#3023,#3024,#3025,#3026,#3027,#3028,#3029),(#3030,#3031,#3032,#3033,#3034,#3035,#3036),(#3037,#3038,#3039,#3040,#3041,#3042,#3043)),.UNSPECIFIED.,.F.,.F.,.U.)B_SPLINE_SURFACE_WITH_KNOTS((4,4),(4,3,4),(0.182587394,0.805926397),(0.056105445,1.0,1.950204204),.UNSPECIFIED.)GEOMETRIC_REPRESENTATION_ITEM()RATIONAL_B_SPLINE_SURFACE(((1.375242388,1.117718902,1.133993566,1.424066381,1.132054517,1.117513554,1.380443492),(1.083232518,0.880389865,0.893208875,1.121689547,0.891681551,0.88022812,1.087329254),(1.077949038,0.876095753,0.888852238,1.116218493,0.887332363,0.875934796,1.082025792),(1.359391948,1.104836565,1.120923654,1.407653217,1.119006954,1.104633584,1.364533106)))REPRESENTATION_ITEM('')SURFACE());
#3016=CARTESIAN_POINT('',(-4.115330692,2.53969341,2.665943652));
#3017=CARTESIAN_POINT('',(-4.115149799,2.689700311,2.66595154));
#3018=CARTESIAN_POINT('',(-4.221375572,2.794,2.661319504));
#3019=CARTESIAN_POINT('',(-4.369089368,2.794,2.65487836));
#3020=CARTESIAN_POINT('',(-4.51804529,2.794,2.648383052));
#3021=CARTESIAN_POINT('',(-4.624465228,2.688281804,2.64374255));
#3022=CARTESIAN_POINT('',(-4.622833389,2.537253126,2.643813707));
#3023=CARTESIAN_POINT('',(-4.100415425,2.53969341,2.323894058));
#3024=CARTESIAN_POINT('',(-4.100229698,2.689700311,2.323791113));
#3025=CARTESIAN_POINT('',(-4.209293503,2.794,2.384243226));
#3026=CARTESIAN_POINT('',(-4.360953764,2.794,2.468305792));
#3027=CARTESIAN_POINT('',(-4.513889338,2.794,2.553075241));
#3028=CARTESIAN_POINT('',(-4.623152495,2.688281804,2.613637852));
#3029=CARTESIAN_POINT('',(-4.621477058,2.537253126,2.612709187));
#3030=CARTESIAN_POINT('',(-4.33895134,2.53969341,2.077118108));
#3031=CARTESIAN_POINT('',(-4.338842905,2.689700311,2.076935202));
#3032=CARTESIAN_POINT('',(-4.402518827,2.794,2.184343086));
#3033=CARTESIAN_POINT('',(-4.491064307,2.794,2.333700684));
#3034=CARTESIAN_POINT('',(-4.580354366,2.794,2.484314231));
#3035=CARTESIAN_POINT('',(-4.644146678,2.688281804,2.591918442));
#3036=CARTESIAN_POINT('',(-4.643168489,2.537253126,2.590268443));
#3037=CARTESIAN_POINT('',(-4.682955869,2.53969341,2.082878512));
#3038=CARTESIAN_POINT('',(-4.682958901,2.689700311,2.082697472));
#3039=CARTESIAN_POINT('',(-4.681178695,2.794,2.189009285));
#3040=CARTESIAN_POINT('',(-4.678703203,2.794,2.336842724));
#3041=CARTESIAN_POINT('',(-4.676206895,2.794,2.485919295));
#3042=CARTESIAN_POINT('',(-4.674423435,2.688281804,2.59242543));
#3043=CARTESIAN_POINT('',(-4.674450783,2.537253126,2.590792269));
#3044=ADVANCED_FACE('',(#3045),#3119,.T.);
#3045=FACE_BOUND('',#3046,.T.);
#3046=EDGE_LOOP('',(#3047,#3058,#3064,#3065,#3073,#3082,#3088,#3089,#3097,#3106,#3112,#3113));
#3047=ORIENTED_EDGE('',*,*,#3048,.T.);
#3048=EDGE_CURVE('',#3049,#3051,#3053,.F.);
#3049=VERTEX_POINT('',#3050);
#3050=CARTESIAN_POINT('',(-4.465976001,2.774676,3.5052));
#3051=VERTEX_POINT('',#3052);
#3052=CARTESIAN_POINT('',(-4.6736,2.8194,3.5052));
#3053=CIRCLE('',#3054,0.254);
#3054=AXIS2_PLACEMENT_3D('',#3055,#3056,#3057);
#3055=CARTESIAN_POINT('',(-4.5212,3.0226,3.5052));
#3056=DIRECTION('',(0.0,0.0,1.0));
#3057=DIRECTION('',(-0.6,-0.8,0.0));
#3058=ORIENTED_EDGE('',*,*,#3059,.T.);
#3059=EDGE_CURVE('',#3051,#2451,#3060,.T.);
#3060=LINE('',#3061,#3062);
#3061=CARTESIAN_POINT('',(-4.6736,2.8194,3.5052));
#3062=VECTOR('',#3063,1.0);
#3063=DIRECTION('',(0.0,0.0,1.0));
#3064=ORIENTED_EDGE('',*,*,#2450,.F.);
#3065=ORIENTED_EDGE('',*,*,#3066,.T.);
#3066=EDGE_CURVE('',#2443,#3067,#3069,.F.);
#3067=VERTEX_POINT('',#3068);
#3068=CARTESIAN_POINT('',(-4.7752,3.0226,0.4318));
#3069=LINE('',#3070,#3071);
#3070=CARTESIAN_POINT('',(-4.7752,3.0226,0.4318));
#3071=VECTOR('',#3072,1.0);
#3072=DIRECTION('',(0.0,0.0,1.0));
#3073=ORIENTED_EDGE('',*,*,#3074,.T.);
#3074=EDGE_CURVE('',#3067,#3075,#3077,.F.);
#3075=VERTEX_POINT('',#3076);
#3076=CARTESIAN_POINT('',(-4.2672,3.0226,0.4318));
#3077=CIRCLE('',#3078,0.254);
#3078=AXIS2_PLACEMENT_3D('',#3079,#3080,#3081);
#3079=CARTESIAN_POINT('',(-4.5212,3.0226,0.4318));
#3080=DIRECTION('',(0.0,0.0,-1.0));
#3081=DIRECTION('',(1.0,0.0,0.0));
#3082=ORIENTED_EDGE('',*,*,#3083,.T.);
#3083=EDGE_CURVE('',#3075,#2468,#3084,.F.);
#3084=LINE('',#3085,#3086);
#3085=CARTESIAN_POINT('',(-4.2672,3.0226,4.3688));
#3086=VECTOR('',#3087,1.0);
#3087=DIRECTION('',(0.0,0.0,-1.0));
#3088=ORIENTED_EDGE('',*,*,#2467,.F.);
#3089=ORIENTED_EDGE('',*,*,#3090,.T.);
#3090=EDGE_CURVE('',#2460,#3091,#3093,.F.);
#3091=VERTEX_POINT('',#3092);
#3092=CARTESIAN_POINT('',(-4.3688,2.8194,3.5052));
#3093=LINE('',#3094,#3095);
#3094=CARTESIAN_POINT('',(-4.3688,2.8194,3.5052));
#3095=VECTOR('',#3096,1.0);
#3096=DIRECTION('',(0.0,0.0,1.0));
#3097=ORIENTED_EDGE('',*,*,#3098,.T.);
#3098=EDGE_CURVE('',#3091,#3099,#3101,.F.);
#3099=VERTEX_POINT('',#3100);
#3100=CARTESIAN_POINT('',(-4.424023999,2.787924,3.5052));
#3101=CIRCLE('',#3102,0.254);
#3102=AXIS2_PLACEMENT_3D('',#3103,#3104,#3105);
#3103=CARTESIAN_POINT('',(-4.5212,3.0226,3.5052));
#3104=DIRECTION('',(0.0,0.0,1.0));
#3105=DIRECTION('',(0.382582681,-0.923921259,0.0));
#3106=ORIENTED_EDGE('',*,*,#3107,.T.);
#3107=EDGE_CURVE('',#3099,#2959,#3108,.F.);
#3108=LINE('',#3109,#3110);
#3109=CARTESIAN_POINT('',(-4.424023999,2.787924,2.6416));
#3110=VECTOR('',#3111,1.0);
#3111=DIRECTION('',(0.0,0.0,1.0));
#3112=ORIENTED_EDGE('',*,*,#2985,.F.);
#3113=ORIENTED_EDGE('',*,*,#3114,.T.);
#3114=EDGE_CURVE('',#2977,#3049,#3115,.T.);
#3115=LINE('',#3116,#3117);
#3116=CARTESIAN_POINT('',(-4.465976001,2.774676,2.6416));
#3117=VECTOR('',#3118,1.0);
#3118=DIRECTION('',(0.0,0.0,1.0));
#3119=(BOUNDED_SURFACE()B_SPLINE_SURFACE(3,3,((#3120,#3121,#3122,#3123),(#3124,#3125,#3126,#3127),(#3128,#3129,#3130,#3131),(#3132,#3133,#3134,#3135),(#3136,#3137,#3138,#3139),(#3140,#3141,#3142,#3143),(#3144,#3145,#3146,#3147)),.UNSPECIFIED.,.F.,.F.,.U.)B_SPLINE_SURFACE_WITH_KNOTS((4,3,4),(4,4),(0.054316991,1.0,1.945683009),(-0.157579485,0.002579485),.UNSPECIFIED.)GEOMETRIC_REPRESENTATION_ITEM()RATIONAL_B_SPLINE_SURFACE(((1.153428252,1.153428252,1.153428252,1.153428252),(0.936391347,0.936391347,0.936391347,0.936391347),(0.949616881,0.949616881,0.949616881,0.949616881),(1.193104854,1.193104854,1.193104854,1.193104854),(0.949616881,0.949616881,0.949616881,0.949616881),(0.936391347,0.936391347,0.936391347,0.936391347),(1.153428252,1.153428252,1.153428252,1.153428252)))REPRESENTATION_ITEM('')SURFACE());
#3120=CARTESIAN_POINT('',(-4.775198035,3.02359923,0.366281082));
#3121=CARTESIAN_POINT('',(-4.775198035,3.02359923,1.722293694));
#3122=CARTESIAN_POINT('',(-4.775198035,3.02359923,3.078306306));
#3123=CARTESIAN_POINT('',(-4.775198035,3.02359923,4.434318918));
#3124=CARTESIAN_POINT('',(-4.775789309,2.873300995,0.366281082));
#3125=CARTESIAN_POINT('',(-4.775789309,2.873300995,1.722293694));
#3126=CARTESIAN_POINT('',(-4.775789309,2.873300995,3.078306306));
#3127=CARTESIAN_POINT('',(-4.775789309,2.873300995,4.434318918));
#3128=CARTESIAN_POINT('',(-4.669406144,2.7686,0.366281082));
#3129=CARTESIAN_POINT('',(-4.669406144,2.7686,1.722293694));
#3130=CARTESIAN_POINT('',(-4.669406144,2.7686,3.078306306));
#3131=CARTESIAN_POINT('',(-4.669406144,2.7686,4.434318918));
#3132=CARTESIAN_POINT('',(-4.5212,2.7686,0.366281082));
#3133=CARTESIAN_POINT('',(-4.5212,2.7686,1.722293694));
#3134=CARTESIAN_POINT('',(-4.5212,2.7686,3.078306306));
#3135=CARTESIAN_POINT('',(-4.5212,2.7686,4.434318918));
#3136=CARTESIAN_POINT('',(-4.372993856,2.7686,0.366281082));
#3137=CARTESIAN_POINT('',(-4.372993856,2.7686,1.722293694));
#3138=CARTESIAN_POINT('',(-4.372993856,2.7686,3.078306306));
#3139=CARTESIAN_POINT('',(-4.372993856,2.7686,4.434318918));
#3140=CARTESIAN_POINT('',(-4.266610691,2.873300995,0.366281082));
#3141=CARTESIAN_POINT('',(-4.266610691,2.873300995,1.722293694));
#3142=CARTESIAN_POINT('',(-4.266610691,2.873300995,3.078306306));
#3143=CARTESIAN_POINT('',(-4.266610691,2.873300995,4.434318918));
#3144=CARTESIAN_POINT('',(-4.267201965,3.02359923,0.366281082));
#3145=CARTESIAN_POINT('',(-4.267201965,3.02359923,1.722293694));
#3146=CARTESIAN_POINT('',(-4.267201965,3.02359923,3.078306306));
#3147=CARTESIAN_POINT('',(-4.267201965,3.02359923,4.434318918));
#3148=ADVANCED_FACE('',(#3149),#3171,.T.);
#3149=FACE_BOUND('',#3150,.T.);
#3150=EDGE_LOOP('',(#3151,#3152,#3153,#3160,#3161,#3162,#3163,#3170));
#3151=ORIENTED_EDGE('',*,*,#2976,.F.);
#3152=ORIENTED_EDGE('',*,*,#2835,.F.);
#3153=ORIENTED_EDGE('',*,*,#3154,.T.);
#3154=EDGE_CURVE('',#2827,#2819,#3155,.T.);
#3155=CIRCLE('',#3156,0.254);
#3156=AXIS2_PLACEMENT_3D('',#3157,#3158,#3159);
#3157=CARTESIAN_POINT('',(-4.3688,2.54,3.556));
#3158=DIRECTION('',(0.0,0.0,-1.0));
#3159=DIRECTION('',(-1.0,0.0,0.0));
#3160=ORIENTED_EDGE('',*,*,#2818,.F.);
#3161=ORIENTED_EDGE('',*,*,#2958,.F.);
#3162=ORIENTED_EDGE('',*,*,#3107,.F.);
#3163=ORIENTED_EDGE('',*,*,#3164,.T.);
#3164=EDGE_CURVE('',#3099,#3049,#3165,.F.);
#3165=CIRCLE('',#3166,0.254);
#3166=AXIS2_PLACEMENT_3D('',#3167,#3168,#3169);
#3167=CARTESIAN_POINT('',(-4.3688,2.54,3.5052));
#3168=DIRECTION('',(0.0,0.0,-1.0));
#3169=DIRECTION('',(-0.382582681,0.923921259,0.0));
#3170=ORIENTED_EDGE('',*,*,#3114,.F.);
#3171=(BOUNDED_SURFACE()B_SPLINE_SURFACE(3,3,((#3172,#3173,#3174,#3175),(#3176,#3177,#3178,#3179),(#3180,#3181,#3182,#3183),(#3184,#3185,#3186,#3187),(#3188,#3189,#3190,#3191),(#3192,#3193,#3194,#3195),(#3196,#3197,#3198,#3199)),.UNSPECIFIED.,.F.,.F.,.U.)B_SPLINE_SURFACE_WITH_KNOTS((4,3,4),(4,4),(0.054316991,1.0,1.945683009),(-8.534396288E-04,0.03685344),.UNSPECIFIED.)GEOMETRIC_REPRESENTATION_ITEM()RATIONAL_B_SPLINE_SURFACE(((1.153428252,1.153428252,1.153428252,1.153428252),(0.936391347,0.936391347,0.936391347,0.936391347),(0.949616881,0.949616881,0.949616881,0.949616881),(1.193104854,1.193104854,1.193104854,1.193104854),(0.949616881,0.949616881,0.949616881,0.949616881),(0.936391347,0.936391347,0.936391347,0.936391347),(1.153428252,1.153428252,1.153428252,1.153428252)))REPRESENTATION_ITEM('')SURFACE());
#3172=CARTESIAN_POINT('',(-4.622798035,2.53900077,3.577677367));
#3173=CARTESIAN_POINT('',(-4.622798035,2.53900077,3.258425789));
#3174=CARTESIAN_POINT('',(-4.622798035,2.53900077,2.939174211));
#3175=CARTESIAN_POINT('',(-4.622798035,2.53900077,2.619922633));
#3176=CARTESIAN_POINT('',(-4.623389309,2.689299005,3.577677367));
#3177=CARTESIAN_POINT('',(-4.623389309,2.689299005,3.258425789));
#3178=CARTESIAN_POINT('',(-4.623389309,2.689299005,2.939174211));
#3179=CARTESIAN_POINT('',(-4.623389309,2.689299005,2.619922633));
#3180=CARTESIAN_POINT('',(-4.517006144,2.794,3.577677367));
#3181=CARTESIAN_POINT('',(-4.517006144,2.794,3.258425789));
#3182=CARTESIAN_POINT('',(-4.517006144,2.794,2.939174211));
#3183=CARTESIAN_POINT('',(-4.517006144,2.794,2.619922633));
#3184=CARTESIAN_POINT('',(-4.3688,2.794,3.577677367));
#3185=CARTESIAN_POINT('',(-4.3688,2.794,3.258425789));
#3186=CARTESIAN_POINT('',(-4.3688,2.794,2.939174211));
#3187=CARTESIAN_POINT('',(-4.3688,2.794,2.619922633));
#3188=CARTESIAN_POINT('',(-4.220593856,2.794,3.577677367));
#3189=CARTESIAN_POINT('',(-4.220593856,2.794,3.258425789));
#3190=CARTESIAN_POINT('',(-4.220593856,2.794,2.939174211));
#3191=CARTESIAN_POINT('',(-4.220593856,2.794,2.619922633));
#3192=CARTESIAN_POINT('',(-4.114210691,2.689299005,3.577677367));
#3193=CARTESIAN_POINT('',(-4.114210691,2.689299005,3.258425789));
#3194=CARTESIAN_POINT('',(-4.114210691,2.689299005,2.939174211));
#3195=CARTESIAN_POINT('',(-4.114210691,2.689299005,2.619922633));
#3196=CARTESIAN_POINT('',(-4.114801965,2.53900077,3.577677367));
#3197=CARTESIAN_POINT('',(-4.114801965,2.53900077,3.258425789));
#3198=CARTESIAN_POINT('',(-4.114801965,2.53900077,2.939174211));
#3199=CARTESIAN_POINT('',(-4.114801965,2.53900077,2.619922633));
#3200=ADVANCED_FACE('',(#3201),#3212,.T.);
#3201=FACE_BOUND('',#3202,.T.);
#3202=EDGE_LOOP('',(#3203,#3204,#3210,#3211));
#3203=ORIENTED_EDGE('',*,*,#3098,.F.);
#3204=ORIENTED_EDGE('',*,*,#3205,.T.);
#3205=EDGE_CURVE('',#3091,#3051,#3206,.T.);
#3206=LINE('',#3207,#3208);
#3207=CARTESIAN_POINT('',(-4.3688,2.8194,3.5052));
#3208=VECTOR('',#3209,1.0);
#3209=DIRECTION('',(-1.0,0.0,0.0));
#3210=ORIENTED_EDGE('',*,*,#3048,.F.);
#3211=ORIENTED_EDGE('',*,*,#3164,.F.);
#3212=B_SPLINE_SURFACE_WITH_KNOTS('',1,1,((#3213,#3214),(#3215,#3216)),.UNSPECIFIED.,.F.,.F.,.U.,(2,2),(2,2),(-0.18403937,-0.17196063),(0.008974132,0.01103937),.PIECEWISE_BEZIER_KNOTS.);
#3213=CARTESIAN_POINT('',(-4.6746,2.767942954,3.5052));
#3214=CARTESIAN_POINT('',(-4.6746,2.8204,3.5052));
#3215=CARTESIAN_POINT('',(-4.3678,2.767942954,3.5052));
#3216=CARTESIAN_POINT('',(-4.3678,2.8204,3.5052));
#3217=ADVANCED_FACE('',(#3218),#3224,.F.);
#3218=FACE_BOUND('',#3219,.T.);
#3219=EDGE_LOOP('',(#3220,#3221,#3222,#3223));
#3220=ORIENTED_EDGE('',*,*,#3059,.F.);
#3221=ORIENTED_EDGE('',*,*,#3205,.F.);
#3222=ORIENTED_EDGE('',*,*,#3090,.F.);
#3223=ORIENTED_EDGE('',*,*,#2459,.F.);
#3224=B_SPLINE_SURFACE_WITH_KNOTS('',1,1,((#3225,#3226),(#3227,#3228)),.UNSPECIFIED.,.F.,.F.,.U.,(2,2),(2,2),(-3.937007874E-05,0.01203937),(-0.03403937,3.937007874E-05),.PIECEWISE_BEZIER_KNOTS.);
#3225=CARTESIAN_POINT('',(-4.3678,2.8194,3.5042));
#3226=CARTESIAN_POINT('',(-4.3678,2.8194,4.3698));
#3227=CARTESIAN_POINT('',(-4.6746,2.8194,3.5042));
#3228=CARTESIAN_POINT('',(-4.6746,2.8194,4.3698));
#3229=ADVANCED_FACE('',(#3230),#3273,.T.);
#3230=FACE_BOUND('',#3231,.T.);
#3231=EDGE_LOOP('',(#3232,#3246,#3247,#3266));
#3232=ORIENTED_EDGE('',*,*,#3233,.T.);
#3233=EDGE_CURVE('',#3234,#2819,#3236,.T.);
#3234=VERTEX_POINT('',#3235);
#3235=CARTESIAN_POINT('',(-4.064,2.54,3.6068));
#3236=B_SPLINE_CURVE_WITH_KNOTS('',3,(#3237,#3238,#3239,#3240,#3241,#3242,#3243,#3244,#3245),.UNSPECIFIED.,.F.,.U.,(4,1,1,1,1,1,4),(0.0,0.166666667,0.333333333,0.5,0.666666667,0.833333333,1.0),.UNSPECIFIED.);
#3237=CARTESIAN_POINT('',(-4.064,2.54,3.6068));
#3238=CARTESIAN_POINT('',(-4.068433136,2.54,3.6068));
#3239=CARTESIAN_POINT('',(-4.077299005,2.54,3.605632763));
#3240=CARTESIAN_POINT('',(-4.089691824,2.54,3.60049952));
#3241=CARTESIAN_POINT('',(-4.100333701,2.54,3.592333701));
#3242=CARTESIAN_POINT('',(-4.10849952,2.54,3.581691824));
#3243=CARTESIAN_POINT('',(-4.113632763,2.54,3.569299005));
#3244=CARTESIAN_POINT('',(-4.1148,2.54,3.560433136));
#3245=CARTESIAN_POINT('',(-4.1148,2.54,3.556));
#3246=ORIENTED_EDGE('',*,*,#3154,.F.);
#3247=ORIENTED_EDGE('',*,*,#3248,.T.);
#3248=EDGE_CURVE('',#2827,#3249,#3251,.F.);
#3249=VERTEX_POINT('',#3250);
#3250=CARTESIAN_POINT('',(-4.064,2.54,4.1148));
#3251=B_SPLINE_CURVE_WITH_KNOTS('',3,(#3252,#3253,#3254,#3255,#3256,#3257,#3258,#3259,#3260,#3261,#3262,#3263,#3264,#3265),.UNSPECIFIED.,.F.,.U.,(4,1,1,1,1,1,1,1,1,1,1,4),(0.0,0.090909091,0.181818182,0.272727273,0.363636364,0.454545455,0.545454545,0.636363636,0.727272727,0.818181818,0.909090909,1.0),.UNSPECIFIED.);
#3252=CARTESIAN_POINT('',(-4.064,2.54,4.1148));
#3253=CARTESIAN_POINT('',(-4.090598818,2.54,4.1148));
#3254=CARTESIAN_POINT('',(-4.14379624,2.54,4.110995239));
#3255=CARTESIAN_POINT('',(-4.221968123,2.54,4.093989994));
#3256=CARTESIAN_POINT('',(-4.296924185,2.54,4.066032825));
#3257=CARTESIAN_POINT('',(-4.367138594,2.54,4.027692859));
#3258=CARTESIAN_POINT('',(-4.431181972,2.54,3.979750586));
#3259=CARTESIAN_POINT('',(-4.487750586,2.54,3.923181972));
#3260=CARTESIAN_POINT('',(-4.535692859,2.54,3.859138594));
#3261=CARTESIAN_POINT('',(-4.574032825,2.54,3.788924185));
#3262=CARTESIAN_POINT('',(-4.601989994,2.54,3.713968123));
#3263=CARTESIAN_POINT('',(-4.618995239,2.54,3.63579624));
#3264=CARTESIAN_POINT('',(-4.6228,2.54,3.582598818));
#3265=CARTESIAN_POINT('',(-4.6228,2.54,3.556));
#3266=ORIENTED_EDGE('',*,*,#3267,.T.);
#3267=EDGE_CURVE('',#3249,#3234,#3268,.T.);
#3268=CIRCLE('',#3269,0.254);
#3269=AXIS2_PLACEMENT_3D('',#3270,#3271,#3272);
#3270=CARTESIAN_POINT('',(-4.064,2.54,3.8608));
#3271=DIRECTION('',(-1.0,0.0,0.0));
#3272=DIRECTION('',(0.0,0.0,1.0));
#3273=(BOUNDED_SURFACE()B_SPLINE_SURFACE(3,3,((#3274,#3275,#3276,#3277,#3278,#3279,#3280),(#3281,#3282,#3283,#3284,#3285,#3286,#3287),(#3288,#3289,#3290,#3291,#3292,#3293,#3294),(#3295,#3296,#3297,#3298,#3299,#3300,#3301)),.UNSPECIFIED.,.F.,.F.,.U.)B_SPLINE_SURFACE_WITH_KNOTS((4,4),(4,3,4),(0.194073603,0.805926397),(0.049795796,1.0,1.943112656),.UNSPECIFIED.)GEOMETRIC_REPRESENTATION_ITEM()RATIONAL_B_SPLINE_SURFACE(((1.364533106,1.104633584,1.119006954,1.407653217,1.121161174,1.104863403,1.358759903),(1.087231528,0.880149007,0.891601409,1.121588733,0.893317847,0.880332122,1.082631559),(1.087231528,0.880149007,0.891601409,1.121588733,0.893317847,0.880332122,1.082631559),(1.364533106,1.104633584,1.119006954,1.407653217,1.121161174,1.104863403,1.358759903)))REPRESENTATION_ITEM('')SURFACE());
#3274=CARTESIAN_POINT('',(-4.063149217,2.537253126,3.606807731));
#3275=CARTESIAN_POINT('',(-4.063176565,2.688281804,3.60517457));
#3276=CARTESIAN_POINT('',(-4.061393105,2.794,3.711680705));
#3277=CARTESIAN_POINT('',(-4.058896797,2.794,3.860757276));
#3278=CARTESIAN_POINT('',(-4.05642388,2.794,4.008436961));
#3279=CARTESIAN_POINT('',(-4.054644093,2.689875567,4.114723761));
#3280=CARTESIAN_POINT('',(-4.054644128,2.53999646,4.114721673));
#3281=CARTESIAN_POINT('',(-4.093708053,2.537253126,3.607319443));
#3282=CARTESIAN_POINT('',(-4.092753119,2.688281804,3.605669833));
#3283=CARTESIAN_POINT('',(-4.155028877,2.794,3.713248649));
#3284=CARTESIAN_POINT('',(-4.242196217,2.794,3.86382665));
#3285=CARTESIAN_POINT('',(-4.328546776,2.794,4.012993697));
#3286=CARTESIAN_POINT('',(-4.390694286,2.689875567,4.120350969));
#3287=CARTESIAN_POINT('',(-4.390693065,2.53999646,4.120348859));
#3288=CARTESIAN_POINT('',(-4.115319443,2.537253126,3.585708053));
#3289=CARTESIAN_POINT('',(-4.113669833,2.688281804,3.584753119));
#3290=CARTESIAN_POINT('',(-4.221248649,2.794,3.647028877));
#3291=CARTESIAN_POINT('',(-4.37182665,2.794,3.734196217));
#3292=CARTESIAN_POINT('',(-4.520993697,2.794,3.820546776));
#3293=CARTESIAN_POINT('',(-4.628350969,2.689875567,3.882694286));
#3294=CARTESIAN_POINT('',(-4.628348859,2.53999646,3.882693065));
#3295=CARTESIAN_POINT('',(-4.114807731,2.537253126,3.555149217));
#3296=CARTESIAN_POINT('',(-4.11317457,2.688281804,3.555176565));
#3297=CARTESIAN_POINT('',(-4.219680705,2.794,3.553393105));
#3298=CARTESIAN_POINT('',(-4.368757276,2.794,3.550896797));
#3299=CARTESIAN_POINT('',(-4.516436961,2.794,3.54842388));
#3300=CARTESIAN_POINT('',(-4.622723761,2.689875567,3.546644093));
#3301=CARTESIAN_POINT('',(-4.622721673,2.53999646,3.546644128));
#3302=ADVANCED_FACE('',(#3303),#3329,.T.);
#3303=FACE_BOUND('',#3304,.T.);
#3304=EDGE_LOOP('',(#3305,#3313,#3314,#3322));
#3305=ORIENTED_EDGE('',*,*,#3306,.T.);
#3306=EDGE_CURVE('',#3307,#3234,#3309,.T.);
#3307=VERTEX_POINT('',#3308);
#3308=CARTESIAN_POINT('',(-2.8448,2.54,3.6068));
#3309=LINE('',#3310,#3311);
#3310=CARTESIAN_POINT('',(-2.8448,2.54,3.6068));
#3311=VECTOR('',#3312,1.0);
#3312=DIRECTION('',(-1.0,0.0,0.0));
#3313=ORIENTED_EDGE('',*,*,#3267,.F.);
#3314=ORIENTED_EDGE('',*,*,#3315,.T.);
#3315=EDGE_CURVE('',#3249,#3316,#3318,.F.);
#3316=VERTEX_POINT('',#3317);
#3317=CARTESIAN_POINT('',(-2.8448,2.54,4.1148));
#3318=LINE('',#3319,#3320);
#3319=CARTESIAN_POINT('',(-2.8448,2.54,4.1148));
#3320=VECTOR('',#3321,1.0);
#3321=DIRECTION('',(-1.0,0.0,0.0));
#3322=ORIENTED_EDGE('',*,*,#3323,.T.);
#3323=EDGE_CURVE('',#3316,#3307,#3324,.T.);
#3324=CIRCLE('',#3325,0.254);
#3325=AXIS2_PLACEMENT_3D('',#3326,#3327,#3328);
#3326=CARTESIAN_POINT('',(-2.8448,2.54,3.8608));
#3327=DIRECTION('',(-1.0,0.0,0.0));
#3328=DIRECTION('',(0.0,0.0,1.0));
#3329=(BOUNDED_SURFACE()B_SPLINE_SURFACE(3,3,((#3330,#3331,#3332,#3333),(#3334,#3335,#3336,#3337),(#3338,#3339,#3340,#3341),(#3342,#3343,#3344,#3345),(#3346,#3347,#3348,#3349),(#3350,#3351,#3352,#3353),(#3354,#3355,#3356,#3357)),.UNSPECIFIED.,.F.,.F.,.U.)B_SPLINE_SURFACE_WITH_KNOTS((4,3,4),(4,4),(0.054316991,1.0,1.945683009),(-9.6E-04,0.04896),.UNSPECIFIED.)GEOMETRIC_REPRESENTATION_ITEM()RATIONAL_B_SPLINE_SURFACE(((1.153428252,1.153428252,1.153428252,1.153428252),(0.936391347,0.936391347,0.936391347,0.936391347),(0.949616881,0.949616881,0.949616881,0.949616881),(1.193104854,1.193104854,1.193104854,1.193104854),(0.949616881,0.949616881,0.949616881,0.949616881),(0.936391347,0.936391347,0.936391347,0.936391347),(1.153428252,1.153428252,1.153428252,1.153428252)))REPRESENTATION_ITEM('')SURFACE());
#3330=CARTESIAN_POINT('',(-2.820416,2.53900077,4.114798035));
#3331=CARTESIAN_POINT('',(-3.243072,2.53900077,4.114798035));
#3332=CARTESIAN_POINT('',(-3.665728,2.53900077,4.114798035));
#3333=CARTESIAN_POINT('',(-4.088384,2.53900077,4.114798035));
#3334=CARTESIAN_POINT('',(-2.820416,2.689299005,4.115389309));
#3335=CARTESIAN_POINT('',(-3.243072,2.689299005,4.115389309));
#3336=CARTESIAN_POINT('',(-3.665728,2.689299005,4.115389309));
#3337=CARTESIAN_POINT('',(-4.088384,2.689299005,4.115389309));
#3338=CARTESIAN_POINT('',(-2.820416,2.794,4.009006144));
#3339=CARTESIAN_POINT('',(-3.243072,2.794,4.009006144));
#3340=CARTESIAN_POINT('',(-3.665728,2.794,4.009006144));
#3341=CARTESIAN_POINT('',(-4.088384,2.794,4.009006144));
#3342=CARTESIAN_POINT('',(-2.820416,2.794,3.8608));
#3343=CARTESIAN_POINT('',(-3.243072,2.794,3.8608));
#3344=CARTESIAN_POINT('',(-3.665728,2.794,3.8608));
#3345=CARTESIAN_POINT('',(-4.088384,2.794,3.8608));
#3346=CARTESIAN_POINT('',(-2.820416,2.794,3.712593856));
#3347=CARTESIAN_POINT('',(-3.243072,2.794,3.712593856));
#3348=CARTESIAN_POINT('',(-3.665728,2.794,3.712593856));
#3349=CARTESIAN_POINT('',(-4.088384,2.794,3.712593856));
#3350=CARTESIAN_POINT('',(-2.820416,2.689299005,3.606210691));
#3351=CARTESIAN_POINT('',(-3.243072,2.689299005,3.606210691));
#3352=CARTESIAN_POINT('',(-3.665728,2.689299005,3.606210691));
#3353=CARTESIAN_POINT('',(-4.088384,2.689299005,3.606210691));
#3354=CARTESIAN_POINT('',(-2.820416,2.53900077,3.606801965));
#3355=CARTESIAN_POINT('',(-3.243072,2.53900077,3.606801965));
#3356=CARTESIAN_POINT('',(-3.665728,2.53900077,3.606801965));
#3357=CARTESIAN_POINT('',(-4.088384,2.53900077,3.606801965));
#3358=ADVANCED_FACE('',(#3359),#3402,.T.);
#3359=FACE_BOUND('',#3360,.T.);
#3360=EDGE_LOOP('',(#3361,#3375,#3376,#3395));
#3361=ORIENTED_EDGE('',*,*,#3362,.T.);
#3362=EDGE_CURVE('',#3363,#3307,#3365,.T.);
#3363=VERTEX_POINT('',#3364);
#3364=CARTESIAN_POINT('',(-2.794,2.54,3.556));
#3365=B_SPLINE_CURVE_WITH_KNOTS('',3,(#3366,#3367,#3368,#3369,#3370,#3371,#3372,#3373,#3374),.UNSPECIFIED.,.F.,.U.,(4,1,1,1,1,1,4),(0.0,0.166666667,0.333333333,0.5,0.666666667,0.833333333,1.0),.UNSPECIFIED.);
#3366=CARTESIAN_POINT('',(-2.794,2.54,3.556));
#3367=CARTESIAN_POINT('',(-2.794,2.54,3.560433136));
#3368=CARTESIAN_POINT('',(-2.795167237,2.54,3.569299005));
#3369=CARTESIAN_POINT('',(-2.80030048,2.54,3.581691824));
#3370=CARTESIAN_POINT('',(-2.808466299,2.54,3.592333701));
#3371=CARTESIAN_POINT('',(-2.819108176,2.54,3.60049952));
#3372=CARTESIAN_POINT('',(-2.831500995,2.54,3.605632763));
#3373=CARTESIAN_POINT('',(-2.840366864,2.54,3.6068));
#3374=CARTESIAN_POINT('',(-2.8448,2.54,3.6068));
#3375=ORIENTED_EDGE('',*,*,#3323,.F.);
#3376=ORIENTED_EDGE('',*,*,#3377,.T.);
#3377=EDGE_CURVE('',#3316,#3378,#3380,.F.);
#3378=VERTEX_POINT('',#3379);
#3379=CARTESIAN_POINT('',(-2.286,2.54,3.556));
#3380=B_SPLINE_CURVE_WITH_KNOTS('',3,(#3381,#3382,#3383,#3384,#3385,#3386,#3387,#3388,#3389,#3390,#3391,#3392,#3393,#3394),.UNSPECIFIED.,.F.,.U.,(4,1,1,1,1,1,1,1,1,1,1,4),(0.0,0.090909091,0.181818182,0.272727273,0.363636364,0.454545455,0.545454545,0.636363636,0.727272727,0.818181818,0.909090909,1.0),.UNSPECIFIED.);
#3381=CARTESIAN_POINT('',(-2.286,2.54,3.556));
#3382=CARTESIAN_POINT('',(-2.286,2.54,3.582598818));
#3383=CARTESIAN_POINT('',(-2.289804761,2.54,3.63579624));
#3384=CARTESIAN_POINT('',(-2.306810006,2.54,3.713968123));
#3385=CARTESIAN_POINT('',(-2.334767175,2.54,3.788924185));
#3386=CARTESIAN_POINT('',(-2.373107141,2.54,3.859138594));
#3387=CARTESIAN_POINT('',(-2.421049414,2.54,3.923181972));
#3388=CARTESIAN_POINT('',(-2.477618028,2.54,3.979750586));
#3389=CARTESIAN_POINT('',(-2.541661406,2.54,4.027692859));
#3390=CARTESIAN_POINT('',(-2.611875815,2.54,4.066032825));
#3391=CARTESIAN_POINT('',(-2.686831877,2.54,4.093989994));
#3392=CARTESIAN_POINT('',(-2.76500376,2.54,4.110995239));
#3393=CARTESIAN_POINT('',(-2.818201182,2.54,4.1148));
#3394=CARTESIAN_POINT('',(-2.8448,2.54,4.1148));
#3395=ORIENTED_EDGE('',*,*,#3396,.T.);
#3396=EDGE_CURVE('',#3378,#3363,#3397,.T.);
#3397=CIRCLE('',#3398,0.254);
#3398=AXIS2_PLACEMENT_3D('',#3399,#3400,#3401);
#3399=CARTESIAN_POINT('',(-2.54,2.54,3.556));
#3400=DIRECTION('',(0.0,0.0,1.0));
#3401=DIRECTION('',(1.0,0.0,0.0));
#3402=(BOUNDED_SURFACE()B_SPLINE_SURFACE(3,3,((#3403,#3404,#3405,#3406,#3407,#3408,#3409),(#3410,#3411,#3412,#3413,#3414,#3415,#3416),(#3417,#3418,#3419,#3420,#3421,#3422,#3423),(#3424,#3425,#3426,#3427,#3428,#3429,#3430)),.UNSPECIFIED.,.F.,.F.,.U.)B_SPLINE_SURFACE_WITH_KNOTS((4,4),(4,3,4),(0.194073603,0.805926397),(0.049795796,1.0,1.943112656),.UNSPECIFIED.)GEOMETRIC_REPRESENTATION_ITEM()RATIONAL_B_SPLINE_SURFACE(((1.364533106,1.104633584,1.119006954,1.407653217,1.121161174,1.104863403,1.358759903),(1.087231528,0.880149007,0.891601409,1.121588733,0.893317847,0.880332122,1.082631559),(1.087231528,0.880149007,0.891601409,1.121588733,0.893317847,0.880332122,1.082631559),(1.364533106,1.104633584,1.119006954,1.407653217,1.121161174,1.104863403,1.358759903)))REPRESENTATION_ITEM('')SURFACE());
#3403=CARTESIAN_POINT('',(-2.793992269,2.537253126,3.555149217));
#3404=CARTESIAN_POINT('',(-2.79562543,2.688281804,3.555176565));
#3405=CARTESIAN_POINT('',(-2.689119295,2.794,3.553393105));
#3406=CARTESIAN_POINT('',(-2.540042724,2.794,3.550896797));
#3407=CARTESIAN_POINT('',(-2.392363039,2.794,3.54842388));
#3408=CARTESIAN_POINT('',(-2.286076239,2.689875567,3.546644093));
#3409=CARTESIAN_POINT('',(-2.286078327,2.53999646,3.546644128));
#3410=CARTESIAN_POINT('',(-2.793480557,2.537253126,3.585708053));
#3411=CARTESIAN_POINT('',(-2.795130167,2.688281804,3.584753119));
#3412=CARTESIAN_POINT('',(-2.687551351,2.794,3.647028877));
#3413=CARTESIAN_POINT('',(-2.53697335,2.794,3.734196217));
#3414=CARTESIAN_POINT('',(-2.387806303,2.794,3.820546776));
#3415=CARTESIAN_POINT('',(-2.280449031,2.689875567,3.882694286));
#3416=CARTESIAN_POINT('',(-2.280451141,2.53999646,3.882693065));
#3417=CARTESIAN_POINT('',(-2.815091947,2.537253126,3.607319443));
#3418=CARTESIAN_POINT('',(-2.816046881,2.688281804,3.605669833));
#3419=CARTESIAN_POINT('',(-2.753771123,2.794,3.713248649));
#3420=CARTESIAN_POINT('',(-2.666603783,2.794,3.86382665));
#3421=CARTESIAN_POINT('',(-2.580253224,2.794,4.012993697));
#3422=CARTESIAN_POINT('',(-2.518105714,2.689875567,4.120350969));
#3423=CARTESIAN_POINT('',(-2.518106935,2.53999646,4.120348859));
#3424=CARTESIAN_POINT('',(-2.845650783,2.537253126,3.606807731));
#3425=CARTESIAN_POINT('',(-2.845623435,2.688281804,3.60517457));
#3426=CARTESIAN_POINT('',(-2.847406895,2.794,3.711680705));
#3427=CARTESIAN_POINT('',(-2.849903203,2.794,3.860757276));
#3428=CARTESIAN_POINT('',(-2.85237612,2.794,4.008436961));
#3429=CARTESIAN_POINT('',(-2.854155907,2.689875567,4.114723761));
#3430=CARTESIAN_POINT('',(-2.854155872,2.53999646,4.114721673));
#3431=ADVANCED_FACE('',(#3432),#3458,.T.);
#3432=FACE_BOUND('',#3433,.T.);
#3433=EDGE_LOOP('',(#3434,#3442,#3443,#3451));
#3434=ORIENTED_EDGE('',*,*,#3435,.T.);
#3435=EDGE_CURVE('',#3436,#3363,#3438,.T.);
#3436=VERTEX_POINT('',#3437);
#3437=CARTESIAN_POINT('',(-2.794,2.54,3.5306));
#3438=LINE('',#3439,#3440);
#3439=CARTESIAN_POINT('',(-2.794,2.54,3.5306));
#3440=VECTOR('',#3441,1.0);
#3441=DIRECTION('',(0.0,0.0,1.0));
#3442=ORIENTED_EDGE('',*,*,#3396,.F.);
#3443=ORIENTED_EDGE('',*,*,#3444,.T.);
#3444=EDGE_CURVE('',#3378,#3445,#3447,.F.);
#3445=VERTEX_POINT('',#3446);
#3446=CARTESIAN_POINT('',(-2.286,2.54,3.5306));
#3447=LINE('',#3448,#3449);
#3448=CARTESIAN_POINT('',(-2.286,2.54,3.5306));
#3449=VECTOR('',#3450,1.0);
#3450=DIRECTION('',(-1.387778781E-14,0.0,1.0));
#3451=ORIENTED_EDGE('',*,*,#3452,.T.);
#3452=EDGE_CURVE('',#3445,#3436,#3453,.T.);
#3453=CIRCLE('',#3454,0.254);
#3454=AXIS2_PLACEMENT_3D('',#3455,#3456,#3457);
#3455=CARTESIAN_POINT('',(-2.54,2.54,3.5306));
#3456=DIRECTION('',(0.0,0.0,1.0));
#3457=DIRECTION('',(1.0,0.0,0.0));
#3458=(BOUNDED_SURFACE()B_SPLINE_SURFACE(3,3,((#3459,#3460,#3461,#3462),(#3463,#3464,#3465,#3466),(#3467,#3468,#3469,#3470),(#3471,#3472,#3473,#3474),(#3475,#3476,#3477,#3478),(#3479,#3480,#3481,#3482),(#3483,#3484,#3485,#3486)),.UNSPECIFIED.,.F.,.F.,.U.)B_SPLINE_SURFACE_WITH_KNOTS((4,3,4),(4,4),(0.039901161,1.0,1.960098839),(-2.0E-05,0.00102),.UNSPECIFIED.)GEOMETRIC_REPRESENTATION_ITEM()RATIONAL_B_SPLINE_SURFACE(((1.158567296,1.158567296,1.158567296,1.158567296),(0.937976611,0.937976611,0.937976611,0.937976611),(0.947541757,0.947541757,0.947541757,0.947541757),(1.187262732,1.187262732,1.187262732,1.187262732),(0.947541757,0.947541757,0.947541757,0.947541757),(0.937976611,0.937976611,0.937976611,0.937976611),(1.158567296,1.158567296,1.158567296,1.158567296)))REPRESENTATION_ITEM('')SURFACE());
#3459=CARTESIAN_POINT('',(-2.286001965,2.539000783,3.530092));
#3460=CARTESIAN_POINT('',(-2.286001965,2.539000783,3.538897333));
#3461=CARTESIAN_POINT('',(-2.286001965,2.539000783,3.547702667));
#3462=CARTESIAN_POINT('',(-2.286001965,2.539000783,3.556508));
#3463=CARTESIAN_POINT('',(-2.285411835,2.689010263,3.530092));
#3464=CARTESIAN_POINT('',(-2.285411835,2.689010263,3.538897333));
#3465=CARTESIAN_POINT('',(-2.285411835,2.689010263,3.547702667));
#3466=CARTESIAN_POINT('',(-2.285411835,2.689010263,3.556508));
#3467=CARTESIAN_POINT('',(-2.391503671,2.794,3.530092));
#3468=CARTESIAN_POINT('',(-2.391503671,2.794,3.538897333));
#3469=CARTESIAN_POINT('',(-2.391503671,2.794,3.547702667));
#3470=CARTESIAN_POINT('',(-2.391503671,2.794,3.556508));
#3471=CARTESIAN_POINT('',(-2.54,2.794,3.530092));
#3472=CARTESIAN_POINT('',(-2.54,2.794,3.538897333));
#3473=CARTESIAN_POINT('',(-2.54,2.794,3.547702667));
#3474=CARTESIAN_POINT('',(-2.54,2.794,3.556508));
#3475=CARTESIAN_POINT('',(-2.688496329,2.794,3.530092));
#3476=CARTESIAN_POINT('',(-2.688496329,2.794,3.538897333));
#3477=CARTESIAN_POINT('',(-2.688496329,2.794,3.547702667));
#3478=CARTESIAN_POINT('',(-2.688496329,2.794,3.556508));
#3479=CARTESIAN_POINT('',(-2.794588165,2.689010263,3.530092));
#3480=CARTESIAN_POINT('',(-2.794588165,2.689010263,3.538897333));
#3481=CARTESIAN_POINT('',(-2.794588165,2.689010263,3.547702667));
#3482=CARTESIAN_POINT('',(-2.794588165,2.689010263,3.556508));
#3483=CARTESIAN_POINT('',(-2.793998035,2.539000783,3.530092));
#3484=CARTESIAN_POINT('',(-2.793998035,2.539000783,3.538897333));
#3485=CARTESIAN_POINT('',(-2.793998035,2.539000783,3.547702667));
#3486=CARTESIAN_POINT('',(-2.793998035,2.539000783,3.556508));
#3487=ADVANCED_FACE('',(#3488,#3508),#3518,.T.);
#3488=FACE_BOUND('',#3489,.T.);
#3489=EDGE_LOOP('',(#3490,#3501));
#3490=ORIENTED_EDGE('',*,*,#3491,.T.);
#3491=EDGE_CURVE('',#3492,#3494,#3496,.T.);
#3492=VERTEX_POINT('',#3493);
#3493=CARTESIAN_POINT('',(-2.54,2.159,3.5306));
#3494=VERTEX_POINT('',#3495);
#3495=CARTESIAN_POINT('',(-2.54,2.921,3.5306));
#3496=CIRCLE('',#3497,0.381);
#3497=AXIS2_PLACEMENT_3D('',#3498,#3499,#3500);
#3498=CARTESIAN_POINT('',(-2.54,2.54,3.5306));
#3499=DIRECTION('',(0.0,0.0,1.0));
#3500=DIRECTION('',(0.0,-1.0,0.0));
#3501=ORIENTED_EDGE('',*,*,#3502,.T.);
#3502=EDGE_CURVE('',#3494,#3492,#3503,.F.);
#3503=CIRCLE('',#3504,0.381);
#3504=AXIS2_PLACEMENT_3D('',#3505,#3506,#3507);
#3505=CARTESIAN_POINT('',(-2.54,2.54,3.5306));
#3506=DIRECTION('',(0.0,0.0,-1.0));
#3507=DIRECTION('',(0.0,-1.0,0.0));
#3508=FACE_BOUND('',#3509,.T.);
#3509=EDGE_LOOP('',(#3510,#3517));
#3510=ORIENTED_EDGE('',*,*,#3511,.T.);
#3511=EDGE_CURVE('',#3445,#3436,#3512,.F.);
#3512=CIRCLE('',#3513,0.254);
#3513=AXIS2_PLACEMENT_3D('',#3514,#3515,#3516);
#3514=CARTESIAN_POINT('',(-2.54,2.54,3.5306));
#3515=DIRECTION('',(0.0,0.0,1.0));
#3516=DIRECTION('',(-1.0,0.0,0.0));
#3517=ORIENTED_EDGE('',*,*,#3452,.F.);
#3518=B_SPLINE_SURFACE_WITH_KNOTS('',1,1,((#3519,#3520),(#3521,#3522)),.UNSPECIFIED.,.F.,.F.,.U.,(2,2),(2,2),(-0.015009015,0.015009015),(-0.015009015,0.015009015),.PIECEWISE_BEZIER_KNOTS.);
#3519=CARTESIAN_POINT('',(-2.158771018,2.158771018,3.5306));
#3520=CARTESIAN_POINT('',(-2.921228982,2.158771018,3.5306));
#3521=CARTESIAN_POINT('',(-2.158771018,2.921228982,3.5306));
#3522=CARTESIAN_POINT('',(-2.921228982,2.921228982,3.5306));
#3523=ADVANCED_FACE('',(#3524),#3540,.T.);
#3524=FACE_BOUND('',#3525,.T.);
#3525=EDGE_LOOP('',(#3526,#3532,#3533,#3539));
#3526=ORIENTED_EDGE('',*,*,#3527,.T.);
#3527=EDGE_CURVE('',#439,#3492,#3528,.F.);
#3528=LINE('',#3529,#3530);
#3529=CARTESIAN_POINT('',(-2.54,2.159,3.5306));
#3530=VECTOR('',#3531,1.0);
#3531=DIRECTION('',(0.0,0.0,-1.0));
#3532=ORIENTED_EDGE('',*,*,#3502,.F.);
#3533=ORIENTED_EDGE('',*,*,#3534,.T.);
#3534=EDGE_CURVE('',#3494,#441,#3535,.T.);
#3535=LINE('',#3536,#3537);
#3536=CARTESIAN_POINT('',(-2.54,2.921,3.5306));
#3537=VECTOR('',#3538,1.0);
#3538=DIRECTION('',(0.0,0.0,-1.0));
#3539=ORIENTED_EDGE('',*,*,#438,.F.);
#3540=(BOUNDED_SURFACE()B_SPLINE_SURFACE(3,3,((#3541,#3542,#3543,#3544),(#3545,#3546,#3547,#3548),(#3549,#3550,#3551,#3552),(#3553,#3554,#3555,#3556),(#3557,#3558,#3559,#3560),(#3561,#3562,#3563,#3564),(#3565,#3566,#3567,#3568)),.UNSPECIFIED.,.F.,.F.,.U.)B_SPLINE_SURFACE_WITH_KNOTS((4,3,4),(4,4),(0.040778167,1.0,1.959221833),(0.03519656,0.04390344),.UNSPECIFIED.)GEOMETRIC_REPRESENTATION_ITEM()RATIONAL_B_SPLINE_SURFACE(((1.157963375,1.157963375,1.157963375,1.157963375),(0.937994278,0.937994278,0.937994278,0.937994278),(0.94776073,0.94776073,0.94776073,0.94776073),(1.187262732,1.187262732,1.187262732,1.187262732),(0.94776073,0.94776073,0.94776073,0.94776073),(0.937994278,0.937994278,0.937994278,0.937994278),(1.157963375,1.157963375,1.157963375,1.157963375)))REPRESENTATION_ITEM('')SURFACE());
#3541=CARTESIAN_POINT('',(-2.539000521,2.920998689,3.331122633));
#3542=CARTESIAN_POINT('',(-2.539000521,2.920998689,3.404840878));
#3543=CARTESIAN_POINT('',(-2.539000521,2.920998689,3.478559122));
#3544=CARTESIAN_POINT('',(-2.539000521,2.920998689,3.552277367));
#3545=CARTESIAN_POINT('',(-2.763805933,2.921588424,3.331122633));
#3546=CARTESIAN_POINT('',(-2.763805933,2.921588424,3.404840878));
#3547=CARTESIAN_POINT('',(-2.763805933,2.921588424,3.478559122));
#3548=CARTESIAN_POINT('',(-2.763805933,2.921588424,3.552277367));
#3549=CARTESIAN_POINT('',(-2.921,2.76248961,3.331122633));
#3550=CARTESIAN_POINT('',(-2.921,2.76248961,3.404840878));
#3551=CARTESIAN_POINT('',(-2.921,2.76248961,3.478559122));
#3552=CARTESIAN_POINT('',(-2.921,2.76248961,3.552277367));
#3553=CARTESIAN_POINT('',(-2.921,2.54,3.331122633));
#3554=CARTESIAN_POINT('',(-2.921,2.54,3.404840878));
#3555=CARTESIAN_POINT('',(-2.921,2.54,3.478559122));
#3556=CARTESIAN_POINT('',(-2.921,2.54,3.552277367));
#3557=CARTESIAN_POINT('',(-2.921,2.31751039,3.331122633));
#3558=CARTESIAN_POINT('',(-2.921,2.31751039,3.404840878));
#3559=CARTESIAN_POINT('',(-2.921,2.31751039,3.478559122));
#3560=CARTESIAN_POINT('',(-2.921,2.31751039,3.552277367));
#3561=CARTESIAN_POINT('',(-2.763805933,2.158411576,3.331122633));
#3562=CARTESIAN_POINT('',(-2.763805933,2.158411576,3.404840878));
#3563=CARTESIAN_POINT('',(-2.763805933,2.158411576,3.478559122));
#3564=CARTESIAN_POINT('',(-2.763805933,2.158411576,3.552277367));
#3565=CARTESIAN_POINT('',(-2.539000521,2.159001311,3.331122633));
#3566=CARTESIAN_POINT('',(-2.539000521,2.159001311,3.404840878));
#3567=CARTESIAN_POINT('',(-2.539000521,2.159001311,3.478559122));
#3568=CARTESIAN_POINT('',(-2.539000521,2.159001311,3.552277367));
#3569=ADVANCED_FACE('',(#3570),#3576,.T.);
#3570=FACE_BOUND('',#3571,.T.);
#3571=EDGE_LOOP('',(#3572,#3573,#3574,#3575));
#3572=ORIENTED_EDGE('',*,*,#3534,.F.);
#3573=ORIENTED_EDGE('',*,*,#3491,.F.);
#3574=ORIENTED_EDGE('',*,*,#3527,.F.);
#3575=ORIENTED_EDGE('',*,*,#449,.F.);
#3576=(BOUNDED_SURFACE()B_SPLINE_SURFACE(3,3,((#3577,#3578,#3579,#3580),(#3581,#3582,#3583,#3584),(#3585,#3586,#3587,#3588),(#3589,#3590,#3591,#3592),(#3593,#3594,#3595,#3596),(#3597,#3598,#3599,#3600),(#3601,#3602,#3603,#3604)),.UNSPECIFIED.,.F.,.F.,.U.)B_SPLINE_SURFACE_WITH_KNOTS((4,3,4),(4,4),(0.040778167,1.0,1.959221833),(0.03519656,0.04390344),.UNSPECIFIED.)GEOMETRIC_REPRESENTATION_ITEM()RATIONAL_B_SPLINE_SURFACE(((1.157963375,1.157963375,1.157963375,1.157963375),(0.937994278,0.937994278,0.937994278,0.937994278),(0.94776073,0.94776073,0.94776073,0.94776073),(1.187262732,1.187262732,1.187262732,1.187262732),(0.94776073,0.94776073,0.94776073,0.94776073),(0.937994278,0.937994278,0.937994278,0.937994278),(1.157963375,1.157963375,1.157963375,1.157963375)))REPRESENTATION_ITEM('')SURFACE());
#3577=CARTESIAN_POINT('',(-2.540999479,2.159001311,3.331122633));
#3578=CARTESIAN_POINT('',(-2.540999479,2.159001311,3.404840878));
#3579=CARTESIAN_POINT('',(-2.540999479,2.159001311,3.478559122));
#3580=CARTESIAN_POINT('',(-2.540999479,2.159001311,3.552277367));
#3581=CARTESIAN_POINT('',(-2.316194067,2.158411576,3.331122633));
#3582=CARTESIAN_POINT('',(-2.316194067,2.158411576,3.404840878));
#3583=CARTESIAN_POINT('',(-2.316194067,2.158411576,3.478559122));
#3584=CARTESIAN_POINT('',(-2.316194067,2.158411576,3.552277367));
#3585=CARTESIAN_POINT('',(-2.159,2.31751039,3.331122633));
#3586=CARTESIAN_POINT('',(-2.159,2.31751039,3.404840878));
#3587=CARTESIAN_POINT('',(-2.159,2.31751039,3.478559122));
#3588=CARTESIAN_POINT('',(-2.159,2.31751039,3.552277367));
#3589=CARTESIAN_POINT('',(-2.159,2.54,3.331122633));
#3590=CARTESIAN_POINT('',(-2.159,2.54,3.404840878));
#3591=CARTESIAN_POINT('',(-2.159,2.54,3.478559122));
#3592=CARTESIAN_POINT('',(-2.159,2.54,3.552277367));
#3593=CARTESIAN_POINT('',(-2.159,2.76248961,3.331122633));
#3594=CARTESIAN_POINT('',(-2.159,2.76248961,3.404840878));
#3595=CARTESIAN_POINT('',(-2.159,2.76248961,3.478559122));
#3596=CARTESIAN_POINT('',(-2.159,2.76248961,3.552277367));
#3597=CARTESIAN_POINT('',(-2.316194067,2.921588424,3.331122633));
#3598=CARTESIAN_POINT('',(-2.316194067,2.921588424,3.404840878));
#3599=CARTESIAN_POINT('',(-2.316194067,2.921588424,3.478559122));
#3600=CARTESIAN_POINT('',(-2.316194067,2.921588424,3.552277367));
#3601=CARTESIAN_POINT('',(-2.540999479,2.920998689,3.331122633));
#3602=CARTESIAN_POINT('',(-2.540999479,2.920998689,3.404840878));
#3603=CARTESIAN_POINT('',(-2.540999479,2.920998689,3.478559122));
#3604=CARTESIAN_POINT('',(-2.540999479,2.920998689,3.552277367));
#3605=ADVANCED_FACE('',(#3606),#3618,.T.);
#3606=FACE_BOUND('',#3607,.T.);
#3607=EDGE_LOOP('',(#3608,#3609,#3616,#3617));
#3608=ORIENTED_EDGE('',*,*,#3444,.F.);
#3609=ORIENTED_EDGE('',*,*,#3610,.T.);
#3610=EDGE_CURVE('',#3378,#3363,#3611,.F.);
#3611=CIRCLE('',#3612,0.254);
#3612=AXIS2_PLACEMENT_3D('',#3613,#3614,#3615);
#3613=CARTESIAN_POINT('',(-2.54,2.54,3.556));
#3614=DIRECTION('',(0.0,0.0,1.0));
#3615=DIRECTION('',(-1.0,0.0,0.0));
#3616=ORIENTED_EDGE('',*,*,#3435,.F.);
#3617=ORIENTED_EDGE('',*,*,#3511,.F.);
#3618=(BOUNDED_SURFACE()B_SPLINE_SURFACE(3,3,((#3619,#3620,#3621,#3622),(#3623,#3624,#3625,#3626),(#3627,#3628,#3629,#3630),(#3631,#3632,#3633,#3634),(#3635,#3636,#3637,#3638),(#3639,#3640,#3641,#3642),(#3643,#3644,#3645,#3646)),.UNSPECIFIED.,.F.,.F.,.U.)B_SPLINE_SURFACE_WITH_KNOTS((4,3,4),(4,4),(0.039901161,1.0,1.960098839),(-2.0E-05,0.00102),.PIECEWISE_BEZIER_KNOTS.)GEOMETRIC_REPRESENTATION_ITEM()RATIONAL_B_SPLINE_SURFACE(((1.158567296,1.158567296,1.158567296,1.158567296),(0.937976611,0.937976611,0.937976611,0.937976611),(0.947541757,0.947541757,0.947541757,0.947541757),(1.187262732,1.187262732,1.187262732,1.187262732),(0.947541757,0.947541757,0.947541757,0.947541757),(0.937976611,0.937976611,0.937976611,0.937976611),(1.158567296,1.158567296,1.158567296,1.158567296)))REPRESENTATION_ITEM('')SURFACE());
#3619=CARTESIAN_POINT('',(-2.793998035,2.540999217,3.530092));
#3620=CARTESIAN_POINT('',(-2.793998035,2.540999217,3.538897333));
#3621=CARTESIAN_POINT('',(-2.793998035,2.540999217,3.547702667));
#3622=CARTESIAN_POINT('',(-2.793998035,2.540999217,3.556508));
#3623=CARTESIAN_POINT('',(-2.794588165,2.390989737,3.530092));
#3624=CARTESIAN_POINT('',(-2.794588165,2.390989737,3.538897333));
#3625=CARTESIAN_POINT('',(-2.794588165,2.390989737,3.547702667));
#3626=CARTESIAN_POINT('',(-2.794588165,2.390989737,3.556508));
#3627=CARTESIAN_POINT('',(-2.688496329,2.286,3.530092));
#3628=CARTESIAN_POINT('',(-2.688496329,2.286,3.538897333));
#3629=CARTESIAN_POINT('',(-2.688496329,2.286,3.547702667));
#3630=CARTESIAN_POINT('',(-2.688496329,2.286,3.556508));
#3631=CARTESIAN_POINT('',(-2.54,2.286,3.530092));
#3632=CARTESIAN_POINT('',(-2.54,2.286,3.538897333));
#3633=CARTESIAN_POINT('',(-2.54,2.286,3.547702667));
#3634=CARTESIAN_POINT('',(-2.54,2.286,3.556508));
#3635=CARTESIAN_POINT('',(-2.391503671,2.286,3.530092));
#3636=CARTESIAN_POINT('',(-2.391503671,2.286,3.538897333));
#3637=CARTESIAN_POINT('',(-2.391503671,2.286,3.547702667));
#3638=CARTESIAN_POINT('',(-2.391503671,2.286,3.556508));
#3639=CARTESIAN_POINT('',(-2.285411835,2.390989737,3.530092));
#3640=CARTESIAN_POINT('',(-2.285411835,2.390989737,3.538897333));
#3641=CARTESIAN_POINT('',(-2.285411835,2.390989737,3.547702667));
#3642=CARTESIAN_POINT('',(-2.285411835,2.390989737,3.556508));
#3643=CARTESIAN_POINT('',(-2.286001965,2.540999217,3.530092));
#3644=CARTESIAN_POINT('',(-2.286001965,2.540999217,3.538897333));
#3645=CARTESIAN_POINT('',(-2.286001965,2.540999217,3.547702667));
#3646=CARTESIAN_POINT('',(-2.286001965,2.540999217,3.556508));
#3647=ADVANCED_FACE('',(#3648),#3660,.T.);
#3648=FACE_BOUND('',#3649,.T.);
#3649=EDGE_LOOP('',(#3650,#3651,#3658,#3659));
#3650=ORIENTED_EDGE('',*,*,#3377,.F.);
#3651=ORIENTED_EDGE('',*,*,#3652,.T.);
#3652=EDGE_CURVE('',#3316,#3307,#3653,.F.);
#3653=CIRCLE('',#3654,0.254);
#3654=AXIS2_PLACEMENT_3D('',#3655,#3656,#3657);
#3655=CARTESIAN_POINT('',(-2.8448,2.54,3.8608));
#3656=DIRECTION('',(-1.0,0.0,0.0));
#3657=DIRECTION('',(0.0,0.0,-1.0));
#3658=ORIENTED_EDGE('',*,*,#3362,.F.);
#3659=ORIENTED_EDGE('',*,*,#3610,.F.);
#3660=(BOUNDED_SURFACE()B_SPLINE_SURFACE(3,3,((#3661,#3662,#3663,#3664,#3665,#3666,#3667),(#3668,#3669,#3670,#3671,#3672,#3673,#3674),(#3675,#3676,#3677,#3678,#3679,#3680,#3681),(#3682,#3683,#3684,#3685,#3686,#3687,#3688)),.UNSPECIFIED.,.F.,.F.,.U.)B_SPLINE_SURFACE_WITH_KNOTS((4,4),(4,3,4),(0.194073603,0.805926397),(0.056887344,1.0,1.950204204),.UNSPECIFIED.)GEOMETRIC_REPRESENTATION_ITEM()RATIONAL_B_SPLINE_SURFACE(((1.358759903,1.104863403,1.121161174,1.407653217,1.119006954,1.104633584,1.364533106),(1.082631559,0.880332122,0.893317847,1.121588733,0.891601409,0.880149007,1.087231528),(1.082631559,0.880332122,0.893317847,1.121588733,0.891601409,0.880149007,1.087231528),(1.358759903,1.104863403,1.121161174,1.407653217,1.119006954,1.104633584,1.364533106)))REPRESENTATION_ITEM('')SURFACE());
#3661=CARTESIAN_POINT('',(-2.286078327,2.54000354,3.546644128));
#3662=CARTESIAN_POINT('',(-2.286076239,2.390124433,3.546644093));
#3663=CARTESIAN_POINT('',(-2.392363039,2.286,3.54842388));
#3664=CARTESIAN_POINT('',(-2.540042724,2.286,3.550896797));
#3665=CARTESIAN_POINT('',(-2.689119295,2.286,3.553393105));
#3666=CARTESIAN_POINT('',(-2.79562543,2.391718196,3.555176565));
#3667=CARTESIAN_POINT('',(-2.793992269,2.542746874,3.555149217));
#3668=CARTESIAN_POINT('',(-2.280451141,2.54000354,3.882693065));
#3669=CARTESIAN_POINT('',(-2.280449031,2.390124433,3.882694286));
#3670=CARTESIAN_POINT('',(-2.387806303,2.286,3.820546776));
#3671=CARTESIAN_POINT('',(-2.53697335,2.286,3.734196217));
#3672=CARTESIAN_POINT('',(-2.687551351,2.286,3.647028877));
#3673=CARTESIAN_POINT('',(-2.795130167,2.391718196,3.584753119));
#3674=CARTESIAN_POINT('',(-2.793480557,2.542746874,3.585708053));
#3675=CARTESIAN_POINT('',(-2.518106935,2.54000354,4.120348859));
#3676=CARTESIAN_POINT('',(-2.518105714,2.390124433,4.120350969));
#3677=CARTESIAN_POINT('',(-2.580253224,2.286,4.012993697));
#3678=CARTESIAN_POINT('',(-2.666603783,2.286,3.86382665));
#3679=CARTESIAN_POINT('',(-2.753771123,2.286,3.713248649));
#3680=CARTESIAN_POINT('',(-2.816046881,2.391718196,3.605669833));
#3681=CARTESIAN_POINT('',(-2.815091947,2.542746874,3.607319443));
#3682=CARTESIAN_POINT('',(-2.854155872,2.54000354,4.114721673));
#3683=CARTESIAN_POINT('',(-2.854155907,2.390124433,4.114723761));
#3684=CARTESIAN_POINT('',(-2.85237612,2.286,4.008436961));
#3685=CARTESIAN_POINT('',(-2.849903203,2.286,3.860757276));
#3686=CARTESIAN_POINT('',(-2.847406895,2.286,3.711680705));
#3687=CARTESIAN_POINT('',(-2.845623435,2.391718196,3.60517457));
#3688=CARTESIAN_POINT('',(-2.845650783,2.542746874,3.606807731));
#3689=ADVANCED_FACE('',(#3690),#3702,.T.);
#3690=FACE_BOUND('',#3691,.T.);
#3691=EDGE_LOOP('',(#3692,#3693,#3700,#3701));
#3692=ORIENTED_EDGE('',*,*,#3315,.F.);
#3693=ORIENTED_EDGE('',*,*,#3694,.T.);
#3694=EDGE_CURVE('',#3249,#3234,#3695,.F.);
#3695=CIRCLE('',#3696,0.254);
#3696=AXIS2_PLACEMENT_3D('',#3697,#3698,#3699);
#3697=CARTESIAN_POINT('',(-4.064,2.54,3.8608));
#3698=DIRECTION('',(-1.0,0.0,0.0));
#3699=DIRECTION('',(0.0,0.0,-1.0));
#3700=ORIENTED_EDGE('',*,*,#3306,.F.);
#3701=ORIENTED_EDGE('',*,*,#3652,.F.);
#3702=(BOUNDED_SURFACE()B_SPLINE_SURFACE(3,3,((#3703,#3704,#3705,#3706),(#3707,#3708,#3709,#3710),(#3711,#3712,#3713,#3714),(#3715,#3716,#3717,#3718),(#3719,#3720,#3721,#3722),(#3723,#3724,#3725,#3726),(#3727,#3728,#3729,#3730)),.UNSPECIFIED.,.F.,.F.,.U.)B_SPLINE_SURFACE_WITH_KNOTS((4,3,4),(4,4),(0.054316991,1.0,1.945683009),(-9.6E-04,0.04896),.UNSPECIFIED.)GEOMETRIC_REPRESENTATION_ITEM()RATIONAL_B_SPLINE_SURFACE(((1.153428252,1.153428252,1.153428252,1.153428252),(0.936391347,0.936391347,0.936391347,0.936391347),(0.949616881,0.949616881,0.949616881,0.949616881),(1.193104854,1.193104854,1.193104854,1.193104854),(0.949616881,0.949616881,0.949616881,0.949616881),(0.936391347,0.936391347,0.936391347,0.936391347),(1.153428252,1.153428252,1.153428252,1.153428252)))REPRESENTATION_ITEM('')SURFACE());
#3703=CARTESIAN_POINT('',(-2.820416,2.54099923,3.606801965));
#3704=CARTESIAN_POINT('',(-3.243072,2.54099923,3.606801965));
#3705=CARTESIAN_POINT('',(-3.665728,2.54099923,3.606801965));
#3706=CARTESIAN_POINT('',(-4.088384,2.54099923,3.606801965));
#3707=CARTESIAN_POINT('',(-2.820416,2.390700995,3.606210691));
#3708=CARTESIAN_POINT('',(-3.243072,2.390700995,3.606210691));
#3709=CARTESIAN_POINT('',(-3.665728,2.390700995,3.606210691));
#3710=CARTESIAN_POINT('',(-4.088384,2.390700995,3.606210691));
#3711=CARTESIAN_POINT('',(-2.820416,2.286,3.712593856));
#3712=CARTESIAN_POINT('',(-3.243072,2.286,3.712593856));
#3713=CARTESIAN_POINT('',(-3.665728,2.286,3.712593856));
#3714=CARTESIAN_POINT('',(-4.088384,2.286,3.712593856));
#3715=CARTESIAN_POINT('',(-2.820416,2.286,3.8608));
#3716=CARTESIAN_POINT('',(-3.243072,2.286,3.8608));
#3717=CARTESIAN_POINT('',(-3.665728,2.286,3.8608));
#3718=CARTESIAN_POINT('',(-4.088384,2.286,3.8608));
#3719=CARTESIAN_POINT('',(-2.820416,2.286,4.009006144));
#3720=CARTESIAN_POINT('',(-3.243072,2.286,4.009006144));
#3721=CARTESIAN_POINT('',(-3.665728,2.286,4.009006144));
#3722=CARTESIAN_POINT('',(-4.088384,2.286,4.009006144));
#3723=CARTESIAN_POINT('',(-2.820416,2.390700995,4.115389309));
#3724=CARTESIAN_POINT('',(-3.243072,2.390700995,4.115389309));
#3725=CARTESIAN_POINT('',(-3.665728,2.390700995,4.115389309));
#3726=CARTESIAN_POINT('',(-4.088384,2.390700995,4.115389309));
#3727=CARTESIAN_POINT('',(-2.820416,2.54099923,4.114798035));
#3728=CARTESIAN_POINT('',(-3.243072,2.54099923,4.114798035));
#3729=CARTESIAN_POINT('',(-3.665728,2.54099923,4.114798035));
#3730=CARTESIAN_POINT('',(-4.088384,2.54099923,4.114798035));
#3731=ADVANCED_FACE('',(#3732),#3738,.T.);
#3732=FACE_BOUND('',#3733,.T.);
#3733=EDGE_LOOP('',(#3734,#3735,#3736,#3737));
#3734=ORIENTED_EDGE('',*,*,#3248,.F.);
#3735=ORIENTED_EDGE('',*,*,#2826,.F.);
#3736=ORIENTED_EDGE('',*,*,#3233,.F.);
#3737=ORIENTED_EDGE('',*,*,#3694,.F.);
#3738=(BOUNDED_SURFACE()B_SPLINE_SURFACE(3,3,((#3739,#3740,#3741,#3742,#3743,#3744,#3745),(#3746,#3747,#3748,#3749,#3750,#3751,#3752),(#3753,#3754,#3755,#3756,#3757,#3758,#3759),(#3760,#3761,#3762,#3763,#3764,#3765,#3766)),.UNSPECIFIED.,.F.,.F.,.U.)B_SPLINE_SURFACE_WITH_KNOTS((4,4),(4,3,4),(0.194073603,0.805926397),(0.056887344,1.0,1.950204204),.UNSPECIFIED.)GEOMETRIC_REPRESENTATION_ITEM()RATIONAL_B_SPLINE_SURFACE(((1.358759903,1.104863403,1.121161174,1.407653217,1.119006954,1.104633584,1.364533106),(1.082631559,0.880332122,0.893317847,1.121588733,0.891601409,0.880149007,1.087231528),(1.082631559,0.880332122,0.893317847,1.121588733,0.891601409,0.880149007,1.087231528),(1.358759903,1.104863403,1.121161174,1.407653217,1.119006954,1.104633584,1.364533106)))REPRESENTATION_ITEM('')SURFACE());
#3739=CARTESIAN_POINT('',(-4.054644128,2.54000354,4.114721673));
#3740=CARTESIAN_POINT('',(-4.054644093,2.390124433,4.114723761));
#3741=CARTESIAN_POINT('',(-4.05642388,2.286,4.008436961));
#3742=CARTESIAN_POINT('',(-4.058896797,2.286,3.860757276));
#3743=CARTESIAN_POINT('',(-4.061393105,2.286,3.711680705));
#3744=CARTESIAN_POINT('',(-4.063176565,2.391718196,3.60517457));
#3745=CARTESIAN_POINT('',(-4.063149217,2.542746874,3.606807731));
#3746=CARTESIAN_POINT('',(-4.390693065,2.54000354,4.120348859));
#3747=CARTESIAN_POINT('',(-4.390694286,2.390124433,4.120350969));
#3748=CARTESIAN_POINT('',(-4.328546776,2.286,4.012993697));
#3749=CARTESIAN_POINT('',(-4.242196217,2.286,3.86382665));
#3750=CARTESIAN_POINT('',(-4.155028877,2.286,3.713248649));
#3751=CARTESIAN_POINT('',(-4.092753119,2.391718196,3.605669833));
#3752=CARTESIAN_POINT('',(-4.093708053,2.542746874,3.607319443));
#3753=CARTESIAN_POINT('',(-4.628348859,2.54000354,3.882693065));
#3754=CARTESIAN_POINT('',(-4.628350969,2.390124433,3.882694286));
#3755=CARTESIAN_POINT('',(-4.520993697,2.286,3.820546776));
#3756=CARTESIAN_POINT('',(-4.37182665,2.286,3.734196217));
#3757=CARTESIAN_POINT('',(-4.221248649,2.286,3.647028877));
#3758=CARTESIAN_POINT('',(-4.113669833,2.391718196,3.584753119));
#3759=CARTESIAN_POINT('',(-4.115319443,2.542746874,3.585708053));
#3760=CARTESIAN_POINT('',(-4.622721673,2.54000354,3.546644128));
#3761=CARTESIAN_POINT('',(-4.622723761,2.390124433,3.546644093));
#3762=CARTESIAN_POINT('',(-4.516436961,2.286,3.54842388));
#3763=CARTESIAN_POINT('',(-4.368757276,2.286,3.550896797));
#3764=CARTESIAN_POINT('',(-4.219680705,2.286,3.553393105));
#3765=CARTESIAN_POINT('',(-4.11317457,2.391718196,3.555176565));
#3766=CARTESIAN_POINT('',(-4.114807731,2.542746874,3.555149217));
#3767=ADVANCED_FACE('',(#3768),#3786,.F.);
#3768=FACE_BOUND('',#3769,.T.);
#3769=EDGE_LOOP('',(#3770,#3771,#3772,#3780));
#3770=ORIENTED_EDGE('',*,*,#2476,.F.);
#3771=ORIENTED_EDGE('',*,*,#3083,.F.);
#3772=ORIENTED_EDGE('',*,*,#3773,.T.);
#3773=EDGE_CURVE('',#3075,#3774,#3776,.F.);
#3774=VERTEX_POINT('',#3775);
#3775=CARTESIAN_POINT('',(-4.2672,3.1496,0.4318));
#3776=LINE('',#3777,#3778);
#3777=CARTESIAN_POINT('',(-4.2672,3.1496,0.4318));
#3778=VECTOR('',#3779,1.0);
#3779=DIRECTION('',(0.0,-1.0,0.0));
#3780=ORIENTED_EDGE('',*,*,#3781,.T.);
#3781=EDGE_CURVE('',#3774,#2477,#3782,.F.);
#3782=LINE('',#3783,#3784);
#3783=CARTESIAN_POINT('',(-4.2672,3.1496,4.3688));
#3784=VECTOR('',#3785,1.0);
#3785=DIRECTION('',(0.0,0.0,-1.0));
#3786=B_SPLINE_SURFACE_WITH_KNOTS('',1,1,((#3787,#3788),(#3789,#3790)),.UNSPECIFIED.,.F.,.F.,.U.,(2,2),(2,2),(-3.937007874E-05,0.00503937),(-0.15503937,3.937007874E-05),.PIECEWISE_BEZIER_KNOTS.);
#3787=CARTESIAN_POINT('',(-4.2672,3.1506,0.4308));
#3788=CARTESIAN_POINT('',(-4.2672,3.1506,4.3698));
#3789=CARTESIAN_POINT('',(-4.2672,3.0216,0.4308));
#3790=CARTESIAN_POINT('',(-4.2672,3.0216,4.3698));
#3791=ADVANCED_FACE('',(#3792),#3820,.F.);
#3792=FACE_BOUND('',#3793,.T.);
#3793=EDGE_LOOP('',(#3794,#3795,#3796,#3797,#3805,#3813));
#3794=ORIENTED_EDGE('',*,*,#1969,.F.);
#3795=ORIENTED_EDGE('',*,*,#2484,.F.);
#3796=ORIENTED_EDGE('',*,*,#3781,.F.);
#3797=ORIENTED_EDGE('',*,*,#3798,.T.);
#3798=EDGE_CURVE('',#3774,#3799,#3801,.F.);
#3799=VERTEX_POINT('',#3800);
#3800=CARTESIAN_POINT('',(-4.064,3.1496,0.4318));
#3801=LINE('',#3802,#3803);
#3802=CARTESIAN_POINT('',(-4.064,3.1496,0.4318));
#3803=VECTOR('',#3804,1.0);
#3804=DIRECTION('',(-1.0,0.0,0.0));
#3805=ORIENTED_EDGE('',*,*,#3806,.T.);
#3806=EDGE_CURVE('',#3799,#3807,#3809,.F.);
#3807=VERTEX_POINT('',#3808);
#3808=CARTESIAN_POINT('',(-4.064,3.1496,2.5908));
#3809=LINE('',#3810,#3811);
#3810=CARTESIAN_POINT('',(-4.064,3.1496,2.5908));
#3811=VECTOR('',#3812,1.0);
#3812=DIRECTION('',(0.0,0.0,-1.0));
#3813=ORIENTED_EDGE('',*,*,#3814,.T.);
#3814=EDGE_CURVE('',#3807,#1970,#3815,.T.);
#3815=CIRCLE('',#3816,0.3556);
#3816=AXIS2_PLACEMENT_3D('',#3817,#3818,#3819);
#3817=CARTESIAN_POINT('',(-3.7084,3.1496,2.5908));
#3818=DIRECTION('',(0.0,1.0,0.0));
#3819=DIRECTION('',(-1.0,0.0,0.0));
#3820=B_SPLINE_SURFACE_WITH_KNOTS('',1,1,((#3821,#3822),(#3823,#3824)),.UNSPECIFIED.,.F.,.F.,.U.,(2,2),(2,2),(-3.937007874E-05,0.02203937),(-0.15503937,3.937007874E-05),.PIECEWISE_BEZIER_KNOTS.);
#3821=CARTESIAN_POINT('',(-3.7074,3.1496,0.4308));
#3822=CARTESIAN_POINT('',(-3.7074,3.1496,4.3698));
#3823=CARTESIAN_POINT('',(-4.2682,3.1496,0.4308));
#3824=CARTESIAN_POINT('',(-4.2682,3.1496,4.3698));
#3825=ADVANCED_FACE('',(#3826),#3845,.T.);
#3826=FACE_BOUND('',#3827,.T.);
#3827=EDGE_LOOP('',(#3828,#3837,#3838,#3839));
#3828=ORIENTED_EDGE('',*,*,#3829,.T.);
#3829=EDGE_CURVE('',#3830,#1978,#3832,.T.);
#3830=VERTEX_POINT('',#3831);
#3831=CARTESIAN_POINT('',(-4.064,1.9304,2.5908));
#3832=CIRCLE('',#3833,0.3556);
#3833=AXIS2_PLACEMENT_3D('',#3834,#3835,#3836);
#3834=CARTESIAN_POINT('',(-3.7084,1.9304,2.5908));
#3835=DIRECTION('',(0.0,1.0,0.0));
#3836=DIRECTION('',(-1.0,0.0,0.0));
#3837=ORIENTED_EDGE('',*,*,#1977,.F.);
#3838=ORIENTED_EDGE('',*,*,#3814,.F.);
#3839=ORIENTED_EDGE('',*,*,#3840,.T.);
#3840=EDGE_CURVE('',#3807,#3830,#3841,.T.);
#3841=LINE('',#3842,#3843);
#3842=CARTESIAN_POINT('',(-4.064,3.1496,2.5908));
#3843=VECTOR('',#3844,1.0);
#3844=DIRECTION('',(0.0,-1.0,0.0));
#3845=(BOUNDED_SURFACE()B_SPLINE_SURFACE(3,3,((#3846,#3847,#3848,#3849),(#3850,#3851,#3852,#3853),(#3854,#3855,#3856,#3857),(#3858,#3859,#3860,#3861)),.UNSPECIFIED.,.F.,.F.,.U.)B_SPLINE_SURFACE_WITH_KNOTS((4,4),(4,4),(0.038333533,0.961666467),(-0.04896,9.6E-04),.PIECEWISE_BEZIER_KNOTS.)GEOMETRIC_REPRESENTATION_ITEM()RATIONAL_B_SPLINE_SURFACE(((1.172940272,1.172940272,1.172940272,1.172940272),(0.942353243,0.942353243,0.942353243,0.942353243),(0.942353243,0.942353243,0.942353243,0.942353243),(1.172940272,1.172940272,1.172940272,1.172940272)))REPRESENTATION_ITEM('')SURFACE());
#3846=CARTESIAN_POINT('',(-4.063998596,1.906016,2.589800584));
#3847=CARTESIAN_POINT('',(-4.063998596,2.328672,2.589800584));
#3848=CARTESIAN_POINT('',(-4.063998596,2.751328,2.589800584));
#3849=CARTESIAN_POINT('',(-4.063998596,3.173984,2.589800584));
#3850=CARTESIAN_POINT('',(-4.064586652,1.906016,2.799034996));
#3851=CARTESIAN_POINT('',(-4.064586652,2.328672,2.799034996));
#3852=CARTESIAN_POINT('',(-4.064586652,2.751328,2.799034996));
#3853=CARTESIAN_POINT('',(-4.064586652,3.173984,2.799034996));
#3854=CARTESIAN_POINT('',(-3.916634996,1.906016,2.946986652));
#3855=CARTESIAN_POINT('',(-3.916634996,2.328672,2.946986652));
#3856=CARTESIAN_POINT('',(-3.916634996,2.751328,2.946986652));
#3857=CARTESIAN_POINT('',(-3.916634996,3.173984,2.946986652));
#3858=CARTESIAN_POINT('',(-3.707400584,1.906016,2.946398596));
#3859=CARTESIAN_POINT('',(-3.707400584,2.328672,2.946398596));
#3860=CARTESIAN_POINT('',(-3.707400584,2.751328,2.946398596));
#3861=CARTESIAN_POINT('',(-3.707400584,3.173984,2.946398596));
#3862=ADVANCED_FACE('',(#3863),#3881,.T.);
#3863=FACE_BOUND('',#3864,.T.);
#3864=EDGE_LOOP('',(#3865,#3873,#3874,#3875));
#3865=ORIENTED_EDGE('',*,*,#3866,.T.);
#3866=EDGE_CURVE('',#3867,#3830,#3869,.F.);
#3867=VERTEX_POINT('',#3868);
#3868=CARTESIAN_POINT('',(-4.064,1.9304,0.4318));
#3869=LINE('',#3870,#3871);
#3870=CARTESIAN_POINT('',(-4.064,1.9304,2.5908));
#3871=VECTOR('',#3872,1.0);
#3872=DIRECTION('',(0.0,0.0,-1.0));
#3873=ORIENTED_EDGE('',*,*,#3840,.F.);
#3874=ORIENTED_EDGE('',*,*,#3806,.F.);
#3875=ORIENTED_EDGE('',*,*,#3876,.T.);
#3876=EDGE_CURVE('',#3799,#3867,#3877,.F.);
#3877=LINE('',#3878,#3879);
#3878=CARTESIAN_POINT('',(-4.064,1.9304,0.4318));
#3879=VECTOR('',#3880,1.0);
#3880=DIRECTION('',(0.0,1.0,0.0));
#3881=B_SPLINE_SURFACE_WITH_KNOTS('',1,1,((#3882,#3883),(#3884,#3885)),.UNSPECIFIED.,.F.,.F.,.U.,(2,2),(2,2),(-0.02403937,0.02403937),(-0.09903937,-0.01396063),.PIECEWISE_BEZIER_KNOTS.);
#3882=CARTESIAN_POINT('',(-4.064,3.1506,0.4308));
#3883=CARTESIAN_POINT('',(-4.064,3.1506,2.5918));
#3884=CARTESIAN_POINT('',(-4.064,1.9294,0.4308));
#3885=CARTESIAN_POINT('',(-4.064,1.9294,2.5918));
#3886=ADVANCED_FACE('',(#3887),#3914,.F.);
#3887=FACE_BOUND('',#3888,.T.);
#3888=EDGE_LOOP('',(#3889,#3890,#3898,#3904,#3905,#3906,#3907,#3908));
#3889=ORIENTED_EDGE('',*,*,#2737,.F.);
#3890=ORIENTED_EDGE('',*,*,#3891,.T.);
#3891=EDGE_CURVE('',#2730,#3892,#3894,.F.);
#3892=VERTEX_POINT('',#3893);
#3893=CARTESIAN_POINT('',(-4.2672,1.9304,0.4318));
#3894=LINE('',#3895,#3896);
#3895=CARTESIAN_POINT('',(-4.2672,1.9304,0.4318));
#3896=VECTOR('',#3897,1.0);
#3897=DIRECTION('',(0.0,1.0,0.0));
#3898=ORIENTED_EDGE('',*,*,#3899,.T.);
#3899=EDGE_CURVE('',#3892,#3867,#3900,.F.);
#3900=LINE('',#3901,#3902);
#3901=CARTESIAN_POINT('',(-4.064,1.9304,0.4318));
#3902=VECTOR('',#3903,1.0);
#3903=DIRECTION('',(-1.0,0.0,0.0));
#3904=ORIENTED_EDGE('',*,*,#3876,.F.);
#3905=ORIENTED_EDGE('',*,*,#3798,.F.);
#3906=ORIENTED_EDGE('',*,*,#3773,.F.);
#3907=ORIENTED_EDGE('',*,*,#3074,.F.);
#3908=ORIENTED_EDGE('',*,*,#3909,.T.);
#3909=EDGE_CURVE('',#3067,#2738,#3910,.F.);
#3910=LINE('',#3911,#3912);
#3911=CARTESIAN_POINT('',(-4.7752,2.0574,0.4318));
#3912=VECTOR('',#3913,1.0);
#3913=DIRECTION('',(0.0,1.0,0.0));
#3914=B_SPLINE_SURFACE_WITH_KNOTS('',1,1,((#3915,#3916),(#3917,#3918)),.UNSPECIFIED.,.F.,.F.,.U.,(2,2),(2,2),(-0.18803937,-0.15996063),(-0.02403937,0.02403937),.PIECEWISE_BEZIER_KNOTS.);
#3915=CARTESIAN_POINT('',(-4.7762,3.1506,0.4318));
#3916=CARTESIAN_POINT('',(-4.7762,1.9294,0.4318));
#3917=CARTESIAN_POINT('',(-4.063,3.1506,0.4318));
#3918=CARTESIAN_POINT('',(-4.063,1.9294,0.4318));
#3919=ADVANCED_FACE('',(#3920),#3995,.F.);
#3920=FACE_BOUND('',#3921,.T.);
#3921=EDGE_LOOP('',(#3922,#3932,#3938,#3939,#3947,#3955,#3961,#3962,#3970,#3978,#3984,#3985,#3986,#3987,#3988,#3989));
#3922=ORIENTED_EDGE('',*,*,#3923,.T.);
#3923=EDGE_CURVE('',#3924,#3926,#3928,.F.);
#3924=VERTEX_POINT('',#3925);
#3925=CARTESIAN_POINT('',(-4.7752,4.1402,0.0));
#3926=VERTEX_POINT('',#3927);
#3927=CARTESIAN_POINT('',(-4.7752,-4.1402,0.0));
#3928=LINE('',#3929,#3930);
#3929=CARTESIAN_POINT('',(-4.7752,-4.1402,0.0));
#3930=VECTOR('',#3931,1.0);
#3931=DIRECTION('',(0.0,1.0,0.0));
#3932=ORIENTED_EDGE('',*,*,#3933,.T.);
#3933=EDGE_CURVE('',#3926,#2569,#3934,.F.);
#3934=LINE('',#3935,#3936);
#3935=CARTESIAN_POINT('',(-4.7752,-4.1402,4.3688));
#3936=VECTOR('',#3937,1.0);
#3937=DIRECTION('',(0.0,0.0,-1.0));
#3938=ORIENTED_EDGE('',*,*,#2568,.F.);
#3939=ORIENTED_EDGE('',*,*,#3940,.T.);
#3940=EDGE_CURVE('',#2560,#3941,#3943,.T.);
#3941=VERTEX_POINT('',#3942);
#3942=CARTESIAN_POINT('',(-4.7752,-3.0226,0.4318));
#3943=LINE('',#3944,#3945);
#3944=CARTESIAN_POINT('',(-4.7752,-3.0226,4.3688));
#3945=VECTOR('',#3946,1.0);
#3946=DIRECTION('',(0.0,0.0,-1.0));
#3947=ORIENTED_EDGE('',*,*,#3948,.T.);
#3948=EDGE_CURVE('',#3941,#3949,#3951,.T.);
#3949=VERTEX_POINT('',#3950);
#3950=CARTESIAN_POINT('',(-4.7752,-2.0574,0.4318));
#3951=LINE('',#3952,#3953);
#3952=CARTESIAN_POINT('',(-4.7752,-3.0226,0.4318));
#3953=VECTOR('',#3954,1.0);
#3954=DIRECTION('',(0.0,1.0,0.0));
#3955=ORIENTED_EDGE('',*,*,#3956,.T.);
#3956=EDGE_CURVE('',#3949,#2386,#3957,.T.);
#3957=LINE('',#3958,#3959);
#3958=CARTESIAN_POINT('',(-4.7752,-2.0574,0.4318));
#3959=VECTOR('',#3960,1.0);
#3960=DIRECTION('',(0.0,0.0,1.0));
#3961=ORIENTED_EDGE('',*,*,#2385,.F.);
#3962=ORIENTED_EDGE('',*,*,#3963,.T.);
#3963=EDGE_CURVE('',#2377,#3964,#3966,.T.);
#3964=VERTEX_POINT('',#3965);
#3965=CARTESIAN_POINT('',(-4.7752,-0.4826,0.4318));
#3966=LINE('',#3967,#3968);
#3967=CARTESIAN_POINT('',(-4.7752,-0.4826,4.3688));
#3968=VECTOR('',#3969,1.0);
#3969=DIRECTION('',(0.0,0.0,-1.0));
#3970=ORIENTED_EDGE('',*,*,#3971,.T.);
#3971=EDGE_CURVE('',#3964,#3972,#3974,.T.);
#3972=VERTEX_POINT('',#3973);
#3973=CARTESIAN_POINT('',(-4.7752,0.4826,0.4318));
#3974=LINE('',#3975,#3976);
#3975=CARTESIAN_POINT('',(-4.7752,-0.4826,0.4318));
#3976=VECTOR('',#3977,1.0);
#3977=DIRECTION('',(0.0,1.0,0.0));
#3978=ORIENTED_EDGE('',*,*,#3979,.T.);
#3979=EDGE_CURVE('',#3972,#2230,#3980,.T.);
#3980=LINE('',#3981,#3982);
#3981=CARTESIAN_POINT('',(-4.7752,0.4826,0.4318));
#3982=VECTOR('',#3983,1.0);
#3983=DIRECTION('',(0.0,0.0,1.0));
#3984=ORIENTED_EDGE('',*,*,#2229,.F.);
#3985=ORIENTED_EDGE('',*,*,#2746,.F.);
#3986=ORIENTED_EDGE('',*,*,#3909,.F.);
#3987=ORIENTED_EDGE('',*,*,#3066,.F.);
#3988=ORIENTED_EDGE('',*,*,#2442,.F.);
#3989=ORIENTED_EDGE('',*,*,#3990,.T.);
#3990=EDGE_CURVE('',#2435,#3924,#3991,.T.);
#3991=LINE('',#3992,#3993);
#3992=CARTESIAN_POINT('',(-4.7752,4.1402,4.3688));
#3993=VECTOR('',#3994,1.0);
#3994=DIRECTION('',(0.0,0.0,-1.0));
#3995=B_SPLINE_SURFACE_WITH_KNOTS('',1,1,((#3996,#3997),(#3998,#3999)),.UNSPECIFIED.,.F.,.F.,.U.,(2,2),(2,2),(-3.937007874E-05,0.32603937),(-0.17203937,3.937007874E-05),.PIECEWISE_BEZIER_KNOTS.);
#3996=CARTESIAN_POINT('',(-4.7752,-4.1412,-0.001));
#3997=CARTESIAN_POINT('',(-4.7752,-4.1412,4.3698));
#3998=CARTESIAN_POINT('',(-4.7752,4.1412,-0.001));
#3999=CARTESIAN_POINT('',(-4.7752,4.1412,4.3698));
#4000=ADVANCED_FACE('',(#4001),#4035,.F.);
#4001=FACE_BOUND('',#4002,.T.);
#4002=EDGE_LOOP('',(#4003,#4011,#4012,#4013,#4021,#4029));
#4003=ORIENTED_EDGE('',*,*,#4004,.T.);
#4004=EDGE_CURVE('',#4005,#3924,#4007,.T.);
#4005=VERTEX_POINT('',#4006);
#4006=CARTESIAN_POINT('',(-5.2324,4.1402,0.0));
#4007=LINE('',#4008,#4009);
#4008=CARTESIAN_POINT('',(-5.2324,4.1402,0.0));
#4009=VECTOR('',#4010,1.0);
#4010=DIRECTION('',(1.0,0.0,0.0));
#4011=ORIENTED_EDGE('',*,*,#3990,.F.);
#4012=ORIENTED_EDGE('',*,*,#2434,.F.);
#4013=ORIENTED_EDGE('',*,*,#4014,.T.);
#4014=EDGE_CURVE('',#2427,#4015,#4017,.T.);
#4015=VERTEX_POINT('',#4016);
#4016=CARTESIAN_POINT('',(-4.2164,4.1402,4.826));
#4017=LINE('',#4018,#4019);
#4018=CARTESIAN_POINT('',(-4.2164,4.1402,4.3688));
#4019=VECTOR('',#4020,1.0);
#4020=DIRECTION('',(0.0,0.0,1.0));
#4021=ORIENTED_EDGE('',*,*,#4022,.T.);
#4022=EDGE_CURVE('',#4015,#4023,#4025,.T.);
#4023=VERTEX_POINT('',#4024);
#4024=CARTESIAN_POINT('',(-5.2324,4.1402,4.826));
#4025=LINE('',#4026,#4027);
#4026=CARTESIAN_POINT('',(-4.2164,4.1402,4.826));
#4027=VECTOR('',#4028,1.0);
#4028=DIRECTION('',(-1.0,0.0,0.0));
#4029=ORIENTED_EDGE('',*,*,#4030,.T.);
#4030=EDGE_CURVE('',#4023,#4005,#4031,.F.);
#4031=LINE('',#4032,#4033);
#4032=CARTESIAN_POINT('',(-5.2324,4.1402,0.0));
#4033=VECTOR('',#4034,1.0);
#4034=DIRECTION('',(0.0,0.0,1.0));
#4035=B_SPLINE_SURFACE_WITH_KNOTS('',1,1,((#4036,#4037),(#4038,#4039)),.UNSPECIFIED.,.F.,.F.,.U.,(2,2),(2,2),(-0.02203937,0.01803937),(-0.17203937,0.01803937),.PIECEWISE_BEZIER_KNOTS.);
#4036=CARTESIAN_POINT('',(-4.2154,4.1402,-0.001));
#4037=CARTESIAN_POINT('',(-4.2154,4.1402,4.827));
#4038=CARTESIAN_POINT('',(-5.2334,4.1402,-0.001));
#4039=CARTESIAN_POINT('',(-5.2334,4.1402,4.827));
#4040=ADVANCED_FACE('',(#4041),#4075,.T.);
#4041=FACE_BOUND('',#4042,.T.);
#4042=EDGE_LOOP('',(#4043,#4053,#4061,#4069));
#4043=ORIENTED_EDGE('',*,*,#4044,.T.);
#4044=EDGE_CURVE('',#4045,#4047,#4049,.T.);
#4045=VERTEX_POINT('',#4046);
#4046=CARTESIAN_POINT('',(-5.2324,-4.1402,0.0));
#4047=VERTEX_POINT('',#4048);
#4048=CARTESIAN_POINT('',(-5.2324,-4.7752,0.0));
#4049=LINE('',#4050,#4051);
#4050=CARTESIAN_POINT('',(-5.2324,-4.1402,0.0));
#4051=VECTOR('',#4052,1.0);
#4052=DIRECTION('',(0.0,-1.0,0.0));
#4053=ORIENTED_EDGE('',*,*,#4054,.T.);
#4054=EDGE_CURVE('',#4047,#4055,#4057,.T.);
#4055=VERTEX_POINT('',#4056);
#4056=CARTESIAN_POINT('',(-5.2324,-4.7752,4.826));
#4057=LINE('',#4058,#4059);
#4058=CARTESIAN_POINT('',(-5.2324,-4.7752,0.0));
#4059=VECTOR('',#4060,1.0);
#4060=DIRECTION('',(0.0,0.0,1.0));
#4061=ORIENTED_EDGE('',*,*,#4062,.T.);
#4062=EDGE_CURVE('',#4055,#4063,#4065,.F.);
#4063=VERTEX_POINT('',#4064);
#4064=CARTESIAN_POINT('',(-5.2324,-4.1402,4.826));
#4065=LINE('',#4066,#4067);
#4066=CARTESIAN_POINT('',(-5.2324,-4.1402,4.826));
#4067=VECTOR('',#4068,1.0);
#4068=DIRECTION('',(0.0,-1.0,0.0));
#4069=ORIENTED_EDGE('',*,*,#4070,.T.);
#4070=EDGE_CURVE('',#4063,#4045,#4071,.T.);
#4071=LINE('',#4072,#4073);
#4072=CARTESIAN_POINT('',(-5.2324,-4.1402,4.826));
#4073=VECTOR('',#4074,1.0);
#4074=DIRECTION('',(0.0,0.0,-1.0));
#4075=B_SPLINE_SURFACE_WITH_KNOTS('',1,1,((#4076,#4077),(#4078,#4079)),.UNSPECIFIED.,.F.,.F.,.U.,(2,2),(2,2),(0.35096063,0.37603937),(-3.937007874E-05,0.19003937),.PIECEWISE_BEZIER_KNOTS.);
#4076=CARTESIAN_POINT('',(-5.2324,-4.1392,-0.001));
#4077=CARTESIAN_POINT('',(-5.2324,-4.1392,4.827));
#4078=CARTESIAN_POINT('',(-5.2324,-4.7762,-0.001));
#4079=CARTESIAN_POINT('',(-5.2324,-4.7762,4.827));
#4080=ADVANCED_FACE('',(#4081),#4106,.T.);
#4081=FACE_BOUND('',#4082,.T.);
#4082=EDGE_LOOP('',(#4083,#4091,#4092,#4100));
#4083=ORIENTED_EDGE('',*,*,#4084,.T.);
#4084=EDGE_CURVE('',#4085,#4005,#4087,.T.);
#4085=VERTEX_POINT('',#4086);
#4086=CARTESIAN_POINT('',(-5.2324,4.7752,0.0));
#4087=LINE('',#4088,#4089);
#4088=CARTESIAN_POINT('',(-5.2324,4.7752,0.0));
#4089=VECTOR('',#4090,1.0);
#4090=DIRECTION('',(0.0,-1.0,0.0));
#4091=ORIENTED_EDGE('',*,*,#4030,.F.);
#4092=ORIENTED_EDGE('',*,*,#4093,.T.);
#4093=EDGE_CURVE('',#4023,#4094,#4096,.T.);
#4094=VERTEX_POINT('',#4095);
#4095=CARTESIAN_POINT('',(-5.2324,4.7752,4.826));
#4096=LINE('',#4097,#4098);
#4097=CARTESIAN_POINT('',(-5.2324,4.1402,4.826));
#4098=VECTOR('',#4099,1.0);
#4099=DIRECTION('',(0.0,1.0,0.0));
#4100=ORIENTED_EDGE('',*,*,#4101,.T.);
#4101=EDGE_CURVE('',#4094,#4085,#4102,.T.);
#4102=LINE('',#4103,#4104);
#4103=CARTESIAN_POINT('',(-5.2324,4.7752,4.826));
#4104=VECTOR('',#4105,1.0);
#4105=DIRECTION('',(0.0,0.0,-1.0));
#4106=B_SPLINE_SURFACE_WITH_KNOTS('',1,1,((#4107,#4108),(#4109,#4110)),.UNSPECIFIED.,.F.,.F.,.U.,(2,2),(2,2),(-3.937007874E-05,0.02503937),(-3.937007874E-05,0.19003937),.PIECEWISE_BEZIER_KNOTS.);
#4107=CARTESIAN_POINT('',(-5.2324,4.7762,-0.001));
#4108=CARTESIAN_POINT('',(-5.2324,4.7762,4.827));
#4109=CARTESIAN_POINT('',(-5.2324,4.1392,-0.001));
#4110=CARTESIAN_POINT('',(-5.2324,4.1392,4.827));
#4111=ADVANCED_FACE('',(#4112),#4137,.F.);
#4112=FACE_BOUND('',#4113,.T.);
#4113=EDGE_LOOP('',(#4114,#4120,#4121,#4129,#4135,#4136));
#4114=ORIENTED_EDGE('',*,*,#4115,.T.);
#4115=EDGE_CURVE('',#3926,#4045,#4116,.F.);
#4116=LINE('',#4117,#4118);
#4117=CARTESIAN_POINT('',(-5.2324,-4.1402,0.0));
#4118=VECTOR('',#4119,1.0);
#4119=DIRECTION('',(1.0,0.0,0.0));
#4120=ORIENTED_EDGE('',*,*,#4070,.F.);
#4121=ORIENTED_EDGE('',*,*,#4122,.T.);
#4122=EDGE_CURVE('',#4063,#4123,#4125,.F.);
#4123=VERTEX_POINT('',#4124);
#4124=CARTESIAN_POINT('',(-4.2164,-4.1402,4.826));
#4125=LINE('',#4126,#4127);
#4126=CARTESIAN_POINT('',(-4.2164,-4.1402,4.826));
#4127=VECTOR('',#4128,1.0);
#4128=DIRECTION('',(-1.0,0.0,0.0));
#4129=ORIENTED_EDGE('',*,*,#4130,.T.);
#4130=EDGE_CURVE('',#4123,#2577,#4131,.F.);
#4131=LINE('',#4132,#4133);
#4132=CARTESIAN_POINT('',(-4.2164,-4.1402,4.3688));
#4133=VECTOR('',#4134,1.0);
#4134=DIRECTION('',(0.0,0.0,1.0));
#4135=ORIENTED_EDGE('',*,*,#2576,.F.);
#4136=ORIENTED_EDGE('',*,*,#3933,.F.);
#4137=B_SPLINE_SURFACE_WITH_KNOTS('',1,1,((#4138,#4139),(#4140,#4141)),.UNSPECIFIED.,.F.,.F.,.U.,(2,2),(2,2),(-3.937007874E-05,0.04003937),(-0.17203937,0.01803937),.PIECEWISE_BEZIER_KNOTS.);
#4138=CARTESIAN_POINT('',(-5.2334,-4.1402,-0.001));
#4139=CARTESIAN_POINT('',(-5.2334,-4.1402,4.827));
#4140=CARTESIAN_POINT('',(-4.2154,-4.1402,-0.001));
#4141=CARTESIAN_POINT('',(-4.2154,-4.1402,4.827));
#4142=ADVANCED_FACE('',(#4143),#4161,.T.);
#4143=FACE_BOUND('',#4144,.T.);
#4144=EDGE_LOOP('',(#4145,#4146,#4154,#4160));
#4145=ORIENTED_EDGE('',*,*,#4130,.F.);
#4146=ORIENTED_EDGE('',*,*,#4147,.T.);
#4147=EDGE_CURVE('',#4123,#4148,#4150,.F.);
#4148=VERTEX_POINT('',#4149);
#4149=CARTESIAN_POINT('',(-4.2164,-4.7752,4.826));
#4150=LINE('',#4151,#4152);
#4151=CARTESIAN_POINT('',(-4.2164,-4.7752,4.826));
#4152=VECTOR('',#4153,1.0);
#4153=DIRECTION('',(0.0,1.0,0.0));
#4154=ORIENTED_EDGE('',*,*,#4155,.T.);
#4155=EDGE_CURVE('',#4148,#2585,#4156,.F.);
#4156=LINE('',#4157,#4158);
#4157=CARTESIAN_POINT('',(-4.2164,-4.7752,4.3688));
#4158=VECTOR('',#4159,1.0);
#4159=DIRECTION('',(0.0,0.0,1.0));
#4160=ORIENTED_EDGE('',*,*,#2584,.F.);
#4161=B_SPLINE_SURFACE_WITH_KNOTS('',1,1,((#4162,#4163),(#4164,#4165)),.UNSPECIFIED.,.F.,.F.,.U.,(2,2),(2,2),(-3.937007874E-05,0.02503937),(-3.937007874E-05,0.01803937),.PIECEWISE_BEZIER_KNOTS.);
#4162=CARTESIAN_POINT('',(-4.2164,-4.7762,4.3678));
#4163=CARTESIAN_POINT('',(-4.2164,-4.7762,4.827));
#4164=CARTESIAN_POINT('',(-4.2164,-4.1392,4.3678));
#4165=CARTESIAN_POINT('',(-4.2164,-4.1392,4.827));
#4166=ADVANCED_FACE('',(#4167),#4208,.T.);
#4167=FACE_BOUND('',#4168,.T.);
#4168=EDGE_LOOP('',(#4169,#4170,#4176,#4177,#4185,#4193,#4201,#4207));
#4169=ORIENTED_EDGE('',*,*,#4155,.F.);
#4170=ORIENTED_EDGE('',*,*,#4171,.T.);
#4171=EDGE_CURVE('',#4148,#4055,#4172,.F.);
#4172=LINE('',#4173,#4174);
#4173=CARTESIAN_POINT('',(-5.2324,-4.7752,4.826));
#4174=VECTOR('',#4175,1.0);
#4175=DIRECTION('',(1.0,0.0,0.0));
#4176=ORIENTED_EDGE('',*,*,#4054,.F.);
#4177=ORIENTED_EDGE('',*,*,#4178,.T.);
#4178=EDGE_CURVE('',#4047,#4179,#4181,.T.);
#4179=VERTEX_POINT('',#4180);
#4180=CARTESIAN_POINT('',(4.7752,-4.7752,0.0));
#4181=LINE('',#4182,#4183);
#4182=CARTESIAN_POINT('',(-5.2324,-4.7752,0.0));
#4183=VECTOR('',#4184,1.0);
#4184=DIRECTION('',(1.0,0.0,0.0));
#4185=ORIENTED_EDGE('',*,*,#4186,.T.);
#4186=EDGE_CURVE('',#4179,#4187,#4189,.T.);
#4187=VERTEX_POINT('',#4188);
#4188=CARTESIAN_POINT('',(4.7752,-4.7752,4.826));
#4189=LINE('',#4190,#4191);
#4190=CARTESIAN_POINT('',(4.7752,-4.7752,0.0));
#4191=VECTOR('',#4192,1.0);
#4192=DIRECTION('',(0.0,0.0,1.0));
#4193=ORIENTED_EDGE('',*,*,#4194,.T.);
#4194=EDGE_CURVE('',#4187,#4195,#4197,.F.);
#4195=VERTEX_POINT('',#4196);
#4196=CARTESIAN_POINT('',(3.7592,-4.7752,4.826));
#4197=LINE('',#4198,#4199);
#4198=CARTESIAN_POINT('',(3.7592,-4.7752,4.826));
#4199=VECTOR('',#4200,1.0);
#4200=DIRECTION('',(1.0,0.0,0.0));
#4201=ORIENTED_EDGE('',*,*,#4202,.T.);
#4202=EDGE_CURVE('',#4195,#2593,#4203,.F.);
#4203=LINE('',#4204,#4205);
#4204=CARTESIAN_POINT('',(3.7592,-4.7752,4.3688));
#4205=VECTOR('',#4206,1.0);
#4206=DIRECTION('',(0.0,0.0,1.0));
#4207=ORIENTED_EDGE('',*,*,#2592,.F.);
#4208=B_SPLINE_SURFACE_WITH_KNOTS('',1,1,((#4209,#4210),(#4211,#4212)),.UNSPECIFIED.,.F.,.F.,.U.,(2,2),(2,2),(-3.937007874E-05,0.39403937),(-3.937007874E-05,0.19003937),.PIECEWISE_BEZIER_KNOTS.);
#4209=CARTESIAN_POINT('',(-5.2334,-4.7752,-0.001));
#4210=CARTESIAN_POINT('',(-5.2334,-4.7752,4.827));
#4211=CARTESIAN_POINT('',(4.7762,-4.7752,-0.001));
#4212=CARTESIAN_POINT('',(4.7762,-4.7752,4.827));
#4213=ADVANCED_FACE('',(#4214),#4232,.T.);
#4214=FACE_BOUND('',#4215,.T.);
#4215=EDGE_LOOP('',(#4216,#4217,#4225,#4231));
#4216=ORIENTED_EDGE('',*,*,#4202,.F.);
#4217=ORIENTED_EDGE('',*,*,#4218,.T.);
#4218=EDGE_CURVE('',#4195,#4219,#4221,.F.);
#4219=VERTEX_POINT('',#4220);
#4220=CARTESIAN_POINT('',(3.7592,-4.1402,4.826));
#4221=LINE('',#4222,#4223);
#4222=CARTESIAN_POINT('',(3.7592,-4.1402,4.826));
#4223=VECTOR('',#4224,1.0);
#4224=DIRECTION('',(0.0,-1.0,0.0));
#4225=ORIENTED_EDGE('',*,*,#4226,.T.);
#4226=EDGE_CURVE('',#4219,#2601,#4227,.F.);
#4227=LINE('',#4228,#4229);
#4228=CARTESIAN_POINT('',(3.7592,-4.1402,4.3688));
#4229=VECTOR('',#4230,1.0);
#4230=DIRECTION('',(0.0,0.0,1.0));
#4231=ORIENTED_EDGE('',*,*,#2600,.F.);
#4232=B_SPLINE_SURFACE_WITH_KNOTS('',1,1,((#4233,#4234),(#4235,#4236)),.UNSPECIFIED.,.F.,.F.,.U.,(2,2),(2,2),(-3.937007874E-05,0.02503937),(-3.937007874E-05,0.01803937),.PIECEWISE_BEZIER_KNOTS.);
#4233=CARTESIAN_POINT('',(3.7592,-4.1392,4.3678));
#4234=CARTESIAN_POINT('',(3.7592,-4.1392,4.827));
#4235=CARTESIAN_POINT('',(3.7592,-4.7762,4.3678));
#4236=CARTESIAN_POINT('',(3.7592,-4.7762,4.827));
#4237=ADVANCED_FACE('',(#4238),#4256,.T.);
#4238=FACE_BOUND('',#4239,.T.);
#4239=EDGE_LOOP('',(#4240,#4241,#4249,#4255));
#4240=ORIENTED_EDGE('',*,*,#4226,.F.);
#4241=ORIENTED_EDGE('',*,*,#4242,.T.);
#4242=EDGE_CURVE('',#4219,#4243,#4245,.F.);
#4243=VERTEX_POINT('',#4244);
#4244=CARTESIAN_POINT('',(4.7752,-4.1402,4.826));
#4245=LINE('',#4246,#4247);
#4246=CARTESIAN_POINT('',(4.7752,-4.1402,4.826));
#4247=VECTOR('',#4248,1.0);
#4248=DIRECTION('',(-1.0,0.0,0.0));
#4249=ORIENTED_EDGE('',*,*,#4250,.T.);
#4250=EDGE_CURVE('',#4243,#2609,#4251,.F.);
#4251=LINE('',#4252,#4253);
#4252=CARTESIAN_POINT('',(4.7752,-4.1402,4.3688));
#4253=VECTOR('',#4254,1.0);
#4254=DIRECTION('',(0.0,0.0,1.0));
#4255=ORIENTED_EDGE('',*,*,#2608,.F.);
#4256=B_SPLINE_SURFACE_WITH_KNOTS('',1,1,((#4257,#4258),(#4259,#4260)),.UNSPECIFIED.,.F.,.F.,.U.,(2,2),(2,2),(-3.937007874E-05,0.04003937),(-3.937007874E-05,0.01803937),.PIECEWISE_BEZIER_KNOTS.);
#4257=CARTESIAN_POINT('',(4.7762,-4.1402,4.3678));
#4258=CARTESIAN_POINT('',(4.7762,-4.1402,4.827));
#4259=CARTESIAN_POINT('',(3.7582,-4.1402,4.3678));
#4260=CARTESIAN_POINT('',(3.7582,-4.1402,4.827));
#4261=ADVANCED_FACE('',(#4262,#4303),#4323,.T.);
#4262=FACE_BOUND('',#4263,.T.);
#4263=EDGE_LOOP('',(#4264,#4265,#4271,#4272,#4280,#4288,#4296,#4302));
#4264=ORIENTED_EDGE('',*,*,#4250,.F.);
#4265=ORIENTED_EDGE('',*,*,#4266,.T.);
#4266=EDGE_CURVE('',#4243,#4187,#4267,.F.);
#4267=LINE('',#4268,#4269);
#4268=CARTESIAN_POINT('',(4.7752,-4.7752,4.826));
#4269=VECTOR('',#4270,1.0);
#4270=DIRECTION('',(0.0,1.0,0.0));
#4271=ORIENTED_EDGE('',*,*,#4186,.F.);
#4272=ORIENTED_EDGE('',*,*,#4273,.T.);
#4273=EDGE_CURVE('',#4179,#4274,#4276,.T.);
#4274=VERTEX_POINT('',#4275);
#4275=CARTESIAN_POINT('',(4.7752,4.7752,0.0));
#4276=LINE('',#4277,#4278);
#4277=CARTESIAN_POINT('',(4.7752,-4.7752,0.0));
#4278=VECTOR('',#4279,1.0);
#4279=DIRECTION('',(0.0,1.0,0.0));
#4280=ORIENTED_EDGE('',*,*,#4281,.T.);
#4281=EDGE_CURVE('',#4274,#4282,#4284,.F.);
#4282=VERTEX_POINT('',#4283);
#4283=CARTESIAN_POINT('',(4.7752,4.7752,4.826));
#4284=LINE('',#4285,#4286);
#4285=CARTESIAN_POINT('',(4.7752,4.7752,4.826));
#4286=VECTOR('',#4287,1.0);
#4287=DIRECTION('',(0.0,0.0,-1.0));
#4288=ORIENTED_EDGE('',*,*,#4289,.T.);
#4289=EDGE_CURVE('',#4282,#4290,#4292,.T.);
#4290=VERTEX_POINT('',#4291);
#4291=CARTESIAN_POINT('',(4.7752,4.1402,4.826));
#4292=LINE('',#4293,#4294);
#4293=CARTESIAN_POINT('',(4.7752,4.7752,4.826));
#4294=VECTOR('',#4295,1.0);
#4295=DIRECTION('',(0.0,-1.0,0.0));
#4296=ORIENTED_EDGE('',*,*,#4297,.T.);
#4297=EDGE_CURVE('',#4290,#2617,#4298,.F.);
#4298=LINE('',#4299,#4300);
#4299=CARTESIAN_POINT('',(4.7752,4.1402,4.3688));
#4300=VECTOR('',#4301,1.0);
#4301=DIRECTION('',(0.0,0.0,1.0));
#4302=ORIENTED_EDGE('',*,*,#2616,.F.);
#4303=FACE_BOUND('',#4304,.T.);
#4304=EDGE_LOOP('',(#4305,#4316));
#4305=ORIENTED_EDGE('',*,*,#4306,.T.);
#4306=EDGE_CURVE('',#4307,#4309,#4311,.F.);
#4307=VERTEX_POINT('',#4308);
#4308=CARTESIAN_POINT('',(4.7752,3.6068,0.3048));
#4309=VERTEX_POINT('',#4310);
#4310=CARTESIAN_POINT('',(4.7752,3.6068,2.2352));
#4311=CIRCLE('',#4312,0.9652);
#4312=AXIS2_PLACEMENT_3D('',#4313,#4314,#4315);
#4313=CARTESIAN_POINT('',(4.7752,3.6068,1.27));
#4314=DIRECTION('',(1.0,0.0,0.0));
#4315=DIRECTION('',(0.0,0.0,1.0));
#4316=ORIENTED_EDGE('',*,*,#4317,.T.);
#4317=EDGE_CURVE('',#4309,#4307,#4318,.F.);
#4318=CIRCLE('',#4319,0.9652);
#4319=AXIS2_PLACEMENT_3D('',#4320,#4321,#4322);
#4320=CARTESIAN_POINT('',(4.7752,3.6068,1.27));
#4321=DIRECTION('',(1.0,0.0,0.0));
#4322=DIRECTION('',(0.0,0.0,-1.0));
#4323=B_SPLINE_SURFACE_WITH_KNOTS('',1,1,((#4324,#4325),(#4326,#4327)),.UNSPECIFIED.,.F.,.F.,.U.,(2,2),(2,2),(-3.937007874E-05,0.37603937),(-3.937007874E-05,0.19003937),.PIECEWISE_BEZIER_KNOTS.);
#4324=CARTESIAN_POINT('',(4.7752,-4.7762,-0.001));
#4325=CARTESIAN_POINT('',(4.7752,-4.7762,4.827));
#4326=CARTESIAN_POINT('',(4.7752,4.7762,-0.001));
#4327=CARTESIAN_POINT('',(4.7752,4.7762,4.827));
#4328=ADVANCED_FACE('',(#4329),#4347,.F.);
#4329=FACE_BOUND('',#4330,.T.);
#4330=EDGE_LOOP('',(#4331,#4332,#4340,#4346));
#4331=ORIENTED_EDGE('',*,*,#4297,.F.);
#4332=ORIENTED_EDGE('',*,*,#4333,.T.);
#4333=EDGE_CURVE('',#4290,#4334,#4336,.T.);
#4334=VERTEX_POINT('',#4335);
#4335=CARTESIAN_POINT('',(3.7592,4.1402,4.826));
#4336=LINE('',#4337,#4338);
#4337=CARTESIAN_POINT('',(4.7752,4.1402,4.826));
#4338=VECTOR('',#4339,1.0);
#4339=DIRECTION('',(-1.0,0.0,0.0));
#4340=ORIENTED_EDGE('',*,*,#4341,.T.);
#4341=EDGE_CURVE('',#4334,#2625,#4342,.F.);
#4342=LINE('',#4343,#4344);
#4343=CARTESIAN_POINT('',(3.7592,4.1402,4.3688));
#4344=VECTOR('',#4345,1.0);
#4345=DIRECTION('',(0.0,0.0,1.0));
#4346=ORIENTED_EDGE('',*,*,#2624,.F.);
#4347=B_SPLINE_SURFACE_WITH_KNOTS('',1,1,((#4348,#4349),(#4350,#4351)),.UNSPECIFIED.,.F.,.F.,.U.,(2,2),(2,2),(-3.937007874E-05,0.04003937),(-3.937007874E-05,0.01803937),.PIECEWISE_BEZIER_KNOTS.);
#4348=CARTESIAN_POINT('',(4.7762,4.1402,4.3678));
#4349=CARTESIAN_POINT('',(4.7762,4.1402,4.827));
#4350=CARTESIAN_POINT('',(3.7582,4.1402,4.3678));
#4351=CARTESIAN_POINT('',(3.7582,4.1402,4.827));
#4352=ADVANCED_FACE('',(#4353),#4371,.F.);
#4353=FACE_BOUND('',#4354,.T.);
#4354=EDGE_LOOP('',(#4355,#4356,#4364,#4370));
#4355=ORIENTED_EDGE('',*,*,#4341,.F.);
#4356=ORIENTED_EDGE('',*,*,#4357,.T.);
#4357=EDGE_CURVE('',#4334,#4358,#4360,.T.);
#4358=VERTEX_POINT('',#4359);
#4359=CARTESIAN_POINT('',(3.7592,4.7752,4.826));
#4360=LINE('',#4361,#4362);
#4361=CARTESIAN_POINT('',(3.7592,4.1402,4.826));
#4362=VECTOR('',#4363,1.0);
#4363=DIRECTION('',(0.0,1.0,0.0));
#4364=ORIENTED_EDGE('',*,*,#4365,.T.);
#4365=EDGE_CURVE('',#4358,#2417,#4366,.F.);
#4366=LINE('',#4367,#4368);
#4367=CARTESIAN_POINT('',(3.7592,4.7752,4.3688));
#4368=VECTOR('',#4369,1.0);
#4369=DIRECTION('',(0.0,0.0,1.0));
#4370=ORIENTED_EDGE('',*,*,#2632,.F.);
#4371=B_SPLINE_SURFACE_WITH_KNOTS('',1,1,((#4372,#4373),(#4374,#4375)),.UNSPECIFIED.,.F.,.F.,.U.,(2,2),(2,2),(-3.937007874E-05,0.02503937),(-3.937007874E-05,0.01803937),.PIECEWISE_BEZIER_KNOTS.);
#4372=CARTESIAN_POINT('',(3.7592,4.1392,4.3678));
#4373=CARTESIAN_POINT('',(3.7592,4.1392,4.827));
#4374=CARTESIAN_POINT('',(3.7592,4.7762,4.3678));
#4375=CARTESIAN_POINT('',(3.7592,4.7762,4.827));
#4376=ADVANCED_FACE('',(#4377),#4409,.T.);
#4377=FACE_BOUND('',#4378,.T.);
#4378=EDGE_LOOP('',(#4379,#4385,#4386,#4394,#4400,#4401,#4402,#4408));
#4379=ORIENTED_EDGE('',*,*,#4380,.T.);
#4380=EDGE_CURVE('',#4274,#4085,#4381,.T.);
#4381=LINE('',#4382,#4383);
#4382=CARTESIAN_POINT('',(4.7752,4.7752,0.0));
#4383=VECTOR('',#4384,1.0);
#4384=DIRECTION('',(-1.0,0.0,0.0));
#4385=ORIENTED_EDGE('',*,*,#4101,.F.);
#4386=ORIENTED_EDGE('',*,*,#4387,.T.);
#4387=EDGE_CURVE('',#4094,#4388,#4390,.T.);
#4388=VERTEX_POINT('',#4389);
#4389=CARTESIAN_POINT('',(-4.2164,4.7752,4.826));
#4390=LINE('',#4391,#4392);
#4391=CARTESIAN_POINT('',(-5.2324,4.7752,4.826));
#4392=VECTOR('',#4393,1.0);
#4393=DIRECTION('',(1.0,0.0,0.0));
#4394=ORIENTED_EDGE('',*,*,#4395,.T.);
#4395=EDGE_CURVE('',#4388,#2419,#4396,.F.);
#4396=LINE('',#4397,#4398);
#4397=CARTESIAN_POINT('',(-4.2164,4.7752,4.3688));
#4398=VECTOR('',#4399,1.0);
#4399=DIRECTION('',(0.0,0.0,1.0));
#4400=ORIENTED_EDGE('',*,*,#2416,.F.);
#4401=ORIENTED_EDGE('',*,*,#4365,.F.);
#4402=ORIENTED_EDGE('',*,*,#4403,.T.);
#4403=EDGE_CURVE('',#4358,#4282,#4404,.T.);
#4404=LINE('',#4405,#4406);
#4405=CARTESIAN_POINT('',(3.7592,4.7752,4.826));
#4406=VECTOR('',#4407,1.0);
#4407=DIRECTION('',(1.0,0.0,0.0));
#4408=ORIENTED_EDGE('',*,*,#4281,.F.);
#4409=B_SPLINE_SURFACE_WITH_KNOTS('',1,1,((#4410,#4411),(#4412,#4413)),.UNSPECIFIED.,.F.,.F.,.U.,(2,2),(2,2),(-3.937007874E-05,0.39403937),(-3.937007874E-05,0.19003937),.PIECEWISE_BEZIER_KNOTS.);
#4410=CARTESIAN_POINT('',(4.7762,4.7752,-0.001));
#4411=CARTESIAN_POINT('',(4.7762,4.7752,4.827));
#4412=CARTESIAN_POINT('',(-5.2334,4.7752,-0.001));
#4413=CARTESIAN_POINT('',(-5.2334,4.7752,4.827));
#4414=ADVANCED_FACE('',(#4415),#4421,.F.);
#4415=FACE_BOUND('',#4416,.T.);
#4416=EDGE_LOOP('',(#4417,#4418,#4419,#4420));
#4417=ORIENTED_EDGE('',*,*,#4333,.F.);
#4418=ORIENTED_EDGE('',*,*,#4289,.F.);
#4419=ORIENTED_EDGE('',*,*,#4403,.F.);
#4420=ORIENTED_EDGE('',*,*,#4357,.F.);
#4421=B_SPLINE_SURFACE_WITH_KNOTS('',1,1,((#4422,#4423),(#4424,#4425)),.UNSPECIFIED.,.F.,.F.,.U.,(2,2),(2,2),(-0.20603937,-0.16596063),(-0.18803937,-0.16296063),.PIECEWISE_BEZIER_KNOTS.);
#4422=CARTESIAN_POINT('',(3.7582,4.7762,4.826));
#4423=CARTESIAN_POINT('',(3.7582,4.1392,4.826));
#4424=CARTESIAN_POINT('',(4.7762,4.7762,4.826));
#4425=CARTESIAN_POINT('',(4.7762,4.1392,4.826));
#4426=ADVANCED_FACE('',(#4427),#4438,.F.);
#4427=FACE_BOUND('',#4428,.T.);
#4428=EDGE_LOOP('',(#4429,#4430,#4436,#4437));
#4429=ORIENTED_EDGE('',*,*,#4395,.F.);
#4430=ORIENTED_EDGE('',*,*,#4431,.T.);
#4431=EDGE_CURVE('',#4388,#4015,#4432,.T.);
#4432=LINE('',#4433,#4434);
#4433=CARTESIAN_POINT('',(-4.2164,4.7752,4.826));
#4434=VECTOR('',#4435,1.0);
#4435=DIRECTION('',(0.0,-1.0,0.0));
#4436=ORIENTED_EDGE('',*,*,#4014,.F.);
#4437=ORIENTED_EDGE('',*,*,#2426,.F.);
#4438=B_SPLINE_SURFACE_WITH_KNOTS('',1,1,((#4439,#4440),(#4441,#4442)),.UNSPECIFIED.,.F.,.F.,.U.,(2,2),(2,2),(-3.937007874E-05,0.02503937),(-3.937007874E-05,0.01803937),.PIECEWISE_BEZIER_KNOTS.);
#4439=CARTESIAN_POINT('',(-4.2164,4.7762,4.3678));
#4440=CARTESIAN_POINT('',(-4.2164,4.7762,4.827));
#4441=CARTESIAN_POINT('',(-4.2164,4.1392,4.3678));
#4442=CARTESIAN_POINT('',(-4.2164,4.1392,4.827));
#4443=ADVANCED_FACE('',(#4444),#4450,.F.);
#4444=FACE_BOUND('',#4445,.T.);
#4445=EDGE_LOOP('',(#4446,#4447,#4448,#4449));
#4446=ORIENTED_EDGE('',*,*,#4022,.F.);
#4447=ORIENTED_EDGE('',*,*,#4431,.F.);
#4448=ORIENTED_EDGE('',*,*,#4387,.F.);
#4449=ORIENTED_EDGE('',*,*,#4093,.F.);
#4450=B_SPLINE_SURFACE_WITH_KNOTS('',1,1,((#4451,#4452),(#4453,#4454)),.UNSPECIFIED.,.F.,.F.,.U.,(2,2),(2,2),(-0.20603937,-0.16596063),(-0.18803937,-0.16296063),.PIECEWISE_BEZIER_KNOTS.);
#4451=CARTESIAN_POINT('',(-5.2334,4.7762,4.826));
#4452=CARTESIAN_POINT('',(-5.2334,4.1392,4.826));
#4453=CARTESIAN_POINT('',(-4.2154,4.7762,4.826));
#4454=CARTESIAN_POINT('',(-4.2154,4.1392,4.826));
#4455=ADVANCED_FACE('',(#4456),#4466,.F.);
#4456=FACE_BOUND('',#4457,.T.);
#4457=EDGE_LOOP('',(#4458,#4459,#4460,#4461,#4462,#4463,#4464,#4465));
#4458=ORIENTED_EDGE('',*,*,#3923,.F.);
#4459=ORIENTED_EDGE('',*,*,#4004,.F.);
#4460=ORIENTED_EDGE('',*,*,#4084,.F.);
#4461=ORIENTED_EDGE('',*,*,#4380,.F.);
#4462=ORIENTED_EDGE('',*,*,#4273,.F.);
#4463=ORIENTED_EDGE('',*,*,#4178,.F.);
#4464=ORIENTED_EDGE('',*,*,#4044,.F.);
#4465=ORIENTED_EDGE('',*,*,#4115,.F.);
#4466=B_SPLINE_SURFACE_WITH_KNOTS('',1,1,((#4467,#4468),(#4469,#4470)),.UNSPECIFIED.,.F.,.F.,.U.,(2,2),(2,2),(-0.18803937,0.20603937),(-0.18803937,0.18803937),.PIECEWISE_BEZIER_KNOTS.);
#4467=CARTESIAN_POINT('',(4.7762,4.7762,0.0));
#4468=CARTESIAN_POINT('',(4.7762,-4.7762,0.0));
#4469=CARTESIAN_POINT('',(-5.2334,4.7762,0.0));
#4470=CARTESIAN_POINT('',(-5.2334,-4.7762,0.0));
#4471=ADVANCED_FACE('',(#4472),#4478,.T.);
#4472=FACE_BOUND('',#4473,.T.);
#4473=EDGE_LOOP('',(#4474,#4475,#4476,#4477));
#4474=ORIENTED_EDGE('',*,*,#4194,.F.);
#4475=ORIENTED_EDGE('',*,*,#4266,.F.);
#4476=ORIENTED_EDGE('',*,*,#4242,.F.);
#4477=ORIENTED_EDGE('',*,*,#4218,.F.);
#4478=B_SPLINE_SURFACE_WITH_KNOTS('',1,1,((#4479,#4480),(#4481,#4482)),.UNSPECIFIED.,.F.,.F.,.U.,(2,2),(2,2),(-0.20603937,-0.16596063),(-0.18803937,-0.16296063),.PIECEWISE_BEZIER_KNOTS.);
#4479=CARTESIAN_POINT('',(3.7582,-4.7762,4.826));
#4480=CARTESIAN_POINT('',(3.7582,-4.1392,4.826));
#4481=CARTESIAN_POINT('',(4.7762,-4.7762,4.826));
#4482=CARTESIAN_POINT('',(4.7762,-4.1392,4.826));
#4483=ADVANCED_FACE('',(#4484),#4512,.T.);
#4484=FACE_BOUND('',#4485,.T.);
#4485=EDGE_LOOP('',(#4486,#4495,#4504,#4511));
#4486=ORIENTED_EDGE('',*,*,#4487,.T.);
#4487=EDGE_CURVE('',#4309,#4488,#4490,.T.);
#4488=VERTEX_POINT('',#4489);
#4489=CARTESIAN_POINT('',(4.9022,3.6068,2.3622));
#4490=CIRCLE('',#4491,0.127);
#4491=AXIS2_PLACEMENT_3D('',#4492,#4493,#4494);
#4492=CARTESIAN_POINT('',(4.9022,3.6068,2.2352));
#4493=DIRECTION('',(0.0,1.0,0.0));
#4494=DIRECTION('',(-1.0,0.0,0.0));
#4495=ORIENTED_EDGE('',*,*,#4496,.T.);
#4496=EDGE_CURVE('',#4488,#4497,#4499,.F.);
#4497=VERTEX_POINT('',#4498);
#4498=CARTESIAN_POINT('',(4.9022,3.6068,0.1778));
#4499=CIRCLE('',#4500,1.0922);
#4500=AXIS2_PLACEMENT_3D('',#4501,#4502,#4503);
#4501=CARTESIAN_POINT('',(4.9022,3.6068,1.27));
#4502=DIRECTION('',(1.0,0.0,0.0));
#4503=DIRECTION('',(0.0,0.0,-1.0));
#4504=ORIENTED_EDGE('',*,*,#4505,.T.);
#4505=EDGE_CURVE('',#4497,#4307,#4506,.F.);
#4506=CIRCLE('',#4507,0.127);
#4507=AXIS2_PLACEMENT_3D('',#4508,#4509,#4510);
#4508=CARTESIAN_POINT('',(4.9022,3.6068,0.3048));
#4509=DIRECTION('',(0.0,-1.0,0.0));
#4510=DIRECTION('',(-1.0,0.0,0.0));
#4511=ORIENTED_EDGE('',*,*,#4317,.F.);
#4512=(BOUNDED_SURFACE()B_SPLINE_SURFACE(3,3,((#4513,#4514,#4515,#4516),(#4517,#4518,#4519,#4520),(#4521,#4522,#4523,#4524),(#4525,#4526,#4527,#4528),(#4529,#4530,#4531,#4532),(#4533,#4534,#4535,#4536),(#4537,#4538,#4539,#4540)),.UNSPECIFIED.,.F.,.F.,.U.)B_SPLINE_SURFACE_WITH_KNOTS((4,3,4),(4,4),(0.042523503,1.0,1.957476497),(0.100268524,0.899731476),.UNSPECIFIED.)GEOMETRIC_REPRESENTATION_ITEM()RATIONAL_B_SPLINE_SURFACE(((1.355243032,1.090605566,1.090605566,1.355243032),(1.098978168,0.884381383,0.884381383,1.098978168),(1.110888375,0.893965891,0.893965891,1.110888375),(1.390973654,1.119359092,1.119359092,1.390973654),(1.110888375,0.893965891,0.893965891,1.110888375),(1.098978168,0.884381383,0.884381383,1.098978168),(1.355243032,1.090605566,1.090605566,1.355243032)))REPRESENTATION_ITEM('')SURFACE());
#4513=CARTESIAN_POINT('',(4.7752,3.606787472,0.304801949));
#4514=CARTESIAN_POINT('',(4.775198858,3.606786506,0.230405261));
#4515=CARTESIAN_POINT('',(4.827805261,3.606785823,0.177798859));
#4516=CARTESIAN_POINT('',(4.902201949,3.606785823,0.1778));
#4517=CARTESIAN_POINT('',(4.7752,4.175237087,0.30479457));
#4518=CARTESIAN_POINT('',(4.775198858,4.21905176,0.230397314));
#4519=CARTESIAN_POINT('',(4.827805261,4.250033412,0.177790509));
#4520=CARTESIAN_POINT('',(4.902201949,4.250032739,0.177791651));
#4521=CARTESIAN_POINT('',(4.7752,4.571998051,0.707644924));
#4522=CARTESIAN_POINT('',(4.775198858,4.646394739,0.664299048));
#4523=CARTESIAN_POINT('',(4.827805261,4.699001142,0.633648885));
#4524=CARTESIAN_POINT('',(4.902201949,4.699,0.63364955));
#4525=CARTESIAN_POINT('',(4.7752,4.571998051,1.27));
#4526=CARTESIAN_POINT('',(4.775198858,4.646394739,1.27));
#4527=CARTESIAN_POINT('',(4.827805261,4.699001142,1.27));
#4528=CARTESIAN_POINT('',(4.902201949,4.699,1.27));
#4529=CARTESIAN_POINT('',(4.7752,4.571998051,1.832355076));
#4530=CARTESIAN_POINT('',(4.775198858,4.646394739,1.875700952));
#4531=CARTESIAN_POINT('',(4.827805261,4.699001142,1.906351115));
#4532=CARTESIAN_POINT('',(4.902201949,4.699,1.90635045));
#4533=CARTESIAN_POINT('',(4.7752,4.175237087,2.23520543));
#4534=CARTESIAN_POINT('',(4.775198858,4.21905176,2.309602686));
#4535=CARTESIAN_POINT('',(4.827805261,4.250033412,2.362209491));
#4536=CARTESIAN_POINT('',(4.902201949,4.250032739,2.362208349));
#4537=CARTESIAN_POINT('',(4.7752,3.606787472,2.235198051));
#4538=CARTESIAN_POINT('',(4.775198858,3.606786506,2.309594739));
#4539=CARTESIAN_POINT('',(4.827805261,3.606785823,2.362201141));
#4540=CARTESIAN_POINT('',(4.902201949,3.606785823,2.3622));
#4541=ADVANCED_FACE('',(#4542),#4554,.T.);
#4542=FACE_BOUND('',#4543,.T.);
#4543=EDGE_LOOP('',(#4544,#4545,#4552,#4553));
#4544=ORIENTED_EDGE('',*,*,#4505,.F.);
#4545=ORIENTED_EDGE('',*,*,#4546,.T.);
#4546=EDGE_CURVE('',#4497,#4488,#4547,.F.);
#4547=CIRCLE('',#4548,1.0922);
#4548=AXIS2_PLACEMENT_3D('',#4549,#4550,#4551);
#4549=CARTESIAN_POINT('',(4.9022,3.6068,1.27));
#4550=DIRECTION('',(1.0,0.0,0.0));
#4551=DIRECTION('',(0.0,0.0,1.0));
#4552=ORIENTED_EDGE('',*,*,#4487,.F.);
#4553=ORIENTED_EDGE('',*,*,#4306,.F.);
#4554=(BOUNDED_SURFACE()B_SPLINE_SURFACE(3,3,((#4555,#4556,#4557,#4558),(#4559,#4560,#4561,#4562),(#4563,#4564,#4565,#4566),(#4567,#4568,#4569,#4570),(#4571,#4572,#4573,#4574),(#4575,#4576,#4577,#4578),(#4579,#4580,#4581,#4582)),.UNSPECIFIED.,.F.,.F.,.U.)B_SPLINE_SURFACE_WITH_KNOTS((4,3,4),(4,4),(0.042523503,1.0,1.957476497),(0.100268524,0.899731476),.UNSPECIFIED.)GEOMETRIC_REPRESENTATION_ITEM()RATIONAL_B_SPLINE_SURFACE(((1.355243032,1.090605566,1.090605566,1.355243032),(1.098978168,0.884381383,0.884381383,1.098978168),(1.110888375,0.893965891,0.893965891,1.110888375),(1.390973654,1.119359092,1.119359092,1.390973654),(1.110888375,0.893965891,0.893965891,1.110888375),(1.098978168,0.884381383,0.884381383,1.098978168),(1.355243032,1.090605566,1.090605566,1.355243032)))REPRESENTATION_ITEM('')SURFACE());
#4555=CARTESIAN_POINT('',(4.7752,3.606812528,2.235198051));
#4556=CARTESIAN_POINT('',(4.775198858,3.606813494,2.309594739));
#4557=CARTESIAN_POINT('',(4.827805261,3.606814177,2.362201141));
#4558=CARTESIAN_POINT('',(4.902201949,3.606814177,2.3622));
#4559=CARTESIAN_POINT('',(4.7752,3.038362913,2.23520543));
#4560=CARTESIAN_POINT('',(4.775198858,2.99454824,2.309602686));
#4561=CARTESIAN_POINT('',(4.827805261,2.963566588,2.362209491));
#4562=CARTESIAN_POINT('',(4.902201949,2.963567261,2.362208349));
#4563=CARTESIAN_POINT('',(4.7752,2.641601949,1.832355076));
#4564=CARTESIAN_POINT('',(4.775198858,2.567205261,1.875700952));
#4565=CARTESIAN_POINT('',(4.827805261,2.514598858,1.906351115));
#4566=CARTESIAN_POINT('',(4.902201949,2.5146,1.90635045));
#4567=CARTESIAN_POINT('',(4.7752,2.641601949,1.27));
#4568=CARTESIAN_POINT('',(4.775198858,2.567205261,1.27));
#4569=CARTESIAN_POINT('',(4.827805261,2.514598858,1.27));
#4570=CARTESIAN_POINT('',(4.902201949,2.5146,1.27));
#4571=CARTESIAN_POINT('',(4.7752,2.641601949,0.707644924));
#4572=CARTESIAN_POINT('',(4.775198858,2.567205261,0.664299048));
#4573=CARTESIAN_POINT('',(4.827805261,2.514598858,0.633648885));
#4574=CARTESIAN_POINT('',(4.902201949,2.5146,0.63364955));
#4575=CARTESIAN_POINT('',(4.7752,3.038362913,0.30479457));
#4576=CARTESIAN_POINT('',(4.775198858,2.99454824,0.230397314));
#4577=CARTESIAN_POINT('',(4.827805261,2.963566588,0.177790509));
#4578=CARTESIAN_POINT('',(4.902201949,2.963567261,0.177791651));
#4579=CARTESIAN_POINT('',(4.7752,3.606812528,0.304801949));
#4580=CARTESIAN_POINT('',(4.775198858,3.606813494,0.230405261));
#4581=CARTESIAN_POINT('',(4.827805261,3.606814177,0.177798859));
#4582=CARTESIAN_POINT('',(4.902201949,3.606814177,0.1778));
#4583=ADVANCED_FACE('',(#4584),#4644,.T.);
#4584=FACE_BOUND('',#4585,.T.);
#4585=EDGE_LOOP('',(#4586,#4594,#4595,#4603,#4612,#4620,#4629,#4637));
#4586=ORIENTED_EDGE('',*,*,#4587,.T.);
#4587=EDGE_CURVE('',#4588,#4488,#4590,.F.);
#4588=VERTEX_POINT('',#4589);
#4589=CARTESIAN_POINT('',(5.5372,3.606800005,2.3622));
#4590=LINE('',#4591,#4592);
#4591=CARTESIAN_POINT('',(4.9022,3.6068,2.3622));
#4592=VECTOR('',#4593,1.0);
#4593=DIRECTION('',(1.0,5.706438655E-09,-2.463063087E-10));
#4594=ORIENTED_EDGE('',*,*,#4546,.F.);
#4595=ORIENTED_EDGE('',*,*,#4596,.T.);
#4596=EDGE_CURVE('',#4497,#4597,#4599,.T.);
#4597=VERTEX_POINT('',#4598);
#4598=CARTESIAN_POINT('',(5.5372,3.6068,0.1778));
#4599=LINE('',#4600,#4601);
#4600=CARTESIAN_POINT('',(4.9022,3.6068,0.1778));
#4601=VECTOR('',#4602,1.0);
#4602=DIRECTION('',(1.0,0.0,0.0));
#4603=ORIENTED_EDGE('',*,*,#4604,.T.);
#4604=EDGE_CURVE('',#4597,#4605,#4607,.F.);
#4605=VERTEX_POINT('',#4606);
#4606=CARTESIAN_POINT('',(5.5372,3.3274,0.214141828));
#4607=CIRCLE('',#4608,1.0922);
#4608=AXIS2_PLACEMENT_3D('',#4609,#4610,#4611);
#4609=CARTESIAN_POINT('',(5.5372,3.6068,1.27));
#4610=DIRECTION('',(1.0,0.0,0.0));
#4611=DIRECTION('',(0.0,-0.255813953,-0.966726032));
#4612=ORIENTED_EDGE('',*,*,#4613,.T.);
#4613=EDGE_CURVE('',#4605,#4614,#4616,.T.);
#4614=VERTEX_POINT('',#4615);
#4615=CARTESIAN_POINT('',(6.1722,3.3274,0.214141828));
#4616=LINE('',#4617,#4618);
#4617=CARTESIAN_POINT('',(5.5372,3.3274,0.214141828));
#4618=VECTOR('',#4619,1.0);
#4619=DIRECTION('',(1.0,0.0,0.0));
#4620=ORIENTED_EDGE('',*,*,#4621,.T.);
#4621=EDGE_CURVE('',#4614,#4622,#4624,.F.);
#4622=VERTEX_POINT('',#4623);
#4623=CARTESIAN_POINT('',(6.1722,3.3274,2.325858172));
#4624=CIRCLE('',#4625,1.0922);
#4625=AXIS2_PLACEMENT_3D('',#4626,#4627,#4628);
#4626=CARTESIAN_POINT('',(6.1722,3.6068,1.27));
#4627=DIRECTION('',(1.0,0.0,0.0));
#4628=DIRECTION('',(0.0,-0.255813953,0.966726032));
#4629=ORIENTED_EDGE('',*,*,#4630,.T.);
#4630=EDGE_CURVE('',#4622,#4631,#4633,.F.);
#4631=VERTEX_POINT('',#4632);
#4632=CARTESIAN_POINT('',(5.5372,3.3274,2.325858172));
#4633=LINE('',#4634,#4635);
#4634=CARTESIAN_POINT('',(5.5372,3.3274,2.325858172));
#4635=VECTOR('',#4636,1.0);
#4636=DIRECTION('',(1.0,0.0,0.0));
#4637=ORIENTED_EDGE('',*,*,#4638,.T.);
#4638=EDGE_CURVE('',#4631,#4588,#4639,.F.);
#4639=CIRCLE('',#4640,1.0922);
#4640=AXIS2_PLACEMENT_3D('',#4641,#4642,#4643);
#4641=CARTESIAN_POINT('',(5.5372,3.6068,1.27));
#4642=DIRECTION('',(1.0,0.0,0.0));
#4643=DIRECTION('',(0.0,4.976546307E-09,1.0));
#4644=(BOUNDED_SURFACE()B_SPLINE_SURFACE(3,3,((#4645,#4646,#4647,#4648),(#4649,#4650,#4651,#4652),(#4653,#4654,#4655,#4656),(#4657,#4658,#4659,#4660),(#4661,#4662,#4663,#4664),(#4665,#4666,#4667,#4668),(#4669,#4670,#4671,#4672)),.UNSPECIFIED.,.F.,.F.,.U.)B_SPLINE_SURFACE_WITH_KNOTS((4,3,4),(4,4),(0.041920311,1.0,1.958079687),(0.004388136,0.055562761),.UNSPECIFIED.)GEOMETRIC_REPRESENTATION_ITEM()RATIONAL_B_SPLINE_SURFACE(((1.157178601,1.157178601,1.157178601,1.157178601),(0.938017861,0.938017861,0.938017861,0.938017861),(0.948045905,0.948045905,0.948045905,0.948045905),(1.187262732,1.187262732,1.187262732,1.187262732),(0.948045906,0.948045906,0.948045906,0.948045906),(0.938017861,0.938017861,0.938017861,0.938017861),(1.1571786,1.1571786,1.1571786,1.1571786)))REPRESENTATION_ITEM('')SURFACE());
#4645=CARTESIAN_POINT('',(4.886658649,3.607799822,2.362199542));
#4646=CARTESIAN_POINT('',(5.319937139,3.607799822,2.362199542));
#4647=CARTESIAN_POINT('',(5.753215629,3.607799822,2.362199542));
#4648=CARTESIAN_POINT('',(6.186494118,3.607799822,2.362199542));
#4649=CARTESIAN_POINT('',(4.886658649,2.964139216,2.362788763));
#4650=CARTESIAN_POINT('',(5.319937139,2.964139216,2.362788763));
#4651=CARTESIAN_POINT('',(5.753215629,2.964139216,2.362788763));
#4652=CARTESIAN_POINT('',(6.186494118,2.964139216,2.362788763));
#4653=CARTESIAN_POINT('',(4.886658649,2.5146,1.906852493));
#4654=CARTESIAN_POINT('',(5.319937139,2.5146,1.906852493));
#4655=CARTESIAN_POINT('',(5.753215629,2.5146,1.906852493));
#4656=CARTESIAN_POINT('',(6.186494118,2.5146,1.906852493));
#4657=CARTESIAN_POINT('',(4.886658649,2.5146,1.27));
#4658=CARTESIAN_POINT('',(5.319937139,2.5146,1.27));
#4659=CARTESIAN_POINT('',(5.753215629,2.5146,1.27));
#4660=CARTESIAN_POINT('',(6.186494118,2.5146,1.27));
#4661=CARTESIAN_POINT('',(4.886658649,2.5146,0.633147508));
#4662=CARTESIAN_POINT('',(5.319937139,2.5146,0.633147508));
#4663=CARTESIAN_POINT('',(5.753215629,2.5146,0.633147508));
#4664=CARTESIAN_POINT('',(6.186494118,2.5146,0.633147508));
#4665=CARTESIAN_POINT('',(4.886658649,2.964139214,0.177211239));
#4666=CARTESIAN_POINT('',(5.319937139,2.964139214,0.177211239));
#4667=CARTESIAN_POINT('',(5.753215629,2.964139214,0.177211239));
#4668=CARTESIAN_POINT('',(6.186494118,2.964139214,0.177211239));
#4669=CARTESIAN_POINT('',(4.886658649,3.607799819,0.177800458));
#4670=CARTESIAN_POINT('',(5.319937139,3.607799819,0.177800458));
#4671=CARTESIAN_POINT('',(5.753215629,3.607799819,0.177800458));
#4672=CARTESIAN_POINT('',(6.186494118,3.607799819,0.177800458));
#4673=ADVANCED_FACE('',(#4674),#4708,.F.);
#4674=FACE_BOUND('',#4675,.T.);
#4675=EDGE_LOOP('',(#4676,#4682,#4683,#4692,#4700,#4707));
#4676=ORIENTED_EDGE('',*,*,#4677,.T.);
#4677=EDGE_CURVE('',#4631,#4605,#4678,.F.);
#4678=LINE('',#4679,#4680);
#4679=CARTESIAN_POINT('',(5.5372,3.3274,0.214141828));
#4680=VECTOR('',#4681,1.0);
#4681=DIRECTION('',(0.0,0.0,1.0));
#4682=ORIENTED_EDGE('',*,*,#4604,.F.);
#4683=ORIENTED_EDGE('',*,*,#4684,.T.);
#4684=EDGE_CURVE('',#4597,#4685,#4687,.T.);
#4685=VERTEX_POINT('',#4686);
#4686=CARTESIAN_POINT('',(5.5372,3.8862,0.214141828));
#4687=CIRCLE('',#4688,1.0922);
#4688=AXIS2_PLACEMENT_3D('',#4689,#4690,#4691);
#4689=CARTESIAN_POINT('',(5.5372,3.6068,1.27));
#4690=DIRECTION('',(1.0,0.0,0.0));
#4691=DIRECTION('',(0.0,0.0,-1.0));
#4692=ORIENTED_EDGE('',*,*,#4693,.T.);
#4693=EDGE_CURVE('',#4685,#4694,#4696,.T.);
#4694=VERTEX_POINT('',#4695);
#4695=CARTESIAN_POINT('',(5.5372,3.8862,2.325858172));
#4696=LINE('',#4697,#4698);
#4697=CARTESIAN_POINT('',(5.5372,3.8862,0.214141828));
#4698=VECTOR('',#4699,1.0);
#4699=DIRECTION('',(0.0,0.0,1.0));
#4700=ORIENTED_EDGE('',*,*,#4701,.T.);
#4701=EDGE_CURVE('',#4694,#4588,#4702,.T.);
#4702=CIRCLE('',#4703,1.0922);
#4703=AXIS2_PLACEMENT_3D('',#4704,#4705,#4706);
#4704=CARTESIAN_POINT('',(5.5372,3.6068,1.27));
#4705=DIRECTION('',(1.0,0.0,0.0));
#4706=DIRECTION('',(0.0,0.255813953,0.966726032));
#4707=ORIENTED_EDGE('',*,*,#4638,.F.);
#4708=B_SPLINE_SURFACE_WITH_KNOTS('',1,1,((#4709,#4710),(#4711,#4712)),.UNSPECIFIED.,.F.,.F.,.U.,(2,2),(2,2),(-1.161011451E-09,0.086000001),(-0.02203937,3.937007874E-05),.PIECEWISE_BEZIER_KNOTS.);
#4709=CARTESIAN_POINT('',(5.5372,3.3264,0.177799971));
#4710=CARTESIAN_POINT('',(5.5372,3.8872,0.177799971));
#4711=CARTESIAN_POINT('',(5.5372,3.3264,2.36220003));
#4712=CARTESIAN_POINT('',(5.5372,3.8872,2.36220003));
#4713=ADVANCED_FACE('',(#4714),#4744,.T.);
#4714=FACE_BOUND('',#4715,.T.);
#4715=EDGE_LOOP('',(#4716,#4717,#4718,#4719,#4720,#4728,#4737,#4743));
#4716=ORIENTED_EDGE('',*,*,#4596,.F.);
#4717=ORIENTED_EDGE('',*,*,#4496,.F.);
#4718=ORIENTED_EDGE('',*,*,#4587,.F.);
#4719=ORIENTED_EDGE('',*,*,#4701,.F.);
#4720=ORIENTED_EDGE('',*,*,#4721,.T.);
#4721=EDGE_CURVE('',#4694,#4722,#4724,.T.);
#4722=VERTEX_POINT('',#4723);
#4723=CARTESIAN_POINT('',(6.1722,3.8862,2.325858172));
#4724=LINE('',#4725,#4726);
#4725=CARTESIAN_POINT('',(5.5372,3.8862,2.325858172));
#4726=VECTOR('',#4727,1.0);
#4727=DIRECTION('',(1.0,0.0,0.0));
#4728=ORIENTED_EDGE('',*,*,#4729,.T.);
#4729=EDGE_CURVE('',#4722,#4730,#4732,.F.);
#4730=VERTEX_POINT('',#4731);
#4731=CARTESIAN_POINT('',(6.1722,3.8862,0.214141828));
#4732=CIRCLE('',#4733,1.0922);
#4733=AXIS2_PLACEMENT_3D('',#4734,#4735,#4736);
#4734=CARTESIAN_POINT('',(6.1722,3.6068,1.27));
#4735=DIRECTION('',(1.0,0.0,0.0));
#4736=DIRECTION('',(0.0,0.255813953,-0.966726032));
#4737=ORIENTED_EDGE('',*,*,#4738,.T.);
#4738=EDGE_CURVE('',#4730,#4685,#4739,.F.);
#4739=LINE('',#4740,#4741);
#4740=CARTESIAN_POINT('',(5.5372,3.8862,0.214141828));
#4741=VECTOR('',#4742,1.0);
#4742=DIRECTION('',(1.0,0.0,0.0));
#4743=ORIENTED_EDGE('',*,*,#4684,.F.);
#4744=(BOUNDED_SURFACE()B_SPLINE_SURFACE(3,3,((#4745,#4746,#4747,#4748),(#4749,#4750,#4751,#4752),(#4753,#4754,#4755,#4756),(#4757,#4758,#4759,#4760),(#4761,#4762,#4763,#4764),(#4765,#4766,#4767,#4768),(#4769,#4770,#4771,#4772)),.UNSPECIFIED.,.F.,.F.,.U.)B_SPLINE_SURFACE_WITH_KNOTS((4,3,4),(4,4),(0.041920313,1.0,1.958079687),(0.004388136,0.055562761),.UNSPECIFIED.)GEOMETRIC_REPRESENTATION_ITEM()RATIONAL_B_SPLINE_SURFACE(((1.1571786,1.1571786,1.1571786,1.1571786),(0.938017861,0.938017861,0.938017861,0.938017861),(0.948045906,0.948045906,0.948045906,0.948045906),(1.187262732,1.187262732,1.187262732,1.187262732),(0.948045906,0.948045906,0.948045906,0.948045906),(0.938017861,0.938017861,0.938017861,0.938017861),(1.1571786,1.1571786,1.1571786,1.1571786)))REPRESENTATION_ITEM('')SURFACE());
#4745=CARTESIAN_POINT('',(4.886658649,3.605800181,0.177800458));
#4746=CARTESIAN_POINT('',(5.319937139,3.605800181,0.177800458));
#4747=CARTESIAN_POINT('',(5.753215629,3.605800181,0.177800458));
#4748=CARTESIAN_POINT('',(6.186494118,3.605800181,0.177800458));
#4749=CARTESIAN_POINT('',(4.886658649,4.249460786,0.177211239));
#4750=CARTESIAN_POINT('',(5.319937139,4.249460786,0.177211239));
#4751=CARTESIAN_POINT('',(5.753215629,4.249460786,0.177211239));
#4752=CARTESIAN_POINT('',(6.186494118,4.249460786,0.177211239));
#4753=CARTESIAN_POINT('',(4.886658649,4.699,0.633147508));
#4754=CARTESIAN_POINT('',(5.319937139,4.699,0.633147508));
#4755=CARTESIAN_POINT('',(5.753215629,4.699,0.633147508));
#4756=CARTESIAN_POINT('',(6.186494118,4.699,0.633147508));
#4757=CARTESIAN_POINT('',(4.886658649,4.699,1.27));
#4758=CARTESIAN_POINT('',(5.319937139,4.699,1.27));
#4759=CARTESIAN_POINT('',(5.753215629,4.699,1.27));
#4760=CARTESIAN_POINT('',(6.186494118,4.699,1.27));
#4761=CARTESIAN_POINT('',(4.886658649,4.699,1.906852492));
#4762=CARTESIAN_POINT('',(5.319937139,4.699,1.906852492));
#4763=CARTESIAN_POINT('',(5.753215629,4.699,1.906852492));
#4764=CARTESIAN_POINT('',(6.186494118,4.699,1.906852492));
#4765=CARTESIAN_POINT('',(4.886658649,4.249460786,2.362788761));
#4766=CARTESIAN_POINT('',(5.319937139,4.249460786,2.362788761));
#4767=CARTESIAN_POINT('',(5.753215629,4.249460786,2.362788761));
#4768=CARTESIAN_POINT('',(6.186494118,4.249460786,2.362788761));
#4769=CARTESIAN_POINT('',(4.886658649,3.605800181,2.362199542));
#4770=CARTESIAN_POINT('',(5.319937139,3.605800181,2.362199542));
#4771=CARTESIAN_POINT('',(5.753215629,3.605800181,2.362199542));
#4772=CARTESIAN_POINT('',(6.186494118,3.605800181,2.362199542));
#4773=ADVANCED_FACE('',(#4774),#4815,.F.);
#4774=FACE_BOUND('',#4775,.T.);
#4775=EDGE_LOOP('',(#4776,#4791,#4799,#4812,#4813,#4814));
#4776=ORIENTED_EDGE('',*,*,#4777,.T.);
#4777=EDGE_CURVE('',#4730,#4778,#4780,.F.);
#4778=VERTEX_POINT('',#4779);
#4779=CARTESIAN_POINT('',(6.2992,3.8862,0.346124099));
#4780=B_SPLINE_CURVE_WITH_KNOTS('',3,(#4781,#4782,#4783,#4784,#4785,#4786,#4787,#4788,#4789,#4790),.UNSPECIFIED.,.F.,.U.,(4,1,1,1,1,1,1,4),(0.0,0.142857143,0.285714286,0.428571429,0.571428571,0.714285714,0.857142857,1.0),.UNSPECIFIED.);
#4781=CARTESIAN_POINT('',(6.2992,3.8862,0.346124099));
#4782=CARTESIAN_POINT('',(6.2992,3.8862,0.335753017));
#4783=CARTESIAN_POINT('',(6.296927085,3.8862,0.315709783));
#4784=CARTESIAN_POINT('',(6.287163124,3.8862,0.28721295));
#4785=CARTESIAN_POINT('',(6.271463987,3.8862,0.261866074));
#4786=CARTESIAN_POINT('',(6.251111816,3.8862,0.241212643));
#4787=CARTESIAN_POINT('',(6.226843725,3.8862,0.22571923));
#4788=CARTESIAN_POINT('',(6.200130056,3.8862,0.216283588));
#4789=CARTESIAN_POINT('',(6.18167266,3.8862,0.214141828));
#4790=CARTESIAN_POINT('',(6.1722,3.8862,0.214141828));
#4791=ORIENTED_EDGE('',*,*,#4792,.T.);
#4792=EDGE_CURVE('',#4778,#4793,#4795,.T.);
#4793=VERTEX_POINT('',#4794);
#4794=CARTESIAN_POINT('',(6.2992,3.8862,2.193875901));
#4795=LINE('',#4796,#4797);
#4796=CARTESIAN_POINT('',(6.2992,3.8862,0.346124099));
#4797=VECTOR('',#4798,1.0);
#4798=DIRECTION('',(0.0,0.0,1.0));
#4799=ORIENTED_EDGE('',*,*,#4800,.T.);
#4800=EDGE_CURVE('',#4793,#4722,#4801,.T.);
#4801=B_SPLINE_CURVE_WITH_KNOTS('',3,(#4802,#4803,#4804,#4805,#4806,#4807,#4808,#4809,#4810,#4811),.UNSPECIFIED.,.F.,.U.,(4,1,1,1,1,1,1,4),(0.0,0.142857143,0.285714286,0.428571429,0.571428571,0.714285714,0.857142857,1.0),.UNSPECIFIED.);
#4802=CARTESIAN_POINT('',(6.2992,3.8862,2.193875901));
#4803=CARTESIAN_POINT('',(6.2992,3.8862,2.204246983));
#4804=CARTESIAN_POINT('',(6.296927085,3.8862,2.224290217));
#4805=CARTESIAN_POINT('',(6.287163124,3.8862,2.25278705));
#4806=CARTESIAN_POINT('',(6.271463987,3.8862,2.278133926));
#4807=CARTESIAN_POINT('',(6.251111816,3.8862,2.298787357));
#4808=CARTESIAN_POINT('',(6.226843725,3.8862,2.31428077));
#4809=CARTESIAN_POINT('',(6.200130056,3.8862,2.323716412));
#4810=CARTESIAN_POINT('',(6.18167266,3.8862,2.325858172));
#4811=CARTESIAN_POINT('',(6.1722,3.8862,2.325858172));
#4812=ORIENTED_EDGE('',*,*,#4721,.F.);
#4813=ORIENTED_EDGE('',*,*,#4693,.F.);
#4814=ORIENTED_EDGE('',*,*,#4738,.F.);
#4815=B_SPLINE_SURFACE_WITH_KNOTS('',1,1,((#4816,#4817),(#4818,#4819)),.UNSPECIFIED.,.F.,.F.,.U.,(2,2),(2,2),(-0.041608589,0.041608589),(0.02996063,0.06003937),.PIECEWISE_BEZIER_KNOTS.);
#4816=CARTESIAN_POINT('',(5.5362,3.8862,0.213141828));
#4817=CARTESIAN_POINT('',(6.3002,3.8862,0.213141828));
#4818=CARTESIAN_POINT('',(5.5362,3.8862,2.326858172));
#4819=CARTESIAN_POINT('',(6.3002,3.8862,2.326858172));
#4820=ADVANCED_FACE('',(#4821),#4833,.T.);
#4821=FACE_BOUND('',#4822,.T.);
#4822=EDGE_LOOP('',(#4823,#4824,#4825,#4826));
#4823=ORIENTED_EDGE('',*,*,#4777,.F.);
#4824=ORIENTED_EDGE('',*,*,#4729,.F.);
#4825=ORIENTED_EDGE('',*,*,#4800,.F.);
#4826=ORIENTED_EDGE('',*,*,#4827,.T.);
#4827=EDGE_CURVE('',#4793,#4778,#4828,.F.);
#4828=CIRCLE('',#4829,0.9652);
#4829=AXIS2_PLACEMENT_3D('',#4830,#4831,#4832);
#4830=CARTESIAN_POINT('',(6.2992,3.6068,1.27));
#4831=DIRECTION('',(1.0,0.0,0.0));
#4832=DIRECTION('',(0.0,0.289473684,-0.957185973));
#4833=(BOUNDED_SURFACE()B_SPLINE_SURFACE(3,3,((#4834,#4835,#4836,#4837),(#4838,#4839,#4840,#4841),(#4842,#4843,#4844,#4845),(#4846,#4847,#4848,#4849)),.UNSPECIFIED.,.F.,.F.,.U.)B_SPLINE_SURFACE_WITH_KNOTS((4,4),(4,4),(0.022236411,0.977763589),(0.096257279,0.903742721),.PIECEWISE_BEZIER_KNOTS.)GEOMETRIC_REPRESENTATION_ITEM()RATIONAL_B_SPLINE_SURFACE(((1.883229154,1.509179706,1.509179706,1.883229154),(0.938978502,0.752477358,0.752477358,0.938978502),(0.938978502,0.752477358,0.752477358,0.938978502),(1.883229154,1.509179706,1.509179706,1.883229154)))REPRESENTATION_ITEM('')SURFACE());
#4834=CARTESIAN_POINT('',(6.171298216,3.877555974,0.21189554));
#4835=CARTESIAN_POINT('',(6.246531624,3.877688407,0.211377995));
#4836=CARTESIAN_POINT('',(6.299731019,3.864500258,0.262916798));
#4837=CARTESIAN_POINT('',(6.299196798,3.84584987,0.335801836));
#4838=CARTESIAN_POINT('',(6.171298216,5.248161416,0.562616688));
#4839=CARTESIAN_POINT('',(6.246531624,5.248964246,0.562270689));
#4840=CARTESIAN_POINT('',(6.299731019,5.169015803,0.596726351));
#4841=CARTESIAN_POINT('',(6.299196798,5.055954482,0.645452787));
#4842=CARTESIAN_POINT('',(6.171298216,5.248161416,1.977383312));
#4843=CARTESIAN_POINT('',(6.246531624,5.248964246,1.977729311));
#4844=CARTESIAN_POINT('',(6.299731019,5.169015803,1.943273649));
#4845=CARTESIAN_POINT('',(6.299196798,5.055954482,1.894547213));
#4846=CARTESIAN_POINT('',(6.171298216,3.877555974,2.32810446));
#4847=CARTESIAN_POINT('',(6.246531624,3.877688407,2.328622005));
#4848=CARTESIAN_POINT('',(6.299731019,3.864500258,2.277083202));
#4849=CARTESIAN_POINT('',(6.299196798,3.84584987,2.204198164));
#4850=ADVANCED_FACE('',(#4851),#4855,.T.);
#4851=FACE_BOUND('',#4852,.T.);
#4852=EDGE_LOOP('',(#4853,#4854));
#4853=ORIENTED_EDGE('',*,*,#4827,.F.);
#4854=ORIENTED_EDGE('',*,*,#4792,.F.);
#4855=B_SPLINE_SURFACE_WITH_KNOTS('',1,1,((#4856,#4857),(#4858,#4859)),.UNSPECIFIED.,.F.,.F.,.U.,(2,2),(2,2),(-0.036412437,0.036412437),(-0.0380099,-0.01096063),.PIECEWISE_BEZIER_KNOTS.);
#4856=CARTESIAN_POINT('',(6.2992,4.572251467,0.345124099));
#4857=CARTESIAN_POINT('',(6.2992,3.8852,0.345124099));
#4858=CARTESIAN_POINT('',(6.2992,4.572251467,2.194875901));
#4859=CARTESIAN_POINT('',(6.2992,3.8852,2.194875901));
#4860=ADVANCED_FACE('',(#4861),#4880,.T.);
#4861=FACE_BOUND('',#4862,.T.);
#4862=EDGE_LOOP('',(#4863,#4874));
#4863=ORIENTED_EDGE('',*,*,#4864,.T.);
#4864=EDGE_CURVE('',#4865,#4867,#4869,.T.);
#4865=VERTEX_POINT('',#4866);
#4866=CARTESIAN_POINT('',(6.2992,3.3274,2.193875901));
#4867=VERTEX_POINT('',#4868);
#4868=CARTESIAN_POINT('',(6.2992,3.3274,0.346124099));
#4869=CIRCLE('',#4870,0.9652);
#4870=AXIS2_PLACEMENT_3D('',#4871,#4872,#4873);
#4871=CARTESIAN_POINT('',(6.2992,3.6068,1.27));
#4872=DIRECTION('',(1.0,0.0,0.0));
#4873=DIRECTION('',(0.0,-0.289473684,0.957185973));
#4874=ORIENTED_EDGE('',*,*,#4875,.T.);
#4875=EDGE_CURVE('',#4867,#4865,#4876,.T.);
#4876=LINE('',#4877,#4878);
#4877=CARTESIAN_POINT('',(6.2992,3.3274,0.346124099));
#4878=VECTOR('',#4879,1.0);
#4879=DIRECTION('',(0.0,0.0,1.0));
#4880=B_SPLINE_SURFACE_WITH_KNOTS('',1,1,((#4881,#4882),(#4883,#4884)),.UNSPECIFIED.,.F.,.F.,.U.,(2,2),(2,2),(-0.036412437,0.036412437),(0.01096063,0.0380099),.PIECEWISE_BEZIER_KNOTS.);
#4881=CARTESIAN_POINT('',(6.2992,3.3284,0.345124099));
#4882=CARTESIAN_POINT('',(6.2992,2.641348533,0.345124099));
#4883=CARTESIAN_POINT('',(6.2992,3.3284,2.194875901));
#4884=CARTESIAN_POINT('',(6.2992,2.641348533,2.194875901));
#4885=ADVANCED_FACE('',(#4886),#4918,.T.);
#4886=FACE_BOUND('',#4887,.T.);
#4887=EDGE_LOOP('',(#4888,#4901,#4902,#4915,#4916,#4917));
#4888=ORIENTED_EDGE('',*,*,#4889,.T.);
#4889=EDGE_CURVE('',#4622,#4865,#4890,.F.);
#4890=B_SPLINE_CURVE_WITH_KNOTS('',3,(#4891,#4892,#4893,#4894,#4895,#4896,#4897,#4898,#4899,#4900),.UNSPECIFIED.,.F.,.U.,(4,1,1,1,1,1,1,4),(0.0,0.142857143,0.285714286,0.428571429,0.571428571,0.714285714,0.857142857,1.0),.UNSPECIFIED.);
#4891=CARTESIAN_POINT('',(6.2992,3.3274,2.193875901));
#4892=CARTESIAN_POINT('',(6.2992,3.3274,2.204246983));
#4893=CARTESIAN_POINT('',(6.296927085,3.3274,2.224290217));
#4894=CARTESIAN_POINT('',(6.287163124,3.3274,2.25278705));
#4895=CARTESIAN_POINT('',(6.271463987,3.3274,2.278133926));
#4896=CARTESIAN_POINT('',(6.251111816,3.3274,2.298787357));
#4897=CARTESIAN_POINT('',(6.226843725,3.3274,2.31428077));
#4898=CARTESIAN_POINT('',(6.200130056,3.3274,2.323716412));
#4899=CARTESIAN_POINT('',(6.18167266,3.3274,2.325858172));
#4900=CARTESIAN_POINT('',(6.1722,3.3274,2.325858172));
#4901=ORIENTED_EDGE('',*,*,#4875,.F.);
#4902=ORIENTED_EDGE('',*,*,#4903,.T.);
#4903=EDGE_CURVE('',#4867,#4614,#4904,.T.);
#4904=B_SPLINE_CURVE_WITH_KNOTS('',3,(#4905,#4906,#4907,#4908,#4909,#4910,#4911,#4912,#4913,#4914),.UNSPECIFIED.,.F.,.U.,(4,1,1,1,1,1,1,4),(0.0,0.142857143,0.285714286,0.428571429,0.571428571,0.714285714,0.857142857,1.0),.UNSPECIFIED.);
#4905=CARTESIAN_POINT('',(6.2992,3.3274,0.346124099));
#4906=CARTESIAN_POINT('',(6.2992,3.3274,0.335753017));
#4907=CARTESIAN_POINT('',(6.296927085,3.3274,0.315709783));
#4908=CARTESIAN_POINT('',(6.287163124,3.3274,0.28721295));
#4909=CARTESIAN_POINT('',(6.271463987,3.3274,0.261866074));
#4910=CARTESIAN_POINT('',(6.251111816,3.3274,0.241212643));
#4911=CARTESIAN_POINT('',(6.226843725,3.3274,0.22571923));
#4912=CARTESIAN_POINT('',(6.200130056,3.3274,0.216283588));
#4913=CARTESIAN_POINT('',(6.18167266,3.3274,0.214141828));
#4914=CARTESIAN_POINT('',(6.1722,3.3274,0.214141828));
#4915=ORIENTED_EDGE('',*,*,#4613,.F.);
#4916=ORIENTED_EDGE('',*,*,#4677,.F.);
#4917=ORIENTED_EDGE('',*,*,#4630,.F.);
#4918=B_SPLINE_SURFACE_WITH_KNOTS('',1,1,((#4919,#4920),(#4921,#4922)),.UNSPECIFIED.,.F.,.F.,.U.,(2,2),(2,2),(-0.041608589,0.041608589),(0.02996063,0.06003937),.PIECEWISE_BEZIER_KNOTS.);
#4919=CARTESIAN_POINT('',(5.5362,3.3274,0.213141828));
#4920=CARTESIAN_POINT('',(6.3002,3.3274,0.213141828));
#4921=CARTESIAN_POINT('',(5.5362,3.3274,2.326858172));
#4922=CARTESIAN_POINT('',(6.3002,3.3274,2.326858172));
#4923=ADVANCED_FACE('',(#4924),#4930,.T.);
#4924=FACE_BOUND('',#4925,.T.);
#4925=EDGE_LOOP('',(#4926,#4927,#4928,#4929));
#4926=ORIENTED_EDGE('',*,*,#4889,.F.);
#4927=ORIENTED_EDGE('',*,*,#4621,.F.);
#4928=ORIENTED_EDGE('',*,*,#4903,.F.);
#4929=ORIENTED_EDGE('',*,*,#4864,.F.);
#4930=(BOUNDED_SURFACE()B_SPLINE_SURFACE(3,3,((#4931,#4932,#4933,#4934),(#4935,#4936,#4937,#4938),(#4939,#4940,#4941,#4942),(#4943,#4944,#4945,#4946)),.UNSPECIFIED.,.F.,.F.,.U.)B_SPLINE_SURFACE_WITH_KNOTS((4,4),(4,4),(0.022236411,0.977763589),(0.096257279,0.903742721),.PIECEWISE_BEZIER_KNOTS.)GEOMETRIC_REPRESENTATION_ITEM()RATIONAL_B_SPLINE_SURFACE(((1.883229154,1.509179706,1.509179706,1.883229154),(0.938978502,0.752477358,0.752477358,0.938978502),(0.938978502,0.752477358,0.752477358,0.938978502),(1.883229154,1.509179706,1.509179706,1.883229154)))REPRESENTATION_ITEM('')SURFACE());
#4931=CARTESIAN_POINT('',(6.171298216,3.336044026,2.32810446));
#4932=CARTESIAN_POINT('',(6.246531624,3.335911593,2.328622005));
#4933=CARTESIAN_POINT('',(6.299731019,3.349099742,2.277083202));
#4934=CARTESIAN_POINT('',(6.299196798,3.36775013,2.204198164));
#4935=CARTESIAN_POINT('',(6.171298216,1.965438584,1.977383312));
#4936=CARTESIAN_POINT('',(6.246531624,1.964635754,1.977729311));
#4937=CARTESIAN_POINT('',(6.299731019,2.044584197,1.943273649));
#4938=CARTESIAN_POINT('',(6.299196798,2.157645518,1.894547213));
#4939=CARTESIAN_POINT('',(6.171298216,1.965438584,0.562616688));
#4940=CARTESIAN_POINT('',(6.246531624,1.964635754,0.562270689));
#4941=CARTESIAN_POINT('',(6.299731019,2.044584197,0.596726351));
#4942=CARTESIAN_POINT('',(6.299196798,2.157645518,0.645452787));
#4943=CARTESIAN_POINT('',(6.171298216,3.336044026,0.21189554));
#4944=CARTESIAN_POINT('',(6.246531624,3.335911593,0.211377995));
#4945=CARTESIAN_POINT('',(6.299731019,3.349099742,0.262916798));
#4946=CARTESIAN_POINT('',(6.299196798,3.36775013,0.335801836));
#4947=ADVANCED_FACE('',(#4948),#4954,.T.);
#4948=FACE_BOUND('',#4949,.T.);
#4949=EDGE_LOOP('',(#4950,#4951,#4952,#4953));
#4950=ORIENTED_EDGE('',*,*,#4171,.F.);
#4951=ORIENTED_EDGE('',*,*,#4147,.F.);
#4952=ORIENTED_EDGE('',*,*,#4122,.F.);
#4953=ORIENTED_EDGE('',*,*,#4062,.F.);
#4954=B_SPLINE_SURFACE_WITH_KNOTS('',1,1,((#4955,#4956),(#4957,#4958)),.UNSPECIFIED.,.F.,.F.,.U.,(2,2),(2,2),(-0.20603937,-0.16596063),(-0.18803937,-0.16296063),.PIECEWISE_BEZIER_KNOTS.);
#4955=CARTESIAN_POINT('',(-5.2334,-4.7762,4.826));
#4956=CARTESIAN_POINT('',(-5.2334,-4.1392,4.826));
#4957=CARTESIAN_POINT('',(-4.2154,-4.7762,4.826));
#4958=CARTESIAN_POINT('',(-4.2154,-4.1392,4.826));
#4959=ADVANCED_FACE('',(#4960),#5061,.T.);
#4960=FACE_BOUND('',#4961,.T.);
#4961=EDGE_LOOP('',(#4962,#4973,#4979,#4980,#4981,#4990,#4996,#4997,#5005,#5014,#5022,#5055));
#4962=ORIENTED_EDGE('',*,*,#4963,.T.);
#4963=EDGE_CURVE('',#4964,#4966,#4968,.F.);
#4964=VERTEX_POINT('',#4965);
#4965=CARTESIAN_POINT('',(-4.465976001,0.234676,3.5052));
#4966=VERTEX_POINT('',#4967);
#4967=CARTESIAN_POINT('',(-4.6736,0.2794,3.5052));
#4968=CIRCLE('',#4969,0.254);
#4969=AXIS2_PLACEMENT_3D('',#4970,#4971,#4972);
#4970=CARTESIAN_POINT('',(-4.5212,0.4826,3.5052));
#4971=DIRECTION('',(0.0,0.0,1.0));
#4972=DIRECTION('',(-0.6,-0.8,0.0));
#4973=ORIENTED_EDGE('',*,*,#4974,.T.);
#4974=EDGE_CURVE('',#4966,#2238,#4975,.T.);
#4975=LINE('',#4976,#4977);
#4976=CARTESIAN_POINT('',(-4.6736,0.2794,3.5052));
#4977=VECTOR('',#4978,1.0);
#4978=DIRECTION('',(0.0,0.0,1.0));
#4979=ORIENTED_EDGE('',*,*,#2237,.F.);
#4980=ORIENTED_EDGE('',*,*,#3979,.F.);
#4981=ORIENTED_EDGE('',*,*,#4982,.T.);
#4982=EDGE_CURVE('',#3972,#4983,#4985,.F.);
#4983=VERTEX_POINT('',#4984);
#4984=CARTESIAN_POINT('',(-4.2672,0.4826,0.4318));
#4985=CIRCLE('',#4986,0.254);
#4986=AXIS2_PLACEMENT_3D('',#4987,#4988,#4989);
#4987=CARTESIAN_POINT('',(-4.5212,0.4826,0.4318));
#4988=DIRECTION('',(0.0,0.0,-1.0));
#4989=DIRECTION('',(1.0,0.0,0.0));
#4990=ORIENTED_EDGE('',*,*,#4991,.T.);
#4991=EDGE_CURVE('',#4983,#2255,#4992,.F.);
#4992=LINE('',#4993,#4994);
#4993=CARTESIAN_POINT('',(-4.2672,0.4826,4.3688));
#4994=VECTOR('',#4995,1.0);
#4995=DIRECTION('',(0.0,0.0,-1.0));
#4996=ORIENTED_EDGE('',*,*,#2254,.F.);
#4997=ORIENTED_EDGE('',*,*,#4998,.T.);
#4998=EDGE_CURVE('',#2247,#4999,#5001,.F.);
#4999=VERTEX_POINT('',#5000);
#5000=CARTESIAN_POINT('',(-4.3688,0.2794,3.5052));
#5001=LINE('',#5002,#5003);
#5002=CARTESIAN_POINT('',(-4.3688,0.2794,3.5052));
#5003=VECTOR('',#5004,1.0);
#5004=DIRECTION('',(0.0,0.0,1.0));
#5005=ORIENTED_EDGE('',*,*,#5006,.T.);
#5006=EDGE_CURVE('',#4999,#5007,#5009,.F.);
#5007=VERTEX_POINT('',#5008);
#5008=CARTESIAN_POINT('',(-4.424023999,0.247924,3.5052));
#5009=CIRCLE('',#5010,0.254);
#5010=AXIS2_PLACEMENT_3D('',#5011,#5012,#5013);
#5011=CARTESIAN_POINT('',(-4.5212,0.4826,3.5052));
#5012=DIRECTION('',(0.0,0.0,1.0));
#5013=DIRECTION('',(0.382582681,-0.923921259,0.0));
#5014=ORIENTED_EDGE('',*,*,#5015,.T.);
#5015=EDGE_CURVE('',#5007,#5016,#5018,.F.);
#5016=VERTEX_POINT('',#5017);
#5017=CARTESIAN_POINT('',(-4.424023999,0.247924,2.6416));
#5018=LINE('',#5019,#5020);
#5019=CARTESIAN_POINT('',(-4.424023999,0.247924,2.6416));
#5020=VECTOR('',#5021,1.0);
#5021=DIRECTION('',(0.0,0.0,1.0));
#5022=ORIENTED_EDGE('',*,*,#5023,.T.);
#5023=EDGE_CURVE('',#5016,#5024,#5026,.F.);
#5024=VERTEX_POINT('',#5025);
#5025=CARTESIAN_POINT('',(-4.465976001,0.234676,2.6416));
#5026=B_SPLINE_CURVE_WITH_KNOTS('',3,(#5027,#5028,#5029,#5030,#5031,#5032,#5033,#5034,#5035,#5036,#5037,#5038,#5039,#5040,#5041,#5042,#5043,#5044,#5045,#5046,#5047,#5048,#5049,#5050,#5051,#5052,#5053,#5054),.UNSPECIFIED.,.F.,.U.,(4,1,1,1,1,1,1,1,1,1,1,1,1,1,1,1,1,1,1,1,1,1,1,1,1,4),(0.0,0.04,0.08,0.12,0.16,0.2,0.24,0.28,0.32,0.36,0.4,0.44,0.48,0.52,0.56,0.6,0.64,0.68,0.72,0.76,0.8,0.84,0.88,0.92,0.96,1.0),.QUASI_UNIFORM_KNOTS.);
#5027=CARTESIAN_POINT('',(-4.465976001,0.234676,2.6416));
#5028=CARTESIAN_POINT('',(-4.465976001,0.234676,2.6282311));
#5029=CARTESIAN_POINT('',(-4.47170702,0.233289226,2.601200955));
#5030=CARTESIAN_POINT('',(-4.494544525,0.229526663,2.556955874));
#5031=CARTESIAN_POINT('',(-4.523633734,0.227972573,2.517122899));
#5032=CARTESIAN_POINT('',(-4.555826889,0.230285907,2.48084614));
#5033=CARTESIAN_POINT('',(-4.585713011,0.236396208,2.448308159));
#5034=CARTESIAN_POINT('',(-4.609271969,0.244058311,2.417258035));
#5035=CARTESIAN_POINT('',(-4.624650168,0.250519907,2.386329918));
#5036=CARTESIAN_POINT('',(-4.632027745,0.254050208,2.356015201));
#5037=CARTESIAN_POINT('',(-4.63252718,0.254289958,2.324870833));
#5038=CARTESIAN_POINT('',(-4.623844583,0.250132513,2.292444393));
#5039=CARTESIAN_POINT('',(-4.606428048,0.242937064,2.267037716));
#5040=CARTESIAN_POINT('',(-4.580842002,0.235189776,2.250988962));
#5041=CARTESIAN_POINT('',(-4.553264055,0.230033533,2.246600752));
#5042=CARTESIAN_POINT('',(-4.521317232,0.227918267,2.253000203));
#5043=CARTESIAN_POINT('',(-4.49022533,0.229894196,2.271032808));
#5044=CARTESIAN_POINT('',(-4.461730921,0.235162373,2.300027378));
#5045=CARTESIAN_POINT('',(-4.438338055,0.242196233,2.339109087));
#5046=CARTESIAN_POINT('',(-4.422577921,0.248417568,2.383282455));
#5047=CARTESIAN_POINT('',(-4.41418183,0.252221671,2.425160867));
#5048=CARTESIAN_POINT('',(-4.410547519,0.253967573,2.464083026));
#5049=CARTESIAN_POINT('',(-4.410233646,0.254121357,2.500783046));
#5050=CARTESIAN_POINT('',(-4.412428829,0.253059678,2.536253438));
#5051=CARTESIAN_POINT('',(-4.416569037,0.251129292,2.571242251));
#5052=CARTESIAN_POINT('',(-4.421854384,0.248815644,2.606261919));
#5053=CARTESIAN_POINT('',(-4.424023999,0.247924,2.629785949));
#5054=CARTESIAN_POINT('',(-4.424023999,0.247924,2.6416));
#5055=ORIENTED_EDGE('',*,*,#5056,.T.);
#5056=EDGE_CURVE('',#5024,#4964,#5057,.T.);
#5057=LINE('',#5058,#5059);
#5058=CARTESIAN_POINT('',(-4.465976001,0.234676,2.6416));
#5059=VECTOR('',#5060,1.0);
#5060=DIRECTION('',(0.0,0.0,1.0));
#5061=(BOUNDED_SURFACE()B_SPLINE_SURFACE(3,3,((#5062,#5063,#5064,#5065),(#5066,#5067,#5068,#5069),(#5070,#5071,#5072,#5073),(#5074,#5075,#5076,#5077),(#5078,#5079,#5080,#5081),(#5082,#5083,#5084,#5085),(#5086,#5087,#5088,#5089)),.UNSPECIFIED.,.F.,.F.,.U.)B_SPLINE_SURFACE_WITH_KNOTS((4,3,4),(4,4),(0.054316991,1.0,1.945683009),(-0.157579485,0.002579485),.UNSPECIFIED.)GEOMETRIC_REPRESENTATION_ITEM()RATIONAL_B_SPLINE_SURFACE(((1.153428252,1.153428252,1.153428252,1.153428252),(0.936391347,0.936391347,0.936391347,0.936391347),(0.949616881,0.949616881,0.949616881,0.949616881),(1.193104854,1.193104854,1.193104854,1.193104854),(0.949616881,0.949616881,0.949616881,0.949616881),(0.936391347,0.936391347,0.936391347,0.936391347),(1.153428252,1.153428252,1.153428252,1.153428252)))REPRESENTATION_ITEM('')SURFACE());
#5062=CARTESIAN_POINT('',(-4.775198035,0.48359923,0.366281082));
#5063=CARTESIAN_POINT('',(-4.775198035,0.48359923,1.722293694));
#5064=CARTESIAN_POINT('',(-4.775198035,0.48359923,3.078306306));
#5065=CARTESIAN_POINT('',(-4.775198035,0.48359923,4.434318918));
#5066=CARTESIAN_POINT('',(-4.775789309,0.333300995,0.366281082));
#5067=CARTESIAN_POINT('',(-4.775789309,0.333300995,1.722293694));
#5068=CARTESIAN_POINT('',(-4.775789309,0.333300995,3.078306306));
#5069=CARTESIAN_POINT('',(-4.775789309,0.333300995,4.434318918));
#5070=CARTESIAN_POINT('',(-4.669406144,0.2286,0.366281082));
#5071=CARTESIAN_POINT('',(-4.669406144,0.2286,1.722293694));
#5072=CARTESIAN_POINT('',(-4.669406144,0.2286,3.078306306));
#5073=CARTESIAN_POINT('',(-4.669406144,0.2286,4.434318918));
#5074=CARTESIAN_POINT('',(-4.5212,0.2286,0.366281082));
#5075=CARTESIAN_POINT('',(-4.5212,0.2286,1.722293694));
#5076=CARTESIAN_POINT('',(-4.5212,0.2286,3.078306306));
#5077=CARTESIAN_POINT('',(-4.5212,0.2286,4.434318918));
#5078=CARTESIAN_POINT('',(-4.372993856,0.2286,0.366281082));
#5079=CARTESIAN_POINT('',(-4.372993856,0.2286,1.722293694));
#5080=CARTESIAN_POINT('',(-4.372993856,0.2286,3.078306306));
#5081=CARTESIAN_POINT('',(-4.372993856,0.2286,4.434318918));
#5082=CARTESIAN_POINT('',(-4.266610691,0.333300995,0.366281082));
#5083=CARTESIAN_POINT('',(-4.266610691,0.333300995,1.722293694));
#5084=CARTESIAN_POINT('',(-4.266610691,0.333300995,3.078306306));
#5085=CARTESIAN_POINT('',(-4.266610691,0.333300995,4.434318918));
#5086=CARTESIAN_POINT('',(-4.267201965,0.48359923,0.366281082));
#5087=CARTESIAN_POINT('',(-4.267201965,0.48359923,1.722293694));
#5088=CARTESIAN_POINT('',(-4.267201965,0.48359923,3.078306306));
#5089=CARTESIAN_POINT('',(-4.267201965,0.48359923,4.434318918));
#5090=ADVANCED_FACE('',(#5091),#5143,.T.);
#5091=FACE_BOUND('',#5092,.T.);
#5092=EDGE_LOOP('',(#5093,#5102,#5110,#5119,#5127,#5134,#5135,#5142));
#5093=ORIENTED_EDGE('',*,*,#5094,.T.);
#5094=EDGE_CURVE('',#5024,#5095,#5097,.F.);
#5095=VERTEX_POINT('',#5096);
#5096=CARTESIAN_POINT('',(-4.6228,0.0,2.6416));
#5097=CIRCLE('',#5098,0.254);
#5098=AXIS2_PLACEMENT_3D('',#5099,#5100,#5101);
#5099=CARTESIAN_POINT('',(-4.3688,0.0,2.6416));
#5100=DIRECTION('',(0.0,0.0,-1.0));
#5101=DIRECTION('',(-1.0,0.0,0.0));
#5102=ORIENTED_EDGE('',*,*,#5103,.T.);
#5103=EDGE_CURVE('',#5095,#5104,#5106,.F.);
#5104=VERTEX_POINT('',#5105);
#5105=CARTESIAN_POINT('',(-4.6228,0.0,3.556));
#5106=LINE('',#5107,#5108);
#5107=CARTESIAN_POINT('',(-4.6228,0.0,3.556));
#5108=VECTOR('',#5109,1.0);
#5109=DIRECTION('',(0.0,0.0,-1.0));
#5110=ORIENTED_EDGE('',*,*,#5111,.T.);
#5111=EDGE_CURVE('',#5104,#5112,#5114,.T.);
#5112=VERTEX_POINT('',#5113);
#5113=CARTESIAN_POINT('',(-4.1148,0.0,3.556));
#5114=CIRCLE('',#5115,0.254);
#5115=AXIS2_PLACEMENT_3D('',#5116,#5117,#5118);
#5116=CARTESIAN_POINT('',(-4.3688,0.0,3.556));
#5117=DIRECTION('',(0.0,0.0,-1.0));
#5118=DIRECTION('',(-1.0,0.0,0.0));
#5119=ORIENTED_EDGE('',*,*,#5120,.T.);
#5120=EDGE_CURVE('',#5112,#5121,#5123,.T.);
#5121=VERTEX_POINT('',#5122);
#5122=CARTESIAN_POINT('',(-4.1148,0.0,2.6416));
#5123=LINE('',#5124,#5125);
#5124=CARTESIAN_POINT('',(-4.1148,0.0,3.556));
#5125=VECTOR('',#5126,1.0);
#5126=DIRECTION('',(0.0,0.0,-1.0));
#5127=ORIENTED_EDGE('',*,*,#5128,.T.);
#5128=EDGE_CURVE('',#5121,#5016,#5129,.F.);
#5129=CIRCLE('',#5130,0.254);
#5130=AXIS2_PLACEMENT_3D('',#5131,#5132,#5133);
#5131=CARTESIAN_POINT('',(-4.3688,0.0,2.6416));
#5132=DIRECTION('',(0.0,0.0,-1.0));
#5133=DIRECTION('',(-0.217417319,0.976078741,0.0));
#5134=ORIENTED_EDGE('',*,*,#5015,.F.);
#5135=ORIENTED_EDGE('',*,*,#5136,.T.);
#5136=EDGE_CURVE('',#5007,#4964,#5137,.F.);
#5137=CIRCLE('',#5138,0.254);
#5138=AXIS2_PLACEMENT_3D('',#5139,#5140,#5141);
#5139=CARTESIAN_POINT('',(-4.3688,0.0,3.5052));
#5140=DIRECTION('',(0.0,0.0,-1.0));
#5141=DIRECTION('',(-0.382582681,0.923921259,0.0));
#5142=ORIENTED_EDGE('',*,*,#5056,.F.);
#5143=(BOUNDED_SURFACE()B_SPLINE_SURFACE(3,3,((#5144,#5145,#5146,#5147),(#5148,#5149,#5150,#5151),(#5152,#5153,#5154,#5155),(#5156,#5157,#5158,#5159),(#5160,#5161,#5162,#5163),(#5164,#5165,#5166,#5167),(#5168,#5169,#5170,#5171)),.UNSPECIFIED.,.F.,.F.,.U.)B_SPLINE_SURFACE_WITH_KNOTS((4,3,4),(4,4),(0.054316991,1.0,1.945683009),(-8.534396288E-04,0.03685344),.UNSPECIFIED.)GEOMETRIC_REPRESENTATION_ITEM()RATIONAL_B_SPLINE_SURFACE(((1.153428252,1.153428252,1.153428252,1.153428252),(0.936391347,0.936391347,0.936391347,0.936391347),(0.949616881,0.949616881,0.949616881,0.949616881),(1.193104854,1.193104854,1.193104854,1.193104854),(0.949616881,0.949616881,0.949616881,0.949616881),(0.936391347,0.936391347,0.936391347,0.936391347),(1.153428252,1.153428252,1.153428252,1.153428252)))REPRESENTATION_ITEM('')SURFACE());
#5144=CARTESIAN_POINT('',(-4.622798035,-9.992301224E-04,3.577677367));
#5145=CARTESIAN_POINT('',(-4.622798035,-9.992301224E-04,3.258425789));
#5146=CARTESIAN_POINT('',(-4.622798035,-9.992301224E-04,2.939174211));
#5147=CARTESIAN_POINT('',(-4.622798035,-9.992301224E-04,2.619922633));
#5148=CARTESIAN_POINT('',(-4.623389309,0.149299005,3.577677367));
#5149=CARTESIAN_POINT('',(-4.623389309,0.149299005,3.258425789));
#5150=CARTESIAN_POINT('',(-4.623389309,0.149299005,2.939174211));
#5151=CARTESIAN_POINT('',(-4.623389309,0.149299005,2.619922633));
#5152=CARTESIAN_POINT('',(-4.517006144,0.254,3.577677367));
#5153=CARTESIAN_POINT('',(-4.517006144,0.254,3.258425789));
#5154=CARTESIAN_POINT('',(-4.517006144,0.254,2.939174211));
#5155=CARTESIAN_POINT('',(-4.517006144,0.254,2.619922633));
#5156=CARTESIAN_POINT('',(-4.3688,0.254,3.577677367));
#5157=CARTESIAN_POINT('',(-4.3688,0.254,3.258425789));
#5158=CARTESIAN_POINT('',(-4.3688,0.254,2.939174211));
#5159=CARTESIAN_POINT('',(-4.3688,0.254,2.619922633));
#5160=CARTESIAN_POINT('',(-4.220593856,0.254,3.577677367));
#5161=CARTESIAN_POINT('',(-4.220593856,0.254,3.258425789));
#5162=CARTESIAN_POINT('',(-4.220593856,0.254,2.939174211));
#5163=CARTESIAN_POINT('',(-4.220593856,0.254,2.619922633));
#5164=CARTESIAN_POINT('',(-4.114210691,0.149299005,3.577677367));
#5165=CARTESIAN_POINT('',(-4.114210691,0.149299005,3.258425789));
#5166=CARTESIAN_POINT('',(-4.114210691,0.149299005,2.939174211));
#5167=CARTESIAN_POINT('',(-4.114210691,0.149299005,2.619922633));
#5168=CARTESIAN_POINT('',(-4.114801965,-9.992301224E-04,3.577677367));
#5169=CARTESIAN_POINT('',(-4.114801965,-9.992301224E-04,3.258425789));
#5170=CARTESIAN_POINT('',(-4.114801965,-9.992301224E-04,2.939174211));
#5171=CARTESIAN_POINT('',(-4.114801965,-9.992301224E-04,2.619922633));
#5172=ADVANCED_FACE('',(#5173),#5184,.T.);
#5173=FACE_BOUND('',#5174,.T.);
#5174=EDGE_LOOP('',(#5175,#5176,#5182,#5183));
#5175=ORIENTED_EDGE('',*,*,#5006,.F.);
#5176=ORIENTED_EDGE('',*,*,#5177,.T.);
#5177=EDGE_CURVE('',#4999,#4966,#5178,.T.);
#5178=LINE('',#5179,#5180);
#5179=CARTESIAN_POINT('',(-4.3688,0.2794,3.5052));
#5180=VECTOR('',#5181,1.0);
#5181=DIRECTION('',(-1.0,0.0,0.0));
#5182=ORIENTED_EDGE('',*,*,#4963,.F.);
#5183=ORIENTED_EDGE('',*,*,#5136,.F.);
#5184=B_SPLINE_SURFACE_WITH_KNOTS('',1,1,((#5185,#5186),(#5187,#5188)),.UNSPECIFIED.,.F.,.F.,.U.,(2,2),(2,2),(-0.18403937,-0.17196063),(0.008974132,0.01103937),.PIECEWISE_BEZIER_KNOTS.);
#5185=CARTESIAN_POINT('',(-4.6746,0.227942954,3.5052));
#5186=CARTESIAN_POINT('',(-4.6746,0.2804,3.5052));
#5187=CARTESIAN_POINT('',(-4.3678,0.227942954,3.5052));
#5188=CARTESIAN_POINT('',(-4.3678,0.2804,3.5052));
#5189=ADVANCED_FACE('',(#5190),#5196,.F.);
#5190=FACE_BOUND('',#5191,.T.);
#5191=EDGE_LOOP('',(#5192,#5193,#5194,#5195));
#5192=ORIENTED_EDGE('',*,*,#4974,.F.);
#5193=ORIENTED_EDGE('',*,*,#5177,.F.);
#5194=ORIENTED_EDGE('',*,*,#4998,.F.);
#5195=ORIENTED_EDGE('',*,*,#2246,.F.);
#5196=B_SPLINE_SURFACE_WITH_KNOTS('',1,1,((#5197,#5198),(#5199,#5200)),.UNSPECIFIED.,.F.,.F.,.U.,(2,2),(2,2),(-3.937007874E-05,0.01203937),(-0.03403937,3.937007874E-05),.PIECEWISE_BEZIER_KNOTS.);
#5197=CARTESIAN_POINT('',(-4.3678,0.2794,3.5042));
#5198=CARTESIAN_POINT('',(-4.3678,0.2794,4.3698));
#5199=CARTESIAN_POINT('',(-4.6746,0.2794,3.5042));
#5200=CARTESIAN_POINT('',(-4.6746,0.2794,4.3698));
#5201=ADVANCED_FACE('',(#5202),#5247,.T.);
#5202=FACE_BOUND('',#5203,.T.);
#5203=EDGE_LOOP('',(#5204,#5205,#5224,#5233,#5245,#5246));
#5204=ORIENTED_EDGE('',*,*,#5128,.F.);
#5205=ORIENTED_EDGE('',*,*,#5206,.T.);
#5206=EDGE_CURVE('',#5121,#5207,#5209,.T.);
#5207=VERTEX_POINT('',#5208);
#5208=CARTESIAN_POINT('',(-4.6736,0.0,2.0828));
#5209=B_SPLINE_CURVE_WITH_KNOTS('',3,(#5210,#5211,#5212,#5213,#5214,#5215,#5216,#5217,#5218,#5219,#5220,#5221,#5222,#5223),.UNSPECIFIED.,.F.,.U.,(4,1,1,1,1,1,1,1,1,1,1,4),(0.0,0.090909091,0.181818182,0.272727273,0.363636364,0.454545455,0.545454545,0.636363636,0.727272727,0.818181818,0.909090909,1.0),.UNSPECIFIED.);
#5210=CARTESIAN_POINT('',(-4.1148,0.0,2.6416));
#5211=CARTESIAN_POINT('',(-4.1148,0.0,2.615001182));
#5212=CARTESIAN_POINT('',(-4.118604761,0.0,2.56180376));
#5213=CARTESIAN_POINT('',(-4.135610006,0.0,2.483631877));
#5214=CARTESIAN_POINT('',(-4.163567175,0.0,2.408675815));
#5215=CARTESIAN_POINT('',(-4.201907141,0.0,2.338461406));
#5216=CARTESIAN_POINT('',(-4.249849414,0.0,2.274418028));
#5217=CARTESIAN_POINT('',(-4.306418028,0.0,2.217849414));
#5218=CARTESIAN_POINT('',(-4.370461406,0.0,2.169907141));
#5219=CARTESIAN_POINT('',(-4.440675815,0.0,2.131567175));
#5220=CARTESIAN_POINT('',(-4.515631877,0.0,2.103610006));
#5221=CARTESIAN_POINT('',(-4.59380376,0.0,2.086604761));
#5222=CARTESIAN_POINT('',(-4.647001182,0.0,2.0828));
#5223=CARTESIAN_POINT('',(-4.6736,0.0,2.0828));
#5224=ORIENTED_EDGE('',*,*,#5225,.T.);
#5225=EDGE_CURVE('',#5207,#5226,#5228,.F.);
#5226=VERTEX_POINT('',#5227);
#5227=CARTESIAN_POINT('',(-4.6736,0.0,2.5908));
#5228=CIRCLE('',#5229,0.254);
#5229=AXIS2_PLACEMENT_3D('',#5230,#5231,#5232);
#5230=CARTESIAN_POINT('',(-4.6736,0.0,2.3368));
#5231=DIRECTION('',(-1.0,0.0,0.0));
#5232=DIRECTION('',(0.0,0.0,1.0));
#5233=ORIENTED_EDGE('',*,*,#5234,.T.);
#5234=EDGE_CURVE('',#5226,#5095,#5235,.F.);
#5235=B_SPLINE_CURVE_WITH_KNOTS('',3,(#5236,#5237,#5238,#5239,#5240,#5241,#5242,#5243,#5244),.UNSPECIFIED.,.F.,.U.,(4,1,1,1,1,1,4),(0.0,0.166666667,0.333333333,0.5,0.666666667,0.833333333,1.0),.UNSPECIFIED.);
#5236=CARTESIAN_POINT('',(-4.6228,0.0,2.6416));
#5237=CARTESIAN_POINT('',(-4.6228,0.0,2.637166864));
#5238=CARTESIAN_POINT('',(-4.623967237,0.0,2.628300995));
#5239=CARTESIAN_POINT('',(-4.62910048,0.0,2.615908176));
#5240=CARTESIAN_POINT('',(-4.637266299,0.0,2.605266299));
#5241=CARTESIAN_POINT('',(-4.647908176,0.0,2.59710048));
#5242=CARTESIAN_POINT('',(-4.660300995,0.0,2.591967237));
#5243=CARTESIAN_POINT('',(-4.669166864,0.0,2.5908));
#5244=CARTESIAN_POINT('',(-4.6736,0.0,2.5908));
#5245=ORIENTED_EDGE('',*,*,#5094,.F.);
#5246=ORIENTED_EDGE('',*,*,#5023,.F.);
#5247=(BOUNDED_SURFACE()B_SPLINE_SURFACE(3,3,((#5248,#5249,#5250,#5251,#5252,#5253,#5254),(#5255,#5256,#5257,#5258,#5259,#5260,#5261),(#5262,#5263,#5264,#5265,#5266,#5267,#5268),(#5269,#5270,#5271,#5272,#5273,#5274,#5275)),.UNSPECIFIED.,.F.,.F.,.U.)B_SPLINE_SURFACE_WITH_KNOTS((4,4),(4,3,4),(0.182587394,0.805926397),(0.056105445,1.0,1.950204204),.UNSPECIFIED.)GEOMETRIC_REPRESENTATION_ITEM()RATIONAL_B_SPLINE_SURFACE(((1.375242388,1.117718902,1.133993566,1.424066381,1.132054517,1.117513554,1.380443492),(1.083232518,0.880389865,0.893208875,1.121689547,0.891681551,0.88022812,1.087329254),(1.077949038,0.876095753,0.888852238,1.116218493,0.887332363,0.875934796,1.082025792),(1.359391948,1.104836565,1.120923654,1.407653217,1.119006954,1.104633584,1.364533106)))REPRESENTATION_ITEM('')SURFACE());
#5248=CARTESIAN_POINT('',(-4.115330692,-3.065900006E-04,2.665943652));
#5249=CARTESIAN_POINT('',(-4.115149799,0.149700311,2.66595154));
#5250=CARTESIAN_POINT('',(-4.221375572,0.254,2.661319504));
#5251=CARTESIAN_POINT('',(-4.369089368,0.254,2.65487836));
#5252=CARTESIAN_POINT('',(-4.51804529,0.254,2.648383052));
#5253=CARTESIAN_POINT('',(-4.624465228,0.148281804,2.64374255));
#5254=CARTESIAN_POINT('',(-4.622833389,-0.002746874,2.643813707));
#5255=CARTESIAN_POINT('',(-4.100415425,-3.065900006E-04,2.323894058));
#5256=CARTESIAN_POINT('',(-4.100229698,0.149700311,2.323791113));
#5257=CARTESIAN_POINT('',(-4.209293503,0.254,2.384243226));
#5258=CARTESIAN_POINT('',(-4.360953764,0.254,2.468305792));
#5259=CARTESIAN_POINT('',(-4.513889338,0.254,2.553075241));
#5260=CARTESIAN_POINT('',(-4.623152495,0.148281804,2.613637852));
#5261=CARTESIAN_POINT('',(-4.621477058,-0.002746874,2.612709187));
#5262=CARTESIAN_POINT('',(-4.33895134,-3.065900006E-04,2.077118108));
#5263=CARTESIAN_POINT('',(-4.338842905,0.149700311,2.076935202));
#5264=CARTESIAN_POINT('',(-4.402518827,0.254,2.184343086));
#5265=CARTESIAN_POINT('',(-4.491064307,0.254,2.333700684));
#5266=CARTESIAN_POINT('',(-4.580354366,0.254,2.484314231));
#5267=CARTESIAN_POINT('',(-4.644146678,0.148281804,2.591918442));
#5268=CARTESIAN_POINT('',(-4.643168489,-0.002746874,2.590268443));
#5269=CARTESIAN_POINT('',(-4.682955869,-3.065900006E-04,2.082878512));
#5270=CARTESIAN_POINT('',(-4.682958901,0.149700311,2.082697472));
#5271=CARTESIAN_POINT('',(-4.681178695,0.254,2.189009285));
#5272=CARTESIAN_POINT('',(-4.678703203,0.254,2.336842724));
#5273=CARTESIAN_POINT('',(-4.676206895,0.254,2.485919295));
#5274=CARTESIAN_POINT('',(-4.674423435,0.148281804,2.59242543));
#5275=CARTESIAN_POINT('',(-4.674450783,-0.002746874,2.590792269));
#5276=ADVANCED_FACE('',(#5277),#5337,.T.);
#5277=FACE_BOUND('',#5278,.T.);
#5278=EDGE_LOOP('',(#5279,#5288,#5289,#5296,#5297,#5306));
#5279=ORIENTED_EDGE('',*,*,#5280,.T.);
#5280=EDGE_CURVE('',#5281,#5095,#5283,.T.);
#5281=VERTEX_POINT('',#5282);
#5282=CARTESIAN_POINT('',(-4.465976001,-0.234676,2.6416));
#5283=CIRCLE('',#5284,0.254);
#5284=AXIS2_PLACEMENT_3D('',#5285,#5286,#5287);
#5285=CARTESIAN_POINT('',(-4.3688,0.0,2.6416));
#5286=DIRECTION('',(0.0,0.0,-1.0));
#5287=DIRECTION('',(-0.382582681,-0.923921259,0.0));
#5288=ORIENTED_EDGE('',*,*,#5234,.F.);
#5289=ORIENTED_EDGE('',*,*,#5290,.T.);
#5290=EDGE_CURVE('',#5226,#5207,#5291,.F.);
#5291=CIRCLE('',#5292,0.254);
#5292=AXIS2_PLACEMENT_3D('',#5293,#5294,#5295);
#5293=CARTESIAN_POINT('',(-4.6736,0.0,2.3368));
#5294=DIRECTION('',(-1.0,0.0,0.0));
#5295=DIRECTION('',(0.0,0.0,-1.0));
#5296=ORIENTED_EDGE('',*,*,#5206,.F.);
#5297=ORIENTED_EDGE('',*,*,#5298,.T.);
#5298=EDGE_CURVE('',#5121,#5299,#5301,.T.);
#5299=VERTEX_POINT('',#5300);
#5300=CARTESIAN_POINT('',(-4.424023999,-0.247924,2.6416));
#5301=CIRCLE('',#5302,0.254);
#5302=AXIS2_PLACEMENT_3D('',#5303,#5304,#5305);
#5303=CARTESIAN_POINT('',(-4.3688,0.0,2.6416));
#5304=DIRECTION('',(0.0,0.0,-1.0));
#5305=DIRECTION('',(1.0,0.0,0.0));
#5306=ORIENTED_EDGE('',*,*,#5307,.T.);
#5307=EDGE_CURVE('',#5299,#5281,#5308,.T.);
#5308=B_SPLINE_CURVE_WITH_KNOTS('',3,(#5309,#5310,#5311,#5312,#5313,#5314,#5315,#5316,#5317,#5318,#5319,#5320,#5321,#5322,#5323,#5324,#5325,#5326,#5327,#5328,#5329,#5330,#5331,#5332,#5333,#5334,#5335,#5336),.UNSPECIFIED.,.F.,.U.,(4,1,1,1,1,1,1,1,1,1,1,1,1,1,1,1,1,1,1,1,1,1,1,1,1,4),(0.0,0.04,0.08,0.12,0.16,0.2,0.24,0.28,0.32,0.36,0.4,0.44,0.48,0.52,0.56,0.6,0.64,0.68,0.72,0.76,0.8,0.84,0.88,0.92,0.96,1.0),.QUASI_UNIFORM_KNOTS.);
#5309=CARTESIAN_POINT('',(-4.424023999,-0.247924,2.6416));
#5310=CARTESIAN_POINT('',(-4.424023999,-0.247924,2.629918059));
#5311=CARTESIAN_POINT('',(-4.421904748,-0.248794999,2.606666593));
#5312=CARTESIAN_POINT('',(-4.416702459,-0.251069447,2.5721446));
#5313=CARTESIAN_POINT('',(-4.412558798,-0.252997845,2.537570178));
#5314=CARTESIAN_POINT('',(-4.410285455,-0.254095835,2.502361452));
#5315=CARTESIAN_POINT('',(-4.410472455,-0.254004802,2.465989985));
#5316=CARTESIAN_POINT('',(-4.413833572,-0.252385449,2.427909863));
#5317=CARTESIAN_POINT('',(-4.42150658,-0.248897213,2.387858885));
#5318=CARTESIAN_POINT('',(-4.435392289,-0.24328465,2.345993226));
#5319=CARTESIAN_POINT('',(-4.457289069,-0.236311916,2.306087842));
#5320=CARTESIAN_POINT('',(-4.485154909,-0.23056087,2.275104552));
#5321=CARTESIAN_POINT('',(-4.516282914,-0.228004037,2.255208732));
#5322=CARTESIAN_POINT('',(-4.547830124,-0.229300512,2.246604072));
#5323=CARTESIAN_POINT('',(-4.579805704,-0.234838228,2.250294701));
#5324=CARTESIAN_POINT('',(-4.60516549,-0.242514603,2.265927173));
#5325=CARTESIAN_POINT('',(-4.623373953,-0.249896951,2.291307682));
#5326=CARTESIAN_POINT('',(-4.632493545,-0.25427833,2.323695013));
#5327=CARTESIAN_POINT('',(-4.63212287,-0.254087895,2.357845662));
#5328=CARTESIAN_POINT('',(-4.622771104,-0.24964829,2.391575215));
#5329=CARTESIAN_POINT('',(-4.605770856,-0.242762143,2.42246393));
#5330=CARTESIAN_POINT('',(-4.581982125,-0.235480008,2.452479401));
#5331=CARTESIAN_POINT('',(-4.553514301,-0.230051131,2.483354078));
#5332=CARTESIAN_POINT('',(-4.522783324,-0.228010459,2.518251181));
#5333=CARTESIAN_POINT('',(-4.494414655,-0.229553199,2.557227102));
#5334=CARTESIAN_POINT('',(-4.471752985,-0.233279972,2.601129671));
#5335=CARTESIAN_POINT('',(-4.465976001,-0.234676,2.628160729));
#5336=CARTESIAN_POINT('',(-4.465976001,-0.234676,2.6416));
#5337=(BOUNDED_SURFACE()B_SPLINE_SURFACE(3,3,((#5338,#5339,#5340,#5341,#5342,#5343,#5344),(#5345,#5346,#5347,#5348,#5349,#5350,#5351),(#5352,#5353,#5354,#5355,#5356,#5357,#5358),(#5359,#5360,#5361,#5362,#5363,#5364,#5365)),.UNSPECIFIED.,.F.,.F.,.U.)B_SPLINE_SURFACE_WITH_KNOTS((4,4),(4,3,4),(0.180710533,0.805926397),(0.049795796,1.0,1.943894555),.UNSPECIFIED.)GEOMETRIC_REPRESENTATION_ITEM()RATIONAL_B_SPLINE_SURFACE(((1.383099003,1.119663276,1.134232211,1.426805808,1.13617499,1.119869019,1.377887894),(1.0873638,0.880256086,0.891709881,1.121725186,0.893237254,0.880417837,1.083266934),(1.081175168,0.875246189,0.886634796,1.115340989,0.888153475,0.875407019,1.077101619),(1.364533106,1.104633584,1.119006954,1.407653217,1.120923654,1.104836565,1.359391948)))REPRESENTATION_ITEM('')SURFACE());
#5338=CARTESIAN_POINT('',(-4.622843511,0.002746874,2.64403478));
#5339=CARTESIAN_POINT('',(-4.624475025,-0.148281804,2.643956517));
#5340=CARTESIAN_POINT('',(-4.518076306,-0.254,2.649060445));
#5341=CARTESIAN_POINT('',(-4.369150084,-0.254,2.65620441));
#5342=CARTESIAN_POINT('',(-4.221465741,-0.254,2.663288802));
#5343=CARTESIAN_POINT('',(-4.115261148,-0.149700311,2.668383418));
#5344=CARTESIAN_POINT('',(-4.115442006,3.065900006E-04,2.668374742));
#5345=CARTESIAN_POINT('',(-4.621347286,0.002746874,2.612843817));
#5346=CARTESIAN_POINT('',(-4.623026894,-0.148281804,2.613768154));
#5347=CARTESIAN_POINT('',(-4.513491701,-0.254,2.553487761));
#5348=CARTESIAN_POINT('',(-4.360175358,-0.254,2.469113333));
#5349=CARTESIAN_POINT('',(-4.208137502,-0.254,2.385442493));
#5350=CARTESIAN_POINT('',(-4.098802157,-0.149700311,2.325272083));
#5351=CARTESIAN_POINT('',(-4.098988346,3.065900006E-04,2.325374548));
#5352=CARTESIAN_POINT('',(-4.643049613,0.002746874,2.590266452));
#5353=CARTESIAN_POINT('',(-4.644031623,-0.148281804,2.591916515));
#5354=CARTESIAN_POINT('',(-4.579990116,-0.254,2.484308132));
#5355=CARTESIAN_POINT('',(-4.490351259,-0.254,2.333688744));
#5356=CARTESIAN_POINT('',(-4.401459889,-0.254,2.184325354));
#5357=CARTESIAN_POINT('',(-4.337535227,-0.149700311,2.076913305));
#5358=CARTESIAN_POINT('',(-4.337644086,3.065900006E-04,2.077096218));
#5359=CARTESIAN_POINT('',(-4.674450783,0.002746874,2.590792269));
#5360=CARTESIAN_POINT('',(-4.674423435,-0.148281804,2.59242543));
#5361=CARTESIAN_POINT('',(-4.676206895,-0.254,2.485919295));
#5362=CARTESIAN_POINT('',(-4.678703203,-0.254,2.336842724));
#5363=CARTESIAN_POINT('',(-4.681178695,-0.254,2.189009285));
#5364=CARTESIAN_POINT('',(-4.682958901,-0.149700311,2.082697472));
#5365=CARTESIAN_POINT('',(-4.682955869,3.065900006E-04,2.082878512));
#5366=ADVANCED_FACE('',(#5367),#5434,.T.);
#5367=FACE_BOUND('',#5368,.T.);
#5368=EDGE_LOOP('',(#5369,#5370,#5378,#5387,#5393,#5394,#5402,#5409,#5410,#5411,#5419,#5428));
#5369=ORIENTED_EDGE('',*,*,#5307,.F.);
#5370=ORIENTED_EDGE('',*,*,#5371,.T.);
#5371=EDGE_CURVE('',#5299,#5372,#5374,.F.);
#5372=VERTEX_POINT('',#5373);
#5373=CARTESIAN_POINT('',(-4.424023999,-0.247924,3.5052));
#5374=LINE('',#5375,#5376);
#5375=CARTESIAN_POINT('',(-4.424023999,-0.247924,3.5052));
#5376=VECTOR('',#5377,1.0);
#5377=DIRECTION('',(0.0,0.0,-1.0));
#5378=ORIENTED_EDGE('',*,*,#5379,.T.);
#5379=EDGE_CURVE('',#5372,#5380,#5382,.T.);
#5380=VERTEX_POINT('',#5381);
#5381=CARTESIAN_POINT('',(-4.3688,-0.2794,3.5052));
#5382=CIRCLE('',#5383,0.254);
#5383=AXIS2_PLACEMENT_3D('',#5384,#5385,#5386);
#5384=CARTESIAN_POINT('',(-4.5212,-0.4826,3.5052));
#5385=DIRECTION('',(0.0,0.0,-1.0));
#5386=DIRECTION('',(0.382582681,0.923921259,0.0));
#5387=ORIENTED_EDGE('',*,*,#5388,.T.);
#5388=EDGE_CURVE('',#5380,#2360,#5389,.F.);
#5389=LINE('',#5390,#5391);
#5390=CARTESIAN_POINT('',(-4.3688,-0.2794,4.3688));
#5391=VECTOR('',#5392,1.0);
#5392=DIRECTION('',(0.0,0.0,-1.0));
#5393=ORIENTED_EDGE('',*,*,#2359,.F.);
#5394=ORIENTED_EDGE('',*,*,#5395,.T.);
#5395=EDGE_CURVE('',#2352,#5396,#5398,.F.);
#5396=VERTEX_POINT('',#5397);
#5397=CARTESIAN_POINT('',(-4.2672,-0.4826,0.4318));
#5398=LINE('',#5399,#5400);
#5399=CARTESIAN_POINT('',(-4.2672,-0.4826,0.4318));
#5400=VECTOR('',#5401,1.0);
#5401=DIRECTION('',(0.0,0.0,1.0));
#5402=ORIENTED_EDGE('',*,*,#5403,.T.);
#5403=EDGE_CURVE('',#5396,#3964,#5404,.T.);
#5404=CIRCLE('',#5405,0.254);
#5405=AXIS2_PLACEMENT_3D('',#5406,#5407,#5408);
#5406=CARTESIAN_POINT('',(-4.5212,-0.4826,0.4318));
#5407=DIRECTION('',(0.0,0.0,1.0));
#5408=DIRECTION('',(1.0,0.0,0.0));
#5409=ORIENTED_EDGE('',*,*,#3963,.F.);
#5410=ORIENTED_EDGE('',*,*,#2376,.F.);
#5411=ORIENTED_EDGE('',*,*,#5412,.T.);
#5412=EDGE_CURVE('',#2369,#5413,#5415,.T.);
#5413=VERTEX_POINT('',#5414);
#5414=CARTESIAN_POINT('',(-4.6736,-0.2794,3.5052));
#5415=LINE('',#5416,#5417);
#5416=CARTESIAN_POINT('',(-4.6736,-0.2794,4.3688));
#5417=VECTOR('',#5418,1.0);
#5418=DIRECTION('',(0.0,0.0,-1.0));
#5419=ORIENTED_EDGE('',*,*,#5420,.T.);
#5420=EDGE_CURVE('',#5413,#5421,#5423,.T.);
#5421=VERTEX_POINT('',#5422);
#5422=CARTESIAN_POINT('',(-4.465976001,-0.234676,3.5052));
#5423=CIRCLE('',#5424,0.254);
#5424=AXIS2_PLACEMENT_3D('',#5425,#5426,#5427);
#5425=CARTESIAN_POINT('',(-4.5212,-0.4826,3.5052));
#5426=DIRECTION('',(0.0,0.0,-1.0));
#5427=DIRECTION('',(-0.6,0.8,0.0));
#5428=ORIENTED_EDGE('',*,*,#5429,.T.);
#5429=EDGE_CURVE('',#5421,#5281,#5430,.T.);
#5430=LINE('',#5431,#5432);
#5431=CARTESIAN_POINT('',(-4.465976001,-0.234676,3.5052));
#5432=VECTOR('',#5433,1.0);
#5433=DIRECTION('',(0.0,0.0,-1.0));
#5434=(BOUNDED_SURFACE()B_SPLINE_SURFACE(3,3,((#5435,#5436,#5437,#5438),(#5439,#5440,#5441,#5442),(#5443,#5444,#5445,#5446),(#5447,#5448,#5449,#5450),(#5451,#5452,#5453,#5454),(#5455,#5456,#5457,#5458),(#5459,#5460,#5461,#5462)),.UNSPECIFIED.,.F.,.F.,.U.)B_SPLINE_SURFACE_WITH_KNOTS((4,3,4),(4,4),(0.054316991,1.0,1.945683009),(-0.002579485,0.157579485),.UNSPECIFIED.)GEOMETRIC_REPRESENTATION_ITEM()RATIONAL_B_SPLINE_SURFACE(((1.153428252,1.153428252,1.153428252,1.153428252),(0.936391347,0.936391347,0.936391347,0.936391347),(0.949616881,0.949616881,0.949616881,0.949616881),(1.193104854,1.193104854,1.193104854,1.193104854),(0.949616881,0.949616881,0.949616881,0.949616881),(0.936391347,0.936391347,0.936391347,0.936391347),(1.153428252,1.153428252,1.153428252,1.153428252)))REPRESENTATION_ITEM('')SURFACE());
#5435=CARTESIAN_POINT('',(-4.775198035,-0.48359923,4.434318918));
#5436=CARTESIAN_POINT('',(-4.775198035,-0.48359923,3.078306306));
#5437=CARTESIAN_POINT('',(-4.775198035,-0.48359923,1.722293694));
#5438=CARTESIAN_POINT('',(-4.775198035,-0.48359923,0.366281082));
#5439=CARTESIAN_POINT('',(-4.775789309,-0.333300995,4.434318918));
#5440=CARTESIAN_POINT('',(-4.775789309,-0.333300995,3.078306306));
#5441=CARTESIAN_POINT('',(-4.775789309,-0.333300995,1.722293694));
#5442=CARTESIAN_POINT('',(-4.775789309,-0.333300995,0.366281082));
#5443=CARTESIAN_POINT('',(-4.669406144,-0.2286,4.434318918));
#5444=CARTESIAN_POINT('',(-4.669406144,-0.2286,3.078306306));
#5445=CARTESIAN_POINT('',(-4.669406144,-0.2286,1.722293694));
#5446=CARTESIAN_POINT('',(-4.669406144,-0.2286,0.366281082));
#5447=CARTESIAN_POINT('',(-4.5212,-0.2286,4.434318918));
#5448=CARTESIAN_POINT('',(-4.5212,-0.2286,3.078306306));
#5449=CARTESIAN_POINT('',(-4.5212,-0.2286,1.722293694));
#5450=CARTESIAN_POINT('',(-4.5212,-0.2286,0.366281082));
#5451=CARTESIAN_POINT('',(-4.372993856,-0.2286,4.434318918));
#5452=CARTESIAN_POINT('',(-4.372993856,-0.2286,3.078306306));
#5453=CARTESIAN_POINT('',(-4.372993856,-0.2286,1.722293694));
#5454=CARTESIAN_POINT('',(-4.372993856,-0.2286,0.366281082));
#5455=CARTESIAN_POINT('',(-4.266610691,-0.333300995,4.434318918));
#5456=CARTESIAN_POINT('',(-4.266610691,-0.333300995,3.078306306));
#5457=CARTESIAN_POINT('',(-4.266610691,-0.333300995,1.722293694));
#5458=CARTESIAN_POINT('',(-4.266610691,-0.333300995,0.366281082));
#5459=CARTESIAN_POINT('',(-4.267201965,-0.48359923,4.434318918));
#5460=CARTESIAN_POINT('',(-4.267201965,-0.48359923,3.078306306));
#5461=CARTESIAN_POINT('',(-4.267201965,-0.48359923,1.722293694));
#5462=CARTESIAN_POINT('',(-4.267201965,-0.48359923,0.366281082));
#5463=ADVANCED_FACE('',(#5464),#5486,.T.);
#5464=FACE_BOUND('',#5465,.T.);
#5465=EDGE_LOOP('',(#5466,#5473,#5474,#5475,#5476,#5483,#5484,#5485));
#5466=ORIENTED_EDGE('',*,*,#5467,.T.);
#5467=EDGE_CURVE('',#5421,#5372,#5468,.F.);
#5468=CIRCLE('',#5469,0.254);
#5469=AXIS2_PLACEMENT_3D('',#5470,#5471,#5472);
#5470=CARTESIAN_POINT('',(-4.3688,0.0,3.5052));
#5471=DIRECTION('',(0.0,0.0,-1.0));
#5472=DIRECTION('',(-0.217417319,-0.976078741,0.0));
#5473=ORIENTED_EDGE('',*,*,#5371,.F.);
#5474=ORIENTED_EDGE('',*,*,#5298,.F.);
#5475=ORIENTED_EDGE('',*,*,#5120,.F.);
#5476=ORIENTED_EDGE('',*,*,#5477,.T.);
#5477=EDGE_CURVE('',#5112,#5104,#5478,.T.);
#5478=CIRCLE('',#5479,0.254);
#5479=AXIS2_PLACEMENT_3D('',#5480,#5481,#5482);
#5480=CARTESIAN_POINT('',(-4.3688,0.0,3.556));
#5481=DIRECTION('',(0.0,0.0,-1.0));
#5482=DIRECTION('',(1.0,0.0,0.0));
#5483=ORIENTED_EDGE('',*,*,#5103,.F.);
#5484=ORIENTED_EDGE('',*,*,#5280,.F.);
#5485=ORIENTED_EDGE('',*,*,#5429,.F.);
#5486=(BOUNDED_SURFACE()B_SPLINE_SURFACE(3,3,((#5487,#5488,#5489,#5490),(#5491,#5492,#5493,#5494),(#5495,#5496,#5497,#5498),(#5499,#5500,#5501,#5502),(#5503,#5504,#5505,#5506),(#5507,#5508,#5509,#5510),(#5511,#5512,#5513,#5514)),.UNSPECIFIED.,.F.,.F.,.U.)B_SPLINE_SURFACE_WITH_KNOTS((4,3,4),(4,4),(0.054316991,1.0,1.945683009),(-8.534396288E-04,0.03685344),.UNSPECIFIED.)GEOMETRIC_REPRESENTATION_ITEM()RATIONAL_B_SPLINE_SURFACE(((1.153428252,1.153428252,1.153428252,1.153428252),(0.936391347,0.936391347,0.936391347,0.936391347),(0.949616881,0.949616881,0.949616881,0.949616881),(1.193104854,1.193104854,1.193104854,1.193104854),(0.949616881,0.949616881,0.949616881,0.949616881),(0.936391347,0.936391347,0.936391347,0.936391347),(1.153428252,1.153428252,1.153428252,1.153428252)))REPRESENTATION_ITEM('')SURFACE());
#5487=CARTESIAN_POINT('',(-4.114801965,9.992301224E-04,3.577677367));
#5488=CARTESIAN_POINT('',(-4.114801965,9.992301224E-04,3.258425789));
#5489=CARTESIAN_POINT('',(-4.114801965,9.992301224E-04,2.939174211));
#5490=CARTESIAN_POINT('',(-4.114801965,9.992301224E-04,2.619922633));
#5491=CARTESIAN_POINT('',(-4.114210691,-0.149299005,3.577677367));
#5492=CARTESIAN_POINT('',(-4.114210691,-0.149299005,3.258425789));
#5493=CARTESIAN_POINT('',(-4.114210691,-0.149299005,2.939174211));
#5494=CARTESIAN_POINT('',(-4.114210691,-0.149299005,2.619922633));
#5495=CARTESIAN_POINT('',(-4.220593856,-0.254,3.577677367));
#5496=CARTESIAN_POINT('',(-4.220593856,-0.254,3.258425789));
#5497=CARTESIAN_POINT('',(-4.220593856,-0.254,2.939174211));
#5498=CARTESIAN_POINT('',(-4.220593856,-0.254,2.619922633));
#5499=CARTESIAN_POINT('',(-4.3688,-0.254,3.577677367));
#5500=CARTESIAN_POINT('',(-4.3688,-0.254,3.258425789));
#5501=CARTESIAN_POINT('',(-4.3688,-0.254,2.939174211));
#5502=CARTESIAN_POINT('',(-4.3688,-0.254,2.619922633));
#5503=CARTESIAN_POINT('',(-4.517006144,-0.254,3.577677367));
#5504=CARTESIAN_POINT('',(-4.517006144,-0.254,3.258425789));
#5505=CARTESIAN_POINT('',(-4.517006144,-0.254,2.939174211));
#5506=CARTESIAN_POINT('',(-4.517006144,-0.254,2.619922633));
#5507=CARTESIAN_POINT('',(-4.623389309,-0.149299005,3.577677367));
#5508=CARTESIAN_POINT('',(-4.623389309,-0.149299005,3.258425789));
#5509=CARTESIAN_POINT('',(-4.623389309,-0.149299005,2.939174211));
#5510=CARTESIAN_POINT('',(-4.623389309,-0.149299005,2.619922633));
#5511=CARTESIAN_POINT('',(-4.622798035,9.992301224E-04,3.577677367));
#5512=CARTESIAN_POINT('',(-4.622798035,9.992301224E-04,3.258425789));
#5513=CARTESIAN_POINT('',(-4.622798035,9.992301224E-04,2.939174211));
#5514=CARTESIAN_POINT('',(-4.622798035,9.992301224E-04,2.619922633));
#5515=ADVANCED_FACE('',(#5516),#5559,.T.);
#5516=FACE_BOUND('',#5517,.T.);
#5517=EDGE_LOOP('',(#5518,#5537,#5538,#5552));
#5518=ORIENTED_EDGE('',*,*,#5519,.T.);
#5519=EDGE_CURVE('',#5520,#5104,#5522,.T.);
#5520=VERTEX_POINT('',#5521);
#5521=CARTESIAN_POINT('',(-4.064,0.0,4.1148));
#5522=B_SPLINE_CURVE_WITH_KNOTS('',3,(#5523,#5524,#5525,#5526,#5527,#5528,#5529,#5530,#5531,#5532,#5533,#5534,#5535,#5536),.UNSPECIFIED.,.F.,.U.,(4,1,1,1,1,1,1,1,1,1,1,4),(0.0,0.090909091,0.181818182,0.272727273,0.363636364,0.454545455,0.545454545,0.636363636,0.727272727,0.818181818,0.909090909,1.0),.UNSPECIFIED.);
#5523=CARTESIAN_POINT('',(-4.064,0.0,4.1148));
#5524=CARTESIAN_POINT('',(-4.090598818,0.0,4.1148));
#5525=CARTESIAN_POINT('',(-4.14379624,0.0,4.110995239));
#5526=CARTESIAN_POINT('',(-4.221968123,0.0,4.093989994));
#5527=CARTESIAN_POINT('',(-4.296924185,0.0,4.066032825));
#5528=CARTESIAN_POINT('',(-4.367138594,0.0,4.027692859));
#5529=CARTESIAN_POINT('',(-4.431181972,0.0,3.979750586));
#5530=CARTESIAN_POINT('',(-4.487750586,0.0,3.923181972));
#5531=CARTESIAN_POINT('',(-4.535692859,0.0,3.859138594));
#5532=CARTESIAN_POINT('',(-4.574032825,0.0,3.788924185));
#5533=CARTESIAN_POINT('',(-4.601989994,0.0,3.713968123));
#5534=CARTESIAN_POINT('',(-4.618995239,0.0,3.63579624));
#5535=CARTESIAN_POINT('',(-4.6228,0.0,3.582598818));
#5536=CARTESIAN_POINT('',(-4.6228,0.0,3.556));
#5537=ORIENTED_EDGE('',*,*,#5477,.F.);
#5538=ORIENTED_EDGE('',*,*,#5539,.T.);
#5539=EDGE_CURVE('',#5112,#5540,#5542,.F.);
#5540=VERTEX_POINT('',#5541);
#5541=CARTESIAN_POINT('',(-4.064,0.0,3.6068));
#5542=B_SPLINE_CURVE_WITH_KNOTS('',3,(#5543,#5544,#5545,#5546,#5547,#5548,#5549,#5550,#5551),.UNSPECIFIED.,.F.,.U.,(4,1,1,1,1,1,4),(0.0,0.166666667,0.333333333,0.5,0.666666667,0.833333333,1.0),.UNSPECIFIED.);
#5543=CARTESIAN_POINT('',(-4.064,0.0,3.6068));
#5544=CARTESIAN_POINT('',(-4.068433136,0.0,3.6068));
#5545=CARTESIAN_POINT('',(-4.077299005,0.0,3.605632763));
#5546=CARTESIAN_POINT('',(-4.089691824,0.0,3.60049952));
#5547=CARTESIAN_POINT('',(-4.100333701,0.0,3.592333701));
#5548=CARTESIAN_POINT('',(-4.10849952,0.0,3.581691824));
#5549=CARTESIAN_POINT('',(-4.113632763,0.0,3.569299005));
#5550=CARTESIAN_POINT('',(-4.1148,0.0,3.560433136));
#5551=CARTESIAN_POINT('',(-4.1148,0.0,3.556));
#5552=ORIENTED_EDGE('',*,*,#5553,.T.);
#5553=EDGE_CURVE('',#5540,#5520,#5554,.T.);
#5554=CIRCLE('',#5555,0.254);
#5555=AXIS2_PLACEMENT_3D('',#5556,#5557,#5558);
#5556=CARTESIAN_POINT('',(-4.064,0.0,3.8608));
#5557=DIRECTION('',(-1.0,0.0,0.0));
#5558=DIRECTION('',(0.0,0.0,-1.0));
#5559=(BOUNDED_SURFACE()B_SPLINE_SURFACE(3,3,((#5560,#5561,#5562,#5563,#5564,#5565,#5566),(#5567,#5568,#5569,#5570,#5571,#5572,#5573),(#5574,#5575,#5576,#5577,#5578,#5579,#5580),(#5581,#5582,#5583,#5584,#5585,#5586,#5587)),.UNSPECIFIED.,.F.,.F.,.U.)B_SPLINE_SURFACE_WITH_KNOTS((4,4),(4,3,4),(0.194073603,0.805926397),(0.056887344,1.0,1.950204204),.UNSPECIFIED.)GEOMETRIC_REPRESENTATION_ITEM()RATIONAL_B_SPLINE_SURFACE(((1.358759903,1.104863403,1.121161174,1.407653217,1.119006954,1.104633584,1.364533106),(1.082631559,0.880332122,0.893317847,1.121588733,0.891601409,0.880149007,1.087231528),(1.082631559,0.880332122,0.893317847,1.121588733,0.891601409,0.880149007,1.087231528),(1.358759903,1.104863403,1.121161174,1.407653217,1.119006954,1.104633584,1.364533106)))REPRESENTATION_ITEM('')SURFACE());
#5560=CARTESIAN_POINT('',(-4.054644128,3.540076039E-06,4.114721673));
#5561=CARTESIAN_POINT('',(-4.054644093,-0.149875567,4.114723761));
#5562=CARTESIAN_POINT('',(-4.05642388,-0.254,4.008436961));
#5563=CARTESIAN_POINT('',(-4.058896797,-0.254,3.860757276));
#5564=CARTESIAN_POINT('',(-4.061393105,-0.254,3.711680705));
#5565=CARTESIAN_POINT('',(-4.063176565,-0.148281804,3.60517457));
#5566=CARTESIAN_POINT('',(-4.063149217,0.002746874,3.606807731));
#5567=CARTESIAN_POINT('',(-4.390693065,3.54007604E-06,4.120348859));
#5568=CARTESIAN_POINT('',(-4.390694286,-0.149875567,4.120350969));
#5569=CARTESIAN_POINT('',(-4.328546776,-0.254,4.012993697));
#5570=CARTESIAN_POINT('',(-4.242196217,-0.254,3.86382665));
#5571=CARTESIAN_POINT('',(-4.155028877,-0.254,3.713248649));
#5572=CARTESIAN_POINT('',(-4.092753119,-0.148281804,3.605669833));
#5573=CARTESIAN_POINT('',(-4.093708053,0.002746874,3.607319443));
#5574=CARTESIAN_POINT('',(-4.628348859,3.54007604E-06,3.882693065));
#5575=CARTESIAN_POINT('',(-4.628350969,-0.149875567,3.882694286));
#5576=CARTESIAN_POINT('',(-4.520993697,-0.254,3.820546776));
#5577=CARTESIAN_POINT('',(-4.37182665,-0.254,3.734196217));
#5578=CARTESIAN_POINT('',(-4.221248649,-0.254,3.647028877));
#5579=CARTESIAN_POINT('',(-4.113669833,-0.148281804,3.584753119));
#5580=CARTESIAN_POINT('',(-4.115319443,0.002746874,3.585708053));
#5581=CARTESIAN_POINT('',(-4.622721673,3.540076039E-06,3.546644128));
#5582=CARTESIAN_POINT('',(-4.622723761,-0.149875567,3.546644093));
#5583=CARTESIAN_POINT('',(-4.516436961,-0.254,3.54842388));
#5584=CARTESIAN_POINT('',(-4.368757276,-0.254,3.550896797));
#5585=CARTESIAN_POINT('',(-4.219680705,-0.254,3.553393105));
#5586=CARTESIAN_POINT('',(-4.11317457,-0.148281804,3.555176565));
#5587=CARTESIAN_POINT('',(-4.114807731,0.002746874,3.555149217));
#5588=ADVANCED_FACE('',(#5589),#5615,.T.);
#5589=FACE_BOUND('',#5590,.T.);
#5590=EDGE_LOOP('',(#5591,#5599,#5600,#5608));
#5591=ORIENTED_EDGE('',*,*,#5592,.T.);
#5592=EDGE_CURVE('',#5593,#5520,#5595,.T.);
#5593=VERTEX_POINT('',#5594);
#5594=CARTESIAN_POINT('',(-2.8448,0.0,4.1148));
#5595=LINE('',#5596,#5597);
#5596=CARTESIAN_POINT('',(-2.8448,0.0,4.1148));
#5597=VECTOR('',#5598,1.0);
#5598=DIRECTION('',(-1.0,0.0,0.0));
#5599=ORIENTED_EDGE('',*,*,#5553,.F.);
#5600=ORIENTED_EDGE('',*,*,#5601,.T.);
#5601=EDGE_CURVE('',#5540,#5602,#5604,.F.);
#5602=VERTEX_POINT('',#5603);
#5603=CARTESIAN_POINT('',(-2.8448,0.0,3.6068));
#5604=LINE('',#5605,#5606);
#5605=CARTESIAN_POINT('',(-2.8448,0.0,3.6068));
#5606=VECTOR('',#5607,1.0);
#5607=DIRECTION('',(-1.0,0.0,0.0));
#5608=ORIENTED_EDGE('',*,*,#5609,.T.);
#5609=EDGE_CURVE('',#5602,#5593,#5610,.T.);
#5610=CIRCLE('',#5611,0.254);
#5611=AXIS2_PLACEMENT_3D('',#5612,#5613,#5614);
#5612=CARTESIAN_POINT('',(-2.8448,0.0,3.8608));
#5613=DIRECTION('',(-1.0,0.0,0.0));
#5614=DIRECTION('',(0.0,0.0,-1.0));
#5615=(BOUNDED_SURFACE()B_SPLINE_SURFACE(3,3,((#5616,#5617,#5618,#5619),(#5620,#5621,#5622,#5623),(#5624,#5625,#5626,#5627),(#5628,#5629,#5630,#5631),(#5632,#5633,#5634,#5635),(#5636,#5637,#5638,#5639),(#5640,#5641,#5642,#5643)),.UNSPECIFIED.,.F.,.F.,.U.)B_SPLINE_SURFACE_WITH_KNOTS((4,3,4),(4,4),(0.054316991,1.0,1.945683009),(-9.6E-04,0.04896),.UNSPECIFIED.)GEOMETRIC_REPRESENTATION_ITEM()RATIONAL_B_SPLINE_SURFACE(((1.153428252,1.153428252,1.153428252,1.153428252),(0.936391347,0.936391347,0.936391347,0.936391347),(0.949616881,0.949616881,0.949616881,0.949616881),(1.193104854,1.193104854,1.193104854,1.193104854),(0.949616881,0.949616881,0.949616881,0.949616881),(0.936391347,0.936391347,0.936391347,0.936391347),(1.153428252,1.153428252,1.153428252,1.153428252)))REPRESENTATION_ITEM('')SURFACE());
#5616=CARTESIAN_POINT('',(-2.820416,9.992301224E-04,3.606801965));
#5617=CARTESIAN_POINT('',(-3.243072,9.992301224E-04,3.606801965));
#5618=CARTESIAN_POINT('',(-3.665728,9.992301224E-04,3.606801965));
#5619=CARTESIAN_POINT('',(-4.088384,9.992301224E-04,3.606801965));
#5620=CARTESIAN_POINT('',(-2.820416,-0.149299005,3.606210691));
#5621=CARTESIAN_POINT('',(-3.243072,-0.149299005,3.606210691));
#5622=CARTESIAN_POINT('',(-3.665728,-0.149299005,3.606210691));
#5623=CARTESIAN_POINT('',(-4.088384,-0.149299005,3.606210691));
#5624=CARTESIAN_POINT('',(-2.820416,-0.254,3.712593856));
#5625=CARTESIAN_POINT('',(-3.243072,-0.254,3.712593856));
#5626=CARTESIAN_POINT('',(-3.665728,-0.254,3.712593856));
#5627=CARTESIAN_POINT('',(-4.088384,-0.254,3.712593856));
#5628=CARTESIAN_POINT('',(-2.820416,-0.254,3.8608));
#5629=CARTESIAN_POINT('',(-3.243072,-0.254,3.8608));
#5630=CARTESIAN_POINT('',(-3.665728,-0.254,3.8608));
#5631=CARTESIAN_POINT('',(-4.088384,-0.254,3.8608));
#5632=CARTESIAN_POINT('',(-2.820416,-0.254,4.009006144));
#5633=CARTESIAN_POINT('',(-3.243072,-0.254,4.009006144));
#5634=CARTESIAN_POINT('',(-3.665728,-0.254,4.009006144));
#5635=CARTESIAN_POINT('',(-4.088384,-0.254,4.009006144));
#5636=CARTESIAN_POINT('',(-2.820416,-0.149299005,4.115389309));
#5637=CARTESIAN_POINT('',(-3.243072,-0.149299005,4.115389309));
#5638=CARTESIAN_POINT('',(-3.665728,-0.149299005,4.115389309));
#5639=CARTESIAN_POINT('',(-4.088384,-0.149299005,4.115389309));
#5640=CARTESIAN_POINT('',(-2.820416,9.992301224E-04,4.114798035));
#5641=CARTESIAN_POINT('',(-3.243072,9.992301224E-04,4.114798035));
#5642=CARTESIAN_POINT('',(-3.665728,9.992301224E-04,4.114798035));
#5643=CARTESIAN_POINT('',(-4.088384,9.992301224E-04,4.114798035));
#5644=ADVANCED_FACE('',(#5645),#5688,.T.);
#5645=FACE_BOUND('',#5646,.T.);
#5646=EDGE_LOOP('',(#5647,#5666,#5667,#5681));
#5647=ORIENTED_EDGE('',*,*,#5648,.T.);
#5648=EDGE_CURVE('',#5649,#5593,#5651,.T.);
#5649=VERTEX_POINT('',#5650);
#5650=CARTESIAN_POINT('',(-2.286,0.0,3.556));
#5651=B_SPLINE_CURVE_WITH_KNOTS('',3,(#5652,#5653,#5654,#5655,#5656,#5657,#5658,#5659,#5660,#5661,#5662,#5663,#5664,#5665),.UNSPECIFIED.,.F.,.U.,(4,1,1,1,1,1,1,1,1,1,1,4),(0.0,0.090909091,0.181818182,0.272727273,0.363636364,0.454545455,0.545454545,0.636363636,0.727272727,0.818181818,0.909090909,1.0),.UNSPECIFIED.);
#5652=CARTESIAN_POINT('',(-2.286,0.0,3.556));
#5653=CARTESIAN_POINT('',(-2.286,0.0,3.582598818));
#5654=CARTESIAN_POINT('',(-2.289804761,0.0,3.63579624));
#5655=CARTESIAN_POINT('',(-2.306810006,0.0,3.713968123));
#5656=CARTESIAN_POINT('',(-2.334767175,0.0,3.788924185));
#5657=CARTESIAN_POINT('',(-2.373107141,0.0,3.859138594));
#5658=CARTESIAN_POINT('',(-2.421049414,0.0,3.923181972));
#5659=CARTESIAN_POINT('',(-2.477618028,0.0,3.979750586));
#5660=CARTESIAN_POINT('',(-2.541661406,0.0,4.027692859));
#5661=CARTESIAN_POINT('',(-2.611875815,0.0,4.066032825));
#5662=CARTESIAN_POINT('',(-2.686831877,0.0,4.093989994));
#5663=CARTESIAN_POINT('',(-2.76500376,0.0,4.110995239));
#5664=CARTESIAN_POINT('',(-2.818201182,0.0,4.1148));
#5665=CARTESIAN_POINT('',(-2.8448,0.0,4.1148));
#5666=ORIENTED_EDGE('',*,*,#5609,.F.);
#5667=ORIENTED_EDGE('',*,*,#5668,.T.);
#5668=EDGE_CURVE('',#5602,#5669,#5671,.F.);
#5669=VERTEX_POINT('',#5670);
#5670=CARTESIAN_POINT('',(-2.794,0.0,3.556));
#5671=B_SPLINE_CURVE_WITH_KNOTS('',3,(#5672,#5673,#5674,#5675,#5676,#5677,#5678,#5679,#5680),.UNSPECIFIED.,.F.,.U.,(4,1,1,1,1,1,4),(0.0,0.166666667,0.333333333,0.5,0.666666667,0.833333333,1.0),.UNSPECIFIED.);
#5672=CARTESIAN_POINT('',(-2.794,0.0,3.556));
#5673=CARTESIAN_POINT('',(-2.794,0.0,3.560433136));
#5674=CARTESIAN_POINT('',(-2.795167237,0.0,3.569299005));
#5675=CARTESIAN_POINT('',(-2.80030048,0.0,3.581691824));
#5676=CARTESIAN_POINT('',(-2.808466299,0.0,3.592333701));
#5677=CARTESIAN_POINT('',(-2.819108176,0.0,3.60049952));
#5678=CARTESIAN_POINT('',(-2.831500995,0.0,3.605632763));
#5679=CARTESIAN_POINT('',(-2.840366864,0.0,3.6068));
#5680=CARTESIAN_POINT('',(-2.8448,0.0,3.6068));
#5681=ORIENTED_EDGE('',*,*,#5682,.T.);
#5682=EDGE_CURVE('',#5669,#5649,#5683,.T.);
#5683=CIRCLE('',#5684,0.254);
#5684=AXIS2_PLACEMENT_3D('',#5685,#5686,#5687);
#5685=CARTESIAN_POINT('',(-2.54,0.0,3.556));
#5686=DIRECTION('',(0.0,0.0,1.0));
#5687=DIRECTION('',(-1.0,0.0,0.0));
#5688=(BOUNDED_SURFACE()B_SPLINE_SURFACE(3,3,((#5689,#5690,#5691,#5692,#5693,#5694,#5695),(#5696,#5697,#5698,#5699,#5700,#5701,#5702),(#5703,#5704,#5705,#5706,#5707,#5708,#5709),(#5710,#5711,#5712,#5713,#5714,#5715,#5716)),.UNSPECIFIED.,.F.,.F.,.U.)B_SPLINE_SURFACE_WITH_KNOTS((4,4),(4,3,4),(0.194073603,0.805926397),(0.056887344,1.0,1.950204204),.UNSPECIFIED.)GEOMETRIC_REPRESENTATION_ITEM()RATIONAL_B_SPLINE_SURFACE(((1.358759903,1.104863403,1.121161174,1.407653217,1.119006954,1.104633584,1.364533106),(1.082631559,0.880332122,0.893317847,1.121588733,0.891601409,0.880149007,1.087231528),(1.082631559,0.880332122,0.893317847,1.121588733,0.891601409,0.880149007,1.087231528),(1.358759903,1.104863403,1.121161174,1.407653217,1.119006954,1.104633584,1.364533106)))REPRESENTATION_ITEM('')SURFACE());
#5689=CARTESIAN_POINT('',(-2.286078327,3.540076039E-06,3.546644128));
#5690=CARTESIAN_POINT('',(-2.286076239,-0.149875567,3.546644093));
#5691=CARTESIAN_POINT('',(-2.392363039,-0.254,3.54842388));
#5692=CARTESIAN_POINT('',(-2.540042724,-0.254,3.550896797));
#5693=CARTESIAN_POINT('',(-2.689119295,-0.254,3.553393105));
#5694=CARTESIAN_POINT('',(-2.79562543,-0.148281804,3.555176565));
#5695=CARTESIAN_POINT('',(-2.793992269,0.002746874,3.555149217));
#5696=CARTESIAN_POINT('',(-2.280451141,3.54007604E-06,3.882693065));
#5697=CARTESIAN_POINT('',(-2.280449031,-0.149875567,3.882694286));
#5698=CARTESIAN_POINT('',(-2.387806303,-0.254,3.820546776));
#5699=CARTESIAN_POINT('',(-2.53697335,-0.254,3.734196217));
#5700=CARTESIAN_POINT('',(-2.687551351,-0.254,3.647028877));
#5701=CARTESIAN_POINT('',(-2.795130167,-0.148281804,3.584753119));
#5702=CARTESIAN_POINT('',(-2.793480557,0.002746874,3.585708053));
#5703=CARTESIAN_POINT('',(-2.518106935,3.54007604E-06,4.120348859));
#5704=CARTESIAN_POINT('',(-2.518105714,-0.149875567,4.120350969));
#5705=CARTESIAN_POINT('',(-2.580253224,-0.254,4.012993697));
#5706=CARTESIAN_POINT('',(-2.666603783,-0.254,3.86382665));
#5707=CARTESIAN_POINT('',(-2.753771123,-0.254,3.713248649));
#5708=CARTESIAN_POINT('',(-2.816046881,-0.148281804,3.605669833));
#5709=CARTESIAN_POINT('',(-2.815091947,0.002746874,3.607319443));
#5710=CARTESIAN_POINT('',(-2.854155872,3.540076039E-06,4.114721673));
#5711=CARTESIAN_POINT('',(-2.854155907,-0.149875567,4.114723761));
#5712=CARTESIAN_POINT('',(-2.85237612,-0.254,4.008436961));
#5713=CARTESIAN_POINT('',(-2.849903203,-0.254,3.860757276));
#5714=CARTESIAN_POINT('',(-2.847406895,-0.254,3.711680705));
#5715=CARTESIAN_POINT('',(-2.845623435,-0.148281804,3.60517457));
#5716=CARTESIAN_POINT('',(-2.845650783,0.002746874,3.606807731));
#5717=ADVANCED_FACE('',(#5718),#5744,.T.);
#5718=FACE_BOUND('',#5719,.T.);
#5719=EDGE_LOOP('',(#5720,#5728,#5729,#5737));
#5720=ORIENTED_EDGE('',*,*,#5721,.T.);
#5721=EDGE_CURVE('',#5722,#5649,#5724,.T.);
#5722=VERTEX_POINT('',#5723);
#5723=CARTESIAN_POINT('',(-2.286,0.0,3.5306));
#5724=LINE('',#5725,#5726);
#5725=CARTESIAN_POINT('',(-2.286,0.0,3.5306));
#5726=VECTOR('',#5727,1.0);
#5727=DIRECTION('',(-1.387778781E-14,0.0,1.0));
#5728=ORIENTED_EDGE('',*,*,#5682,.F.);
#5729=ORIENTED_EDGE('',*,*,#5730,.T.);
#5730=EDGE_CURVE('',#5669,#5731,#5733,.F.);
#5731=VERTEX_POINT('',#5732);
#5732=CARTESIAN_POINT('',(-2.794,0.0,3.5306));
#5733=LINE('',#5734,#5735);
#5734=CARTESIAN_POINT('',(-2.794,0.0,3.5306));
#5735=VECTOR('',#5736,1.0);
#5736=DIRECTION('',(0.0,0.0,1.0));
#5737=ORIENTED_EDGE('',*,*,#5738,.T.);
#5738=EDGE_CURVE('',#5731,#5722,#5739,.T.);
#5739=CIRCLE('',#5740,0.254);
#5740=AXIS2_PLACEMENT_3D('',#5741,#5742,#5743);
#5741=CARTESIAN_POINT('',(-2.54,0.0,3.5306));
#5742=DIRECTION('',(0.0,0.0,1.0));
#5743=DIRECTION('',(-1.0,0.0,0.0));
#5744=(BOUNDED_SURFACE()B_SPLINE_SURFACE(3,3,((#5745,#5746,#5747,#5748),(#5749,#5750,#5751,#5752),(#5753,#5754,#5755,#5756),(#5757,#5758,#5759,#5760),(#5761,#5762,#5763,#5764),(#5765,#5766,#5767,#5768),(#5769,#5770,#5771,#5772)),.UNSPECIFIED.,.F.,.F.,.U.)B_SPLINE_SURFACE_WITH_KNOTS((4,3,4),(4,4),(0.039901161,1.0,1.960098839),(-2.0E-05,0.00102),.UNSPECIFIED.)GEOMETRIC_REPRESENTATION_ITEM()RATIONAL_B_SPLINE_SURFACE(((1.158567296,1.158567296,1.158567296,1.158567296),(0.937976611,0.937976611,0.937976611,0.937976611),(0.947541757,0.947541757,0.947541757,0.947541757),(1.187262732,1.187262732,1.187262732,1.187262732),(0.947541757,0.947541757,0.947541757,0.947541757),(0.937976611,0.937976611,0.937976611,0.937976611),(1.158567296,1.158567296,1.158567296,1.158567296)))REPRESENTATION_ITEM('')SURFACE());
#5745=CARTESIAN_POINT('',(-2.793998035,9.992173552E-04,3.530092));
#5746=CARTESIAN_POINT('',(-2.793998035,9.992173552E-04,3.538897333));
#5747=CARTESIAN_POINT('',(-2.793998035,9.992173552E-04,3.547702667));
#5748=CARTESIAN_POINT('',(-2.793998035,9.992173552E-04,3.556508));
#5749=CARTESIAN_POINT('',(-2.794588165,-0.149010263,3.530092));
#5750=CARTESIAN_POINT('',(-2.794588165,-0.149010263,3.538897333));
#5751=CARTESIAN_POINT('',(-2.794588165,-0.149010263,3.547702667));
#5752=CARTESIAN_POINT('',(-2.794588165,-0.149010263,3.556508));
#5753=CARTESIAN_POINT('',(-2.688496329,-0.254,3.530092));
#5754=CARTESIAN_POINT('',(-2.688496329,-0.254,3.538897333));
#5755=CARTESIAN_POINT('',(-2.688496329,-0.254,3.547702667));
#5756=CARTESIAN_POINT('',(-2.688496329,-0.254,3.556508));
#5757=CARTESIAN_POINT('',(-2.54,-0.254,3.530092));
#5758=CARTESIAN_POINT('',(-2.54,-0.254,3.538897333));
#5759=CARTESIAN_POINT('',(-2.54,-0.254,3.547702667));
#5760=CARTESIAN_POINT('',(-2.54,-0.254,3.556508));
#5761=CARTESIAN_POINT('',(-2.391503671,-0.254,3.530092));
#5762=CARTESIAN_POINT('',(-2.391503671,-0.254,3.538897333));
#5763=CARTESIAN_POINT('',(-2.391503671,-0.254,3.547702667));
#5764=CARTESIAN_POINT('',(-2.391503671,-0.254,3.556508));
#5765=CARTESIAN_POINT('',(-2.285411835,-0.149010263,3.530092));
#5766=CARTESIAN_POINT('',(-2.285411835,-0.149010263,3.538897333));
#5767=CARTESIAN_POINT('',(-2.285411835,-0.149010263,3.547702667));
#5768=CARTESIAN_POINT('',(-2.285411835,-0.149010263,3.556508));
#5769=CARTESIAN_POINT('',(-2.286001965,9.992173552E-04,3.530092));
#5770=CARTESIAN_POINT('',(-2.286001965,9.992173552E-04,3.538897333));
#5771=CARTESIAN_POINT('',(-2.286001965,9.992173552E-04,3.547702667));
#5772=CARTESIAN_POINT('',(-2.286001965,9.992173552E-04,3.556508));
#5773=ADVANCED_FACE('',(#5774,#5794),#5804,.T.);
#5774=FACE_BOUND('',#5775,.T.);
#5775=EDGE_LOOP('',(#5776,#5787));
#5776=ORIENTED_EDGE('',*,*,#5777,.T.);
#5777=EDGE_CURVE('',#5778,#5780,#5782,.T.);
#5778=VERTEX_POINT('',#5779);
#5779=CARTESIAN_POINT('',(-2.54,-0.381,3.5306));
#5780=VERTEX_POINT('',#5781);
#5781=CARTESIAN_POINT('',(-2.54,0.381,3.5306));
#5782=CIRCLE('',#5783,0.381);
#5783=AXIS2_PLACEMENT_3D('',#5784,#5785,#5786);
#5784=CARTESIAN_POINT('',(-2.54,0.0,3.5306));
#5785=DIRECTION('',(0.0,0.0,1.0));
#5786=DIRECTION('',(0.0,-1.0,0.0));
#5787=ORIENTED_EDGE('',*,*,#5788,.T.);
#5788=EDGE_CURVE('',#5780,#5778,#5789,.F.);
#5789=CIRCLE('',#5790,0.381);
#5790=AXIS2_PLACEMENT_3D('',#5791,#5792,#5793);
#5791=CARTESIAN_POINT('',(-2.54,0.0,3.5306));
#5792=DIRECTION('',(0.0,0.0,-1.0));
#5793=DIRECTION('',(0.0,-1.0,0.0));
#5794=FACE_BOUND('',#5795,.T.);
#5795=EDGE_LOOP('',(#5796,#5797));
#5796=ORIENTED_EDGE('',*,*,#5738,.F.);
#5797=ORIENTED_EDGE('',*,*,#5798,.T.);
#5798=EDGE_CURVE('',#5731,#5722,#5799,.F.);
#5799=CIRCLE('',#5800,0.254);
#5800=AXIS2_PLACEMENT_3D('',#5801,#5802,#5803);
#5801=CARTESIAN_POINT('',(-2.54,0.0,3.5306));
#5802=DIRECTION('',(0.0,0.0,1.0));
#5803=DIRECTION('',(1.0,0.0,0.0));
#5804=B_SPLINE_SURFACE_WITH_KNOTS('',1,1,((#5805,#5806),(#5807,#5808)),.UNSPECIFIED.,.F.,.F.,.U.,(2,2),(2,2),(-0.015009015,0.015009015),(-0.015009015,0.015009015),.PIECEWISE_BEZIER_KNOTS.);
#5805=CARTESIAN_POINT('',(-2.158771018,-0.381228982,3.5306));
#5806=CARTESIAN_POINT('',(-2.921228982,-0.381228982,3.5306));
#5807=CARTESIAN_POINT('',(-2.158771018,0.381228982,3.5306));
#5808=CARTESIAN_POINT('',(-2.921228982,0.381228982,3.5306));
#5809=ADVANCED_FACE('',(#5810),#5826,.T.);
#5810=FACE_BOUND('',#5811,.T.);
#5811=EDGE_LOOP('',(#5812,#5818,#5819,#5825));
#5812=ORIENTED_EDGE('',*,*,#5813,.T.);
#5813=EDGE_CURVE('',#419,#5778,#5814,.F.);
#5814=LINE('',#5815,#5816);
#5815=CARTESIAN_POINT('',(-2.54,-0.381,3.5306));
#5816=VECTOR('',#5817,1.0);
#5817=DIRECTION('',(0.0,0.0,-1.0));
#5818=ORIENTED_EDGE('',*,*,#5788,.F.);
#5819=ORIENTED_EDGE('',*,*,#5820,.T.);
#5820=EDGE_CURVE('',#5780,#421,#5821,.T.);
#5821=LINE('',#5822,#5823);
#5822=CARTESIAN_POINT('',(-2.54,0.381,3.5306));
#5823=VECTOR('',#5824,1.0);
#5824=DIRECTION('',(0.0,0.0,-1.0));
#5825=ORIENTED_EDGE('',*,*,#418,.F.);
#5826=(BOUNDED_SURFACE()B_SPLINE_SURFACE(3,3,((#5827,#5828,#5829,#5830),(#5831,#5832,#5833,#5834),(#5835,#5836,#5837,#5838),(#5839,#5840,#5841,#5842),(#5843,#5844,#5845,#5846),(#5847,#5848,#5849,#5850),(#5851,#5852,#5853,#5854)),.UNSPECIFIED.,.F.,.F.,.U.)B_SPLINE_SURFACE_WITH_KNOTS((4,3,4),(4,4),(0.040778167,1.0,1.959221833),(0.03519656,0.04390344),.UNSPECIFIED.)GEOMETRIC_REPRESENTATION_ITEM()RATIONAL_B_SPLINE_SURFACE(((1.157963375,1.157963375,1.157963375,1.157963375),(0.937994278,0.937994278,0.937994278,0.937994278),(0.94776073,0.94776073,0.94776073,0.94776073),(1.187262732,1.187262732,1.187262732,1.187262732),(0.94776073,0.94776073,0.94776073,0.94776073),(0.937994278,0.937994278,0.937994278,0.937994278),(1.157963375,1.157963375,1.157963375,1.157963375)))REPRESENTATION_ITEM('')SURFACE());
#5827=CARTESIAN_POINT('',(-2.539000521,0.380998689,3.331122633));
#5828=CARTESIAN_POINT('',(-2.539000521,0.380998689,3.404840878));
#5829=CARTESIAN_POINT('',(-2.539000521,0.380998689,3.478559122));
#5830=CARTESIAN_POINT('',(-2.539000521,0.380998689,3.552277367));
#5831=CARTESIAN_POINT('',(-2.763805933,0.381588424,3.331122633));
#5832=CARTESIAN_POINT('',(-2.763805933,0.381588424,3.404840878));
#5833=CARTESIAN_POINT('',(-2.763805933,0.381588424,3.478559122));
#5834=CARTESIAN_POINT('',(-2.763805933,0.381588424,3.552277367));
#5835=CARTESIAN_POINT('',(-2.921,0.22248961,3.331122633));
#5836=CARTESIAN_POINT('',(-2.921,0.22248961,3.404840878));
#5837=CARTESIAN_POINT('',(-2.921,0.22248961,3.478559122));
#5838=CARTESIAN_POINT('',(-2.921,0.22248961,3.552277367));
#5839=CARTESIAN_POINT('',(-2.921,0.0,3.331122633));
#5840=CARTESIAN_POINT('',(-2.921,0.0,3.404840878));
#5841=CARTESIAN_POINT('',(-2.921,0.0,3.478559122));
#5842=CARTESIAN_POINT('',(-2.921,0.0,3.552277367));
#5843=CARTESIAN_POINT('',(-2.921,-0.22248961,3.331122633));
#5844=CARTESIAN_POINT('',(-2.921,-0.22248961,3.404840878));
#5845=CARTESIAN_POINT('',(-2.921,-0.22248961,3.478559122));
#5846=CARTESIAN_POINT('',(-2.921,-0.22248961,3.552277367));
#5847=CARTESIAN_POINT('',(-2.763805933,-0.381588424,3.331122633));
#5848=CARTESIAN_POINT('',(-2.763805933,-0.381588424,3.404840878));
#5849=CARTESIAN_POINT('',(-2.763805933,-0.381588424,3.478559122));
#5850=CARTESIAN_POINT('',(-2.763805933,-0.381588424,3.552277367));
#5851=CARTESIAN_POINT('',(-2.539000521,-0.380998689,3.331122633));
#5852=CARTESIAN_POINT('',(-2.539000521,-0.380998689,3.404840878));
#5853=CARTESIAN_POINT('',(-2.539000521,-0.380998689,3.478559122));
#5854=CARTESIAN_POINT('',(-2.539000521,-0.380998689,3.552277367));
#5855=ADVANCED_FACE('',(#5856),#5862,.T.);
#5856=FACE_BOUND('',#5857,.T.);
#5857=EDGE_LOOP('',(#5858,#5859,#5860,#5861));
#5858=ORIENTED_EDGE('',*,*,#5820,.F.);
#5859=ORIENTED_EDGE('',*,*,#5777,.F.);
#5860=ORIENTED_EDGE('',*,*,#5813,.F.);
#5861=ORIENTED_EDGE('',*,*,#429,.F.);
#5862=(BOUNDED_SURFACE()B_SPLINE_SURFACE(3,3,((#5863,#5864,#5865,#5866),(#5867,#5868,#5869,#5870),(#5871,#5872,#5873,#5874),(#5875,#5876,#5877,#5878),(#5879,#5880,#5881,#5882),(#5883,#5884,#5885,#5886),(#5887,#5888,#5889,#5890)),.UNSPECIFIED.,.F.,.F.,.U.)B_SPLINE_SURFACE_WITH_KNOTS((4,3,4),(4,4),(0.040778167,1.0,1.959221833),(0.03519656,0.04390344),.UNSPECIFIED.)GEOMETRIC_REPRESENTATION_ITEM()RATIONAL_B_SPLINE_SURFACE(((1.157963375,1.157963375,1.157963375,1.157963375),(0.937994278,0.937994278,0.937994278,0.937994278),(0.94776073,0.94776073,0.94776073,0.94776073),(1.187262732,1.187262732,1.187262732,1.187262732),(0.94776073,0.94776073,0.94776073,0.94776073),(0.937994278,0.937994278,0.937994278,0.937994278),(1.157963375,1.157963375,1.157963375,1.157963375)))REPRESENTATION_ITEM('')SURFACE());
#5863=CARTESIAN_POINT('',(-2.540999479,-0.380998689,3.331122633));
#5864=CARTESIAN_POINT('',(-2.540999479,-0.380998689,3.404840878));
#5865=CARTESIAN_POINT('',(-2.540999479,-0.380998689,3.478559122));
#5866=CARTESIAN_POINT('',(-2.540999479,-0.380998689,3.552277367));
#5867=CARTESIAN_POINT('',(-2.316194067,-0.381588424,3.331122633));
#5868=CARTESIAN_POINT('',(-2.316194067,-0.381588424,3.404840878));
#5869=CARTESIAN_POINT('',(-2.316194067,-0.381588424,3.478559122));
#5870=CARTESIAN_POINT('',(-2.316194067,-0.381588424,3.552277367));
#5871=CARTESIAN_POINT('',(-2.159,-0.22248961,3.331122633));
#5872=CARTESIAN_POINT('',(-2.159,-0.22248961,3.404840878));
#5873=CARTESIAN_POINT('',(-2.159,-0.22248961,3.478559122));
#5874=CARTESIAN_POINT('',(-2.159,-0.22248961,3.552277367));
#5875=CARTESIAN_POINT('',(-2.159,0.0,3.331122633));
#5876=CARTESIAN_POINT('',(-2.159,0.0,3.404840878));
#5877=CARTESIAN_POINT('',(-2.159,0.0,3.478559122));
#5878=CARTESIAN_POINT('',(-2.159,0.0,3.552277367));
#5879=CARTESIAN_POINT('',(-2.159,0.22248961,3.331122633));
#5880=CARTESIAN_POINT('',(-2.159,0.22248961,3.404840878));
#5881=CARTESIAN_POINT('',(-2.159,0.22248961,3.478559122));
#5882=CARTESIAN_POINT('',(-2.159,0.22248961,3.552277367));
#5883=CARTESIAN_POINT('',(-2.316194067,0.381588424,3.331122633));
#5884=CARTESIAN_POINT('',(-2.316194067,0.381588424,3.404840878));
#5885=CARTESIAN_POINT('',(-2.316194067,0.381588424,3.478559122));
#5886=CARTESIAN_POINT('',(-2.316194067,0.381588424,3.552277367));
#5887=CARTESIAN_POINT('',(-2.540999479,0.380998689,3.331122633));
#5888=CARTESIAN_POINT('',(-2.540999479,0.380998689,3.404840878));
#5889=CARTESIAN_POINT('',(-2.540999479,0.380998689,3.478559122));
#5890=CARTESIAN_POINT('',(-2.540999479,0.380998689,3.552277367));
#5891=ADVANCED_FACE('',(#5892),#5904,.T.);
#5892=FACE_BOUND('',#5893,.T.);
#5893=EDGE_LOOP('',(#5894,#5895,#5902,#5903));
#5894=ORIENTED_EDGE('',*,*,#5730,.F.);
#5895=ORIENTED_EDGE('',*,*,#5896,.T.);
#5896=EDGE_CURVE('',#5669,#5649,#5897,.F.);
#5897=CIRCLE('',#5898,0.254);
#5898=AXIS2_PLACEMENT_3D('',#5899,#5900,#5901);
#5899=CARTESIAN_POINT('',(-2.54,0.0,3.556));
#5900=DIRECTION('',(0.0,0.0,1.0));
#5901=DIRECTION('',(1.0,0.0,0.0));
#5902=ORIENTED_EDGE('',*,*,#5721,.F.);
#5903=ORIENTED_EDGE('',*,*,#5798,.F.);
#5904=(BOUNDED_SURFACE()B_SPLINE_SURFACE(3,3,((#5905,#5906,#5907,#5908),(#5909,#5910,#5911,#5912),(#5913,#5914,#5915,#5916),(#5917,#5918,#5919,#5920),(#5921,#5922,#5923,#5924),(#5925,#5926,#5927,#5928),(#5929,#5930,#5931,#5932)),.UNSPECIFIED.,.F.,.F.,.U.)B_SPLINE_SURFACE_WITH_KNOTS((4,3,4),(4,4),(0.039901161,1.0,1.960098839),(-2.0E-05,0.00102),.UNSPECIFIED.)GEOMETRIC_REPRESENTATION_ITEM()RATIONAL_B_SPLINE_SURFACE(((1.158567296,1.158567296,1.158567296,1.158567296),(0.937976611,0.937976611,0.937976611,0.937976611),(0.947541757,0.947541757,0.947541757,0.947541757),(1.187262732,1.187262732,1.187262732,1.187262732),(0.947541757,0.947541757,0.947541757,0.947541757),(0.937976611,0.937976611,0.937976611,0.937976611),(1.158567296,1.158567296,1.158567296,1.158567296)))REPRESENTATION_ITEM('')SURFACE());
#5905=CARTESIAN_POINT('',(-2.286001965,-9.992173552E-04,3.530092));
#5906=CARTESIAN_POINT('',(-2.286001965,-9.992173552E-04,3.538897333));
#5907=CARTESIAN_POINT('',(-2.286001965,-9.992173552E-04,3.547702667));
#5908=CARTESIAN_POINT('',(-2.286001965,-9.992173552E-04,3.556508));
#5909=CARTESIAN_POINT('',(-2.285411835,0.149010263,3.530092));
#5910=CARTESIAN_POINT('',(-2.285411835,0.149010263,3.538897333));
#5911=CARTESIAN_POINT('',(-2.285411835,0.149010263,3.547702667));
#5912=CARTESIAN_POINT('',(-2.285411835,0.149010263,3.556508));
#5913=CARTESIAN_POINT('',(-2.391503671,0.254,3.530092));
#5914=CARTESIAN_POINT('',(-2.391503671,0.254,3.538897333));
#5915=CARTESIAN_POINT('',(-2.391503671,0.254,3.547702667));
#5916=CARTESIAN_POINT('',(-2.391503671,0.254,3.556508));
#5917=CARTESIAN_POINT('',(-2.54,0.254,3.530092));
#5918=CARTESIAN_POINT('',(-2.54,0.254,3.538897333));
#5919=CARTESIAN_POINT('',(-2.54,0.254,3.547702667));
#5920=CARTESIAN_POINT('',(-2.54,0.254,3.556508));
#5921=CARTESIAN_POINT('',(-2.688496329,0.254,3.530092));
#5922=CARTESIAN_POINT('',(-2.688496329,0.254,3.538897333));
#5923=CARTESIAN_POINT('',(-2.688496329,0.254,3.547702667));
#5924=CARTESIAN_POINT('',(-2.688496329,0.254,3.556508));
#5925=CARTESIAN_POINT('',(-2.794588165,0.149010263,3.530092));
#5926=CARTESIAN_POINT('',(-2.794588165,0.149010263,3.538897333));
#5927=CARTESIAN_POINT('',(-2.794588165,0.149010263,3.547702667));
#5928=CARTESIAN_POINT('',(-2.794588165,0.149010263,3.556508));
#5929=CARTESIAN_POINT('',(-2.793998035,-9.992173552E-04,3.530092));
#5930=CARTESIAN_POINT('',(-2.793998035,-9.992173552E-04,3.538897333));
#5931=CARTESIAN_POINT('',(-2.793998035,-9.992173552E-04,3.547702667));
#5932=CARTESIAN_POINT('',(-2.793998035,-9.992173552E-04,3.556508));
#5933=ADVANCED_FACE('',(#5934),#5946,.T.);
#5934=FACE_BOUND('',#5935,.T.);
#5935=EDGE_LOOP('',(#5936,#5937,#5944,#5945));
#5936=ORIENTED_EDGE('',*,*,#5668,.F.);
#5937=ORIENTED_EDGE('',*,*,#5938,.T.);
#5938=EDGE_CURVE('',#5602,#5593,#5939,.F.);
#5939=CIRCLE('',#5940,0.254);
#5940=AXIS2_PLACEMENT_3D('',#5941,#5942,#5943);
#5941=CARTESIAN_POINT('',(-2.8448,0.0,3.8608));
#5942=DIRECTION('',(-1.0,0.0,0.0));
#5943=DIRECTION('',(0.0,0.0,1.0));
#5944=ORIENTED_EDGE('',*,*,#5648,.F.);
#5945=ORIENTED_EDGE('',*,*,#5896,.F.);
#5946=(BOUNDED_SURFACE()B_SPLINE_SURFACE(3,3,((#5947,#5948,#5949,#5950,#5951,#5952,#5953),(#5954,#5955,#5956,#5957,#5958,#5959,#5960),(#5961,#5962,#5963,#5964,#5965,#5966,#5967),(#5968,#5969,#5970,#5971,#5972,#5973,#5974)),.UNSPECIFIED.,.F.,.F.,.U.)B_SPLINE_SURFACE_WITH_KNOTS((4,4),(4,3,4),(0.194073603,0.805926397),(0.049795796,1.0,1.943112656),.UNSPECIFIED.)GEOMETRIC_REPRESENTATION_ITEM()RATIONAL_B_SPLINE_SURFACE(((1.364533106,1.104633584,1.119006954,1.407653217,1.121161174,1.104863403,1.358759903),(1.087231528,0.880149007,0.891601409,1.121588733,0.893317847,0.880332122,1.082631559),(1.087231528,0.880149007,0.891601409,1.121588733,0.893317847,0.880332122,1.082631559),(1.364533106,1.104633584,1.119006954,1.407653217,1.121161174,1.104863403,1.358759903)))REPRESENTATION_ITEM('')SURFACE());
#5947=CARTESIAN_POINT('',(-2.793992269,-0.002746874,3.555149217));
#5948=CARTESIAN_POINT('',(-2.79562543,0.148281804,3.555176565));
#5949=CARTESIAN_POINT('',(-2.689119295,0.254,3.553393105));
#5950=CARTESIAN_POINT('',(-2.540042724,0.254,3.550896797));
#5951=CARTESIAN_POINT('',(-2.392363039,0.254,3.54842388));
#5952=CARTESIAN_POINT('',(-2.286076239,0.149875567,3.546644093));
#5953=CARTESIAN_POINT('',(-2.286078327,-3.540076062E-06,3.546644128));
#5954=CARTESIAN_POINT('',(-2.793480557,-0.002746874,3.585708053));
#5955=CARTESIAN_POINT('',(-2.795130167,0.148281804,3.584753119));
#5956=CARTESIAN_POINT('',(-2.687551351,0.254,3.647028877));
#5957=CARTESIAN_POINT('',(-2.53697335,0.254,3.734196217));
#5958=CARTESIAN_POINT('',(-2.387806303,0.254,3.820546776));
#5959=CARTESIAN_POINT('',(-2.280449031,0.149875567,3.882694286));
#5960=CARTESIAN_POINT('',(-2.280451141,-3.540076063E-06,3.882693065));
#5961=CARTESIAN_POINT('',(-2.815091947,-0.002746874,3.607319443));
#5962=CARTESIAN_POINT('',(-2.816046881,0.148281804,3.605669833));
#5963=CARTESIAN_POINT('',(-2.753771123,0.254,3.713248649));
#5964=CARTESIAN_POINT('',(-2.666603783,0.254,3.86382665));
#5965=CARTESIAN_POINT('',(-2.580253224,0.254,4.012993697));
#5966=CARTESIAN_POINT('',(-2.518105714,0.149875567,4.120350969));
#5967=CARTESIAN_POINT('',(-2.518106935,-3.540076063E-06,4.120348859));
#5968=CARTESIAN_POINT('',(-2.845650783,-0.002746874,3.606807731));
#5969=CARTESIAN_POINT('',(-2.845623435,0.148281804,3.60517457));
#5970=CARTESIAN_POINT('',(-2.847406895,0.254,3.711680705));
#5971=CARTESIAN_POINT('',(-2.849903203,0.254,3.860757276));
#5972=CARTESIAN_POINT('',(-2.85237612,0.254,4.008436961));
#5973=CARTESIAN_POINT('',(-2.854155907,0.149875567,4.114723761));
#5974=CARTESIAN_POINT('',(-2.854155872,-3.540076062E-06,4.114721673));
#5975=ADVANCED_FACE('',(#5976),#5988,.T.);
#5976=FACE_BOUND('',#5977,.T.);
#5977=EDGE_LOOP('',(#5978,#5979,#5986,#5987));
#5978=ORIENTED_EDGE('',*,*,#5601,.F.);
#5979=ORIENTED_EDGE('',*,*,#5980,.T.);
#5980=EDGE_CURVE('',#5540,#5520,#5981,.F.);
#5981=CIRCLE('',#5982,0.254);
#5982=AXIS2_PLACEMENT_3D('',#5983,#5984,#5985);
#5983=CARTESIAN_POINT('',(-4.064,0.0,3.8608));
#5984=DIRECTION('',(-1.0,0.0,0.0));
#5985=DIRECTION('',(0.0,0.0,1.0));
#5986=ORIENTED_EDGE('',*,*,#5592,.F.);
#5987=ORIENTED_EDGE('',*,*,#5938,.F.);
#5988=(BOUNDED_SURFACE()B_SPLINE_SURFACE(3,3,((#5989,#5990,#5991,#5992),(#5993,#5994,#5995,#5996),(#5997,#5998,#5999,#6000),(#6001,#6002,#6003,#6004),(#6005,#6006,#6007,#6008),(#6009,#6010,#6011,#6012),(#6013,#6014,#6015,#6016)),.UNSPECIFIED.,.F.,.F.,.U.)B_SPLINE_SURFACE_WITH_KNOTS((4,3,4),(4,4),(0.054316991,1.0,1.945683009),(-9.6E-04,0.04896),.UNSPECIFIED.)GEOMETRIC_REPRESENTATION_ITEM()RATIONAL_B_SPLINE_SURFACE(((1.153428252,1.153428252,1.153428252,1.153428252),(0.936391347,0.936391347,0.936391347,0.936391347),(0.949616881,0.949616881,0.949616881,0.949616881),(1.193104854,1.193104854,1.193104854,1.193104854),(0.949616881,0.949616881,0.949616881,0.949616881),(0.936391347,0.936391347,0.936391347,0.936391347),(1.153428252,1.153428252,1.153428252,1.153428252)))REPRESENTATION_ITEM('')SURFACE());
#5989=CARTESIAN_POINT('',(-2.820416,-9.992301224E-04,4.114798035));
#5990=CARTESIAN_POINT('',(-3.243072,-9.992301224E-04,4.114798035));
#5991=CARTESIAN_POINT('',(-3.665728,-9.992301224E-04,4.114798035));
#5992=CARTESIAN_POINT('',(-4.088384,-9.992301224E-04,4.114798035));
#5993=CARTESIAN_POINT('',(-2.820416,0.149299005,4.115389309));
#5994=CARTESIAN_POINT('',(-3.243072,0.149299005,4.115389309));
#5995=CARTESIAN_POINT('',(-3.665728,0.149299005,4.115389309));
#5996=CARTESIAN_POINT('',(-4.088384,0.149299005,4.115389309));
#5997=CARTESIAN_POINT('',(-2.820416,0.254,4.009006144));
#5998=CARTESIAN_POINT('',(-3.243072,0.254,4.009006144));
#5999=CARTESIAN_POINT('',(-3.665728,0.254,4.009006144));
#6000=CARTESIAN_POINT('',(-4.088384,0.254,4.009006144));
#6001=CARTESIAN_POINT('',(-2.820416,0.254,3.8608));
#6002=CARTESIAN_POINT('',(-3.243072,0.254,3.8608));
#6003=CARTESIAN_POINT('',(-3.665728,0.254,3.8608));
#6004=CARTESIAN_POINT('',(-4.088384,0.254,3.8608));
#6005=CARTESIAN_POINT('',(-2.820416,0.254,3.712593856));
#6006=CARTESIAN_POINT('',(-3.243072,0.254,3.712593856));
#6007=CARTESIAN_POINT('',(-3.665728,0.254,3.712593856));
#6008=CARTESIAN_POINT('',(-4.088384,0.254,3.712593856));
#6009=CARTESIAN_POINT('',(-2.820416,0.149299005,3.606210691));
#6010=CARTESIAN_POINT('',(-3.243072,0.149299005,3.606210691));
#6011=CARTESIAN_POINT('',(-3.665728,0.149299005,3.606210691));
#6012=CARTESIAN_POINT('',(-4.088384,0.149299005,3.606210691));
#6013=CARTESIAN_POINT('',(-2.820416,-9.992301224E-04,3.606801965));
#6014=CARTESIAN_POINT('',(-3.243072,-9.992301224E-04,3.606801965));
#6015=CARTESIAN_POINT('',(-3.665728,-9.992301224E-04,3.606801965));
#6016=CARTESIAN_POINT('',(-4.088384,-9.992301224E-04,3.606801965));
#6017=ADVANCED_FACE('',(#6018),#6024,.T.);
#6018=FACE_BOUND('',#6019,.T.);
#6019=EDGE_LOOP('',(#6020,#6021,#6022,#6023));
#6020=ORIENTED_EDGE('',*,*,#5539,.F.);
#6021=ORIENTED_EDGE('',*,*,#5111,.F.);
#6022=ORIENTED_EDGE('',*,*,#5519,.F.);
#6023=ORIENTED_EDGE('',*,*,#5980,.F.);
#6024=(BOUNDED_SURFACE()B_SPLINE_SURFACE(3,3,((#6025,#6026,#6027,#6028,#6029,#6030,#6031),(#6032,#6033,#6034,#6035,#6036,#6037,#6038),(#6039,#6040,#6041,#6042,#6043,#6044,#6045),(#6046,#6047,#6048,#6049,#6050,#6051,#6052)),.UNSPECIFIED.,.F.,.F.,.U.)B_SPLINE_SURFACE_WITH_KNOTS((4,4),(4,3,4),(0.194073603,0.805926397),(0.049795796,1.0,1.943112656),.UNSPECIFIED.)GEOMETRIC_REPRESENTATION_ITEM()RATIONAL_B_SPLINE_SURFACE(((1.364533106,1.104633584,1.119006954,1.407653217,1.121161174,1.104863403,1.358759903),(1.087231528,0.880149007,0.891601409,1.121588733,0.893317847,0.880332122,1.082631559),(1.087231528,0.880149007,0.891601409,1.121588733,0.893317847,0.880332122,1.082631559),(1.364533106,1.104633584,1.119006954,1.407653217,1.121161174,1.104863403,1.358759903)))REPRESENTATION_ITEM('')SURFACE());
#6025=CARTESIAN_POINT('',(-4.063149217,-0.002746874,3.606807731));
#6026=CARTESIAN_POINT('',(-4.063176565,0.148281804,3.60517457));
#6027=CARTESIAN_POINT('',(-4.061393105,0.254,3.711680705));
#6028=CARTESIAN_POINT('',(-4.058896797,0.254,3.860757276));
#6029=CARTESIAN_POINT('',(-4.05642388,0.254,4.008436961));
#6030=CARTESIAN_POINT('',(-4.054644093,0.149875567,4.114723761));
#6031=CARTESIAN_POINT('',(-4.054644128,-3.540076035E-06,4.114721673));
#6032=CARTESIAN_POINT('',(-4.093708053,-0.002746874,3.607319443));
#6033=CARTESIAN_POINT('',(-4.092753119,0.148281804,3.605669833));
#6034=CARTESIAN_POINT('',(-4.155028877,0.254,3.713248649));
#6035=CARTESIAN_POINT('',(-4.242196217,0.254,3.86382665));
#6036=CARTESIAN_POINT('',(-4.328546776,0.254,4.012993697));
#6037=CARTESIAN_POINT('',(-4.390694286,0.149875567,4.120350969));
#6038=CARTESIAN_POINT('',(-4.390693065,-3.540076036E-06,4.120348859));
#6039=CARTESIAN_POINT('',(-4.115319443,-0.002746874,3.585708053));
#6040=CARTESIAN_POINT('',(-4.113669833,0.148281804,3.584753119));
#6041=CARTESIAN_POINT('',(-4.221248649,0.254,3.647028877));
#6042=CARTESIAN_POINT('',(-4.37182665,0.254,3.734196217));
#6043=CARTESIAN_POINT('',(-4.520993697,0.254,3.820546776));
#6044=CARTESIAN_POINT('',(-4.628350969,0.149875567,3.882694286));
#6045=CARTESIAN_POINT('',(-4.628348859,-3.540076036E-06,3.882693065));
#6046=CARTESIAN_POINT('',(-4.114807731,-0.002746874,3.555149217));
#6047=CARTESIAN_POINT('',(-4.11317457,0.148281804,3.555176565));
#6048=CARTESIAN_POINT('',(-4.219680705,0.254,3.553393105));
#6049=CARTESIAN_POINT('',(-4.368757276,0.254,3.550896797));
#6050=CARTESIAN_POINT('',(-4.516436961,0.254,3.54842388));
#6051=CARTESIAN_POINT('',(-4.622723761,0.149875567,3.546644093));
#6052=CARTESIAN_POINT('',(-4.622721673,-3.540076035E-06,3.546644128));
#6053=ADVANCED_FACE('',(#6054),#6065,.F.);
#6054=FACE_BOUND('',#6055,.T.);
#6055=EDGE_LOOP('',(#6056,#6057,#6063,#6064));
#6056=ORIENTED_EDGE('',*,*,#5420,.F.);
#6057=ORIENTED_EDGE('',*,*,#6058,.T.);
#6058=EDGE_CURVE('',#5413,#5380,#6059,.F.);
#6059=LINE('',#6060,#6061);
#6060=CARTESIAN_POINT('',(-4.3688,-0.2794,3.5052));
#6061=VECTOR('',#6062,1.0);
#6062=DIRECTION('',(-1.0,0.0,0.0));
#6063=ORIENTED_EDGE('',*,*,#5379,.F.);
#6064=ORIENTED_EDGE('',*,*,#5467,.F.);
#6065=B_SPLINE_SURFACE_WITH_KNOTS('',1,1,((#6066,#6067),(#6068,#6069)),.UNSPECIFIED.,.F.,.F.,.U.,(2,2),(2,2),(-0.18403937,-0.17196063),(0.008974132,0.01103937),.PIECEWISE_BEZIER_KNOTS.);
#6066=CARTESIAN_POINT('',(-4.6746,-0.227942954,3.5052));
#6067=CARTESIAN_POINT('',(-4.6746,-0.2804,3.5052));
#6068=CARTESIAN_POINT('',(-4.3678,-0.227942954,3.5052));
#6069=CARTESIAN_POINT('',(-4.3678,-0.2804,3.5052));
#6070=ADVANCED_FACE('',(#6071),#6077,.T.);
#6071=FACE_BOUND('',#6072,.T.);
#6072=EDGE_LOOP('',(#6073,#6074,#6075,#6076));
#6073=ORIENTED_EDGE('',*,*,#5388,.F.);
#6074=ORIENTED_EDGE('',*,*,#6058,.F.);
#6075=ORIENTED_EDGE('',*,*,#5412,.F.);
#6076=ORIENTED_EDGE('',*,*,#2368,.F.);
#6077=B_SPLINE_SURFACE_WITH_KNOTS('',1,1,((#6078,#6079),(#6080,#6081)),.UNSPECIFIED.,.F.,.F.,.U.,(2,2),(2,2),(-3.937007874E-05,0.01203937),(-0.03403937,3.937007874E-05),.PIECEWISE_BEZIER_KNOTS.);
#6078=CARTESIAN_POINT('',(-4.3678,-0.2794,3.5042));
#6079=CARTESIAN_POINT('',(-4.3678,-0.2794,4.3698));
#6080=CARTESIAN_POINT('',(-4.6746,-0.2794,3.5042));
#6081=CARTESIAN_POINT('',(-4.6746,-0.2794,4.3698));
#6082=ADVANCED_FACE('',(#6083),#6126,.T.);
#6083=FACE_BOUND('',#6084,.T.);
#6084=EDGE_LOOP('',(#6085,#6095,#6101,#6102,#6103,#6104,#6112,#6120));
#6085=ORIENTED_EDGE('',*,*,#6086,.T.);
#6086=EDGE_CURVE('',#6087,#6089,#6091,.T.);
#6087=VERTEX_POINT('',#6088);
#6088=CARTESIAN_POINT('',(-4.064,0.6096,0.4318));
#6089=VERTEX_POINT('',#6090);
#6090=CARTESIAN_POINT('',(-4.2672,0.6096,0.4318));
#6091=LINE('',#6092,#6093);
#6092=CARTESIAN_POINT('',(-4.064,0.6096,0.4318));
#6093=VECTOR('',#6094,1.0);
#6094=DIRECTION('',(-1.0,0.0,0.0));
#6095=ORIENTED_EDGE('',*,*,#6096,.T.);
#6096=EDGE_CURVE('',#6089,#4983,#6097,.T.);
#6097=LINE('',#6098,#6099);
#6098=CARTESIAN_POINT('',(-4.2672,0.6096,0.4318));
#6099=VECTOR('',#6100,1.0);
#6100=DIRECTION('',(0.0,-1.0,0.0));
#6101=ORIENTED_EDGE('',*,*,#4982,.F.);
#6102=ORIENTED_EDGE('',*,*,#3971,.F.);
#6103=ORIENTED_EDGE('',*,*,#5403,.F.);
#6104=ORIENTED_EDGE('',*,*,#6105,.T.);
#6105=EDGE_CURVE('',#5396,#6106,#6108,.F.);
#6106=VERTEX_POINT('',#6107);
#6107=CARTESIAN_POINT('',(-4.2672,-0.6096,0.4318));
#6108=LINE('',#6109,#6110);
#6109=CARTESIAN_POINT('',(-4.2672,-0.6096,0.4318));
#6110=VECTOR('',#6111,1.0);
#6111=DIRECTION('',(0.0,1.0,0.0));
#6112=ORIENTED_EDGE('',*,*,#6113,.T.);
#6113=EDGE_CURVE('',#6106,#6114,#6116,.F.);
#6114=VERTEX_POINT('',#6115);
#6115=CARTESIAN_POINT('',(-4.064,-0.6096,0.4318));
#6116=LINE('',#6117,#6118);
#6117=CARTESIAN_POINT('',(-4.064,-0.6096,0.4318));
#6118=VECTOR('',#6119,1.0);
#6119=DIRECTION('',(-1.0,0.0,0.0));
#6120=ORIENTED_EDGE('',*,*,#6121,.T.);
#6121=EDGE_CURVE('',#6114,#6087,#6122,.T.);
#6122=LINE('',#6123,#6124);
#6123=CARTESIAN_POINT('',(-4.064,-0.6096,0.4318));
#6124=VECTOR('',#6125,1.0);
#6125=DIRECTION('',(0.0,1.0,0.0));
#6126=B_SPLINE_SURFACE_WITH_KNOTS('',1,1,((#6127,#6128),(#6129,#6130)),.UNSPECIFIED.,.F.,.F.,.U.,(2,2),(2,2),(-0.18803937,-0.15996063),(-0.02403937,0.02403937),.PIECEWISE_BEZIER_KNOTS.);
#6127=CARTESIAN_POINT('',(-4.7762,-0.6106,0.4318));
#6128=CARTESIAN_POINT('',(-4.7762,0.6106,0.4318));
#6129=CARTESIAN_POINT('',(-4.063,-0.6106,0.4318));
#6130=CARTESIAN_POINT('',(-4.063,0.6106,0.4318));
#6131=ADVANCED_FACE('',(#6132),#6157,.F.);
#6132=FACE_BOUND('',#6133,.T.);
#6133=EDGE_LOOP('',(#6134,#6142,#6143,#6151));
#6134=ORIENTED_EDGE('',*,*,#6135,.T.);
#6135=EDGE_CURVE('',#6136,#6087,#6138,.T.);
#6136=VERTEX_POINT('',#6137);
#6137=CARTESIAN_POINT('',(-4.064,0.6096,2.5908));
#6138=LINE('',#6139,#6140);
#6139=CARTESIAN_POINT('',(-4.064,0.6096,2.5908));
#6140=VECTOR('',#6141,1.0);
#6141=DIRECTION('',(0.0,0.0,-1.0));
#6142=ORIENTED_EDGE('',*,*,#6121,.F.);
#6143=ORIENTED_EDGE('',*,*,#6144,.T.);
#6144=EDGE_CURVE('',#6114,#6145,#6147,.F.);
#6145=VERTEX_POINT('',#6146);
#6146=CARTESIAN_POINT('',(-4.064,-0.6096,2.5908));
#6147=LINE('',#6148,#6149);
#6148=CARTESIAN_POINT('',(-4.064,-0.6096,2.5908));
#6149=VECTOR('',#6150,1.0);
#6150=DIRECTION('',(0.0,0.0,-1.0));
#6151=ORIENTED_EDGE('',*,*,#6152,.T.);
#6152=EDGE_CURVE('',#6145,#6136,#6153,.T.);
#6153=LINE('',#6154,#6155);
#6154=CARTESIAN_POINT('',(-4.064,-0.6096,2.5908));
#6155=VECTOR('',#6156,1.0);
#6156=DIRECTION('',(0.0,1.0,0.0));
#6157=B_SPLINE_SURFACE_WITH_KNOTS('',1,1,((#6158,#6159),(#6160,#6161)),.UNSPECIFIED.,.F.,.F.,.U.,(2,2),(2,2),(-0.02403937,0.02403937),(-0.09903937,-0.01396063),.PIECEWISE_BEZIER_KNOTS.);
#6158=CARTESIAN_POINT('',(-4.064,-0.6106,0.4308));
#6159=CARTESIAN_POINT('',(-4.064,-0.6106,2.5918));
#6160=CARTESIAN_POINT('',(-4.064,0.6106,0.4308));
#6161=CARTESIAN_POINT('',(-4.064,0.6106,2.5918));
#6162=ADVANCED_FACE('',(#6163),#6181,.T.);
#6163=FACE_BOUND('',#6164,.T.);
#6164=EDGE_LOOP('',(#6165,#6172,#6173,#6180));
#6165=ORIENTED_EDGE('',*,*,#6166,.T.);
#6166=EDGE_CURVE('',#6145,#2010,#6167,.F.);
#6167=CIRCLE('',#6168,0.3556);
#6168=AXIS2_PLACEMENT_3D('',#6169,#6170,#6171);
#6169=CARTESIAN_POINT('',(-3.7084,-0.6096,2.5908));
#6170=DIRECTION('',(0.0,-1.0,0.0));
#6171=DIRECTION('',(0.0,0.0,1.0));
#6172=ORIENTED_EDGE('',*,*,#2009,.F.);
#6173=ORIENTED_EDGE('',*,*,#6174,.T.);
#6174=EDGE_CURVE('',#2002,#6136,#6175,.T.);
#6175=CIRCLE('',#6176,0.3556);
#6176=AXIS2_PLACEMENT_3D('',#6177,#6178,#6179);
#6177=CARTESIAN_POINT('',(-3.7084,0.6096,2.5908));
#6178=DIRECTION('',(0.0,-1.0,0.0));
#6179=DIRECTION('',(0.0,0.0,1.0));
#6180=ORIENTED_EDGE('',*,*,#6152,.F.);
#6181=(BOUNDED_SURFACE()B_SPLINE_SURFACE(3,3,((#6182,#6183,#6184,#6185),(#6186,#6187,#6188,#6189),(#6190,#6191,#6192,#6193),(#6194,#6195,#6196,#6197)),.UNSPECIFIED.,.F.,.F.,.U.)B_SPLINE_SURFACE_WITH_KNOTS((4,4),(4,4),(0.038333533,0.961666467),(-0.04896,9.6E-04),.PIECEWISE_BEZIER_KNOTS.)GEOMETRIC_REPRESENTATION_ITEM()RATIONAL_B_SPLINE_SURFACE(((1.172940272,1.172940272,1.172940272,1.172940272),(0.942353243,0.942353243,0.942353243,0.942353243),(0.942353243,0.942353243,0.942353243,0.942353243),(1.172940272,1.172940272,1.172940272,1.172940272)))REPRESENTATION_ITEM('')SURFACE());
#6182=CARTESIAN_POINT('',(-3.707400584,0.633984,2.946398596));
#6183=CARTESIAN_POINT('',(-3.707400584,0.211328,2.946398596));
#6184=CARTESIAN_POINT('',(-3.707400584,-0.211328,2.946398596));
#6185=CARTESIAN_POINT('',(-3.707400584,-0.633984,2.946398596));
#6186=CARTESIAN_POINT('',(-3.916634996,0.633984,2.946986652));
#6187=CARTESIAN_POINT('',(-3.916634996,0.211328,2.946986652));
#6188=CARTESIAN_POINT('',(-3.916634996,-0.211328,2.946986652));
#6189=CARTESIAN_POINT('',(-3.916634996,-0.633984,2.946986652));
#6190=CARTESIAN_POINT('',(-4.064586652,0.633984,2.799034996));
#6191=CARTESIAN_POINT('',(-4.064586652,0.211328,2.799034996));
#6192=CARTESIAN_POINT('',(-4.064586652,-0.211328,2.799034996));
#6193=CARTESIAN_POINT('',(-4.064586652,-0.633984,2.799034996));
#6194=CARTESIAN_POINT('',(-4.063998596,0.633984,2.589800584));
#6195=CARTESIAN_POINT('',(-4.063998596,0.211328,2.589800584));
#6196=CARTESIAN_POINT('',(-4.063998596,-0.211328,2.589800584));
#6197=CARTESIAN_POINT('',(-4.063998596,-0.633984,2.589800584));
#6198=ADVANCED_FACE('',(#6199),#6212,.F.);
#6199=FACE_BOUND('',#6200,.T.);
#6200=EDGE_LOOP('',(#6201,#6202,#6203,#6209,#6210,#6211));
#6201=ORIENTED_EDGE('',*,*,#2001,.F.);
#6202=ORIENTED_EDGE('',*,*,#2271,.F.);
#6203=ORIENTED_EDGE('',*,*,#6204,.T.);
#6204=EDGE_CURVE('',#2264,#6089,#6205,.T.);
#6205=LINE('',#6206,#6207);
#6206=CARTESIAN_POINT('',(-4.2672,0.6096,4.3688));
#6207=VECTOR('',#6208,1.0);
#6208=DIRECTION('',(0.0,0.0,-1.0));
#6209=ORIENTED_EDGE('',*,*,#6086,.F.);
#6210=ORIENTED_EDGE('',*,*,#6135,.F.);
#6211=ORIENTED_EDGE('',*,*,#6174,.F.);
#6212=B_SPLINE_SURFACE_WITH_KNOTS('',1,1,((#6213,#6214),(#6215,#6216)),.UNSPECIFIED.,.F.,.F.,.U.,(2,2),(2,2),(-3.937007874E-05,0.02203937),(-0.15503937,3.937007874E-05),.PIECEWISE_BEZIER_KNOTS.);
#6213=CARTESIAN_POINT('',(-3.7074,0.6096,0.4308));
#6214=CARTESIAN_POINT('',(-3.7074,0.6096,4.3698));
#6215=CARTESIAN_POINT('',(-4.2682,0.6096,0.4308));
#6216=CARTESIAN_POINT('',(-4.2682,0.6096,4.3698));
#6217=ADVANCED_FACE('',(#6218),#6224,.F.);
#6218=FACE_BOUND('',#6219,.T.);
#6219=EDGE_LOOP('',(#6220,#6221,#6222,#6223));
#6220=ORIENTED_EDGE('',*,*,#2263,.F.);
#6221=ORIENTED_EDGE('',*,*,#4991,.F.);
#6222=ORIENTED_EDGE('',*,*,#6096,.F.);
#6223=ORIENTED_EDGE('',*,*,#6204,.F.);
#6224=B_SPLINE_SURFACE_WITH_KNOTS('',1,1,((#6225,#6226),(#6227,#6228)),.UNSPECIFIED.,.F.,.F.,.U.,(2,2),(2,2),(-3.937007874E-05,0.00503937),(-0.15503937,3.937007874E-05),.PIECEWISE_BEZIER_KNOTS.);
#6225=CARTESIAN_POINT('',(-4.2672,0.6106,0.4308));
#6226=CARTESIAN_POINT('',(-4.2672,0.6106,4.3698));
#6227=CARTESIAN_POINT('',(-4.2672,0.4816,0.4308));
#6228=CARTESIAN_POINT('',(-4.2672,0.4816,4.3698));
#6229=ADVANCED_FACE('',(#6230),#6243,.T.);
#6230=FACE_BOUND('',#6231,.T.);
#6231=EDGE_LOOP('',(#6232,#6233,#6234,#6235,#6236,#6237));
#6232=ORIENTED_EDGE('',*,*,#2343,.F.);
#6233=ORIENTED_EDGE('',*,*,#2017,.F.);
#6234=ORIENTED_EDGE('',*,*,#6166,.F.);
#6235=ORIENTED_EDGE('',*,*,#6144,.F.);
#6236=ORIENTED_EDGE('',*,*,#6113,.F.);
#6237=ORIENTED_EDGE('',*,*,#6238,.T.);
#6238=EDGE_CURVE('',#6106,#2344,#6239,.T.);
#6239=LINE('',#6240,#6241);
#6240=CARTESIAN_POINT('',(-4.2672,-0.6096,0.4318));
#6241=VECTOR('',#6242,1.0);
#6242=DIRECTION('',(0.0,0.0,1.0));
#6243=B_SPLINE_SURFACE_WITH_KNOTS('',1,1,((#6244,#6245),(#6246,#6247)),.UNSPECIFIED.,.F.,.F.,.U.,(2,2),(2,2),(-3.937007874E-05,0.02203937),(-0.15503937,3.937007874E-05),.PIECEWISE_BEZIER_KNOTS.);
#6244=CARTESIAN_POINT('',(-3.7074,-0.6096,0.4308));
#6245=CARTESIAN_POINT('',(-3.7074,-0.6096,4.3698));
#6246=CARTESIAN_POINT('',(-4.2682,-0.6096,0.4308));
#6247=CARTESIAN_POINT('',(-4.2682,-0.6096,4.3698));
#6248=ADVANCED_FACE('',(#6249),#6255,.T.);
#6249=FACE_BOUND('',#6250,.T.);
#6250=EDGE_LOOP('',(#6251,#6252,#6253,#6254));
#6251=ORIENTED_EDGE('',*,*,#2351,.F.);
#6252=ORIENTED_EDGE('',*,*,#6238,.F.);
#6253=ORIENTED_EDGE('',*,*,#6105,.F.);
#6254=ORIENTED_EDGE('',*,*,#5395,.F.);
#6255=B_SPLINE_SURFACE_WITH_KNOTS('',1,1,((#6256,#6257),(#6258,#6259)),.UNSPECIFIED.,.F.,.F.,.U.,(2,2),(2,2),(-3.937007874E-05,0.00503937),(-0.15503937,3.937007874E-05),.PIECEWISE_BEZIER_KNOTS.);
#6256=CARTESIAN_POINT('',(-4.2672,-0.6106,0.4308));
#6257=CARTESIAN_POINT('',(-4.2672,-0.6106,4.3698));
#6258=CARTESIAN_POINT('',(-4.2672,-0.4816,0.4308));
#6259=CARTESIAN_POINT('',(-4.2672,-0.4816,4.3698));
#6260=ADVANCED_FACE('',(#6261),#6301,.T.);
#6261=FACE_BOUND('',#6262,.T.);
#6262=EDGE_LOOP('',(#6263,#6271,#6272,#6280));
#6263=ORIENTED_EDGE('',*,*,#6264,.T.);
#6264=EDGE_CURVE('',#6265,#5207,#6267,.F.);
#6265=VERTEX_POINT('',#6266);
#6266=CARTESIAN_POINT('',(-6.932090632,0.0,2.0828));
#6267=LINE('',#6268,#6269);
#6268=CARTESIAN_POINT('',(-4.6736,0.0,2.0828));
#6269=VECTOR('',#6270,1.0);
#6270=DIRECTION('',(-1.0,0.0,0.0));
#6271=ORIENTED_EDGE('',*,*,#5290,.F.);
#6272=ORIENTED_EDGE('',*,*,#6273,.T.);
#6273=EDGE_CURVE('',#5226,#6274,#6276,.T.);
#6274=VERTEX_POINT('',#6275);
#6275=CARTESIAN_POINT('',(-6.932090632,0.0,2.5908));
#6276=LINE('',#6277,#6278);
#6277=CARTESIAN_POINT('',(-4.6736,0.0,2.5908));
#6278=VECTOR('',#6279,1.0);
#6279=DIRECTION('',(-1.0,0.0,0.0));
#6280=ORIENTED_EDGE('',*,*,#6281,.T.);
#6281=EDGE_CURVE('',#6274,#6265,#6282,.T.);
#6282=B_SPLINE_CURVE_WITH_KNOTS('',3,(#6283,#6284,#6285,#6286,#6287,#6288,#6289,#6290,#6291,#6292,#6293,#6294,#6295,#6296,#6297,#6298,#6299,#6300),.UNSPECIFIED.,.F.,.U.,(4,1,1,1,1,1,1,1,1,1,1,1,1,1,1,4),(0.0,0.066666667,0.133333333,0.2,0.266666667,0.333333333,0.4,0.466666667,0.533333333,0.6,0.666666667,0.733333333,0.8,0.866666667,0.933333333,1.0),.UNSPECIFIED.);
#6283=CARTESIAN_POINT('',(-6.932090632,0.0,2.5908));
#6284=CARTESIAN_POINT('',(-6.939297515,-0.01741622,2.5908));
#6285=CARTESIAN_POINT('',(-6.953966176,-0.051606537,2.58726988));
#6286=CARTESIAN_POINT('',(-6.973938737,-0.100911154,2.571778055));
#6287=CARTESIAN_POINT('',(-6.987568109,-0.145556853,2.546991262));
#6288=CARTESIAN_POINT('',(-6.991825651,-0.184005345,2.514307647));
#6289=CARTESIAN_POINT('',(-6.985659135,-0.215621631,2.474277755));
#6290=CARTESIAN_POINT('',(-6.970259374,-0.239016712,2.427943293));
#6291=CARTESIAN_POINT('',(-6.94911696,-0.252541287,2.377100963));
#6292=CARTESIAN_POINT('',(-6.927135793,-0.25561783,2.325604026));
#6293=CARTESIAN_POINT('',(-6.905545111,-0.247307177,2.269739454));
#6294=CARTESIAN_POINT('',(-6.889338103,-0.225279728,2.214610521));
#6295=CARTESIAN_POINT('',(-6.882518291,-0.192443846,2.168295457));
#6296=CARTESIAN_POINT('',(-6.883786998,-0.157046644,2.13539172));
#6297=CARTESIAN_POINT('',(-6.890864926,-0.117346876,2.10978214));
#6298=CARTESIAN_POINT('',(-6.905159991,-0.068007103,2.089693065));
#6299=CARTESIAN_POINT('',(-6.922161853,-0.02399398,2.0828));
#6300=CARTESIAN_POINT('',(-6.932090632,0.0,2.0828));
#6301=(BOUNDED_SURFACE()B_SPLINE_SURFACE(3,3,((#6302,#6303,#6304,#6305),(#6306,#6307,#6308,#6309),(#6310,#6311,#6312,#6313),(#6314,#6315,#6316,#6317),(#6318,#6319,#6320,#6321),(#6322,#6323,#6324,#6325),(#6326,#6327,#6328,#6329)),.UNSPECIFIED.,.F.,.F.,.U.)B_SPLINE_SURFACE_WITH_KNOTS((4,3,4),(4,4),(0.030808252,1.0,1.969191748),(-0.001824048,0.093026449),.UNSPECIFIED.)GEOMETRIC_REPRESENTATION_ITEM()RATIONAL_B_SPLINE_SURFACE(((1.170041102,1.170041102,1.170041102,1.170041102),(0.935876096,0.935876096,0.935876096,0.935876096),(0.943564013,0.943564013,0.943564013,0.943564013),(1.193104854,1.193104854,1.193104854,1.193104854),(0.943564013,0.943564013,0.943564013,0.943564013),(0.935876096,0.935876096,0.935876096,0.935876096),(1.170041102,1.170041102,1.170041102,1.170041102)))REPRESENTATION_ITEM('')SURFACE());
#6302=CARTESIAN_POINT('',(-4.62726918,0.010032008,2.08299819));
#6303=CARTESIAN_POINT('',(-5.430336722,0.010032008,2.08299819));
#6304=CARTESIAN_POINT('',(-6.233404264,0.010032008,2.08299819));
#6305=CARTESIAN_POINT('',(-7.036471805,0.010032008,2.08299819));
#6306=CARTESIAN_POINT('',(-4.62726918,-0.143968233,2.076911032));
#6307=CARTESIAN_POINT('',(-5.430336722,-0.143968233,2.076911032));
#6308=CARTESIAN_POINT('',(-6.233404264,-0.143968233,2.076911032));
#6309=CARTESIAN_POINT('',(-7.036471805,-0.143968233,2.076911032));
#6310=CARTESIAN_POINT('',(-4.62726918,-0.254,2.183935237));
#6311=CARTESIAN_POINT('',(-5.430336722,-0.254,2.183935237));
#6312=CARTESIAN_POINT('',(-6.233404264,-0.254,2.183935237));
#6313=CARTESIAN_POINT('',(-7.036471805,-0.254,2.183935237));
#6314=CARTESIAN_POINT('',(-4.62726918,-0.254,2.3368));
#6315=CARTESIAN_POINT('',(-5.430336722,-0.254,2.3368));
#6316=CARTESIAN_POINT('',(-6.233404264,-0.254,2.3368));
#6317=CARTESIAN_POINT('',(-7.036471805,-0.254,2.3368));
#6318=CARTESIAN_POINT('',(-4.62726918,-0.254,2.489664763));
#6319=CARTESIAN_POINT('',(-5.430336722,-0.254,2.489664763));
#6320=CARTESIAN_POINT('',(-6.233404264,-0.254,2.489664763));
#6321=CARTESIAN_POINT('',(-7.036471805,-0.254,2.489664763));
#6322=CARTESIAN_POINT('',(-4.62726918,-0.143968233,2.596688968));
#6323=CARTESIAN_POINT('',(-5.430336722,-0.143968233,2.596688968));
#6324=CARTESIAN_POINT('',(-6.233404264,-0.143968233,2.596688968));
#6325=CARTESIAN_POINT('',(-7.036471805,-0.143968233,2.596688968));
#6326=CARTESIAN_POINT('',(-4.62726918,0.010032008,2.59060181));
#6327=CARTESIAN_POINT('',(-5.430336722,0.010032008,2.59060181));
#6328=CARTESIAN_POINT('',(-6.233404264,0.010032008,2.59060181));
#6329=CARTESIAN_POINT('',(-7.036471805,0.010032008,2.59060181));
#6330=ADVANCED_FACE('',(#6331),#6355,.F.);
#6331=FACE_BOUND('',#6332,.T.);
#6332=EDGE_LOOP('',(#6333,#6334));
#6333=ORIENTED_EDGE('',*,*,#6281,.F.);
#6334=ORIENTED_EDGE('',*,*,#6335,.T.);
#6335=EDGE_CURVE('',#6274,#6265,#6336,.F.);
#6336=B_SPLINE_CURVE_WITH_KNOTS('',3,(#6337,#6338,#6339,#6340,#6341,#6342,#6343,#6344,#6345,#6346,#6347,#6348,#6349,#6350,#6351,#6352,#6353,#6354),.UNSPECIFIED.,.F.,.U.,(4,1,1,1,1,1,1,1,1,1,1,1,1,1,1,4),(0.0,0.066666667,0.133333333,0.2,0.266666667,0.333333333,0.4,0.466666667,0.533333333,0.6,0.666666667,0.733333333,0.8,0.866666667,0.933333333,1.0),.UNSPECIFIED.);
#6337=CARTESIAN_POINT('',(-6.932090632,0.0,2.0828));
#6338=CARTESIAN_POINT('',(-6.939300642,0.017423776,2.0828));
#6339=CARTESIAN_POINT('',(-6.953978906,0.051635687,2.086332923));
#6340=CARTESIAN_POINT('',(-6.973971925,0.100995309,2.101852858));
#6341=CARTESIAN_POINT('',(-6.987603592,0.14569687,2.12669936));
#6342=CARTESIAN_POINT('',(-6.991826989,0.184182382,2.159467595));
#6343=CARTESIAN_POINT('',(-6.985589614,0.215809931,2.199606881));
#6344=CARTESIAN_POINT('',(-6.970109453,0.239169673,2.246046515));
#6345=CARTESIAN_POINT('',(-6.948916944,0.252617976,2.296963372));
#6346=CARTESIAN_POINT('',(-6.926924675,0.255597163,2.348504659));
#6347=CARTESIAN_POINT('',(-6.905383336,0.24717054,2.40433419));
#6348=CARTESIAN_POINT('',(-6.889302046,0.225127005,2.459212258));
#6349=CARTESIAN_POINT('',(-6.882546711,0.192530259,2.50516231));
#6350=CARTESIAN_POINT('',(-6.883748069,0.157347222,2.537984219));
#6351=CARTESIAN_POINT('',(-6.890855442,0.117303458,2.563882842));
#6352=CARTESIAN_POINT('',(-6.905311974,0.067567904,2.584030885));
#6353=CARTESIAN_POINT('',(-6.922245026,0.023792983,2.5908));
#6354=CARTESIAN_POINT('',(-6.932090632,0.0,2.5908));
#6355=(BOUNDED_SURFACE()B_SPLINE_SURFACE(3,3,((#6356,#6357,#6358,#6359),(#6360,#6361,#6362,#6363),(#6364,#6365,#6366,#6367),(#6368,#6369,#6370,#6371)),.UNSPECIFIED.,.F.,.F.,.U.)B_SPLINE_SURFACE_WITH_KNOTS((4,4),(4,4),(0.034145003,0.965624633),(0.014589422,0.036322424),.PIECEWISE_BEZIER_KNOTS.)GEOMETRIC_REPRESENTATION_ITEM()RATIONAL_B_SPLINE_SURFACE(((1.180961226,1.180961226,1.180961226,1.180961226),(0.939739248,0.939739248,0.939739248,0.939739248),(0.939679606,0.939679606,0.939679606,0.939679606),(1.1807823,1.1807823,1.1807823,1.1807823)))REPRESENTATION_ITEM('')SURFACE());
#6356=CARTESIAN_POINT('',(-6.992378088,-0.376314224,2.322781215));
#6357=CARTESIAN_POINT('',(-6.992378088,-0.246202277,2.452893162));
#6358=CARTESIAN_POINT('',(-6.992378088,-0.11609033,2.583005109));
#6359=CARTESIAN_POINT('',(-6.992378088,0.014021617,2.713117056));
#6360=CARTESIAN_POINT('',(-6.837794062,-0.271085718,2.217552709));
#6361=CARTESIAN_POINT('',(-6.837794062,-0.140973771,2.347664656));
#6362=CARTESIAN_POINT('',(-6.837794062,-0.010861824,2.477776602));
#6363=CARTESIAN_POINT('',(-6.837794062,0.119250123,2.607888549));
#6364=CARTESIAN_POINT('',(-6.837746544,-0.119353687,2.065820678));
#6365=CARTESIAN_POINT('',(-6.837746544,0.01075826,2.195932625));
#6366=CARTESIAN_POINT('',(-6.837746544,0.140870207,2.326044572));
#6367=CARTESIAN_POINT('',(-6.837746544,0.270982154,2.456156518));
#6368=CARTESIAN_POINT('',(-6.992288064,-0.014080087,1.960547079));
#6369=CARTESIAN_POINT('',(-6.992288064,0.116031859,2.090659026));
#6370=CARTESIAN_POINT('',(-6.992288064,0.246143806,2.220770972));
#6371=CARTESIAN_POINT('',(-6.992288064,0.376255753,2.350882919));
#6372=ADVANCED_FACE('',(#6373),#6379,.T.);
#6373=FACE_BOUND('',#6374,.T.);
#6374=EDGE_LOOP('',(#6375,#6376,#6377,#6378));
#6375=ORIENTED_EDGE('',*,*,#6273,.F.);
#6376=ORIENTED_EDGE('',*,*,#5225,.F.);
#6377=ORIENTED_EDGE('',*,*,#6264,.F.);
#6378=ORIENTED_EDGE('',*,*,#6335,.F.);
#6379=(BOUNDED_SURFACE()B_SPLINE_SURFACE(3,3,((#6380,#6381,#6382,#6383),(#6384,#6385,#6386,#6387),(#6388,#6389,#6390,#6391),(#6392,#6393,#6394,#6395),(#6396,#6397,#6398,#6399),(#6400,#6401,#6402,#6403),(#6404,#6405,#6406,#6407)),.UNSPECIFIED.,.F.,.F.,.U.)B_SPLINE_SURFACE_WITH_KNOTS((4,3,4),(4,4),(0.030788,1.0,1.969212),(-0.001824049,0.093026483),.UNSPECIFIED.)GEOMETRIC_REPRESENTATION_ITEM()RATIONAL_B_SPLINE_SURFACE(((1.170055782,1.170055782,1.170055782,1.170055782),(0.935875774,0.935875774,0.935875774,0.935875774),(0.943558798,0.943558798,0.943558798,0.943558798),(1.193104854,1.193104854,1.193104854,1.193104854),(0.943558798,0.943558798,0.943558798,0.943558798),(0.935875774,0.935875774,0.935875774,0.935875774),(1.170055782,1.170055782,1.170055782,1.170055782)))REPRESENTATION_ITEM('')SURFACE());
#6380=CARTESIAN_POINT('',(-4.627269163,-0.01003973,2.590601505));
#6381=CARTESIAN_POINT('',(-5.430336997,-0.01003973,2.590601505));
#6382=CARTESIAN_POINT('',(-6.233404831,-0.01003973,2.590601505));
#6383=CARTESIAN_POINT('',(-7.036472665,-0.01003973,2.590601505));
#6384=CARTESIAN_POINT('',(-4.627269163,0.143963597,2.596693477));
#6385=CARTESIAN_POINT('',(-5.430336997,0.143963597,2.596693477));
#6386=CARTESIAN_POINT('',(-6.233404831,0.143963597,2.596693477));
#6387=CARTESIAN_POINT('',(-7.036472665,0.143963597,2.596693477));
#6388=CARTESIAN_POINT('',(-4.627269163,0.254,2.489668802));
#6389=CARTESIAN_POINT('',(-5.430336997,0.254,2.489668802));
#6390=CARTESIAN_POINT('',(-6.233404831,0.254,2.489668802));
#6391=CARTESIAN_POINT('',(-7.036472665,0.254,2.489668802));
#6392=CARTESIAN_POINT('',(-4.627269163,0.254,2.3368));
#6393=CARTESIAN_POINT('',(-5.430336997,0.254,2.3368));
#6394=CARTESIAN_POINT('',(-6.233404831,0.254,2.3368));
#6395=CARTESIAN_POINT('',(-7.036472665,0.254,2.3368));
#6396=CARTESIAN_POINT('',(-4.627269163,0.254,2.183931198));
#6397=CARTESIAN_POINT('',(-5.430336997,0.254,2.183931198));
#6398=CARTESIAN_POINT('',(-6.233404831,0.254,2.183931198));
#6399=CARTESIAN_POINT('',(-7.036472665,0.254,2.183931198));
#6400=CARTESIAN_POINT('',(-4.627269163,0.143963597,2.076906523));
#6401=CARTESIAN_POINT('',(-5.430336997,0.143963597,2.076906523));
#6402=CARTESIAN_POINT('',(-6.233404831,0.143963597,2.076906523));
#6403=CARTESIAN_POINT('',(-7.036472665,0.143963597,2.076906523));
#6404=CARTESIAN_POINT('',(-4.627269163,-0.01003973,2.082998495));
#6405=CARTESIAN_POINT('',(-5.430336997,-0.01003973,2.082998495));
#6406=CARTESIAN_POINT('',(-6.233404831,-0.01003973,2.082998495));
#6407=CARTESIAN_POINT('',(-7.036472665,-0.01003973,2.082998495));
#6408=ADVANCED_FACE('',(#6409),#6510,.T.);
#6409=FACE_BOUND('',#6410,.T.);
#6410=EDGE_LOOP('',(#6411,#6422,#6428,#6429,#6430,#6439,#6445,#6446,#6454,#6463,#6471,#6504));
#6411=ORIENTED_EDGE('',*,*,#6412,.T.);
#6412=EDGE_CURVE('',#6413,#6415,#6417,.F.);
#6413=VERTEX_POINT('',#6414);
#6414=CARTESIAN_POINT('',(-4.465976001,-2.305324,3.5052));
#6415=VERTEX_POINT('',#6416);
#6416=CARTESIAN_POINT('',(-4.6736,-2.2606,3.5052));
#6417=CIRCLE('',#6418,0.254);
#6418=AXIS2_PLACEMENT_3D('',#6419,#6420,#6421);
#6419=CARTESIAN_POINT('',(-4.5212,-2.0574,3.5052));
#6420=DIRECTION('',(0.0,0.0,1.0));
#6421=DIRECTION('',(-0.6,-0.8,0.0));
#6422=ORIENTED_EDGE('',*,*,#6423,.T.);
#6423=EDGE_CURVE('',#6415,#2394,#6424,.T.);
#6424=LINE('',#6425,#6426);
#6425=CARTESIAN_POINT('',(-4.6736,-2.2606,3.5052));
#6426=VECTOR('',#6427,1.0);
#6427=DIRECTION('',(0.0,0.0,1.0));
#6428=ORIENTED_EDGE('',*,*,#2393,.F.);
#6429=ORIENTED_EDGE('',*,*,#3956,.F.);
#6430=ORIENTED_EDGE('',*,*,#6431,.T.);
#6431=EDGE_CURVE('',#3949,#6432,#6434,.F.);
#6432=VERTEX_POINT('',#6433);
#6433=CARTESIAN_POINT('',(-4.2672,-2.0574,0.4318));
#6434=CIRCLE('',#6435,0.254);
#6435=AXIS2_PLACEMENT_3D('',#6436,#6437,#6438);
#6436=CARTESIAN_POINT('',(-4.5212,-2.0574,0.4318));
#6437=DIRECTION('',(0.0,0.0,-1.0));
#6438=DIRECTION('',(1.0,0.0,0.0));
#6439=ORIENTED_EDGE('',*,*,#6440,.T.);
#6440=EDGE_CURVE('',#6432,#2320,#6441,.F.);
#6441=LINE('',#6442,#6443);
#6442=CARTESIAN_POINT('',(-4.2672,-2.0574,4.3688));
#6443=VECTOR('',#6444,1.0);
#6444=DIRECTION('',(0.0,0.0,-1.0));
#6445=ORIENTED_EDGE('',*,*,#2317,.F.);
#6446=ORIENTED_EDGE('',*,*,#6447,.T.);
#6447=EDGE_CURVE('',#2318,#6448,#6450,.F.);
#6448=VERTEX_POINT('',#6449);
#6449=CARTESIAN_POINT('',(-4.3688,-2.2606,3.5052));
#6450=LINE('',#6451,#6452);
#6451=CARTESIAN_POINT('',(-4.3688,-2.2606,3.5052));
#6452=VECTOR('',#6453,1.0);
#6453=DIRECTION('',(0.0,0.0,1.0));
#6454=ORIENTED_EDGE('',*,*,#6455,.T.);
#6455=EDGE_CURVE('',#6448,#6456,#6458,.F.);
#6456=VERTEX_POINT('',#6457);
#6457=CARTESIAN_POINT('',(-4.424023999,-2.292076,3.5052));
#6458=CIRCLE('',#6459,0.254);
#6459=AXIS2_PLACEMENT_3D('',#6460,#6461,#6462);
#6460=CARTESIAN_POINT('',(-4.5212,-2.0574,3.5052));
#6461=DIRECTION('',(0.0,0.0,1.0));
#6462=DIRECTION('',(0.382582681,-0.923921259,0.0));
#6463=ORIENTED_EDGE('',*,*,#6464,.T.);
#6464=EDGE_CURVE('',#6456,#6465,#6467,.F.);
#6465=VERTEX_POINT('',#6466);
#6466=CARTESIAN_POINT('',(-4.424023999,-2.292076,2.6416));
#6467=LINE('',#6468,#6469);
#6468=CARTESIAN_POINT('',(-4.424023999,-2.292076,2.6416));
#6469=VECTOR('',#6470,1.0);
#6470=DIRECTION('',(0.0,0.0,1.0));
#6471=ORIENTED_EDGE('',*,*,#6472,.T.);
#6472=EDGE_CURVE('',#6465,#6473,#6475,.F.);
#6473=VERTEX_POINT('',#6474);
#6474=CARTESIAN_POINT('',(-4.465976001,-2.305324,2.6416));
#6475=B_SPLINE_CURVE_WITH_KNOTS('',3,(#6476,#6477,#6478,#6479,#6480,#6481,#6482,#6483,#6484,#6485,#6486,#6487,#6488,#6489,#6490,#6491,#6492,#6493,#6494,#6495,#6496,#6497,#6498,#6499,#6500,#6501,#6502,#6503),.UNSPECIFIED.,.F.,.U.,(4,1,1,1,1,1,1,1,1,1,1,1,1,1,1,1,1,1,1,1,1,1,1,1,1,4),(0.0,0.04,0.08,0.12,0.16,0.2,0.24,0.28,0.32,0.36,0.4,0.44,0.48,0.52,0.56,0.6,0.64,0.68,0.72,0.76,0.8,0.84,0.88,0.92,0.96,1.0),.QUASI_UNIFORM_KNOTS.);
#6476=CARTESIAN_POINT('',(-4.465976001,-2.305324,2.6416));
#6477=CARTESIAN_POINT('',(-4.465976001,-2.305324,2.628842353));
#6478=CARTESIAN_POINT('',(-4.471191128,-2.306587573,2.602814504));
#6479=CARTESIAN_POINT('',(-4.49307236,-2.310282019,2.559383524));
#6480=CARTESIAN_POINT('',(-4.521388309,-2.312014218,2.51990841));
#6481=CARTESIAN_POINT('',(-4.553175222,-2.310054164,2.483693609));
#6482=CARTESIAN_POINT('',(-4.583116332,-2.304278217,2.451259557));
#6483=CARTESIAN_POINT('',(-4.607128089,-2.296738146,2.420517806));
#6484=CARTESIAN_POINT('',(-4.623116796,-2.290170794,2.390140668));
#6485=CARTESIAN_POINT('',(-4.631303606,-2.286308399,2.360798366));
#6486=CARTESIAN_POINT('',(-4.632974814,-2.285484366,2.32940168));
#6487=CARTESIAN_POINT('',(-4.625627387,-2.289042121,2.296718167));
#6488=CARTESIAN_POINT('',(-4.609475444,-2.295926543,2.270187256));
#6489=CARTESIAN_POINT('',(-4.584721665,-2.303811626,2.252572007));
#6490=CARTESIAN_POINT('',(-4.558087064,-2.309284564,2.246678889));
#6491=CARTESIAN_POINT('',(-4.526332811,-2.312036338,2.251180144));
#6492=CARTESIAN_POINT('',(-4.494849606,-2.31065338,2.267537328));
#6493=CARTESIAN_POINT('',(-4.465525089,-2.30575066,2.295218423));
#6494=CARTESIAN_POINT('',(-4.441091336,-2.298773061,2.333277809));
#6495=CARTESIAN_POINT('',(-4.423954336,-2.292180867,2.378132025));
#6496=CARTESIAN_POINT('',(-4.414786129,-2.288062491,2.420916782));
#6497=CARTESIAN_POINT('',(-4.410693761,-2.286104474,2.460802995));
#6498=CARTESIAN_POINT('',(-4.410153165,-2.285839064,2.498329623));
#6499=CARTESIAN_POINT('',(-4.41225572,-2.286857924,2.534494116));
#6500=CARTESIAN_POINT('',(-4.416399174,-2.288794347,2.570086774));
#6501=CARTESIAN_POINT('',(-4.42177996,-2.291153687,2.605682583));
#6502=CARTESIAN_POINT('',(-4.424023999,-2.292076,2.629592545));
#6503=CARTESIAN_POINT('',(-4.424023999,-2.292076,2.6416));
#6504=ORIENTED_EDGE('',*,*,#6505,.T.);
#6505=EDGE_CURVE('',#6473,#6413,#6506,.T.);
#6506=LINE('',#6507,#6508);
#6507=CARTESIAN_POINT('',(-4.465976001,-2.305324,2.6416));
#6508=VECTOR('',#6509,1.0);
#6509=DIRECTION('',(0.0,0.0,1.0));
#6510=(BOUNDED_SURFACE()B_SPLINE_SURFACE(3,3,((#6511,#6512,#6513,#6514),(#6515,#6516,#6517,#6518),(#6519,#6520,#6521,#6522),(#6523,#6524,#6525,#6526),(#6527,#6528,#6529,#6530),(#6531,#6532,#6533,#6534),(#6535,#6536,#6537,#6538)),.UNSPECIFIED.,.F.,.F.,.U.)B_SPLINE_SURFACE_WITH_KNOTS((4,3,4),(4,4),(0.054316991,1.0,1.945683009),(-0.157579485,0.002579485),.UNSPECIFIED.)GEOMETRIC_REPRESENTATION_ITEM()RATIONAL_B_SPLINE_SURFACE(((1.153428252,1.153428252,1.153428252,1.153428252),(0.936391347,0.936391347,0.936391347,0.936391347),(0.949616881,0.949616881,0.949616881,0.949616881),(1.193104854,1.193104854,1.193104854,1.193104854),(0.949616881,0.949616881,0.949616881,0.949616881),(0.936391347,0.936391347,0.936391347,0.936391347),(1.153428252,1.153428252,1.153428252,1.153428252)))REPRESENTATION_ITEM('')SURFACE());
#6511=CARTESIAN_POINT('',(-4.775198035,-2.05640077,0.366281082));
#6512=CARTESIAN_POINT('',(-4.775198035,-2.05640077,1.722293694));
#6513=CARTESIAN_POINT('',(-4.775198035,-2.05640077,3.078306306));
#6514=CARTESIAN_POINT('',(-4.775198035,-2.05640077,4.434318918));
#6515=CARTESIAN_POINT('',(-4.775789309,-2.206699005,0.366281082));
#6516=CARTESIAN_POINT('',(-4.775789309,-2.206699005,1.722293694));
#6517=CARTESIAN_POINT('',(-4.775789309,-2.206699005,3.078306306));
#6518=CARTESIAN_POINT('',(-4.775789309,-2.206699005,4.434318918));
#6519=CARTESIAN_POINT('',(-4.669406144,-2.3114,0.366281082));
#6520=CARTESIAN_POINT('',(-4.669406144,-2.3114,1.722293694));
#6521=CARTESIAN_POINT('',(-4.669406144,-2.3114,3.078306306));
#6522=CARTESIAN_POINT('',(-4.669406144,-2.3114,4.434318918));
#6523=CARTESIAN_POINT('',(-4.5212,-2.3114,0.366281082));
#6524=CARTESIAN_POINT('',(-4.5212,-2.3114,1.722293694));
#6525=CARTESIAN_POINT('',(-4.5212,-2.3114,3.078306306));
#6526=CARTESIAN_POINT('',(-4.5212,-2.3114,4.434318918));
#6527=CARTESIAN_POINT('',(-4.372993856,-2.3114,0.366281082));
#6528=CARTESIAN_POINT('',(-4.372993856,-2.3114,1.722293694));
#6529=CARTESIAN_POINT('',(-4.372993856,-2.3114,3.078306306));
#6530=CARTESIAN_POINT('',(-4.372993856,-2.3114,4.434318918));
#6531=CARTESIAN_POINT('',(-4.266610691,-2.206699005,0.366281082));
#6532=CARTESIAN_POINT('',(-4.266610691,-2.206699005,1.722293694));
#6533=CARTESIAN_POINT('',(-4.266610691,-2.206699005,3.078306306));
#6534=CARTESIAN_POINT('',(-4.266610691,-2.206699005,4.434318918));
#6535=CARTESIAN_POINT('',(-4.267201965,-2.05640077,0.366281082));
#6536=CARTESIAN_POINT('',(-4.267201965,-2.05640077,1.722293694));
#6537=CARTESIAN_POINT('',(-4.267201965,-2.05640077,3.078306306));
#6538=CARTESIAN_POINT('',(-4.267201965,-2.05640077,4.434318918));
#6539=ADVANCED_FACE('',(#6540),#6592,.T.);
#6540=FACE_BOUND('',#6541,.T.);
#6541=EDGE_LOOP('',(#6542,#6551,#6559,#6568,#6576,#6583,#6584,#6591));
#6542=ORIENTED_EDGE('',*,*,#6543,.T.);
#6543=EDGE_CURVE('',#6473,#6544,#6546,.F.);
#6544=VERTEX_POINT('',#6545);
#6545=CARTESIAN_POINT('',(-4.6228,-2.54,2.6416));
#6546=CIRCLE('',#6547,0.254);
#6547=AXIS2_PLACEMENT_3D('',#6548,#6549,#6550);
#6548=CARTESIAN_POINT('',(-4.3688,-2.54,2.6416));
#6549=DIRECTION('',(0.0,0.0,-1.0));
#6550=DIRECTION('',(-1.0,0.0,0.0));
#6551=ORIENTED_EDGE('',*,*,#6552,.T.);
#6552=EDGE_CURVE('',#6544,#6553,#6555,.F.);
#6553=VERTEX_POINT('',#6554);
#6554=CARTESIAN_POINT('',(-4.6228,-2.54,3.556));
#6555=LINE('',#6556,#6557);
#6556=CARTESIAN_POINT('',(-4.6228,-2.54,3.556));
#6557=VECTOR('',#6558,1.0);
#6558=DIRECTION('',(0.0,0.0,-1.0));
#6559=ORIENTED_EDGE('',*,*,#6560,.T.);
#6560=EDGE_CURVE('',#6553,#6561,#6563,.T.);
#6561=VERTEX_POINT('',#6562);
#6562=CARTESIAN_POINT('',(-4.1148,-2.54,3.556));
#6563=CIRCLE('',#6564,0.254);
#6564=AXIS2_PLACEMENT_3D('',#6565,#6566,#6567);
#6565=CARTESIAN_POINT('',(-4.3688,-2.54,3.556));
#6566=DIRECTION('',(0.0,0.0,-1.0));
#6567=DIRECTION('',(-1.0,0.0,0.0));
#6568=ORIENTED_EDGE('',*,*,#6569,.T.);
#6569=EDGE_CURVE('',#6561,#6570,#6572,.T.);
#6570=VERTEX_POINT('',#6571);
#6571=CARTESIAN_POINT('',(-4.1148,-2.54,2.6416));
#6572=LINE('',#6573,#6574);
#6573=CARTESIAN_POINT('',(-4.1148,-2.54,3.556));
#6574=VECTOR('',#6575,1.0);
#6575=DIRECTION('',(0.0,0.0,-1.0));
#6576=ORIENTED_EDGE('',*,*,#6577,.T.);
#6577=EDGE_CURVE('',#6570,#6465,#6578,.F.);
#6578=CIRCLE('',#6579,0.254);
#6579=AXIS2_PLACEMENT_3D('',#6580,#6581,#6582);
#6580=CARTESIAN_POINT('',(-4.3688,-2.54,2.6416));
#6581=DIRECTION('',(0.0,0.0,-1.0));
#6582=DIRECTION('',(-0.217417319,0.976078741,0.0));
#6583=ORIENTED_EDGE('',*,*,#6464,.F.);
#6584=ORIENTED_EDGE('',*,*,#6585,.T.);
#6585=EDGE_CURVE('',#6456,#6413,#6586,.F.);
#6586=CIRCLE('',#6587,0.254);
#6587=AXIS2_PLACEMENT_3D('',#6588,#6589,#6590);
#6588=CARTESIAN_POINT('',(-4.3688,-2.54,3.5052));
#6589=DIRECTION('',(0.0,0.0,-1.0));
#6590=DIRECTION('',(-0.382582681,0.923921259,0.0));
#6591=ORIENTED_EDGE('',*,*,#6505,.F.);
#6592=(BOUNDED_SURFACE()B_SPLINE_SURFACE(3,3,((#6593,#6594,#6595,#6596),(#6597,#6598,#6599,#6600),(#6601,#6602,#6603,#6604),(#6605,#6606,#6607,#6608),(#6609,#6610,#6611,#6612),(#6613,#6614,#6615,#6616),(#6617,#6618,#6619,#6620)),.UNSPECIFIED.,.F.,.F.,.U.)B_SPLINE_SURFACE_WITH_KNOTS((4,3,4),(4,4),(0.054316991,1.0,1.945683009),(-8.534396288E-04,0.03685344),.UNSPECIFIED.)GEOMETRIC_REPRESENTATION_ITEM()RATIONAL_B_SPLINE_SURFACE(((1.153428252,1.153428252,1.153428252,1.153428252),(0.936391347,0.936391347,0.936391347,0.936391347),(0.949616881,0.949616881,0.949616881,0.949616881),(1.193104854,1.193104854,1.193104854,1.193104854),(0.949616881,0.949616881,0.949616881,0.949616881),(0.936391347,0.936391347,0.936391347,0.936391347),(1.153428252,1.153428252,1.153428252,1.153428252)))REPRESENTATION_ITEM('')SURFACE());
#6593=CARTESIAN_POINT('',(-4.622798035,-2.54099923,3.577677367));
#6594=CARTESIAN_POINT('',(-4.622798035,-2.54099923,3.258425789));
#6595=CARTESIAN_POINT('',(-4.622798035,-2.54099923,2.939174211));
#6596=CARTESIAN_POINT('',(-4.622798035,-2.54099923,2.619922633));
#6597=CARTESIAN_POINT('',(-4.623389309,-2.390700995,3.577677367));
#6598=CARTESIAN_POINT('',(-4.623389309,-2.390700995,3.258425789));
#6599=CARTESIAN_POINT('',(-4.623389309,-2.390700995,2.939174211));
#6600=CARTESIAN_POINT('',(-4.623389309,-2.390700995,2.619922633));
#6601=CARTESIAN_POINT('',(-4.517006144,-2.286,3.577677367));
#6602=CARTESIAN_POINT('',(-4.517006144,-2.286,3.258425789));
#6603=CARTESIAN_POINT('',(-4.517006144,-2.286,2.939174211));
#6604=CARTESIAN_POINT('',(-4.517006144,-2.286,2.619922633));
#6605=CARTESIAN_POINT('',(-4.3688,-2.286,3.577677367));
#6606=CARTESIAN_POINT('',(-4.3688,-2.286,3.258425789));
#6607=CARTESIAN_POINT('',(-4.3688,-2.286,2.939174211));
#6608=CARTESIAN_POINT('',(-4.3688,-2.286,2.619922633));
#6609=CARTESIAN_POINT('',(-4.220593856,-2.286,3.577677367));
#6610=CARTESIAN_POINT('',(-4.220593856,-2.286,3.258425789));
#6611=CARTESIAN_POINT('',(-4.220593856,-2.286,2.939174211));
#6612=CARTESIAN_POINT('',(-4.220593856,-2.286,2.619922633));
#6613=CARTESIAN_POINT('',(-4.114210691,-2.390700995,3.577677367));
#6614=CARTESIAN_POINT('',(-4.114210691,-2.390700995,3.258425789));
#6615=CARTESIAN_POINT('',(-4.114210691,-2.390700995,2.939174211));
#6616=CARTESIAN_POINT('',(-4.114210691,-2.390700995,2.619922633));
#6617=CARTESIAN_POINT('',(-4.114801965,-2.54099923,3.577677367));
#6618=CARTESIAN_POINT('',(-4.114801965,-2.54099923,3.258425789));
#6619=CARTESIAN_POINT('',(-4.114801965,-2.54099923,2.939174211));
#6620=CARTESIAN_POINT('',(-4.114801965,-2.54099923,2.619922633));
#6621=ADVANCED_FACE('',(#6622),#6633,.T.);
#6622=FACE_BOUND('',#6623,.T.);
#6623=EDGE_LOOP('',(#6624,#6625,#6631,#6632));
#6624=ORIENTED_EDGE('',*,*,#6455,.F.);
#6625=ORIENTED_EDGE('',*,*,#6626,.T.);
#6626=EDGE_CURVE('',#6448,#6415,#6627,.T.);
#6627=LINE('',#6628,#6629);
#6628=CARTESIAN_POINT('',(-4.3688,-2.2606,3.5052));
#6629=VECTOR('',#6630,1.0);
#6630=DIRECTION('',(-1.0,0.0,0.0));
#6631=ORIENTED_EDGE('',*,*,#6412,.F.);
#6632=ORIENTED_EDGE('',*,*,#6585,.F.);
#6633=B_SPLINE_SURFACE_WITH_KNOTS('',1,1,((#6634,#6635),(#6636,#6637)),.UNSPECIFIED.,.F.,.F.,.U.,(2,2),(2,2),(-0.18403937,-0.17196063),(0.008974132,0.01103937),.PIECEWISE_BEZIER_KNOTS.);
#6634=CARTESIAN_POINT('',(-4.6746,-2.312057046,3.5052));
#6635=CARTESIAN_POINT('',(-4.6746,-2.2596,3.5052));
#6636=CARTESIAN_POINT('',(-4.3678,-2.312057046,3.5052));
#6637=CARTESIAN_POINT('',(-4.3678,-2.2596,3.5052));
#6638=ADVANCED_FACE('',(#6639),#6645,.F.);
#6639=FACE_BOUND('',#6640,.T.);
#6640=EDGE_LOOP('',(#6641,#6642,#6643,#6644));
#6641=ORIENTED_EDGE('',*,*,#6423,.F.);
#6642=ORIENTED_EDGE('',*,*,#6626,.F.);
#6643=ORIENTED_EDGE('',*,*,#6447,.F.);
#6644=ORIENTED_EDGE('',*,*,#2402,.F.);
#6645=B_SPLINE_SURFACE_WITH_KNOTS('',1,1,((#6646,#6647),(#6648,#6649)),.UNSPECIFIED.,.F.,.F.,.U.,(2,2),(2,2),(-3.937007874E-05,0.01203937),(-0.03403937,3.937007874E-05),.PIECEWISE_BEZIER_KNOTS.);
#6646=CARTESIAN_POINT('',(-4.3678,-2.2606,3.5042));
#6647=CARTESIAN_POINT('',(-4.3678,-2.2606,4.3698));
#6648=CARTESIAN_POINT('',(-4.6746,-2.2606,3.5042));
#6649=CARTESIAN_POINT('',(-4.6746,-2.2606,4.3698));
#6650=ADVANCED_FACE('',(#6651),#6696,.T.);
#6651=FACE_BOUND('',#6652,.T.);
#6652=EDGE_LOOP('',(#6653,#6654,#6673,#6682,#6694,#6695));
#6653=ORIENTED_EDGE('',*,*,#6577,.F.);
#6654=ORIENTED_EDGE('',*,*,#6655,.T.);
#6655=EDGE_CURVE('',#6570,#6656,#6658,.T.);
#6656=VERTEX_POINT('',#6657);
#6657=CARTESIAN_POINT('',(-4.6736,-2.54,2.0828));
#6658=B_SPLINE_CURVE_WITH_KNOTS('',3,(#6659,#6660,#6661,#6662,#6663,#6664,#6665,#6666,#6667,#6668,#6669,#6670,#6671,#6672),.UNSPECIFIED.,.F.,.U.,(4,1,1,1,1,1,1,1,1,1,1,4),(0.0,0.090909091,0.181818182,0.272727273,0.363636364,0.454545455,0.545454545,0.636363636,0.727272727,0.818181818,0.909090909,1.0),.UNSPECIFIED.);
#6659=CARTESIAN_POINT('',(-4.1148,-2.54,2.6416));
#6660=CARTESIAN_POINT('',(-4.1148,-2.54,2.615001182));
#6661=CARTESIAN_POINT('',(-4.118604761,-2.54,2.56180376));
#6662=CARTESIAN_POINT('',(-4.135610006,-2.54,2.483631877));
#6663=CARTESIAN_POINT('',(-4.163567175,-2.54,2.408675815));
#6664=CARTESIAN_POINT('',(-4.201907141,-2.54,2.338461406));
#6665=CARTESIAN_POINT('',(-4.249849414,-2.54,2.274418028));
#6666=CARTESIAN_POINT('',(-4.306418028,-2.54,2.217849414));
#6667=CARTESIAN_POINT('',(-4.370461406,-2.54,2.169907141));
#6668=CARTESIAN_POINT('',(-4.440675815,-2.54,2.131567175));
#6669=CARTESIAN_POINT('',(-4.515631877,-2.54,2.103610006));
#6670=CARTESIAN_POINT('',(-4.59380376,-2.54,2.086604761));
#6671=CARTESIAN_POINT('',(-4.647001182,-2.54,2.0828));
#6672=CARTESIAN_POINT('',(-4.6736,-2.54,2.0828));
#6673=ORIENTED_EDGE('',*,*,#6674,.T.);
#6674=EDGE_CURVE('',#6656,#6675,#6677,.F.);
#6675=VERTEX_POINT('',#6676);
#6676=CARTESIAN_POINT('',(-4.6736,-2.54,2.5908));
#6677=CIRCLE('',#6678,0.254);
#6678=AXIS2_PLACEMENT_3D('',#6679,#6680,#6681);
#6679=CARTESIAN_POINT('',(-4.6736,-2.54,2.3368));
#6680=DIRECTION('',(-1.0,0.0,0.0));
#6681=DIRECTION('',(0.0,0.0,1.0));
#6682=ORIENTED_EDGE('',*,*,#6683,.T.);
#6683=EDGE_CURVE('',#6675,#6544,#6684,.F.);
#6684=B_SPLINE_CURVE_WITH_KNOTS('',3,(#6685,#6686,#6687,#6688,#6689,#6690,#6691,#6692,#6693),.UNSPECIFIED.,.F.,.U.,(4,1,1,1,1,1,4),(0.0,0.166666667,0.333333333,0.5,0.666666667,0.833333333,1.0),.UNSPECIFIED.);
#6685=CARTESIAN_POINT('',(-4.6228,-2.54,2.6416));
#6686=CARTESIAN_POINT('',(-4.6228,-2.54,2.637166864));
#6687=CARTESIAN_POINT('',(-4.623967237,-2.54,2.628300995));
#6688=CARTESIAN_POINT('',(-4.62910048,-2.54,2.615908176));
#6689=CARTESIAN_POINT('',(-4.637266299,-2.54,2.605266299));
#6690=CARTESIAN_POINT('',(-4.647908176,-2.54,2.59710048));
#6691=CARTESIAN_POINT('',(-4.660300995,-2.54,2.591967237));
#6692=CARTESIAN_POINT('',(-4.669166864,-2.54,2.5908));
#6693=CARTESIAN_POINT('',(-4.6736,-2.54,2.5908));
#6694=ORIENTED_EDGE('',*,*,#6543,.F.);
#6695=ORIENTED_EDGE('',*,*,#6472,.F.);
#6696=(BOUNDED_SURFACE()B_SPLINE_SURFACE(3,3,((#6697,#6698,#6699,#6700,#6701,#6702,#6703),(#6704,#6705,#6706,#6707,#6708,#6709,#6710),(#6711,#6712,#6713,#6714,#6715,#6716,#6717),(#6718,#6719,#6720,#6721,#6722,#6723,#6724)),.UNSPECIFIED.,.F.,.F.,.U.)B_SPLINE_SURFACE_WITH_KNOTS((4,4),(4,3,4),(0.184043024,0.805926397),(0.056105445,1.0,1.950204204),.UNSPECIFIED.)GEOMETRIC_REPRESENTATION_ITEM()RATIONAL_B_SPLINE_SURFACE(((1.373201361,1.116060071,1.132310582,1.421952893,1.130374411,1.115855028,1.378394746),(1.083209405,0.880371081,0.893189817,1.121665614,0.891662525,0.880209339,1.087306054),(1.078606268,0.876629912,0.889394174,1.116899056,0.887873373,0.876468857,1.082685507),(1.359391948,1.104836565,1.120923654,1.407653217,1.119006954,1.104633584,1.364533106)))REPRESENTATION_ITEM('')SURFACE());
#6697=CARTESIAN_POINT('',(-4.115251523,-2.54030659,2.664054645));
#6698=CARTESIAN_POINT('',(-4.115070603,-2.390299689,2.664061921));
#6699=CARTESIAN_POINT('',(-4.221311441,-2.286,2.65978932));
#6700=CARTESIAN_POINT('',(-4.369046184,-2.286,2.653847992));
#6701=CARTESIAN_POINT('',(-4.51802323,-2.286,2.647856704));
#6702=CARTESIAN_POINT('',(-4.62445826,-2.391718196,2.643576293));
#6703=CARTESIAN_POINT('',(-4.622826189,-2.542746874,2.643641929));
#6704=CARTESIAN_POINT('',(-4.101525477,-2.54030659,2.322748134));
#6705=CARTESIAN_POINT('',(-4.101340111,-2.390299689,2.322644818));
#6706=CARTESIAN_POINT('',(-4.210192698,-2.286,2.383314974));
#6707=CARTESIAN_POINT('',(-4.361559248,-2.286,2.467680743));
#6708=CARTESIAN_POINT('',(-4.51419864,-2.286,2.552755944));
#6709=CARTESIAN_POINT('',(-4.623250194,-2.391718196,2.613536996));
#6710=CARTESIAN_POINT('',(-4.621578002,-2.542746874,2.612604982));
#6711=CARTESIAN_POINT('',(-4.339963788,-2.54030659,2.077135062));
#6712=CARTESIAN_POINT('',(-4.339855681,-2.390299689,2.076952161));
#6713=CARTESIAN_POINT('',(-4.403338957,-2.286,2.18435682));
#6714=CARTESIAN_POINT('',(-4.491616551,-2.286,2.333709932));
#6715=CARTESIAN_POINT('',(-4.580636472,-2.286,2.484318955));
#6716=CARTESIAN_POINT('',(-4.644235786,-2.391718196,2.591919934));
#6717=CARTESIAN_POINT('',(-4.643260557,-2.542746874,2.590269985));
#6718=CARTESIAN_POINT('',(-4.682955869,-2.54030659,2.082878512));
#6719=CARTESIAN_POINT('',(-4.682958901,-2.390299689,2.082697472));
#6720=CARTESIAN_POINT('',(-4.681178695,-2.286,2.189009285));
#6721=CARTESIAN_POINT('',(-4.678703203,-2.286,2.336842724));
#6722=CARTESIAN_POINT('',(-4.676206895,-2.286,2.485919295));
#6723=CARTESIAN_POINT('',(-4.674423435,-2.391718196,2.59242543));
#6724=CARTESIAN_POINT('',(-4.674450783,-2.542746874,2.590792269));
#6725=ADVANCED_FACE('',(#6726),#6786,.T.);
#6726=FACE_BOUND('',#6727,.T.);
#6727=EDGE_LOOP('',(#6728,#6737,#6738,#6745,#6746,#6755));
#6728=ORIENTED_EDGE('',*,*,#6729,.T.);
#6729=EDGE_CURVE('',#6730,#6544,#6732,.T.);
#6730=VERTEX_POINT('',#6731);
#6731=CARTESIAN_POINT('',(-4.465976001,-2.774676,2.6416));
#6732=CIRCLE('',#6733,0.254);
#6733=AXIS2_PLACEMENT_3D('',#6734,#6735,#6736);
#6734=CARTESIAN_POINT('',(-4.3688,-2.54,2.6416));
#6735=DIRECTION('',(0.0,0.0,-1.0));
#6736=DIRECTION('',(-0.382582681,-0.923921259,0.0));
#6737=ORIENTED_EDGE('',*,*,#6683,.F.);
#6738=ORIENTED_EDGE('',*,*,#6739,.T.);
#6739=EDGE_CURVE('',#6675,#6656,#6740,.F.);
#6740=CIRCLE('',#6741,0.254);
#6741=AXIS2_PLACEMENT_3D('',#6742,#6743,#6744);
#6742=CARTESIAN_POINT('',(-4.6736,-2.54,2.3368));
#6743=DIRECTION('',(-1.0,0.0,0.0));
#6744=DIRECTION('',(0.0,0.0,-1.0));
#6745=ORIENTED_EDGE('',*,*,#6655,.F.);
#6746=ORIENTED_EDGE('',*,*,#6747,.T.);
#6747=EDGE_CURVE('',#6570,#6748,#6750,.T.);
#6748=VERTEX_POINT('',#6749);
#6749=CARTESIAN_POINT('',(-4.424023999,-2.787924,2.6416));
#6750=CIRCLE('',#6751,0.254);
#6751=AXIS2_PLACEMENT_3D('',#6752,#6753,#6754);
#6752=CARTESIAN_POINT('',(-4.3688,-2.54,2.6416));
#6753=DIRECTION('',(0.0,0.0,-1.0));
#6754=DIRECTION('',(1.0,0.0,0.0));
#6755=ORIENTED_EDGE('',*,*,#6756,.T.);
#6756=EDGE_CURVE('',#6748,#6730,#6757,.T.);
#6757=B_SPLINE_CURVE_WITH_KNOTS('',3,(#6758,#6759,#6760,#6761,#6762,#6763,#6764,#6765,#6766,#6767,#6768,#6769,#6770,#6771,#6772,#6773,#6774,#6775,#6776,#6777,#6778,#6779,#6780,#6781,#6782,#6783,#6784,#6785),.UNSPECIFIED.,.F.,.U.,(4,1,1,1,1,1,1,1,1,1,1,1,1,1,1,1,1,1,1,1,1,1,1,1,1,4),(0.0,0.04,0.08,0.12,0.16,0.2,0.24,0.28,0.32,0.36,0.4,0.44,0.48,0.52,0.56,0.6,0.64,0.68,0.72,0.76,0.8,0.84,0.88,0.92,0.96,1.0),.QUASI_UNIFORM_KNOTS.);
#6758=CARTESIAN_POINT('',(-4.424023999,-2.787924,2.6416));
#6759=CARTESIAN_POINT('',(-4.424023999,-2.787924,2.629900425));
#6760=CARTESIAN_POINT('',(-4.421897276,-2.788797917,2.60659469));
#6761=CARTESIAN_POINT('',(-4.41665699,-2.791089778,2.571839298));
#6762=CARTESIAN_POINT('',(-4.412519966,-2.793016411,2.537162483));
#6763=CARTESIAN_POINT('',(-4.410283484,-2.794096869,2.502087312));
#6764=CARTESIAN_POINT('',(-4.410478872,-2.794001574,2.466095651));
#6765=CARTESIAN_POINT('',(-4.413778999,-2.792412193,2.42841088));
#6766=CARTESIAN_POINT('',(-4.421310704,-2.788982175,2.388647258));
#6767=CARTESIAN_POINT('',(-4.435082473,-2.783402464,2.346722866));
#6768=CARTESIAN_POINT('',(-4.456941633,-2.776385555,2.306483397));
#6769=CARTESIAN_POINT('',(-4.485435911,-2.770511907,2.274813708));
#6770=CARTESIAN_POINT('',(-4.517152337,-2.767894826,2.254558931));
#6771=CARTESIAN_POINT('',(-4.551322533,-2.769665178,2.246271909));
#6772=CARTESIAN_POINT('',(-4.581294654,-2.775303848,2.251186064));
#6773=CARTESIAN_POINT('',(-4.605002088,-2.782476125,2.265999636));
#6774=CARTESIAN_POINT('',(-4.623260932,-2.789834428,2.290805004));
#6775=CARTESIAN_POINT('',(-4.632877798,-2.794467114,2.325145393));
#6776=CARTESIAN_POINT('',(-4.631737834,-2.793893338,2.360922532));
#6777=CARTESIAN_POINT('',(-4.621269287,-2.788972141,2.395169167));
#6778=CARTESIAN_POINT('',(-4.603186209,-2.781837063,2.426185789));
#6779=CARTESIAN_POINT('',(-4.5786518,-2.774669335,2.456205298));
#6780=CARTESIAN_POINT('',(-4.550004438,-2.769633106,2.487150869));
#6781=CARTESIAN_POINT('',(-4.519669347,-2.768037824,2.522141617));
#6782=CARTESIAN_POINT('',(-4.492312454,-2.769828232,2.560710192));
#6783=CARTESIAN_POINT('',(-4.471016219,-2.773456011,2.603448019));
#6784=CARTESIAN_POINT('',(-4.465976001,-2.774676,2.62904295));
#6785=CARTESIAN_POINT('',(-4.465976001,-2.774676,2.6416));
#6786=(BOUNDED_SURFACE()B_SPLINE_SURFACE(3,3,((#6787,#6788,#6789,#6790,#6791,#6792,#6793),(#6794,#6795,#6796,#6797,#6798,#6799,#6800),(#6801,#6802,#6803,#6804,#6805,#6806,#6807),(#6808,#6809,#6810,#6811,#6812,#6813,#6814)),.UNSPECIFIED.,.F.,.F.,.U.)B_SPLINE_SURFACE_WITH_KNOTS((4,4),(4,3,4),(0.180107501,0.805926397),(0.049795796,1.0,1.943894555),.UNSPECIFIED.)GEOMETRIC_REPRESENTATION_ITEM()RATIONAL_B_SPLINE_SURFACE(((1.383955536,1.120356667,1.134934624,1.427689408,1.136878607,1.120562537,1.378741199),(1.087376008,0.880265969,0.891719892,1.121737779,0.893247282,0.880427721,1.083279096),(1.080901865,0.875024941,0.886410669,1.115059049,0.887928965,0.87518573,1.076829345),(1.364533106,1.104633584,1.119006954,1.407653217,1.120923654,1.104836565,1.359391948)))REPRESENTATION_ITEM('')SURFACE());
#6787=CARTESIAN_POINT('',(-4.622846963,-2.537253126,2.64410571));
#6788=CARTESIAN_POINT('',(-4.624478366,-2.688281804,2.644025167));
#6789=CARTESIAN_POINT('',(-4.518086884,-2.794,2.649277783));
#6790=CARTESIAN_POINT('',(-4.369170791,-2.794,2.656629867));
#6791=CARTESIAN_POINT('',(-4.221496493,-2.794,2.663920643));
#6792=CARTESIAN_POINT('',(-4.115299124,-2.689700311,2.669163676));
#6793=CARTESIAN_POINT('',(-4.115479969,-2.53969341,2.669154748));
#6794=CARTESIAN_POINT('',(-4.621305682,-2.537253126,2.612887137));
#6795=CARTESIAN_POINT('',(-4.622986628,-2.688281804,2.613810081));
#6796=CARTESIAN_POINT('',(-4.513364222,-2.794,2.553620499));
#6797=CARTESIAN_POINT('',(-4.359925807,-2.794,2.469373178));
#6798=CARTESIAN_POINT('',(-4.207766898,-2.794,2.385828385));
#6799=CARTESIAN_POINT('',(-4.0983445,-2.689700311,2.32574862));
#6800=CARTESIAN_POINT('',(-4.098530837,-2.53969341,2.32585093));
#6801=CARTESIAN_POINT('',(-4.643011379,-2.537253126,2.590265812));
#6802=CARTESIAN_POINT('',(-4.643994618,-2.688281804,2.591915895));
#6803=CARTESIAN_POINT('',(-4.579872962,-2.794,2.48430617));
#6804=CARTESIAN_POINT('',(-4.49012192,-2.794,2.333684904));
#6805=CARTESIAN_POINT('',(-4.401119301,-2.794,2.184319651));
#6806=CARTESIAN_POINT('',(-4.337114637,-2.689700311,2.076906262));
#6807=CARTESIAN_POINT('',(-4.337223631,-2.53969341,2.077089178));
#6808=CARTESIAN_POINT('',(-4.674450783,-2.537253126,2.590792269));
#6809=CARTESIAN_POINT('',(-4.674423435,-2.688281804,2.59242543));
#6810=CARTESIAN_POINT('',(-4.676206895,-2.794,2.485919295));
#6811=CARTESIAN_POINT('',(-4.678703203,-2.794,2.336842724));
#6812=CARTESIAN_POINT('',(-4.681178695,-2.794,2.189009285));
#6813=CARTESIAN_POINT('',(-4.682958901,-2.689700311,2.082697472));
#6814=CARTESIAN_POINT('',(-4.682955869,-2.53969341,2.082878512));
#6815=ADVANCED_FACE('',(#6816),#6883,.T.);
#6816=FACE_BOUND('',#6817,.T.);
#6817=EDGE_LOOP('',(#6818,#6819,#6827,#6836,#6842,#6843,#6851,#6858,#6859,#6860,#6868,#6877));
#6818=ORIENTED_EDGE('',*,*,#6756,.F.);
#6819=ORIENTED_EDGE('',*,*,#6820,.T.);
#6820=EDGE_CURVE('',#6748,#6821,#6823,.F.);
#6821=VERTEX_POINT('',#6822);
#6822=CARTESIAN_POINT('',(-4.424023999,-2.787924,3.5052));
#6823=LINE('',#6824,#6825);
#6824=CARTESIAN_POINT('',(-4.424023999,-2.787924,3.5052));
#6825=VECTOR('',#6826,1.0);
#6826=DIRECTION('',(0.0,0.0,-1.0));
#6827=ORIENTED_EDGE('',*,*,#6828,.T.);
#6828=EDGE_CURVE('',#6821,#6829,#6831,.T.);
#6829=VERTEX_POINT('',#6830);
#6830=CARTESIAN_POINT('',(-4.3688,-2.8194,3.5052));
#6831=CIRCLE('',#6832,0.254);
#6832=AXIS2_PLACEMENT_3D('',#6833,#6834,#6835);
#6833=CARTESIAN_POINT('',(-4.5212,-3.0226,3.5052));
#6834=DIRECTION('',(0.0,0.0,-1.0));
#6835=DIRECTION('',(0.382582681,0.923921259,0.0));
#6836=ORIENTED_EDGE('',*,*,#6837,.T.);
#6837=EDGE_CURVE('',#6829,#2543,#6838,.F.);
#6838=LINE('',#6839,#6840);
#6839=CARTESIAN_POINT('',(-4.3688,-2.8194,4.3688));
#6840=VECTOR('',#6841,1.0);
#6841=DIRECTION('',(0.0,0.0,-1.0));
#6842=ORIENTED_EDGE('',*,*,#2542,.F.);
#6843=ORIENTED_EDGE('',*,*,#6844,.T.);
#6844=EDGE_CURVE('',#2535,#6845,#6847,.F.);
#6845=VERTEX_POINT('',#6846);
#6846=CARTESIAN_POINT('',(-4.2672,-3.0226,0.4318));
#6847=LINE('',#6848,#6849);
#6848=CARTESIAN_POINT('',(-4.2672,-3.0226,0.4318));
#6849=VECTOR('',#6850,1.0);
#6850=DIRECTION('',(0.0,0.0,1.0));
#6851=ORIENTED_EDGE('',*,*,#6852,.T.);
#6852=EDGE_CURVE('',#6845,#3941,#6853,.T.);
#6853=CIRCLE('',#6854,0.254);
#6854=AXIS2_PLACEMENT_3D('',#6855,#6856,#6857);
#6855=CARTESIAN_POINT('',(-4.5212,-3.0226,0.4318));
#6856=DIRECTION('',(0.0,0.0,1.0));
#6857=DIRECTION('',(1.0,0.0,0.0));
#6858=ORIENTED_EDGE('',*,*,#3940,.F.);
#6859=ORIENTED_EDGE('',*,*,#2559,.F.);
#6860=ORIENTED_EDGE('',*,*,#6861,.T.);
#6861=EDGE_CURVE('',#2552,#6862,#6864,.T.);
#6862=VERTEX_POINT('',#6863);
#6863=CARTESIAN_POINT('',(-4.6736,-2.8194,3.5052));
#6864=LINE('',#6865,#6866);
#6865=CARTESIAN_POINT('',(-4.6736,-2.8194,4.3688));
#6866=VECTOR('',#6867,1.0);
#6867=DIRECTION('',(0.0,0.0,-1.0));
#6868=ORIENTED_EDGE('',*,*,#6869,.T.);
#6869=EDGE_CURVE('',#6862,#6870,#6872,.T.);
#6870=VERTEX_POINT('',#6871);
#6871=CARTESIAN_POINT('',(-4.465976001,-2.774676,3.5052));
#6872=CIRCLE('',#6873,0.254);
#6873=AXIS2_PLACEMENT_3D('',#6874,#6875,#6876);
#6874=CARTESIAN_POINT('',(-4.5212,-3.0226,3.5052));
#6875=DIRECTION('',(0.0,0.0,-1.0));
#6876=DIRECTION('',(-0.6,0.8,0.0));
#6877=ORIENTED_EDGE('',*,*,#6878,.T.);
#6878=EDGE_CURVE('',#6870,#6730,#6879,.T.);
#6879=LINE('',#6880,#6881);
#6880=CARTESIAN_POINT('',(-4.465976001,-2.774676,3.5052));
#6881=VECTOR('',#6882,1.0);
#6882=DIRECTION('',(0.0,0.0,-1.0));
#6883=(BOUNDED_SURFACE()B_SPLINE_SURFACE(3,3,((#6884,#6885,#6886,#6887),(#6888,#6889,#6890,#6891),(#6892,#6893,#6894,#6895),(#6896,#6897,#6898,#6899),(#6900,#6901,#6902,#6903),(#6904,#6905,#6906,#6907),(#6908,#6909,#6910,#6911)),.UNSPECIFIED.,.F.,.F.,.U.)B_SPLINE_SURFACE_WITH_KNOTS((4,3,4),(4,4),(0.054316991,1.0,1.945683009),(-0.002579485,0.157579485),.UNSPECIFIED.)GEOMETRIC_REPRESENTATION_ITEM()RATIONAL_B_SPLINE_SURFACE(((1.153428252,1.153428252,1.153428252,1.153428252),(0.936391347,0.936391347,0.936391347,0.936391347),(0.949616881,0.949616881,0.949616881,0.949616881),(1.193104854,1.193104854,1.193104854,1.193104854),(0.949616881,0.949616881,0.949616881,0.949616881),(0.936391347,0.936391347,0.936391347,0.936391347),(1.153428252,1.153428252,1.153428252,1.153428252)))REPRESENTATION_ITEM('')SURFACE());
#6884=CARTESIAN_POINT('',(-4.775198035,-3.02359923,4.434318918));
#6885=CARTESIAN_POINT('',(-4.775198035,-3.02359923,3.078306306));
#6886=CARTESIAN_POINT('',(-4.775198035,-3.02359923,1.722293694));
#6887=CARTESIAN_POINT('',(-4.775198035,-3.02359923,0.366281082));
#6888=CARTESIAN_POINT('',(-4.775789309,-2.873300995,4.434318918));
#6889=CARTESIAN_POINT('',(-4.775789309,-2.873300995,3.078306306));
#6890=CARTESIAN_POINT('',(-4.775789309,-2.873300995,1.722293694));
#6891=CARTESIAN_POINT('',(-4.775789309,-2.873300995,0.366281082));
#6892=CARTESIAN_POINT('',(-4.669406144,-2.7686,4.434318918));
#6893=CARTESIAN_POINT('',(-4.669406144,-2.7686,3.078306306));
#6894=CARTESIAN_POINT('',(-4.669406144,-2.7686,1.722293694));
#6895=CARTESIAN_POINT('',(-4.669406144,-2.7686,0.366281082));
#6896=CARTESIAN_POINT('',(-4.5212,-2.7686,4.434318918));
#6897=CARTESIAN_POINT('',(-4.5212,-2.7686,3.078306306));
#6898=CARTESIAN_POINT('',(-4.5212,-2.7686,1.722293694));
#6899=CARTESIAN_POINT('',(-4.5212,-2.7686,0.366281082));
#6900=CARTESIAN_POINT('',(-4.372993856,-2.7686,4.434318918));
#6901=CARTESIAN_POINT('',(-4.372993856,-2.7686,3.078306306));
#6902=CARTESIAN_POINT('',(-4.372993856,-2.7686,1.722293694));
#6903=CARTESIAN_POINT('',(-4.372993856,-2.7686,0.366281082));
#6904=CARTESIAN_POINT('',(-4.266610691,-2.873300995,4.434318918));
#6905=CARTESIAN_POINT('',(-4.266610691,-2.873300995,3.078306306));
#6906=CARTESIAN_POINT('',(-4.266610691,-2.873300995,1.722293694));
#6907=CARTESIAN_POINT('',(-4.266610691,-2.873300995,0.366281082));
#6908=CARTESIAN_POINT('',(-4.267201965,-3.02359923,4.434318918));
#6909=CARTESIAN_POINT('',(-4.267201965,-3.02359923,3.078306306));
#6910=CARTESIAN_POINT('',(-4.267201965,-3.02359923,1.722293694));
#6911=CARTESIAN_POINT('',(-4.267201965,-3.02359923,0.366281082));
#6912=ADVANCED_FACE('',(#6913),#6935,.T.);
#6913=FACE_BOUND('',#6914,.T.);
#6914=EDGE_LOOP('',(#6915,#6922,#6923,#6924,#6925,#6932,#6933,#6934));
#6915=ORIENTED_EDGE('',*,*,#6916,.T.);
#6916=EDGE_CURVE('',#6870,#6821,#6917,.F.);
#6917=CIRCLE('',#6918,0.254);
#6918=AXIS2_PLACEMENT_3D('',#6919,#6920,#6921);
#6919=CARTESIAN_POINT('',(-4.3688,-2.54,3.5052));
#6920=DIRECTION('',(0.0,0.0,-1.0));
#6921=DIRECTION('',(-0.217417319,-0.976078741,0.0));
#6922=ORIENTED_EDGE('',*,*,#6820,.F.);
#6923=ORIENTED_EDGE('',*,*,#6747,.F.);
#6924=ORIENTED_EDGE('',*,*,#6569,.F.);
#6925=ORIENTED_EDGE('',*,*,#6926,.T.);
#6926=EDGE_CURVE('',#6561,#6553,#6927,.T.);
#6927=CIRCLE('',#6928,0.254);
#6928=AXIS2_PLACEMENT_3D('',#6929,#6930,#6931);
#6929=CARTESIAN_POINT('',(-4.3688,-2.54,3.556));
#6930=DIRECTION('',(0.0,0.0,-1.0));
#6931=DIRECTION('',(1.0,0.0,0.0));
#6932=ORIENTED_EDGE('',*,*,#6552,.F.);
#6933=ORIENTED_EDGE('',*,*,#6729,.F.);
#6934=ORIENTED_EDGE('',*,*,#6878,.F.);
#6935=(BOUNDED_SURFACE()B_SPLINE_SURFACE(3,3,((#6936,#6937,#6938,#6939),(#6940,#6941,#6942,#6943),(#6944,#6945,#6946,#6947),(#6948,#6949,#6950,#6951),(#6952,#6953,#6954,#6955),(#6956,#6957,#6958,#6959),(#6960,#6961,#6962,#6963)),.UNSPECIFIED.,.F.,.F.,.U.)B_SPLINE_SURFACE_WITH_KNOTS((4,3,4),(4,4),(0.054316991,1.0,1.945683009),(-8.534396288E-04,0.03685344),.UNSPECIFIED.)GEOMETRIC_REPRESENTATION_ITEM()RATIONAL_B_SPLINE_SURFACE(((1.153428252,1.153428252,1.153428252,1.153428252),(0.936391347,0.936391347,0.936391347,0.936391347),(0.949616881,0.949616881,0.949616881,0.949616881),(1.193104854,1.193104854,1.193104854,1.193104854),(0.949616881,0.949616881,0.949616881,0.949616881),(0.936391347,0.936391347,0.936391347,0.936391347),(1.153428252,1.153428252,1.153428252,1.153428252)))REPRESENTATION_ITEM('')SURFACE());
#6936=CARTESIAN_POINT('',(-4.114801965,-2.53900077,3.577677367));
#6937=CARTESIAN_POINT('',(-4.114801965,-2.53900077,3.258425789));
#6938=CARTESIAN_POINT('',(-4.114801965,-2.53900077,2.939174211));
#6939=CARTESIAN_POINT('',(-4.114801965,-2.53900077,2.619922633));
#6940=CARTESIAN_POINT('',(-4.114210691,-2.689299005,3.577677367));
#6941=CARTESIAN_POINT('',(-4.114210691,-2.689299005,3.258425789));
#6942=CARTESIAN_POINT('',(-4.114210691,-2.689299005,2.939174211));
#6943=CARTESIAN_POINT('',(-4.114210691,-2.689299005,2.619922633));
#6944=CARTESIAN_POINT('',(-4.220593856,-2.794,3.577677367));
#6945=CARTESIAN_POINT('',(-4.220593856,-2.794,3.258425789));
#6946=CARTESIAN_POINT('',(-4.220593856,-2.794,2.939174211));
#6947=CARTESIAN_POINT('',(-4.220593856,-2.794,2.619922633));
#6948=CARTESIAN_POINT('',(-4.3688,-2.794,3.577677367));
#6949=CARTESIAN_POINT('',(-4.3688,-2.794,3.258425789));
#6950=CARTESIAN_POINT('',(-4.3688,-2.794,2.939174211));
#6951=CARTESIAN_POINT('',(-4.3688,-2.794,2.619922633));
#6952=CARTESIAN_POINT('',(-4.517006144,-2.794,3.577677367));
#6953=CARTESIAN_POINT('',(-4.517006144,-2.794,3.258425789));
#6954=CARTESIAN_POINT('',(-4.517006144,-2.794,2.939174211));
#6955=CARTESIAN_POINT('',(-4.517006144,-2.794,2.619922633));
#6956=CARTESIAN_POINT('',(-4.623389309,-2.689299005,3.577677367));
#6957=CARTESIAN_POINT('',(-4.623389309,-2.689299005,3.258425789));
#6958=CARTESIAN_POINT('',(-4.623389309,-2.689299005,2.939174211));
#6959=CARTESIAN_POINT('',(-4.623389309,-2.689299005,2.619922633));
#6960=CARTESIAN_POINT('',(-4.622798035,-2.53900077,3.577677367));
#6961=CARTESIAN_POINT('',(-4.622798035,-2.53900077,3.258425789));
#6962=CARTESIAN_POINT('',(-4.622798035,-2.53900077,2.939174211));
#6963=CARTESIAN_POINT('',(-4.622798035,-2.53900077,2.619922633));
#6964=ADVANCED_FACE('',(#6965),#6998,.T.);
#6965=FACE_BOUND('',#6966,.T.);
#6966=EDGE_LOOP('',(#6967,#6984,#6985,#6997));
#6967=ORIENTED_EDGE('',*,*,#6968,.T.);
#6968=EDGE_CURVE('',#18,#6553,#6969,.T.);
#6969=B_SPLINE_CURVE_WITH_KNOTS('',3,(#6970,#6971,#6972,#6973,#6974,#6975,#6976,#6977,#6978,#6979,#6980,#6981,#6982,#6983),.UNSPECIFIED.,.F.,.U.,(4,1,1,1,1,1,1,1,1,1,1,4),(0.0,0.090909091,0.181818182,0.272727273,0.363636364,0.454545455,0.545454545,0.636363636,0.727272727,0.818181818,0.909090909,1.0),.UNSPECIFIED.);
#6970=CARTESIAN_POINT('',(-4.064,-2.54,4.1148));
#6971=CARTESIAN_POINT('',(-4.090598818,-2.54,4.1148));
#6972=CARTESIAN_POINT('',(-4.14379624,-2.54,4.110995239));
#6973=CARTESIAN_POINT('',(-4.221968123,-2.54,4.093989994));
#6974=CARTESIAN_POINT('',(-4.296924185,-2.54,4.066032825));
#6975=CARTESIAN_POINT('',(-4.367138594,-2.54,4.027692859));
#6976=CARTESIAN_POINT('',(-4.431181972,-2.54,3.979750586));
#6977=CARTESIAN_POINT('',(-4.487750586,-2.54,3.923181972));
#6978=CARTESIAN_POINT('',(-4.535692859,-2.54,3.859138594));
#6979=CARTESIAN_POINT('',(-4.574032825,-2.54,3.788924185));
#6980=CARTESIAN_POINT('',(-4.601989994,-2.54,3.713968123));
#6981=CARTESIAN_POINT('',(-4.618995239,-2.54,3.63579624));
#6982=CARTESIAN_POINT('',(-4.6228,-2.54,3.582598818));
#6983=CARTESIAN_POINT('',(-4.6228,-2.54,3.556));
#6984=ORIENTED_EDGE('',*,*,#6926,.F.);
#6985=ORIENTED_EDGE('',*,*,#6986,.T.);
#6986=EDGE_CURVE('',#6561,#26,#6987,.F.);
#6987=B_SPLINE_CURVE_WITH_KNOTS('',3,(#6988,#6989,#6990,#6991,#6992,#6993,#6994,#6995,#6996),.UNSPECIFIED.,.F.,.U.,(4,1,1,1,1,1,4),(0.0,0.166666667,0.333333333,0.5,0.666666667,0.833333333,1.0),.UNSPECIFIED.);
#6988=CARTESIAN_POINT('',(-4.064,-2.54,3.6068));
#6989=CARTESIAN_POINT('',(-4.068433136,-2.54,3.6068));
#6990=CARTESIAN_POINT('',(-4.077299005,-2.54,3.605632763));
#6991=CARTESIAN_POINT('',(-4.089691824,-2.54,3.60049952));
#6992=CARTESIAN_POINT('',(-4.100333701,-2.54,3.592333701));
#6993=CARTESIAN_POINT('',(-4.10849952,-2.54,3.581691824));
#6994=CARTESIAN_POINT('',(-4.113632763,-2.54,3.569299005));
#6995=CARTESIAN_POINT('',(-4.1148,-2.54,3.560433136));
#6996=CARTESIAN_POINT('',(-4.1148,-2.54,3.556));
#6997=ORIENTED_EDGE('',*,*,#25,.F.);
#6998=(BOUNDED_SURFACE()B_SPLINE_SURFACE(3,3,((#6999,#7000,#7001,#7002,#7003,#7004,#7005),(#7006,#7007,#7008,#7009,#7010,#7011,#7012),(#7013,#7014,#7015,#7016,#7017,#7018,#7019),(#7020,#7021,#7022,#7023,#7024,#7025,#7026)),.UNSPECIFIED.,.F.,.F.,.U.)B_SPLINE_SURFACE_WITH_KNOTS((4,4),(4,3,4),(0.194073603,0.805926397),(0.056887344,1.0,1.950204204),.UNSPECIFIED.)GEOMETRIC_REPRESENTATION_ITEM()RATIONAL_B_SPLINE_SURFACE(((1.358759903,1.104863403,1.121161174,1.407653217,1.119006954,1.104633584,1.364533106),(1.082631559,0.880332122,0.893317847,1.121588733,0.891601409,0.880149007,1.087231528),(1.082631559,0.880332122,0.893317847,1.121588733,0.891601409,0.880149007,1.087231528),(1.358759903,1.104863403,1.121161174,1.407653217,1.119006954,1.104633584,1.364533106)))REPRESENTATION_ITEM('')SURFACE());
#6999=CARTESIAN_POINT('',(-4.054644128,-2.53999646,4.114721673));
#7000=CARTESIAN_POINT('',(-4.054644093,-2.689875567,4.114723761));
#7001=CARTESIAN_POINT('',(-4.05642388,-2.794,4.008436961));
#7002=CARTESIAN_POINT('',(-4.058896797,-2.794,3.860757276));
#7003=CARTESIAN_POINT('',(-4.061393105,-2.794,3.711680705));
#7004=CARTESIAN_POINT('',(-4.063176565,-2.688281804,3.60517457));
#7005=CARTESIAN_POINT('',(-4.063149217,-2.537253126,3.606807731));
#7006=CARTESIAN_POINT('',(-4.390693065,-2.53999646,4.120348859));
#7007=CARTESIAN_POINT('',(-4.390694286,-2.689875567,4.120350969));
#7008=CARTESIAN_POINT('',(-4.328546776,-2.794,4.012993697));
#7009=CARTESIAN_POINT('',(-4.242196217,-2.794,3.86382665));
#7010=CARTESIAN_POINT('',(-4.155028877,-2.794,3.713248649));
#7011=CARTESIAN_POINT('',(-4.092753119,-2.688281804,3.605669833));
#7012=CARTESIAN_POINT('',(-4.093708053,-2.537253126,3.607319443));
#7013=CARTESIAN_POINT('',(-4.628348859,-2.53999646,3.882693065));
#7014=CARTESIAN_POINT('',(-4.628350969,-2.689875567,3.882694286));
#7015=CARTESIAN_POINT('',(-4.520993697,-2.794,3.820546776));
#7016=CARTESIAN_POINT('',(-4.37182665,-2.794,3.734196217));
#7017=CARTESIAN_POINT('',(-4.221248649,-2.794,3.647028877));
#7018=CARTESIAN_POINT('',(-4.113669833,-2.688281804,3.584753119));
#7019=CARTESIAN_POINT('',(-4.115319443,-2.537253126,3.585708053));
#7020=CARTESIAN_POINT('',(-4.622721673,-2.53999646,3.546644128));
#7021=CARTESIAN_POINT('',(-4.622723761,-2.689875567,3.546644093));
#7022=CARTESIAN_POINT('',(-4.516436961,-2.794,3.54842388));
#7023=CARTESIAN_POINT('',(-4.368757276,-2.794,3.550896797));
#7024=CARTESIAN_POINT('',(-4.219680705,-2.794,3.553393105));
#7025=CARTESIAN_POINT('',(-4.11317457,-2.688281804,3.555176565));
#7026=CARTESIAN_POINT('',(-4.114807731,-2.537253126,3.555149217));
#7027=ADVANCED_FACE('',(#7028),#7040,.T.);
#7028=FACE_BOUND('',#7029,.T.);
#7029=EDGE_LOOP('',(#7030,#7031,#7032,#7033));
#7030=ORIENTED_EDGE('',*,*,#6986,.F.);
#7031=ORIENTED_EDGE('',*,*,#6560,.F.);
#7032=ORIENTED_EDGE('',*,*,#6968,.F.);
#7033=ORIENTED_EDGE('',*,*,#7034,.T.);
#7034=EDGE_CURVE('',#18,#26,#7035,.T.);
#7035=CIRCLE('',#7036,0.254);
#7036=AXIS2_PLACEMENT_3D('',#7037,#7038,#7039);
#7037=CARTESIAN_POINT('',(-4.064,-2.54,3.8608));
#7038=DIRECTION('',(-1.0,0.0,0.0));
#7039=DIRECTION('',(0.0,0.0,1.0));
#7040=(BOUNDED_SURFACE()B_SPLINE_SURFACE(3,3,((#7041,#7042,#7043,#7044,#7045,#7046,#7047),(#7048,#7049,#7050,#7051,#7052,#7053,#7054),(#7055,#7056,#7057,#7058,#7059,#7060,#7061),(#7062,#7063,#7064,#7065,#7066,#7067,#7068)),.UNSPECIFIED.,.F.,.F.,.U.)B_SPLINE_SURFACE_WITH_KNOTS((4,4),(4,3,4),(0.194073603,0.805926397),(0.049795796,1.0,1.943112656),.UNSPECIFIED.)GEOMETRIC_REPRESENTATION_ITEM()RATIONAL_B_SPLINE_SURFACE(((1.364533106,1.104633584,1.119006954,1.407653217,1.121161174,1.104863403,1.358759903),(1.087231528,0.880149007,0.891601409,1.121588733,0.893317847,0.880332122,1.082631559),(1.087231528,0.880149007,0.891601409,1.121588733,0.893317847,0.880332122,1.082631559),(1.364533106,1.104633584,1.119006954,1.407653217,1.121161174,1.104863403,1.358759903)))REPRESENTATION_ITEM('')SURFACE());
#7041=CARTESIAN_POINT('',(-4.063149217,-2.542746874,3.606807731));
#7042=CARTESIAN_POINT('',(-4.063176565,-2.391718196,3.60517457));
#7043=CARTESIAN_POINT('',(-4.061393105,-2.286,3.711680705));
#7044=CARTESIAN_POINT('',(-4.058896797,-2.286,3.860757276));
#7045=CARTESIAN_POINT('',(-4.05642388,-2.286,4.008436961));
#7046=CARTESIAN_POINT('',(-4.054644093,-2.390124433,4.114723761));
#7047=CARTESIAN_POINT('',(-4.054644128,-2.54000354,4.114721673));
#7048=CARTESIAN_POINT('',(-4.093708053,-2.542746874,3.607319443));
#7049=CARTESIAN_POINT('',(-4.092753119,-2.391718196,3.605669833));
#7050=CARTESIAN_POINT('',(-4.155028877,-2.286,3.713248649));
#7051=CARTESIAN_POINT('',(-4.242196217,-2.286,3.86382665));
#7052=CARTESIAN_POINT('',(-4.328546776,-2.286,4.012993697));
#7053=CARTESIAN_POINT('',(-4.390694286,-2.390124433,4.120350969));
#7054=CARTESIAN_POINT('',(-4.390693065,-2.54000354,4.120348859));
#7055=CARTESIAN_POINT('',(-4.115319443,-2.542746874,3.585708053));
#7056=CARTESIAN_POINT('',(-4.113669833,-2.391718196,3.584753119));
#7057=CARTESIAN_POINT('',(-4.221248649,-2.286,3.647028877));
#7058=CARTESIAN_POINT('',(-4.37182665,-2.286,3.734196217));
#7059=CARTESIAN_POINT('',(-4.520993697,-2.286,3.820546776));
#7060=CARTESIAN_POINT('',(-4.628350969,-2.390124433,3.882694286));
#7061=CARTESIAN_POINT('',(-4.628348859,-2.54000354,3.882693065));
#7062=CARTESIAN_POINT('',(-4.114807731,-2.542746874,3.555149217));
#7063=CARTESIAN_POINT('',(-4.11317457,-2.391718196,3.555176565));
#7064=CARTESIAN_POINT('',(-4.219680705,-2.286,3.553393105));
#7065=CARTESIAN_POINT('',(-4.368757276,-2.286,3.550896797));
#7066=CARTESIAN_POINT('',(-4.516436961,-2.286,3.54842388));
#7067=CARTESIAN_POINT('',(-4.622723761,-2.390124433,3.546644093));
#7068=CARTESIAN_POINT('',(-4.622721673,-2.54000354,3.546644128));
#7069=ADVANCED_FACE('',(#7070),#7082,.T.);
#7070=FACE_BOUND('',#7071,.T.);
#7071=EDGE_LOOP('',(#7072,#7073,#7074,#7075));
#7072=ORIENTED_EDGE('',*,*,#34,.F.);
#7073=ORIENTED_EDGE('',*,*,#7034,.F.);
#7074=ORIENTED_EDGE('',*,*,#15,.F.);
#7075=ORIENTED_EDGE('',*,*,#7076,.T.);
#7076=EDGE_CURVE('',#16,#35,#7077,.T.);
#7077=CIRCLE('',#7078,0.254);
#7078=AXIS2_PLACEMENT_3D('',#7079,#7080,#7081);
#7079=CARTESIAN_POINT('',(-2.8448,-2.54,3.8608));
#7080=DIRECTION('',(-1.0,0.0,0.0));
#7081=DIRECTION('',(0.0,0.0,1.0));
#7082=(BOUNDED_SURFACE()B_SPLINE_SURFACE(3,3,((#7083,#7084,#7085,#7086),(#7087,#7088,#7089,#7090),(#7091,#7092,#7093,#7094),(#7095,#7096,#7097,#7098),(#7099,#7100,#7101,#7102),(#7103,#7104,#7105,#7106),(#7107,#7108,#7109,#7110)),.UNSPECIFIED.,.F.,.F.,.U.)B_SPLINE_SURFACE_WITH_KNOTS((4,3,4),(4,4),(0.054316991,1.0,1.945683009),(-9.6E-04,0.04896),.PIECEWISE_BEZIER_KNOTS.)GEOMETRIC_REPRESENTATION_ITEM()RATIONAL_B_SPLINE_SURFACE(((1.153428252,1.153428252,1.153428252,1.153428252),(0.936391347,0.936391347,0.936391347,0.936391347),(0.949616881,0.949616881,0.949616881,0.949616881),(1.193104854,1.193104854,1.193104854,1.193104854),(0.949616881,0.949616881,0.949616881,0.949616881),(0.936391347,0.936391347,0.936391347,0.936391347),(1.153428252,1.153428252,1.153428252,1.153428252)))REPRESENTATION_ITEM('')SURFACE());
#7083=CARTESIAN_POINT('',(-2.820416,-2.54099923,4.114798035));
#7084=CARTESIAN_POINT('',(-3.243072,-2.54099923,4.114798035));
#7085=CARTESIAN_POINT('',(-3.665728,-2.54099923,4.114798035));
#7086=CARTESIAN_POINT('',(-4.088384,-2.54099923,4.114798035));
#7087=CARTESIAN_POINT('',(-2.820416,-2.390700995,4.115389309));
#7088=CARTESIAN_POINT('',(-3.243072,-2.390700995,4.115389309));
#7089=CARTESIAN_POINT('',(-3.665728,-2.390700995,4.115389309));
#7090=CARTESIAN_POINT('',(-4.088384,-2.390700995,4.115389309));
#7091=CARTESIAN_POINT('',(-2.820416,-2.286,4.009006144));
#7092=CARTESIAN_POINT('',(-3.243072,-2.286,4.009006144));
#7093=CARTESIAN_POINT('',(-3.665728,-2.286,4.009006144));
#7094=CARTESIAN_POINT('',(-4.088384,-2.286,4.009006144));
#7095=CARTESIAN_POINT('',(-2.820416,-2.286,3.8608));
#7096=CARTESIAN_POINT('',(-3.243072,-2.286,3.8608));
#7097=CARTESIAN_POINT('',(-3.665728,-2.286,3.8608));
#7098=CARTESIAN_POINT('',(-4.088384,-2.286,3.8608));
#7099=CARTESIAN_POINT('',(-2.820416,-2.286,3.712593856));
#7100=CARTESIAN_POINT('',(-3.243072,-2.286,3.712593856));
#7101=CARTESIAN_POINT('',(-3.665728,-2.286,3.712593856));
#7102=CARTESIAN_POINT('',(-4.088384,-2.286,3.712593856));
#7103=CARTESIAN_POINT('',(-2.820416,-2.390700995,3.606210691));
#7104=CARTESIAN_POINT('',(-3.243072,-2.390700995,3.606210691));
#7105=CARTESIAN_POINT('',(-3.665728,-2.390700995,3.606210691));
#7106=CARTESIAN_POINT('',(-4.088384,-2.390700995,3.606210691));
#7107=CARTESIAN_POINT('',(-2.820416,-2.54099923,3.606801965));
#7108=CARTESIAN_POINT('',(-3.243072,-2.54099923,3.606801965));
#7109=CARTESIAN_POINT('',(-3.665728,-2.54099923,3.606801965));
#7110=CARTESIAN_POINT('',(-4.088384,-2.54099923,3.606801965));
#7111=ADVANCED_FACE('',(#7112),#7124,.T.);
#7112=FACE_BOUND('',#7113,.T.);
#7113=EDGE_LOOP('',(#7114,#7115,#7116,#7117));
#7114=ORIENTED_EDGE('',*,*,#101,.F.);
#7115=ORIENTED_EDGE('',*,*,#7076,.F.);
#7116=ORIENTED_EDGE('',*,*,#81,.F.);
#7117=ORIENTED_EDGE('',*,*,#7118,.T.);
#7118=EDGE_CURVE('',#82,#102,#7119,.T.);
#7119=CIRCLE('',#7120,0.254);
#7120=AXIS2_PLACEMENT_3D('',#7121,#7122,#7123);
#7121=CARTESIAN_POINT('',(-2.54,-2.54,3.556));
#7122=DIRECTION('',(0.0,0.0,1.0));
#7123=DIRECTION('',(1.0,0.0,0.0));
#7124=(BOUNDED_SURFACE()B_SPLINE_SURFACE(3,3,((#7125,#7126,#7127,#7128,#7129,#7130,#7131),(#7132,#7133,#7134,#7135,#7136,#7137,#7138),(#7139,#7140,#7141,#7142,#7143,#7144,#7145),(#7146,#7147,#7148,#7149,#7150,#7151,#7152)),.UNSPECIFIED.,.F.,.F.,.U.)B_SPLINE_SURFACE_WITH_KNOTS((4,4),(4,3,4),(0.194073603,0.805926397),(0.049795796,1.0,1.943112656),.UNSPECIFIED.)GEOMETRIC_REPRESENTATION_ITEM()RATIONAL_B_SPLINE_SURFACE(((1.364533106,1.104633584,1.119006954,1.407653217,1.121161174,1.104863403,1.358759903),(1.087231528,0.880149007,0.891601409,1.121588733,0.893317847,0.880332122,1.082631559),(1.087231528,0.880149007,0.891601409,1.121588733,0.893317847,0.880332122,1.082631559),(1.364533106,1.104633584,1.119006954,1.407653217,1.121161174,1.104863403,1.358759903)))REPRESENTATION_ITEM('')SURFACE());
#7125=CARTESIAN_POINT('',(-2.793992269,-2.542746874,3.555149217));
#7126=CARTESIAN_POINT('',(-2.79562543,-2.391718196,3.555176565));
#7127=CARTESIAN_POINT('',(-2.689119295,-2.286,3.553393105));
#7128=CARTESIAN_POINT('',(-2.540042724,-2.286,3.550896797));
#7129=CARTESIAN_POINT('',(-2.392363039,-2.286,3.54842388));
#7130=CARTESIAN_POINT('',(-2.286076239,-2.390124433,3.546644093));
#7131=CARTESIAN_POINT('',(-2.286078327,-2.54000354,3.546644128));
#7132=CARTESIAN_POINT('',(-2.793480557,-2.542746874,3.585708053));
#7133=CARTESIAN_POINT('',(-2.795130167,-2.391718196,3.584753119));
#7134=CARTESIAN_POINT('',(-2.687551351,-2.286,3.647028877));
#7135=CARTESIAN_POINT('',(-2.53697335,-2.286,3.734196217));
#7136=CARTESIAN_POINT('',(-2.387806303,-2.286,3.820546776));
#7137=CARTESIAN_POINT('',(-2.280449031,-2.390124433,3.882694286));
#7138=CARTESIAN_POINT('',(-2.280451141,-2.54000354,3.882693065));
#7139=CARTESIAN_POINT('',(-2.815091947,-2.542746874,3.607319443));
#7140=CARTESIAN_POINT('',(-2.816046881,-2.391718196,3.605669833));
#7141=CARTESIAN_POINT('',(-2.753771123,-2.286,3.713248649));
#7142=CARTESIAN_POINT('',(-2.666603783,-2.286,3.86382665));
#7143=CARTESIAN_POINT('',(-2.580253224,-2.286,4.012993697));
#7144=CARTESIAN_POINT('',(-2.518105714,-2.390124433,4.120350969));
#7145=CARTESIAN_POINT('',(-2.518106935,-2.54000354,4.120348859));
#7146=CARTESIAN_POINT('',(-2.845650783,-2.542746874,3.606807731));
#7147=CARTESIAN_POINT('',(-2.845623435,-2.391718196,3.60517457));
#7148=CARTESIAN_POINT('',(-2.847406895,-2.286,3.711680705));
#7149=CARTESIAN_POINT('',(-2.849903203,-2.286,3.860757276));
#7150=CARTESIAN_POINT('',(-2.85237612,-2.286,4.008436961));
#7151=CARTESIAN_POINT('',(-2.854155907,-2.390124433,4.114723761));
#7152=CARTESIAN_POINT('',(-2.854155872,-2.54000354,4.114721673));
#7153=ADVANCED_FACE('',(#7154),#7160,.T.);
#7154=FACE_BOUND('',#7155,.T.);
#7155=EDGE_LOOP('',(#7156,#7157,#7158,#7159));
#7156=ORIENTED_EDGE('',*,*,#163,.F.);
#7157=ORIENTED_EDGE('',*,*,#7118,.F.);
#7158=ORIENTED_EDGE('',*,*,#154,.F.);
#7159=ORIENTED_EDGE('',*,*,#231,.F.);
#7160=(BOUNDED_SURFACE()B_SPLINE_SURFACE(3,3,((#7161,#7162,#7163,#7164),(#7165,#7166,#7167,#7168),(#7169,#7170,#7171,#7172),(#7173,#7174,#7175,#7176),(#7177,#7178,#7179,#7180),(#7181,#7182,#7183,#7184),(#7185,#7186,#7187,#7188)),.UNSPECIFIED.,.F.,.F.,.U.)B_SPLINE_SURFACE_WITH_KNOTS((4,3,4),(4,4),(0.039901161,1.0,1.960098839),(-2.0E-05,0.00102),.PIECEWISE_BEZIER_KNOTS.)GEOMETRIC_REPRESENTATION_ITEM()RATIONAL_B_SPLINE_SURFACE(((1.158567296,1.158567296,1.158567296,1.158567296),(0.937976611,0.937976611,0.937976611,0.937976611),(0.947541757,0.947541757,0.947541757,0.947541757),(1.187262732,1.187262732,1.187262732,1.187262732),(0.947541757,0.947541757,0.947541757,0.947541757),(0.937976611,0.937976611,0.937976611,0.937976611),(1.158567296,1.158567296,1.158567296,1.158567296)))REPRESENTATION_ITEM('')SURFACE());
#7161=CARTESIAN_POINT('',(-2.286001965,-2.540999217,3.530092));
#7162=CARTESIAN_POINT('',(-2.286001965,-2.540999217,3.538897333));
#7163=CARTESIAN_POINT('',(-2.286001965,-2.540999217,3.547702667));
#7164=CARTESIAN_POINT('',(-2.286001965,-2.540999217,3.556508));
#7165=CARTESIAN_POINT('',(-2.285411835,-2.390989737,3.530092));
#7166=CARTESIAN_POINT('',(-2.285411835,-2.390989737,3.538897333));
#7167=CARTESIAN_POINT('',(-2.285411835,-2.390989737,3.547702667));
#7168=CARTESIAN_POINT('',(-2.285411835,-2.390989737,3.556508));
#7169=CARTESIAN_POINT('',(-2.391503671,-2.286,3.530092));
#7170=CARTESIAN_POINT('',(-2.391503671,-2.286,3.538897333));
#7171=CARTESIAN_POINT('',(-2.391503671,-2.286,3.547702667));
#7172=CARTESIAN_POINT('',(-2.391503671,-2.286,3.556508));
#7173=CARTESIAN_POINT('',(-2.54,-2.286,3.530092));
#7174=CARTESIAN_POINT('',(-2.54,-2.286,3.538897333));
#7175=CARTESIAN_POINT('',(-2.54,-2.286,3.547702667));
#7176=CARTESIAN_POINT('',(-2.54,-2.286,3.556508));
#7177=CARTESIAN_POINT('',(-2.688496329,-2.286,3.530092));
#7178=CARTESIAN_POINT('',(-2.688496329,-2.286,3.538897333));
#7179=CARTESIAN_POINT('',(-2.688496329,-2.286,3.547702667));
#7180=CARTESIAN_POINT('',(-2.688496329,-2.286,3.556508));
#7181=CARTESIAN_POINT('',(-2.794588165,-2.390989737,3.530092));
#7182=CARTESIAN_POINT('',(-2.794588165,-2.390989737,3.538897333));
#7183=CARTESIAN_POINT('',(-2.794588165,-2.390989737,3.547702667));
#7184=CARTESIAN_POINT('',(-2.794588165,-2.390989737,3.556508));
#7185=CARTESIAN_POINT('',(-2.793998035,-2.540999217,3.530092));
#7186=CARTESIAN_POINT('',(-2.793998035,-2.540999217,3.538897333));
#7187=CARTESIAN_POINT('',(-2.793998035,-2.540999217,3.547702667));
#7188=CARTESIAN_POINT('',(-2.793998035,-2.540999217,3.556508));
#7189=ADVANCED_FACE('',(#7190),#7201,.F.);
#7190=FACE_BOUND('',#7191,.T.);
#7191=EDGE_LOOP('',(#7192,#7193,#7199,#7200));
#7192=ORIENTED_EDGE('',*,*,#6869,.F.);
#7193=ORIENTED_EDGE('',*,*,#7194,.T.);
#7194=EDGE_CURVE('',#6862,#6829,#7195,.F.);
#7195=LINE('',#7196,#7197);
#7196=CARTESIAN_POINT('',(-4.3688,-2.8194,3.5052));
#7197=VECTOR('',#7198,1.0);
#7198=DIRECTION('',(-1.0,0.0,0.0));
#7199=ORIENTED_EDGE('',*,*,#6828,.F.);
#7200=ORIENTED_EDGE('',*,*,#6916,.F.);
#7201=B_SPLINE_SURFACE_WITH_KNOTS('',1,1,((#7202,#7203),(#7204,#7205)),.UNSPECIFIED.,.F.,.F.,.U.,(2,2),(2,2),(-0.18403937,-0.17196063),(0.008974132,0.01103937),.PIECEWISE_BEZIER_KNOTS.);
#7202=CARTESIAN_POINT('',(-4.6746,-2.767942954,3.5052));
#7203=CARTESIAN_POINT('',(-4.6746,-2.8204,3.5052));
#7204=CARTESIAN_POINT('',(-4.3678,-2.767942954,3.5052));
#7205=CARTESIAN_POINT('',(-4.3678,-2.8204,3.5052));
#7206=ADVANCED_FACE('',(#7207),#7213,.T.);
#7207=FACE_BOUND('',#7208,.T.);
#7208=EDGE_LOOP('',(#7209,#7210,#7211,#7212));
#7209=ORIENTED_EDGE('',*,*,#6837,.F.);
#7210=ORIENTED_EDGE('',*,*,#7194,.F.);
#7211=ORIENTED_EDGE('',*,*,#6861,.F.);
#7212=ORIENTED_EDGE('',*,*,#2551,.F.);
#7213=B_SPLINE_SURFACE_WITH_KNOTS('',1,1,((#7214,#7215),(#7216,#7217)),.UNSPECIFIED.,.F.,.F.,.U.,(2,2),(2,2),(-3.937007874E-05,0.01203937),(-0.03403937,3.937007874E-05),.PIECEWISE_BEZIER_KNOTS.);
#7214=CARTESIAN_POINT('',(-4.3678,-2.8194,3.5042));
#7215=CARTESIAN_POINT('',(-4.3678,-2.8194,4.3698));
#7216=CARTESIAN_POINT('',(-4.6746,-2.8194,3.5042));
#7217=CARTESIAN_POINT('',(-4.6746,-2.8194,4.3698));
#7218=ADVANCED_FACE('',(#7219),#7262,.T.);
#7219=FACE_BOUND('',#7220,.T.);
#7220=EDGE_LOOP('',(#7221,#7231,#7237,#7238,#7239,#7240,#7248,#7256));
#7221=ORIENTED_EDGE('',*,*,#7222,.T.);
#7222=EDGE_CURVE('',#7223,#7225,#7227,.T.);
#7223=VERTEX_POINT('',#7224);
#7224=CARTESIAN_POINT('',(-4.064,-1.9304,0.4318));
#7225=VERTEX_POINT('',#7226);
#7226=CARTESIAN_POINT('',(-4.2672,-1.9304,0.4318));
#7227=LINE('',#7228,#7229);
#7228=CARTESIAN_POINT('',(-4.064,-1.9304,0.4318));
#7229=VECTOR('',#7230,1.0);
#7230=DIRECTION('',(-1.0,0.0,0.0));
#7231=ORIENTED_EDGE('',*,*,#7232,.T.);
#7232=EDGE_CURVE('',#7225,#6432,#7233,.T.);
#7233=LINE('',#7234,#7235);
#7234=CARTESIAN_POINT('',(-4.2672,-1.9304,0.4318));
#7235=VECTOR('',#7236,1.0);
#7236=DIRECTION('',(0.0,-1.0,0.0));
#7237=ORIENTED_EDGE('',*,*,#6431,.F.);
#7238=ORIENTED_EDGE('',*,*,#3948,.F.);
#7239=ORIENTED_EDGE('',*,*,#6852,.F.);
#7240=ORIENTED_EDGE('',*,*,#7241,.T.);
#7241=EDGE_CURVE('',#6845,#7242,#7244,.F.);
#7242=VERTEX_POINT('',#7243);
#7243=CARTESIAN_POINT('',(-4.2672,-3.1496,0.4318));
#7244=LINE('',#7245,#7246);
#7245=CARTESIAN_POINT('',(-4.2672,-3.1496,0.4318));
#7246=VECTOR('',#7247,1.0);
#7247=DIRECTION('',(0.0,1.0,0.0));
#7248=ORIENTED_EDGE('',*,*,#7249,.T.);
#7249=EDGE_CURVE('',#7242,#7250,#7252,.F.);
#7250=VERTEX_POINT('',#7251);
#7251=CARTESIAN_POINT('',(-4.064,-3.1496,0.4318));
#7252=LINE('',#7253,#7254);
#7253=CARTESIAN_POINT('',(-4.064,-3.1496,0.4318));
#7254=VECTOR('',#7255,1.0);
#7255=DIRECTION('',(-1.0,0.0,0.0));
#7256=ORIENTED_EDGE('',*,*,#7257,.T.);
#7257=EDGE_CURVE('',#7250,#7223,#7258,.T.);
#7258=LINE('',#7259,#7260);
#7259=CARTESIAN_POINT('',(-4.064,-3.1496,0.4318));
#7260=VECTOR('',#7261,1.0);
#7261=DIRECTION('',(0.0,1.0,0.0));
#7262=B_SPLINE_SURFACE_WITH_KNOTS('',1,1,((#7263,#7264),(#7265,#7266)),.UNSPECIFIED.,.F.,.F.,.U.,(2,2),(2,2),(-0.18803937,-0.15996063),(-0.02403937,0.02403937),.PIECEWISE_BEZIER_KNOTS.);
#7263=CARTESIAN_POINT('',(-4.7762,-3.1506,0.4318));
#7264=CARTESIAN_POINT('',(-4.7762,-1.9294,0.4318));
#7265=CARTESIAN_POINT('',(-4.063,-3.1506,0.4318));
#7266=CARTESIAN_POINT('',(-4.063,-1.9294,0.4318));
#7267=ADVANCED_FACE('',(#7268),#7293,.F.);
#7268=FACE_BOUND('',#7269,.T.);
#7269=EDGE_LOOP('',(#7270,#7278,#7279,#7287));
#7270=ORIENTED_EDGE('',*,*,#7271,.T.);
#7271=EDGE_CURVE('',#7272,#7223,#7274,.T.);
#7272=VERTEX_POINT('',#7273);
#7273=CARTESIAN_POINT('',(-4.064,-1.9304,2.5908));
#7274=LINE('',#7275,#7276);
#7275=CARTESIAN_POINT('',(-4.064,-1.9304,2.5908));
#7276=VECTOR('',#7277,1.0);
#7277=DIRECTION('',(0.0,0.0,-1.0));
#7278=ORIENTED_EDGE('',*,*,#7257,.F.);
#7279=ORIENTED_EDGE('',*,*,#7280,.T.);
#7280=EDGE_CURVE('',#7250,#7281,#7283,.F.);
#7281=VERTEX_POINT('',#7282);
#7282=CARTESIAN_POINT('',(-4.064,-3.1496,2.5908));
#7283=LINE('',#7284,#7285);
#7284=CARTESIAN_POINT('',(-4.064,-3.1496,2.5908));
#7285=VECTOR('',#7286,1.0);
#7286=DIRECTION('',(0.0,0.0,-1.0));
#7287=ORIENTED_EDGE('',*,*,#7288,.T.);
#7288=EDGE_CURVE('',#7281,#7272,#7289,.F.);
#7289=LINE('',#7290,#7291);
#7290=CARTESIAN_POINT('',(-4.064,-1.9304,2.5908));
#7291=VECTOR('',#7292,1.0);
#7292=DIRECTION('',(0.0,-1.0,0.0));
#7293=B_SPLINE_SURFACE_WITH_KNOTS('',1,1,((#7294,#7295),(#7296,#7297)),.UNSPECIFIED.,.F.,.F.,.U.,(2,2),(2,2),(-0.02403937,0.02403937),(-0.09903937,-0.01396063),.PIECEWISE_BEZIER_KNOTS.);
#7294=CARTESIAN_POINT('',(-4.064,-3.1506,0.4308));
#7295=CARTESIAN_POINT('',(-4.064,-3.1506,2.5918));
#7296=CARTESIAN_POINT('',(-4.064,-1.9294,0.4308));
#7297=CARTESIAN_POINT('',(-4.064,-1.9294,2.5918));
#7298=ADVANCED_FACE('',(#7299),#7317,.T.);
#7299=FACE_BOUND('',#7300,.T.);
#7300=EDGE_LOOP('',(#7301,#7308,#7309,#7316));
#7301=ORIENTED_EDGE('',*,*,#7302,.T.);
#7302=EDGE_CURVE('',#7281,#1904,#7303,.T.);
#7303=CIRCLE('',#7304,0.3556);
#7304=AXIS2_PLACEMENT_3D('',#7305,#7306,#7307);
#7305=CARTESIAN_POINT('',(-3.7084,-3.1496,2.5908));
#7306=DIRECTION('',(0.0,1.0,0.0));
#7307=DIRECTION('',(-1.0,0.0,0.0));
#7308=ORIENTED_EDGE('',*,*,#2041,.F.);
#7309=ORIENTED_EDGE('',*,*,#7310,.T.);
#7310=EDGE_CURVE('',#2034,#7272,#7311,.F.);
#7311=CIRCLE('',#7312,0.3556);
#7312=AXIS2_PLACEMENT_3D('',#7313,#7314,#7315);
#7313=CARTESIAN_POINT('',(-3.7084,-1.9304,2.5908));
#7314=DIRECTION('',(0.0,1.0,0.0));
#7315=DIRECTION('',(-1.0,0.0,0.0));
#7316=ORIENTED_EDGE('',*,*,#7288,.F.);
#7317=(BOUNDED_SURFACE()B_SPLINE_SURFACE(3,3,((#7318,#7319,#7320,#7321),(#7322,#7323,#7324,#7325),(#7326,#7327,#7328,#7329),(#7330,#7331,#7332,#7333)),.UNSPECIFIED.,.F.,.F.,.U.)B_SPLINE_SURFACE_WITH_KNOTS((4,4),(4,4),(0.038333533,0.961666467),(-0.04896,9.6E-04),.PIECEWISE_BEZIER_KNOTS.)GEOMETRIC_REPRESENTATION_ITEM()RATIONAL_B_SPLINE_SURFACE(((1.172940272,1.172940272,1.172940272,1.172940272),(0.942353243,0.942353243,0.942353243,0.942353243),(0.942353243,0.942353243,0.942353243,0.942353243),(1.172940272,1.172940272,1.172940272,1.172940272)))REPRESENTATION_ITEM('')SURFACE());
#7318=CARTESIAN_POINT('',(-4.063998596,-3.173984,2.589800584));
#7319=CARTESIAN_POINT('',(-4.063998596,-2.751328,2.589800584));
#7320=CARTESIAN_POINT('',(-4.063998596,-2.328672,2.589800584));
#7321=CARTESIAN_POINT('',(-4.063998596,-1.906016,2.589800584));
#7322=CARTESIAN_POINT('',(-4.064586652,-3.173984,2.799034996));
#7323=CARTESIAN_POINT('',(-4.064586652,-2.751328,2.799034996));
#7324=CARTESIAN_POINT('',(-4.064586652,-2.328672,2.799034996));
#7325=CARTESIAN_POINT('',(-4.064586652,-1.906016,2.799034996));
#7326=CARTESIAN_POINT('',(-3.916634996,-3.173984,2.946986652));
#7327=CARTESIAN_POINT('',(-3.916634996,-2.751328,2.946986652));
#7328=CARTESIAN_POINT('',(-3.916634996,-2.328672,2.946986652));
#7329=CARTESIAN_POINT('',(-3.916634996,-1.906016,2.946986652));
#7330=CARTESIAN_POINT('',(-3.707400584,-3.173984,2.946398596));
#7331=CARTESIAN_POINT('',(-3.707400584,-2.751328,2.946398596));
#7332=CARTESIAN_POINT('',(-3.707400584,-2.328672,2.946398596));
#7333=CARTESIAN_POINT('',(-3.707400584,-1.906016,2.946398596));
#7334=ADVANCED_FACE('',(#7335),#7348,.F.);
#7335=FACE_BOUND('',#7336,.T.);
#7336=EDGE_LOOP('',(#7337,#7338,#7339,#7345,#7346,#7347));
#7337=ORIENTED_EDGE('',*,*,#2033,.F.);
#7338=ORIENTED_EDGE('',*,*,#2336,.F.);
#7339=ORIENTED_EDGE('',*,*,#7340,.T.);
#7340=EDGE_CURVE('',#2329,#7225,#7341,.T.);
#7341=LINE('',#7342,#7343);
#7342=CARTESIAN_POINT('',(-4.2672,-1.9304,4.3688));
#7343=VECTOR('',#7344,1.0);
#7344=DIRECTION('',(0.0,0.0,-1.0));
#7345=ORIENTED_EDGE('',*,*,#7222,.F.);
#7346=ORIENTED_EDGE('',*,*,#7271,.F.);
#7347=ORIENTED_EDGE('',*,*,#7310,.F.);
#7348=B_SPLINE_SURFACE_WITH_KNOTS('',1,1,((#7349,#7350),(#7351,#7352)),.UNSPECIFIED.,.F.,.F.,.U.,(2,2),(2,2),(-3.937007874E-05,0.02203937),(-0.15503937,3.937007874E-05),.PIECEWISE_BEZIER_KNOTS.);
#7349=CARTESIAN_POINT('',(-3.7074,-1.9304,0.4308));
#7350=CARTESIAN_POINT('',(-3.7074,-1.9304,4.3698));
#7351=CARTESIAN_POINT('',(-4.2682,-1.9304,0.4308));
#7352=CARTESIAN_POINT('',(-4.2682,-1.9304,4.3698));
#7353=ADVANCED_FACE('',(#7354),#7360,.F.);
#7354=FACE_BOUND('',#7355,.T.);
#7355=EDGE_LOOP('',(#7356,#7357,#7358,#7359));
#7356=ORIENTED_EDGE('',*,*,#2328,.F.);
#7357=ORIENTED_EDGE('',*,*,#6440,.F.);
#7358=ORIENTED_EDGE('',*,*,#7232,.F.);
#7359=ORIENTED_EDGE('',*,*,#7340,.F.);
#7360=B_SPLINE_SURFACE_WITH_KNOTS('',1,1,((#7361,#7362),(#7363,#7364)),.UNSPECIFIED.,.F.,.F.,.U.,(2,2),(2,2),(-3.937007874E-05,0.00503937),(-0.15503937,3.937007874E-05),.PIECEWISE_BEZIER_KNOTS.);
#7361=CARTESIAN_POINT('',(-4.2672,-1.9294,0.4308));
#7362=CARTESIAN_POINT('',(-4.2672,-1.9294,4.3698));
#7363=CARTESIAN_POINT('',(-4.2672,-2.0584,0.4308));
#7364=CARTESIAN_POINT('',(-4.2672,-2.0584,4.3698));
#7365=ADVANCED_FACE('',(#7366),#7379,.T.);
#7366=FACE_BOUND('',#7367,.T.);
#7367=EDGE_LOOP('',(#7368,#7369,#7370,#7371,#7372,#7373));
#7368=ORIENTED_EDGE('',*,*,#2526,.F.);
#7369=ORIENTED_EDGE('',*,*,#1903,.F.);
#7370=ORIENTED_EDGE('',*,*,#7302,.F.);
#7371=ORIENTED_EDGE('',*,*,#7280,.F.);
#7372=ORIENTED_EDGE('',*,*,#7249,.F.);
#7373=ORIENTED_EDGE('',*,*,#7374,.T.);
#7374=EDGE_CURVE('',#7242,#2527,#7375,.T.);
#7375=LINE('',#7376,#7377);
#7376=CARTESIAN_POINT('',(-4.2672,-3.1496,0.4318));
#7377=VECTOR('',#7378,1.0);
#7378=DIRECTION('',(0.0,0.0,1.0));
#7379=B_SPLINE_SURFACE_WITH_KNOTS('',1,1,((#7380,#7381),(#7382,#7383)),.UNSPECIFIED.,.F.,.F.,.U.,(2,2),(2,2),(-3.937007874E-05,0.02203937),(-0.15503937,3.937007874E-05),.PIECEWISE_BEZIER_KNOTS.);
#7380=CARTESIAN_POINT('',(-3.7074,-3.1496,0.4308));
#7381=CARTESIAN_POINT('',(-3.7074,-3.1496,4.3698));
#7382=CARTESIAN_POINT('',(-4.2682,-3.1496,0.4308));
#7383=CARTESIAN_POINT('',(-4.2682,-3.1496,4.3698));
#7384=ADVANCED_FACE('',(#7385),#7391,.T.);
#7385=FACE_BOUND('',#7386,.T.);
#7386=EDGE_LOOP('',(#7387,#7388,#7389,#7390));
#7387=ORIENTED_EDGE('',*,*,#2534,.F.);
#7388=ORIENTED_EDGE('',*,*,#7374,.F.);
#7389=ORIENTED_EDGE('',*,*,#7241,.F.);
#7390=ORIENTED_EDGE('',*,*,#6844,.F.);
#7391=B_SPLINE_SURFACE_WITH_KNOTS('',1,1,((#7392,#7393),(#7394,#7395)),.UNSPECIFIED.,.F.,.F.,.U.,(2,2),(2,2),(-3.937007874E-05,0.00503937),(-0.15503937,3.937007874E-05),.PIECEWISE_BEZIER_KNOTS.);
#7392=CARTESIAN_POINT('',(-4.2672,-3.1506,0.4308));
#7393=CARTESIAN_POINT('',(-4.2672,-3.1506,4.3698));
#7394=CARTESIAN_POINT('',(-4.2672,-3.0216,0.4308));
#7395=CARTESIAN_POINT('',(-4.2672,-3.0216,4.3698));
#7396=ADVANCED_FACE('',(#7397),#7437,.T.);
#7397=FACE_BOUND('',#7398,.T.);
#7398=EDGE_LOOP('',(#7399,#7407,#7408,#7416));
#7399=ORIENTED_EDGE('',*,*,#7400,.T.);
#7400=EDGE_CURVE('',#7401,#6656,#7403,.F.);
#7401=VERTEX_POINT('',#7402);
#7402=CARTESIAN_POINT('',(-6.932090632,-2.54,2.0828));
#7403=LINE('',#7404,#7405);
#7404=CARTESIAN_POINT('',(-4.6736,-2.54,2.0828));
#7405=VECTOR('',#7406,1.0);
#7406=DIRECTION('',(-1.0,0.0,0.0));
#7407=ORIENTED_EDGE('',*,*,#6739,.F.);
#7408=ORIENTED_EDGE('',*,*,#7409,.T.);
#7409=EDGE_CURVE('',#6675,#7410,#7412,.T.);
#7410=VERTEX_POINT('',#7411);
#7411=CARTESIAN_POINT('',(-6.932090632,-2.54,2.5908));
#7412=LINE('',#7413,#7414);
#7413=CARTESIAN_POINT('',(-4.6736,-2.54,2.5908));
#7414=VECTOR('',#7415,1.0);
#7415=DIRECTION('',(-1.0,0.0,0.0));
#7416=ORIENTED_EDGE('',*,*,#7417,.T.);
#7417=EDGE_CURVE('',#7410,#7401,#7418,.T.);
#7418=B_SPLINE_CURVE_WITH_KNOTS('',3,(#7419,#7420,#7421,#7422,#7423,#7424,#7425,#7426,#7427,#7428,#7429,#7430,#7431,#7432,#7433,#7434,#7435,#7436),.UNSPECIFIED.,.F.,.U.,(4,1,1,1,1,1,1,1,1,1,1,1,1,1,1,4),(0.0,0.066666667,0.133333333,0.2,0.266666667,0.333333333,0.4,0.466666667,0.533333333,0.6,0.666666667,0.733333333,0.8,0.866666667,0.933333333,1.0),.UNSPECIFIED.);
#7419=CARTESIAN_POINT('',(-6.932090632,-2.54,2.5908));
#7420=CARTESIAN_POINT('',(-6.939297515,-2.55741622,2.5908));
#7421=CARTESIAN_POINT('',(-6.953966176,-2.591606537,2.58726988));
#7422=CARTESIAN_POINT('',(-6.973938737,-2.640911154,2.571778055));
#7423=CARTESIAN_POINT('',(-6.987568109,-2.685556853,2.546991262));
#7424=CARTESIAN_POINT('',(-6.991825651,-2.724005345,2.514307647));
#7425=CARTESIAN_POINT('',(-6.985659135,-2.755621631,2.474277755));
#7426=CARTESIAN_POINT('',(-6.970259374,-2.779016712,2.427943293));
#7427=CARTESIAN_POINT('',(-6.94911696,-2.792541287,2.377100963));
#7428=CARTESIAN_POINT('',(-6.927135793,-2.79561783,2.325604026));
#7429=CARTESIAN_POINT('',(-6.905545111,-2.787307177,2.269739454));
#7430=CARTESIAN_POINT('',(-6.889338103,-2.765279728,2.214610521));
#7431=CARTESIAN_POINT('',(-6.882518291,-2.732443846,2.168295457));
#7432=CARTESIAN_POINT('',(-6.883786998,-2.697046644,2.13539172));
#7433=CARTESIAN_POINT('',(-6.890864926,-2.657346876,2.10978214));
#7434=CARTESIAN_POINT('',(-6.905159991,-2.608007103,2.089693065));
#7435=CARTESIAN_POINT('',(-6.922161853,-2.56399398,2.0828));
#7436=CARTESIAN_POINT('',(-6.932090632,-2.54,2.0828));
#7437=(BOUNDED_SURFACE()B_SPLINE_SURFACE(3,3,((#7438,#7439,#7440,#7441),(#7442,#7443,#7444,#7445),(#7446,#7447,#7448,#7449),(#7450,#7451,#7452,#7453),(#7454,#7455,#7456,#7457),(#7458,#7459,#7460,#7461),(#7462,#7463,#7464,#7465)),.UNSPECIFIED.,.F.,.F.,.U.)B_SPLINE_SURFACE_WITH_KNOTS((4,3,4),(4,4),(0.030808252,1.0,1.969191748),(-0.001824048,0.093026449),.UNSPECIFIED.)GEOMETRIC_REPRESENTATION_ITEM()RATIONAL_B_SPLINE_SURFACE(((1.170041102,1.170041102,1.170041102,1.170041102),(0.935876096,0.935876096,0.935876096,0.935876096),(0.943564013,0.943564013,0.943564013,0.943564013),(1.193104854,1.193104854,1.193104854,1.193104854),(0.943564013,0.943564013,0.943564013,0.943564013),(0.935876096,0.935876096,0.935876096,0.935876096),(1.170041102,1.170041102,1.170041102,1.170041102)))REPRESENTATION_ITEM('')SURFACE());
#7438=CARTESIAN_POINT('',(-4.62726918,-2.529967992,2.08299819));
#7439=CARTESIAN_POINT('',(-5.430336722,-2.529967992,2.08299819));
#7440=CARTESIAN_POINT('',(-6.233404264,-2.529967992,2.08299819));
#7441=CARTESIAN_POINT('',(-7.036471805,-2.529967992,2.08299819));
#7442=CARTESIAN_POINT('',(-4.62726918,-2.683968233,2.076911032));
#7443=CARTESIAN_POINT('',(-5.430336722,-2.683968233,2.076911032));
#7444=CARTESIAN_POINT('',(-6.233404264,-2.683968233,2.076911032));
#7445=CARTESIAN_POINT('',(-7.036471805,-2.683968233,2.076911032));
#7446=CARTESIAN_POINT('',(-4.62726918,-2.794,2.183935237));
#7447=CARTESIAN_POINT('',(-5.430336722,-2.794,2.183935237));
#7448=CARTESIAN_POINT('',(-6.233404264,-2.794,2.183935237));
#7449=CARTESIAN_POINT('',(-7.036471805,-2.794,2.183935237));
#7450=CARTESIAN_POINT('',(-4.62726918,-2.794,2.3368));
#7451=CARTESIAN_POINT('',(-5.430336722,-2.794,2.3368));
#7452=CARTESIAN_POINT('',(-6.233404264,-2.794,2.3368));
#7453=CARTESIAN_POINT('',(-7.036471805,-2.794,2.3368));
#7454=CARTESIAN_POINT('',(-4.62726918,-2.794,2.489664763));
#7455=CARTESIAN_POINT('',(-5.430336722,-2.794,2.489664763));
#7456=CARTESIAN_POINT('',(-6.233404264,-2.794,2.489664763));
#7457=CARTESIAN_POINT('',(-7.036471805,-2.794,2.489664763));
#7458=CARTESIAN_POINT('',(-4.62726918,-2.683968233,2.596688968));
#7459=CARTESIAN_POINT('',(-5.430336722,-2.683968233,2.596688968));
#7460=CARTESIAN_POINT('',(-6.233404264,-2.683968233,2.596688968));
#7461=CARTESIAN_POINT('',(-7.036471805,-2.683968233,2.596688968));
#7462=CARTESIAN_POINT('',(-4.62726918,-2.529967992,2.59060181));
#7463=CARTESIAN_POINT('',(-5.430336722,-2.529967992,2.59060181));
#7464=CARTESIAN_POINT('',(-6.233404264,-2.529967992,2.59060181));
#7465=CARTESIAN_POINT('',(-7.036471805,-2.529967992,2.59060181));
#7466=ADVANCED_FACE('',(#7467),#7491,.F.);
#7467=FACE_BOUND('',#7468,.T.);
#7468=EDGE_LOOP('',(#7469,#7470));
#7469=ORIENTED_EDGE('',*,*,#7417,.F.);
#7470=ORIENTED_EDGE('',*,*,#7471,.T.);
#7471=EDGE_CURVE('',#7410,#7401,#7472,.F.);
#7472=B_SPLINE_CURVE_WITH_KNOTS('',3,(#7473,#7474,#7475,#7476,#7477,#7478,#7479,#7480,#7481,#7482,#7483,#7484,#7485,#7486,#7487,#7488,#7489,#7490),.UNSPECIFIED.,.F.,.U.,(4,1,1,1,1,1,1,1,1,1,1,1,1,1,1,4),(0.0,0.066666667,0.133333333,0.2,0.266666667,0.333333333,0.4,0.466666667,0.533333333,0.6,0.666666667,0.733333333,0.8,0.866666667,0.933333333,1.0),.UNSPECIFIED.);
#7473=CARTESIAN_POINT('',(-6.932090632,-2.54,2.0828));
#7474=CARTESIAN_POINT('',(-6.939300642,-2.522576224,2.0828));
#7475=CARTESIAN_POINT('',(-6.953978906,-2.488364313,2.086332923));
#7476=CARTESIAN_POINT('',(-6.973971925,-2.439004691,2.101852858));
#7477=CARTESIAN_POINT('',(-6.987603592,-2.39430313,2.12669936));
#7478=CARTESIAN_POINT('',(-6.991826989,-2.355817618,2.159467595));
#7479=CARTESIAN_POINT('',(-6.985589614,-2.324190069,2.199606881));
#7480=CARTESIAN_POINT('',(-6.970109453,-2.300830327,2.246046515));
#7481=CARTESIAN_POINT('',(-6.948916944,-2.287382024,2.296963372));
#7482=CARTESIAN_POINT('',(-6.926924675,-2.284402837,2.348504659));
#7483=CARTESIAN_POINT('',(-6.905383336,-2.29282946,2.40433419));
#7484=CARTESIAN_POINT('',(-6.889302046,-2.314872995,2.459212258));
#7485=CARTESIAN_POINT('',(-6.882546711,-2.347469741,2.50516231));
#7486=CARTESIAN_POINT('',(-6.883748069,-2.382652778,2.537984219));
#7487=CARTESIAN_POINT('',(-6.890855442,-2.422696542,2.563882842));
#7488=CARTESIAN_POINT('',(-6.905311974,-2.472432096,2.584030885));
#7489=CARTESIAN_POINT('',(-6.922245026,-2.516207017,2.5908));
#7490=CARTESIAN_POINT('',(-6.932090632,-2.54,2.5908));
#7491=(BOUNDED_SURFACE()B_SPLINE_SURFACE(3,3,((#7492,#7493,#7494,#7495),(#7496,#7497,#7498,#7499),(#7500,#7501,#7502,#7503),(#7504,#7505,#7506,#7507)),.UNSPECIFIED.,.F.,.F.,.U.)B_SPLINE_SURFACE_WITH_KNOTS((4,4),(4,4),(0.034145003,0.965624633),(0.014589422,0.036322424),.PIECEWISE_BEZIER_KNOTS.)GEOMETRIC_REPRESENTATION_ITEM()RATIONAL_B_SPLINE_SURFACE(((1.180961226,1.180961226,1.180961226,1.180961226),(0.939739248,0.939739248,0.939739248,0.939739248),(0.939679606,0.939679606,0.939679606,0.939679606),(1.1807823,1.1807823,1.1807823,1.1807823)))REPRESENTATION_ITEM('')SURFACE());
#7492=CARTESIAN_POINT('',(-6.992378088,-2.916314224,2.322781215));
#7493=CARTESIAN_POINT('',(-6.992378088,-2.786202277,2.452893162));
#7494=CARTESIAN_POINT('',(-6.992378088,-2.65609033,2.583005109));
#7495=CARTESIAN_POINT('',(-6.992378088,-2.525978383,2.713117056));
#7496=CARTESIAN_POINT('',(-6.837794062,-2.811085718,2.217552709));
#7497=CARTESIAN_POINT('',(-6.837794062,-2.680973771,2.347664656));
#7498=CARTESIAN_POINT('',(-6.837794062,-2.550861824,2.477776602));
#7499=CARTESIAN_POINT('',(-6.837794062,-2.420749877,2.607888549));
#7500=CARTESIAN_POINT('',(-6.837746544,-2.659353687,2.065820678));
#7501=CARTESIAN_POINT('',(-6.837746544,-2.52924174,2.195932625));
#7502=CARTESIAN_POINT('',(-6.837746544,-2.399129793,2.326044572));
#7503=CARTESIAN_POINT('',(-6.837746544,-2.269017846,2.456156518));
#7504=CARTESIAN_POINT('',(-6.992288064,-2.554080087,1.960547079));
#7505=CARTESIAN_POINT('',(-6.992288064,-2.423968141,2.090659026));
#7506=CARTESIAN_POINT('',(-6.992288064,-2.293856194,2.220770972));
#7507=CARTESIAN_POINT('',(-6.992288064,-2.163744247,2.350882919));
#7508=ADVANCED_FACE('',(#7509),#7515,.T.);
#7509=FACE_BOUND('',#7510,.T.);
#7510=EDGE_LOOP('',(#7511,#7512,#7513,#7514));
#7511=ORIENTED_EDGE('',*,*,#7409,.F.);
#7512=ORIENTED_EDGE('',*,*,#6674,.F.);
#7513=ORIENTED_EDGE('',*,*,#7400,.F.);
#7514=ORIENTED_EDGE('',*,*,#7471,.F.);
#7515=(BOUNDED_SURFACE()B_SPLINE_SURFACE(3,3,((#7516,#7517,#7518,#7519),(#7520,#7521,#7522,#7523),(#7524,#7525,#7526,#7527),(#7528,#7529,#7530,#7531),(#7532,#7533,#7534,#7535),(#7536,#7537,#7538,#7539),(#7540,#7541,#7542,#7543)),.UNSPECIFIED.,.F.,.F.,.U.)B_SPLINE_SURFACE_WITH_KNOTS((4,3,4),(4,4),(0.030788,1.0,1.969212),(-0.001824049,0.093026483),.PIECEWISE_BEZIER_KNOTS.)GEOMETRIC_REPRESENTATION_ITEM()RATIONAL_B_SPLINE_SURFACE(((1.170055782,1.170055782,1.170055782,1.170055782),(0.935875774,0.935875774,0.935875774,0.935875774),(0.943558798,0.943558798,0.943558798,0.943558798),(1.193104854,1.193104854,1.193104854,1.193104854),(0.943558798,0.943558798,0.943558798,0.943558798),(0.935875774,0.935875774,0.935875774,0.935875774),(1.170055782,1.170055782,1.170055782,1.170055782)))REPRESENTATION_ITEM('')SURFACE());
#7516=CARTESIAN_POINT('',(-4.627269163,-2.55003973,2.590601505));
#7517=CARTESIAN_POINT('',(-5.430336997,-2.55003973,2.590601505));
#7518=CARTESIAN_POINT('',(-6.233404831,-2.55003973,2.590601505));
#7519=CARTESIAN_POINT('',(-7.036472665,-2.55003973,2.590601505));
#7520=CARTESIAN_POINT('',(-4.627269163,-2.396036403,2.596693477));
#7521=CARTESIAN_POINT('',(-5.430336997,-2.396036403,2.596693477));
#7522=CARTESIAN_POINT('',(-6.233404831,-2.396036403,2.596693477));
#7523=CARTESIAN_POINT('',(-7.036472665,-2.396036403,2.596693477));
#7524=CARTESIAN_POINT('',(-4.627269163,-2.286,2.489668802));
#7525=CARTESIAN_POINT('',(-5.430336997,-2.286,2.489668802));
#7526=CARTESIAN_POINT('',(-6.233404831,-2.286,2.489668802));
#7527=CARTESIAN_POINT('',(-7.036472665,-2.286,2.489668802));
#7528=CARTESIAN_POINT('',(-4.627269163,-2.286,2.3368));
#7529=CARTESIAN_POINT('',(-5.430336997,-2.286,2.3368));
#7530=CARTESIAN_POINT('',(-6.233404831,-2.286,2.3368));
#7531=CARTESIAN_POINT('',(-7.036472665,-2.286,2.3368));
#7532=CARTESIAN_POINT('',(-4.627269163,-2.286,2.183931198));
#7533=CARTESIAN_POINT('',(-5.430336997,-2.286,2.183931198));
#7534=CARTESIAN_POINT('',(-6.233404831,-2.286,2.183931198));
#7535=CARTESIAN_POINT('',(-7.036472665,-2.286,2.183931198));
#7536=CARTESIAN_POINT('',(-4.627269163,-2.396036403,2.076906523));
#7537=CARTESIAN_POINT('',(-5.430336997,-2.396036403,2.076906523));
#7538=CARTESIAN_POINT('',(-6.233404831,-2.396036403,2.076906523));
#7539=CARTESIAN_POINT('',(-7.036472665,-2.396036403,2.076906523));
#7540=CARTESIAN_POINT('',(-4.627269163,-2.55003973,2.082998495));
#7541=CARTESIAN_POINT('',(-5.430336997,-2.55003973,2.082998495));
#7542=CARTESIAN_POINT('',(-6.233404831,-2.55003973,2.082998495));
#7543=CARTESIAN_POINT('',(-7.036472665,-2.55003973,2.082998495));
#7544=ADVANCED_FACE('',(#7545),#7558,.T.);
#7545=FACE_BOUND('',#7546,.T.);
#7546=EDGE_LOOP('',(#7547,#7548,#7549,#7550,#7551,#7552));
#7547=ORIENTED_EDGE('',*,*,#2278,.F.);
#7548=ORIENTED_EDGE('',*,*,#1985,.F.);
#7549=ORIENTED_EDGE('',*,*,#3829,.F.);
#7550=ORIENTED_EDGE('',*,*,#3866,.F.);
#7551=ORIENTED_EDGE('',*,*,#3899,.F.);
#7552=ORIENTED_EDGE('',*,*,#7553,.T.);
#7553=EDGE_CURVE('',#3892,#2279,#7554,.T.);
#7554=LINE('',#7555,#7556);
#7555=CARTESIAN_POINT('',(-4.2672,1.9304,0.4318));
#7556=VECTOR('',#7557,1.0);
#7557=DIRECTION('',(0.0,0.0,1.0));
#7558=B_SPLINE_SURFACE_WITH_KNOTS('',1,1,((#7559,#7560),(#7561,#7562)),.UNSPECIFIED.,.F.,.F.,.U.,(2,2),(2,2),(-3.937007874E-05,0.02203937),(-0.15503937,3.937007874E-05),.PIECEWISE_BEZIER_KNOTS.);
#7559=CARTESIAN_POINT('',(-3.7074,1.9304,0.4308));
#7560=CARTESIAN_POINT('',(-3.7074,1.9304,4.3698));
#7561=CARTESIAN_POINT('',(-4.2682,1.9304,0.4308));
#7562=CARTESIAN_POINT('',(-4.2682,1.9304,4.3698));
#7563=ADVANCED_FACE('',(#7564),#7570,.T.);
#7564=FACE_BOUND('',#7565,.T.);
#7565=EDGE_LOOP('',(#7566,#7567,#7568,#7569));
#7566=ORIENTED_EDGE('',*,*,#2286,.F.);
#7567=ORIENTED_EDGE('',*,*,#7553,.F.);
#7568=ORIENTED_EDGE('',*,*,#3891,.F.);
#7569=ORIENTED_EDGE('',*,*,#2729,.F.);
#7570=B_SPLINE_SURFACE_WITH_KNOTS('',1,1,((#7571,#7572),(#7573,#7574)),.UNSPECIFIED.,.F.,.F.,.U.,(2,2),(2,2),(-3.937007874E-05,0.00503937),(-0.15503937,3.937007874E-05),.PIECEWISE_BEZIER_KNOTS.);
#7571=CARTESIAN_POINT('',(-4.2672,1.9294,0.4308));
#7572=CARTESIAN_POINT('',(-4.2672,1.9294,4.3698));
#7573=CARTESIAN_POINT('',(-4.2672,2.0584,0.4308));
#7574=CARTESIAN_POINT('',(-4.2672,2.0584,4.3698));
#7575=ADVANCED_FACE('',(#7576),#7616,.T.);
#7576=FACE_BOUND('',#7577,.T.);
#7577=EDGE_LOOP('',(#7578,#7586,#7587,#7595));
#7578=ORIENTED_EDGE('',*,*,#7579,.T.);
#7579=EDGE_CURVE('',#7580,#2885,#7582,.F.);
#7580=VERTEX_POINT('',#7581);
#7581=CARTESIAN_POINT('',(-6.932090632,2.54,2.5908));
#7582=LINE('',#7583,#7584);
#7583=CARTESIAN_POINT('',(-4.6736,2.54,2.5908));
#7584=VECTOR('',#7585,1.0);
#7585=DIRECTION('',(-1.0,0.0,0.0));
#7586=ORIENTED_EDGE('',*,*,#2968,.F.);
#7587=ORIENTED_EDGE('',*,*,#7588,.T.);
#7588=EDGE_CURVE('',#2899,#7589,#7591,.T.);
#7589=VERTEX_POINT('',#7590);
#7590=CARTESIAN_POINT('',(-6.932090632,2.54,2.0828));
#7591=LINE('',#7592,#7593);
#7592=CARTESIAN_POINT('',(-4.6736,2.54,2.0828));
#7593=VECTOR('',#7594,1.0);
#7594=DIRECTION('',(-1.0,0.0,0.0));
#7595=ORIENTED_EDGE('',*,*,#7596,.T.);
#7596=EDGE_CURVE('',#7589,#7580,#7597,.T.);
#7597=B_SPLINE_CURVE_WITH_KNOTS('',3,(#7598,#7599,#7600,#7601,#7602,#7603,#7604,#7605,#7606,#7607,#7608,#7609,#7610,#7611,#7612,#7613,#7614,#7615),.UNSPECIFIED.,.F.,.U.,(4,1,1,1,1,1,1,1,1,1,1,1,1,1,1,4),(0.0,0.066666667,0.133333333,0.2,0.266666667,0.333333333,0.4,0.466666667,0.533333333,0.6,0.666666667,0.733333333,0.8,0.866666667,0.933333333,1.0),.UNSPECIFIED.);
#7598=CARTESIAN_POINT('',(-6.932090632,2.54,2.0828));
#7599=CARTESIAN_POINT('',(-6.939300642,2.557423776,2.0828));
#7600=CARTESIAN_POINT('',(-6.953978906,2.591635687,2.086332923));
#7601=CARTESIAN_POINT('',(-6.973971925,2.640995309,2.101852858));
#7602=CARTESIAN_POINT('',(-6.987603592,2.68569687,2.12669936));
#7603=CARTESIAN_POINT('',(-6.991826989,2.724182382,2.159467595));
#7604=CARTESIAN_POINT('',(-6.985589614,2.755809931,2.199606881));
#7605=CARTESIAN_POINT('',(-6.970109453,2.779169673,2.246046515));
#7606=CARTESIAN_POINT('',(-6.948916944,2.792617976,2.296963372));
#7607=CARTESIAN_POINT('',(-6.926924675,2.795597163,2.348504659));
#7608=CARTESIAN_POINT('',(-6.905383336,2.78717054,2.40433419));
#7609=CARTESIAN_POINT('',(-6.889302046,2.765127005,2.459212258));
#7610=CARTESIAN_POINT('',(-6.882546711,2.732530259,2.50516231));
#7611=CARTESIAN_POINT('',(-6.883748069,2.697347222,2.537984219));
#7612=CARTESIAN_POINT('',(-6.890855442,2.657303458,2.563882842));
#7613=CARTESIAN_POINT('',(-6.905311974,2.607567904,2.584030885));
#7614=CARTESIAN_POINT('',(-6.922245026,2.563792983,2.5908));
#7615=CARTESIAN_POINT('',(-6.932090632,2.54,2.5908));
#7616=(BOUNDED_SURFACE()B_SPLINE_SURFACE(3,3,((#7617,#7618,#7619,#7620),(#7621,#7622,#7623,#7624),(#7625,#7626,#7627,#7628),(#7629,#7630,#7631,#7632),(#7633,#7634,#7635,#7636),(#7637,#7638,#7639,#7640),(#7641,#7642,#7643,#7644)),.UNSPECIFIED.,.F.,.F.,.U.)B_SPLINE_SURFACE_WITH_KNOTS((4,3,4),(4,4),(0.030788,1.0,1.969212),(-0.001824049,0.093026483),.UNSPECIFIED.)GEOMETRIC_REPRESENTATION_ITEM()RATIONAL_B_SPLINE_SURFACE(((1.170055782,1.170055782,1.170055782,1.170055782),(0.935875774,0.935875774,0.935875774,0.935875774),(0.943558798,0.943558798,0.943558798,0.943558798),(1.193104854,1.193104854,1.193104854,1.193104854),(0.943558798,0.943558798,0.943558798,0.943558798),(0.935875774,0.935875774,0.935875774,0.935875774),(1.170055782,1.170055782,1.170055782,1.170055782)))REPRESENTATION_ITEM('')SURFACE());
#7617=CARTESIAN_POINT('',(-4.627269163,2.52996027,2.590601505));
#7618=CARTESIAN_POINT('',(-5.430336997,2.52996027,2.590601505));
#7619=CARTESIAN_POINT('',(-6.233404831,2.52996027,2.590601505));
#7620=CARTESIAN_POINT('',(-7.036472665,2.52996027,2.590601505));
#7621=CARTESIAN_POINT('',(-4.627269163,2.683963597,2.596693477));
#7622=CARTESIAN_POINT('',(-5.430336997,2.683963597,2.596693477));
#7623=CARTESIAN_POINT('',(-6.233404831,2.683963597,2.596693477));
#7624=CARTESIAN_POINT('',(-7.036472665,2.683963597,2.596693477));
#7625=CARTESIAN_POINT('',(-4.627269163,2.794,2.489668802));
#7626=CARTESIAN_POINT('',(-5.430336997,2.794,2.489668802));
#7627=CARTESIAN_POINT('',(-6.233404831,2.794,2.489668802));
#7628=CARTESIAN_POINT('',(-7.036472665,2.794,2.489668802));
#7629=CARTESIAN_POINT('',(-4.627269163,2.794,2.3368));
#7630=CARTESIAN_POINT('',(-5.430336997,2.794,2.3368));
#7631=CARTESIAN_POINT('',(-6.233404831,2.794,2.3368));
#7632=CARTESIAN_POINT('',(-7.036472665,2.794,2.3368));
#7633=CARTESIAN_POINT('',(-4.627269163,2.794,2.183931198));
#7634=CARTESIAN_POINT('',(-5.430336997,2.794,2.183931198));
#7635=CARTESIAN_POINT('',(-6.233404831,2.794,2.183931198));
#7636=CARTESIAN_POINT('',(-7.036472665,2.794,2.183931198));
#7637=CARTESIAN_POINT('',(-4.627269163,2.683963597,2.076906523));
#7638=CARTESIAN_POINT('',(-5.430336997,2.683963597,2.076906523));
#7639=CARTESIAN_POINT('',(-6.233404831,2.683963597,2.076906523));
#7640=CARTESIAN_POINT('',(-7.036472665,2.683963597,2.076906523));
#7641=CARTESIAN_POINT('',(-4.627269163,2.52996027,2.082998495));
#7642=CARTESIAN_POINT('',(-5.430336997,2.52996027,2.082998495));
#7643=CARTESIAN_POINT('',(-6.233404831,2.52996027,2.082998495));
#7644=CARTESIAN_POINT('',(-7.036472665,2.52996027,2.082998495));
#7645=ADVANCED_FACE('',(#7646),#7670,.F.);
#7646=FACE_BOUND('',#7647,.T.);
#7647=EDGE_LOOP('',(#7648,#7669));
#7648=ORIENTED_EDGE('',*,*,#7649,.T.);
#7649=EDGE_CURVE('',#7589,#7580,#7650,.F.);
#7650=B_SPLINE_CURVE_WITH_KNOTS('',3,(#7651,#7652,#7653,#7654,#7655,#7656,#7657,#7658,#7659,#7660,#7661,#7662,#7663,#7664,#7665,#7666,#7667,#7668),.UNSPECIFIED.,.F.,.U.,(4,1,1,1,1,1,1,1,1,1,1,1,1,1,1,4),(0.0,0.066666667,0.133333333,0.2,0.266666667,0.333333333,0.4,0.466666667,0.533333333,0.6,0.666666667,0.733333333,0.8,0.866666667,0.933333333,1.0),.UNSPECIFIED.);
#7651=CARTESIAN_POINT('',(-6.932090632,2.54,2.5908));
#7652=CARTESIAN_POINT('',(-6.939297515,2.52258378,2.5908));
#7653=CARTESIAN_POINT('',(-6.953966176,2.488393463,2.58726988));
#7654=CARTESIAN_POINT('',(-6.973938737,2.439088846,2.571778055));
#7655=CARTESIAN_POINT('',(-6.987568109,2.394443147,2.546991262));
#7656=CARTESIAN_POINT('',(-6.991825651,2.355994655,2.514307647));
#7657=CARTESIAN_POINT('',(-6.985659135,2.324378369,2.474277755));
#7658=CARTESIAN_POINT('',(-6.970259374,2.300983288,2.427943293));
#7659=CARTESIAN_POINT('',(-6.94911696,2.287458713,2.377100963));
#7660=CARTESIAN_POINT('',(-6.927135793,2.28438217,2.325604026));
#7661=CARTESIAN_POINT('',(-6.905545111,2.292692823,2.269739454));
#7662=CARTESIAN_POINT('',(-6.889338103,2.314720272,2.214610521));
#7663=CARTESIAN_POINT('',(-6.882518291,2.347556154,2.168295457));
#7664=CARTESIAN_POINT('',(-6.883786998,2.382953356,2.13539172));
#7665=CARTESIAN_POINT('',(-6.890864926,2.422653124,2.10978214));
#7666=CARTESIAN_POINT('',(-6.905159991,2.471992897,2.089693065));
#7667=CARTESIAN_POINT('',(-6.922161853,2.51600602,2.0828));
#7668=CARTESIAN_POINT('',(-6.932090632,2.54,2.0828));
#7669=ORIENTED_EDGE('',*,*,#7596,.F.);
#7670=(BOUNDED_SURFACE()B_SPLINE_SURFACE(3,3,((#7671,#7672,#7673,#7674),(#7675,#7676,#7677,#7678),(#7679,#7680,#7681,#7682),(#7683,#7684,#7685,#7686)),.UNSPECIFIED.,.F.,.F.,.U.)B_SPLINE_SURFACE_WITH_KNOTS((4,4),(4,4),(0.034145003,0.965624633),(0.014589422,0.036322424),.PIECEWISE_BEZIER_KNOTS.)GEOMETRIC_REPRESENTATION_ITEM()RATIONAL_B_SPLINE_SURFACE(((1.180961226,1.180961226,1.180961226,1.180961226),(0.939739248,0.939739248,0.939739248,0.939739248),(0.939679606,0.939679606,0.939679606,0.939679606),(1.1807823,1.1807823,1.1807823,1.1807823)))REPRESENTATION_ITEM('')SURFACE());
#7671=CARTESIAN_POINT('',(-6.992378088,2.163685776,2.322781215));
#7672=CARTESIAN_POINT('',(-6.992378088,2.293797723,2.452893162));
#7673=CARTESIAN_POINT('',(-6.992378088,2.42390967,2.583005109));
#7674=CARTESIAN_POINT('',(-6.992378088,2.554021617,2.713117056));
#7675=CARTESIAN_POINT('',(-6.837794062,2.268914282,2.217552709));
#7676=CARTESIAN_POINT('',(-6.837794062,2.399026229,2.347664656));
#7677=CARTESIAN_POINT('',(-6.837794062,2.529138176,2.477776602));
#7678=CARTESIAN_POINT('',(-6.837794062,2.659250123,2.607888549));
#7679=CARTESIAN_POINT('',(-6.837746544,2.420646313,2.065820678));
#7680=CARTESIAN_POINT('',(-6.837746544,2.55075826,2.195932625));
#7681=CARTESIAN_POINT('',(-6.837746544,2.680870207,2.326044572));
#7682=CARTESIAN_POINT('',(-6.837746544,2.810982154,2.456156518));
#7683=CARTESIAN_POINT('',(-6.992288064,2.525919913,1.960547079));
#7684=CARTESIAN_POINT('',(-6.992288064,2.656031859,2.090659026));
#7685=CARTESIAN_POINT('',(-6.992288064,2.786143806,2.220770972));
#7686=CARTESIAN_POINT('',(-6.992288064,2.916255753,2.350882919));
#7687=ADVANCED_FACE('',(#7688),#7694,.T.);
#7688=FACE_BOUND('',#7689,.T.);
#7689=EDGE_LOOP('',(#7690,#7691,#7692,#7693));
#7690=ORIENTED_EDGE('',*,*,#7588,.F.);
#7691=ORIENTED_EDGE('',*,*,#2898,.F.);
#7692=ORIENTED_EDGE('',*,*,#7579,.F.);
#7693=ORIENTED_EDGE('',*,*,#7649,.F.);
#7694=(BOUNDED_SURFACE()B_SPLINE_SURFACE(3,3,((#7695,#7696,#7697,#7698),(#7699,#7700,#7701,#7702),(#7703,#7704,#7705,#7706),(#7707,#7708,#7709,#7710),(#7711,#7712,#7713,#7714),(#7715,#7716,#7717,#7718),(#7719,#7720,#7721,#7722)),.UNSPECIFIED.,.F.,.F.,.U.)B_SPLINE_SURFACE_WITH_KNOTS((4,3,4),(4,4),(0.030808252,1.0,1.969191748),(-0.001824048,0.093026449),.UNSPECIFIED.)GEOMETRIC_REPRESENTATION_ITEM()RATIONAL_B_SPLINE_SURFACE(((1.170041102,1.170041102,1.170041102,1.170041102),(0.935876096,0.935876096,0.935876096,0.935876096),(0.943564013,0.943564013,0.943564013,0.943564013),(1.193104854,1.193104854,1.193104854,1.193104854),(0.943564013,0.943564013,0.943564013,0.943564013),(0.935876096,0.935876096,0.935876096,0.935876096),(1.170041102,1.170041102,1.170041102,1.170041102)))REPRESENTATION_ITEM('')SURFACE());
#7695=CARTESIAN_POINT('',(-4.62726918,2.550032008,2.08299819));
#7696=CARTESIAN_POINT('',(-5.430336722,2.550032008,2.08299819));
#7697=CARTESIAN_POINT('',(-6.233404264,2.550032008,2.08299819));
#7698=CARTESIAN_POINT('',(-7.036471805,2.550032008,2.08299819));
#7699=CARTESIAN_POINT('',(-4.62726918,2.396031767,2.076911032));
#7700=CARTESIAN_POINT('',(-5.430336722,2.396031767,2.076911032));
#7701=CARTESIAN_POINT('',(-6.233404264,2.396031767,2.076911032));
#7702=CARTESIAN_POINT('',(-7.036471805,2.396031767,2.076911032));
#7703=CARTESIAN_POINT('',(-4.62726918,2.286,2.183935237));
#7704=CARTESIAN_POINT('',(-5.430336722,2.286,2.183935237));
#7705=CARTESIAN_POINT('',(-6.233404264,2.286,2.183935237));
#7706=CARTESIAN_POINT('',(-7.036471805,2.286,2.183935237));
#7707=CARTESIAN_POINT('',(-4.62726918,2.286,2.3368));
#7708=CARTESIAN_POINT('',(-5.430336722,2.286,2.3368));
#7709=CARTESIAN_POINT('',(-6.233404264,2.286,2.3368));
#7710=CARTESIAN_POINT('',(-7.036471805,2.286,2.3368));
#7711=CARTESIAN_POINT('',(-4.62726918,2.286,2.489664763));
#7712=CARTESIAN_POINT('',(-5.430336722,2.286,2.489664763));
#7713=CARTESIAN_POINT('',(-6.233404264,2.286,2.489664763));
#7714=CARTESIAN_POINT('',(-7.036471805,2.286,2.489664763));
#7715=CARTESIAN_POINT('',(-4.62726918,2.396031767,2.596688968));
#7716=CARTESIAN_POINT('',(-5.430336722,2.396031767,2.596688968));
#7717=CARTESIAN_POINT('',(-6.233404264,2.396031767,2.596688968));
#7718=CARTESIAN_POINT('',(-7.036471805,2.396031767,2.596688968));
#7719=CARTESIAN_POINT('',(-4.62726918,2.550032008,2.59060181));
#7720=CARTESIAN_POINT('',(-5.430336722,2.550032008,2.59060181));
#7721=CARTESIAN_POINT('',(-6.233404264,2.550032008,2.59060181));
#7722=CARTESIAN_POINT('',(-7.036471805,2.550032008,2.59060181));
#7723=ADVANCED_FACE('',(#7724),#7730,.F.);
#7724=FACE_BOUND('',#7725,.T.);
#7725=EDGE_LOOP('',(#7726,#7727,#7728,#7729));
#7726=ORIENTED_EDGE('',*,*,#2754,.F.);
#7727=ORIENTED_EDGE('',*,*,#2654,.F.);
#7728=ORIENTED_EDGE('',*,*,#2720,.F.);
#7729=ORIENTED_EDGE('',*,*,#2801,.F.);
#7730=B_SPLINE_SURFACE_WITH_KNOTS('',1,1,((#7731,#7732),(#7733,#7734)),.UNSPECIFIED.,.F.,.F.,.U.,(2,2),(2,2),(-0.18403937,-0.17196063),(0.008974132,0.01103937),.PIECEWISE_BEZIER_KNOTS.);
#7731=CARTESIAN_POINT('',(-4.6746,2.312057046,3.5052));
#7732=CARTESIAN_POINT('',(-4.6746,2.2596,3.5052));
#7733=CARTESIAN_POINT('',(-4.3678,2.312057046,3.5052));
#7734=CARTESIAN_POINT('',(-4.3678,2.2596,3.5052));
#7735=ADVANCED_FACE('',(#7736),#7818,.T.);
#7736=FACE_BOUND('',#7737,.T.);
#7737=EDGE_LOOP('',(#7738,#7748,#7756,#7764,#7772,#7780,#7786,#7787,#7788,#7796,#7804,#7812));
#7738=ORIENTED_EDGE('',*,*,#7739,.T.);
#7739=EDGE_CURVE('',#7740,#7742,#7744,.F.);
#7740=VERTEX_POINT('',#7741);
#7741=CARTESIAN_POINT('',(2.429529243,-4.0132,4.038844321));
#7742=VERTEX_POINT('',#7743);
#7743=CARTESIAN_POINT('',(2.382184633,-4.1275,4.236817728));
#7744=LINE('',#7745,#7746);
#7745=CARTESIAN_POINT('',(2.382184633,-4.1275,4.236817728));
#7746=VECTOR('',#7747,1.0);
#7747=DIRECTION('',(0.20280301,0.489609778,-0.848029011));
#7748=ORIENTED_EDGE('',*,*,#7749,.T.);
#7749=EDGE_CURVE('',#7742,#7750,#7752,.F.);
#7750=VERTEX_POINT('',#7751);
#7751=CARTESIAN_POINT('',(-2.382184633,-4.1275,4.236817728));
#7752=LINE('',#7753,#7754);
#7753=CARTESIAN_POINT('',(-2.382184633,-4.1275,4.236817728));
#7754=VECTOR('',#7755,1.0);
#7755=DIRECTION('',(1.0,0.0,0.0));
#7756=ORIENTED_EDGE('',*,*,#7757,.T.);
#7757=EDGE_CURVE('',#7750,#7758,#7760,.T.);
#7758=VERTEX_POINT('',#7759);
#7759=CARTESIAN_POINT('',(-2.429529243,-4.0132,4.038844321));
#7760=LINE('',#7761,#7762);
#7761=CARTESIAN_POINT('',(-2.382184633,-4.1275,4.236817728));
#7762=VECTOR('',#7763,1.0);
#7763=DIRECTION('',(-0.20280301,0.489609778,-0.848029011));
#7764=ORIENTED_EDGE('',*,*,#7765,.T.);
#7765=EDGE_CURVE('',#7758,#7766,#7768,.T.);
#7766=VERTEX_POINT('',#7767);
#7767=CARTESIAN_POINT('',(-2.650470757,-4.0132,4.038844321));
#7768=LINE('',#7769,#7770);
#7769=CARTESIAN_POINT('',(-2.429529243,-4.0132,4.038844321));
#7770=VECTOR('',#7771,1.0);
#7771=DIRECTION('',(-1.0,0.0,0.0));
#7772=ORIENTED_EDGE('',*,*,#7773,.T.);
#7773=EDGE_CURVE('',#7766,#7774,#7776,.F.);
#7774=VERTEX_POINT('',#7775);
#7775=CARTESIAN_POINT('',(-2.697815367,-4.1275,4.236817728));
#7776=LINE('',#7777,#7778);
#7777=CARTESIAN_POINT('',(-2.697815367,-4.1275,4.236817728));
#7778=VECTOR('',#7779,1.0);
#7779=DIRECTION('',(0.20280301,0.489609778,-0.848029011));
#7780=ORIENTED_EDGE('',*,*,#7781,.T.);
#7781=EDGE_CURVE('',#7774,#1804,#7782,.F.);
#7782=LINE('',#7783,#7784);
#7783=CARTESIAN_POINT('',(-3.7084,-4.1275,4.236817728));
#7784=VECTOR('',#7785,1.0);
#7785=DIRECTION('',(1.0,0.0,0.0));
#7786=ORIENTED_EDGE('',*,*,#1803,.F.);
#7787=ORIENTED_EDGE('',*,*,#2517,.F.);
#7788=ORIENTED_EDGE('',*,*,#7789,.T.);
#7789=EDGE_CURVE('',#2510,#7790,#7792,.T.);
#7790=VERTEX_POINT('',#7791);
#7791=CARTESIAN_POINT('',(3.4544,-4.1275,4.236817728));
#7792=LINE('',#7793,#7794);
#7793=CARTESIAN_POINT('',(3.5306,-4.2037,4.3688));
#7794=VECTOR('',#7795,1.0);
#7795=DIRECTION('',(-0.447213595,0.447213595,-0.774596669));
#7796=ORIENTED_EDGE('',*,*,#7797,.T.);
#7797=EDGE_CURVE('',#7790,#7798,#7800,.F.);
#7798=VERTEX_POINT('',#7799);
#7799=CARTESIAN_POINT('',(2.697815367,-4.1275,4.236817728));
#7800=LINE('',#7801,#7802);
#7801=CARTESIAN_POINT('',(2.697815367,-4.1275,4.236817728));
#7802=VECTOR('',#7803,1.0);
#7803=DIRECTION('',(1.0,0.0,0.0));
#7804=ORIENTED_EDGE('',*,*,#7805,.T.);
#7805=EDGE_CURVE('',#7798,#7806,#7808,.T.);
#7806=VERTEX_POINT('',#7807);
#7807=CARTESIAN_POINT('',(2.650470757,-4.0132,4.038844321));
#7808=LINE('',#7809,#7810);
#7809=CARTESIAN_POINT('',(2.697815367,-4.1275,4.236817728));
#7810=VECTOR('',#7811,1.0);
#7811=DIRECTION('',(-0.20280301,0.489609778,-0.848029011));
#7812=ORIENTED_EDGE('',*,*,#7813,.T.);
#7813=EDGE_CURVE('',#7806,#7740,#7814,.T.);
#7814=LINE('',#7815,#7816);
#7815=CARTESIAN_POINT('',(2.650470757,-4.0132,4.038844321));
#7816=VECTOR('',#7817,1.0);
#7817=DIRECTION('',(-1.0,0.0,0.0));
#7818=B_SPLINE_SURFACE_WITH_KNOTS('',1,1,((#7819,#7820),(#7821,#7822)),.UNSPECIFIED.,.F.,.F.,.U.,(2,2),(2,2),(-0.253495214,0.031583526),(-3.937007877E-05,0.01503937),.PIECEWISE_BEZIER_KNOTS.);
#7819=CARTESIAN_POINT('',(-3.7094,-4.2042,4.369666025));
#7820=CARTESIAN_POINT('',(-3.7094,-4.0127,4.037978296));
#7821=CARTESIAN_POINT('',(3.5316,-4.2042,4.369666025));
#7822=CARTESIAN_POINT('',(3.5316,-4.0127,4.037978296));
#7823=ADVANCED_FACE('',(#7824),#7840,.F.);
#7824=FACE_BOUND('',#7825,.T.);
#7825=EDGE_LOOP('',(#7826,#7832,#7833,#7839));
#7826=ORIENTED_EDGE('',*,*,#7827,.T.);
#7827=EDGE_CURVE('',#385,#7740,#7828,.F.);
#7828=LINE('',#7829,#7830);
#7829=CARTESIAN_POINT('',(2.429529243,-4.0132,4.038844321));
#7830=VECTOR('',#7831,1.0);
#7831=DIRECTION('',(0.0,0.0,-1.0));
#7832=ORIENTED_EDGE('',*,*,#7813,.F.);
#7833=ORIENTED_EDGE('',*,*,#7834,.T.);
#7834=EDGE_CURVE('',#7806,#393,#7835,.T.);
#7835=LINE('',#7836,#7837);
#7836=CARTESIAN_POINT('',(2.650470757,-4.0132,4.038844321));
#7837=VECTOR('',#7838,1.0);
#7838=DIRECTION('',(0.0,0.0,-1.0));
#7839=ORIENTED_EDGE('',*,*,#392,.F.);
#7840=B_SPLINE_SURFACE_WITH_KNOTS('',1,1,((#7841,#7842),(#7843,#7844)),.UNSPECIFIED.,.F.,.F.,.U.,(2,2),(2,2),(0.031611388,0.040388612),(-0.057048989,-0.02996063),.PIECEWISE_BEZIER_KNOTS.);
#7841=CARTESIAN_POINT('',(2.651470757,-4.0132,4.039844321));
#7842=CARTESIAN_POINT('',(2.651470757,-4.0132,3.3518));
#7843=CARTESIAN_POINT('',(2.428529243,-4.0132,4.039844321));
#7844=CARTESIAN_POINT('',(2.428529243,-4.0132,3.3518));
#7845=ADVANCED_FACE('',(#7846),#7862,.F.);
#7846=FACE_BOUND('',#7847,.T.);
#7847=EDGE_LOOP('',(#7848,#7854,#7855,#7861));
#7848=ORIENTED_EDGE('',*,*,#7849,.T.);
#7849=EDGE_CURVE('',#369,#7766,#7850,.F.);
#7850=LINE('',#7851,#7852);
#7851=CARTESIAN_POINT('',(-2.650470757,-4.0132,4.038844321));
#7852=VECTOR('',#7853,1.0);
#7853=DIRECTION('',(0.0,0.0,-1.0));
#7854=ORIENTED_EDGE('',*,*,#7765,.F.);
#7855=ORIENTED_EDGE('',*,*,#7856,.T.);
#7856=EDGE_CURVE('',#7758,#377,#7857,.T.);
#7857=LINE('',#7858,#7859);
#7858=CARTESIAN_POINT('',(-2.429529243,-4.0132,4.038844321));
#7859=VECTOR('',#7860,1.0);
#7860=DIRECTION('',(0.0,0.0,-1.0));
#7861=ORIENTED_EDGE('',*,*,#376,.F.);
#7862=B_SPLINE_SURFACE_WITH_KNOTS('',1,1,((#7863,#7864),(#7865,#7866)),.UNSPECIFIED.,.F.,.F.,.U.,(2,2),(2,2),(0.231611388,0.240388612),(-0.057048989,-0.02996063),.PIECEWISE_BEZIER_KNOTS.);
#7863=CARTESIAN_POINT('',(-2.428529243,-4.0132,4.039844321));
#7864=CARTESIAN_POINT('',(-2.428529243,-4.0132,3.3518));
#7865=CARTESIAN_POINT('',(-2.651470757,-4.0132,4.039844321));
#7866=CARTESIAN_POINT('',(-2.651470757,-4.0132,3.3518));
#7867=ADVANCED_FACE('',(#7868),#7896,.F.);
#7868=FACE_BOUND('',#7869,.T.);
#7869=EDGE_LOOP('',(#7870,#7871,#7872,#7873,#7881,#7889,#7895));
#7870=ORIENTED_EDGE('',*,*,#473,.F.);
#7871=ORIENTED_EDGE('',*,*,#7834,.F.);
#7872=ORIENTED_EDGE('',*,*,#7805,.F.);
#7873=ORIENTED_EDGE('',*,*,#7874,.T.);
#7874=EDGE_CURVE('',#7798,#7875,#7877,.F.);
#7875=VERTEX_POINT('',#7876);
#7876=CARTESIAN_POINT('',(2.697815367,-4.1275,2.286));
#7877=LINE('',#7878,#7879);
#7878=CARTESIAN_POINT('',(2.697815367,-4.1275,2.286));
#7879=VECTOR('',#7880,1.0);
#7880=DIRECTION('',(0.0,0.0,1.0));
#7881=ORIENTED_EDGE('',*,*,#7882,.T.);
#7882=EDGE_CURVE('',#7875,#7883,#7885,.F.);
#7883=VERTEX_POINT('',#7884);
#7884=CARTESIAN_POINT('',(2.54,-3.7465,2.286));
#7885=LINE('',#7886,#7887);
#7886=CARTESIAN_POINT('',(2.54,-3.7465,2.286));
#7887=VECTOR('',#7888,1.0);
#7888=DIRECTION('',(0.382683432,-0.923879533,0.0));
#7889=ORIENTED_EDGE('',*,*,#7890,.T.);
#7890=EDGE_CURVE('',#7883,#988,#7891,.T.);
#7891=LINE('',#7892,#7893);
#7892=CARTESIAN_POINT('',(2.54,-3.7465,2.286));
#7893=VECTOR('',#7894,1.0);
#7894=DIRECTION('',(0.0,0.0,1.0));
#7895=ORIENTED_EDGE('',*,*,#987,.F.);
#7896=B_SPLINE_SURFACE_WITH_KNOTS('',1,1,((#7897,#7898),(#7899,#7900)),.UNSPECIFIED.,.F.,.F.,.U.,(2,2),(2,2),(-3.937007872E-05,0.016275253),(-3.937007874E-05,0.076843218),.PIECEWISE_BEZIER_KNOTS.);
#7897=CARTESIAN_POINT('',(2.539617317,-3.74557612,2.285));
#7898=CARTESIAN_POINT('',(2.539617317,-3.74557612,4.237817728));
#7899=CARTESIAN_POINT('',(2.698198051,-4.12842388,2.285));
#7900=CARTESIAN_POINT('',(2.698198051,-4.12842388,4.237817728));
#7901=ADVANCED_FACE('',(#7902),#7923,.F.);
#7902=FACE_BOUND('',#7903,.T.);
#7903=EDGE_LOOP('',(#7904,#7905,#7913,#7919,#7920,#7921,#7922));
#7904=ORIENTED_EDGE('',*,*,#7890,.F.);
#7905=ORIENTED_EDGE('',*,*,#7906,.T.);
#7906=EDGE_CURVE('',#7883,#7907,#7909,.F.);
#7907=VERTEX_POINT('',#7908);
#7908=CARTESIAN_POINT('',(2.382184633,-4.1275,2.286));
#7909=LINE('',#7910,#7911);
#7910=CARTESIAN_POINT('',(2.382184633,-4.1275,2.286));
#7911=VECTOR('',#7912,1.0);
#7912=DIRECTION('',(0.382683432,0.923879533,0.0));
#7913=ORIENTED_EDGE('',*,*,#7914,.T.);
#7914=EDGE_CURVE('',#7907,#7742,#7915,.T.);
#7915=LINE('',#7916,#7917);
#7916=CARTESIAN_POINT('',(2.382184633,-4.1275,2.286));
#7917=VECTOR('',#7918,1.0);
#7918=DIRECTION('',(0.0,0.0,1.0));
#7919=ORIENTED_EDGE('',*,*,#7739,.F.);
#7920=ORIENTED_EDGE('',*,*,#7827,.F.);
#7921=ORIENTED_EDGE('',*,*,#513,.F.);
#7922=ORIENTED_EDGE('',*,*,#995,.F.);
#7923=B_SPLINE_SURFACE_WITH_KNOTS('',1,1,((#7924,#7925),(#7926,#7927)),.UNSPECIFIED.,.F.,.F.,.U.,(2,2),(2,2),(-3.937007872E-05,0.016275253),(-3.937007874E-05,0.076843218),.PIECEWISE_BEZIER_KNOTS.);
#7924=CARTESIAN_POINT('',(2.381801949,-4.12842388,2.285));
#7925=CARTESIAN_POINT('',(2.381801949,-4.12842388,4.237817728));
#7926=CARTESIAN_POINT('',(2.540382683,-3.74557612,2.285));
#7927=CARTESIAN_POINT('',(2.540382683,-3.74557612,4.237817728));
#7928=ADVANCED_FACE('',(#7929),#7954,.F.);
#7929=FACE_BOUND('',#7930,.T.);
#7930=EDGE_LOOP('',(#7931,#7937,#7938,#7946,#7952,#7953));
#7931=ORIENTED_EDGE('',*,*,#7932,.T.);
#7932=EDGE_CURVE('',#7790,#759,#7933,.T.);
#7933=LINE('',#7934,#7935);
#7934=CARTESIAN_POINT('',(3.4544,-4.1275,4.236817728));
#7935=VECTOR('',#7936,1.0);
#7936=DIRECTION('',(0.0,0.0,-1.0));
#7937=ORIENTED_EDGE('',*,*,#758,.F.);
#7938=ORIENTED_EDGE('',*,*,#7939,.T.);
#7939=EDGE_CURVE('',#751,#7940,#7942,.T.);
#7940=VERTEX_POINT('',#7941);
#7941=CARTESIAN_POINT('',(3.048,-4.1275,2.286));
#7942=LINE('',#7943,#7944);
#7943=CARTESIAN_POINT('',(3.048,-4.1275,2.5908));
#7944=VECTOR('',#7945,1.0);
#7945=DIRECTION('',(0.0,0.0,-1.0));
#7946=ORIENTED_EDGE('',*,*,#7947,.T.);
#7947=EDGE_CURVE('',#7940,#7875,#7948,.F.);
#7948=LINE('',#7949,#7950);
#7949=CARTESIAN_POINT('',(2.697815367,-4.1275,2.286));
#7950=VECTOR('',#7951,1.0);
#7951=DIRECTION('',(1.0,0.0,0.0));
#7952=ORIENTED_EDGE('',*,*,#7874,.F.);
#7953=ORIENTED_EDGE('',*,*,#7797,.F.);
#7954=B_SPLINE_SURFACE_WITH_KNOTS('',1,1,((#7955,#7956),(#7957,#7958)),.UNSPECIFIED.,.F.,.F.,.U.,(2,2),(2,2),(0.252173833,0.28203937),(-0.08203937,-0.005156782),.PIECEWISE_BEZIER_KNOTS.);
#7955=CARTESIAN_POINT('',(2.696815367,-4.1275,2.285));
#7956=CARTESIAN_POINT('',(2.696815367,-4.1275,4.237817728));
#7957=CARTESIAN_POINT('',(3.4554,-4.1275,2.285));
#7958=CARTESIAN_POINT('',(3.4554,-4.1275,4.237817728));
#7959=ADVANCED_FACE('',(#7960),#8001,.F.);
#7960=FACE_BOUND('',#7961,.T.);
#7961=EDGE_LOOP('',(#7962,#7963,#7971,#7977,#7978,#7986,#7994,#8000));
#7962=ORIENTED_EDGE('',*,*,#7914,.F.);
#7963=ORIENTED_EDGE('',*,*,#7964,.T.);
#7964=EDGE_CURVE('',#7907,#7965,#7967,.F.);
#7965=VERTEX_POINT('',#7966);
#7966=CARTESIAN_POINT('',(2.032,-4.1275,2.286));
#7967=LINE('',#7968,#7969);
#7968=CARTESIAN_POINT('',(2.032,-4.1275,2.286));
#7969=VECTOR('',#7970,1.0);
#7970=DIRECTION('',(1.0,0.0,0.0));
#7971=ORIENTED_EDGE('',*,*,#7972,.T.);
#7972=EDGE_CURVE('',#7965,#790,#7973,.F.);
#7973=LINE('',#7974,#7975);
#7974=CARTESIAN_POINT('',(2.032,-4.1275,2.5908));
#7975=VECTOR('',#7976,1.0);
#7976=DIRECTION('',(0.0,0.0,-1.0));
#7977=ORIENTED_EDGE('',*,*,#789,.F.);
#7978=ORIENTED_EDGE('',*,*,#7979,.T.);
#7979=EDGE_CURVE('',#782,#7980,#7982,.T.);
#7980=VERTEX_POINT('',#7981);
#7981=CARTESIAN_POINT('',(-1.7272,-4.1275,2.286));
#7982=LINE('',#7983,#7984);
#7983=CARTESIAN_POINT('',(-1.7272,-4.1275,2.5908));
#7984=VECTOR('',#7985,1.0);
#7985=DIRECTION('',(0.0,0.0,-1.0));
#7986=ORIENTED_EDGE('',*,*,#7987,.T.);
#7987=EDGE_CURVE('',#7980,#7988,#7990,.F.);
#7988=VERTEX_POINT('',#7989);
#7989=CARTESIAN_POINT('',(-2.382184633,-4.1275,2.286));
#7990=LINE('',#7991,#7992);
#7991=CARTESIAN_POINT('',(-2.382184633,-4.1275,2.286));
#7992=VECTOR('',#7993,1.0);
#7993=DIRECTION('',(1.0,0.0,0.0));
#7994=ORIENTED_EDGE('',*,*,#7995,.T.);
#7995=EDGE_CURVE('',#7988,#7750,#7996,.T.);
#7996=LINE('',#7997,#7998);
#7997=CARTESIAN_POINT('',(-2.382184633,-4.1275,2.286));
#7998=VECTOR('',#7999,1.0);
#7999=DIRECTION('',(0.0,0.0,1.0));
#8000=ORIENTED_EDGE('',*,*,#7749,.F.);
#8001=B_SPLINE_SURFACE_WITH_KNOTS('',1,1,((#8002,#8003),(#8004,#8005)),.UNSPECIFIED.,.F.,.F.,.U.,(2,2),(2,2),(0.052173833,0.239826167),(-0.08203937,-0.005156782),.PIECEWISE_BEZIER_KNOTS.);
#8002=CARTESIAN_POINT('',(-2.383184633,-4.1275,2.285));
#8003=CARTESIAN_POINT('',(-2.383184633,-4.1275,4.237817728));
#8004=CARTESIAN_POINT('',(2.383184633,-4.1275,2.285));
#8005=CARTESIAN_POINT('',(2.383184633,-4.1275,4.237817728));
#8006=ADVANCED_FACE('',(#8007),#8034,.F.);
#8007=FACE_BOUND('',#8008,.T.);
#8008=EDGE_LOOP('',(#8009,#8017,#8025,#8031,#8032,#8033));
#8009=ORIENTED_EDGE('',*,*,#8010,.T.);
#8010=EDGE_CURVE('',#7774,#8011,#8013,.F.);
#8011=VERTEX_POINT('',#8012);
#8012=CARTESIAN_POINT('',(-2.697815367,-4.1275,2.286));
#8013=LINE('',#8014,#8015);
#8014=CARTESIAN_POINT('',(-2.697815367,-4.1275,2.286));
#8015=VECTOR('',#8016,1.0);
#8016=DIRECTION('',(0.0,0.0,1.0));
#8017=ORIENTED_EDGE('',*,*,#8018,.T.);
#8018=EDGE_CURVE('',#8011,#8019,#8021,.F.);
#8019=VERTEX_POINT('',#8020);
#8020=CARTESIAN_POINT('',(-3.0734,-4.1275,2.286));
#8021=LINE('',#8022,#8023);
#8022=CARTESIAN_POINT('',(-3.0734,-4.1275,2.286));
#8023=VECTOR('',#8024,1.0);
#8024=DIRECTION('',(1.0,0.0,0.0));
#8025=ORIENTED_EDGE('',*,*,#8026,.T.);
#8026=EDGE_CURVE('',#8019,#608,#8027,.F.);
#8027=LINE('',#8028,#8029);
#8028=CARTESIAN_POINT('',(-3.0734,-4.1275,2.5908));
#8029=VECTOR('',#8030,1.0);
#8030=DIRECTION('',(0.0,0.0,-1.0));
#8031=ORIENTED_EDGE('',*,*,#607,.F.);
#8032=ORIENTED_EDGE('',*,*,#1811,.F.);
#8033=ORIENTED_EDGE('',*,*,#7781,.F.);
#8034=B_SPLINE_SURFACE_WITH_KNOTS('',1,1,((#8035,#8036),(#8037,#8038)),.UNSPECIFIED.,.F.,.F.,.U.,(2,2),(2,2),(-3.937007874E-05,0.039826167),(-0.08203937,-0.005156782),.PIECEWISE_BEZIER_KNOTS.);
#8035=CARTESIAN_POINT('',(-3.7094,-4.1275,2.285));
#8036=CARTESIAN_POINT('',(-3.7094,-4.1275,4.237817728));
#8037=CARTESIAN_POINT('',(-2.696815367,-4.1275,2.285));
#8038=CARTESIAN_POINT('',(-2.696815367,-4.1275,4.237817728));
#8039=ADVANCED_FACE('',(#8040),#8069,.T.);
#8040=FACE_BOUND('',#8041,.T.);
#8041=EDGE_LOOP('',(#8042,#8043,#8044,#8052,#8061,#8067,#8068));
#8042=ORIENTED_EDGE('',*,*,#7882,.F.);
#8043=ORIENTED_EDGE('',*,*,#7947,.F.);
#8044=ORIENTED_EDGE('',*,*,#8045,.T.);
#8045=EDGE_CURVE('',#7940,#8046,#8048,.T.);
#8046=VERTEX_POINT('',#8047);
#8047=CARTESIAN_POINT('',(3.048,-1.27,2.286));
#8048=LINE('',#8049,#8050);
#8049=CARTESIAN_POINT('',(3.048,-4.1275,2.286));
#8050=VECTOR('',#8051,1.0);
#8051=DIRECTION('',(0.0,1.0,0.0));
#8052=ORIENTED_EDGE('',*,*,#8053,.T.);
#8053=EDGE_CURVE('',#8046,#8054,#8056,.T.);
#8054=VERTEX_POINT('',#8055);
#8055=CARTESIAN_POINT('',(2.032,-2.602725495,2.286));
#8056=CIRCLE('',#8057,3.302);
#8057=AXIS2_PLACEMENT_3D('',#8058,#8059,#8060);
#8058=CARTESIAN_POINT('',(0.0,0.0,2.286));
#8059=DIRECTION('',(0.0,0.0,-1.0));
#8060=DIRECTION('',(0.923076923,-0.384615385,0.0));
#8061=ORIENTED_EDGE('',*,*,#8062,.T.);
#8062=EDGE_CURVE('',#8054,#7965,#8063,.T.);
#8063=LINE('',#8064,#8065);
#8064=CARTESIAN_POINT('',(2.032,-2.602725495,2.286));
#8065=VECTOR('',#8066,1.0);
#8066=DIRECTION('',(0.0,-1.0,0.0));
#8067=ORIENTED_EDGE('',*,*,#7964,.F.);
#8068=ORIENTED_EDGE('',*,*,#7906,.F.);
#8069=B_SPLINE_SURFACE_WITH_KNOTS('',1,1,((#8070,#8071),(#8072,#8073)),.UNSPECIFIED.,.F.,.F.,.U.,(2,2),(2,2),(0.07996063,0.12003937),(-0.16253937,-0.04996063),.PIECEWISE_BEZIER_KNOTS.);
#8070=CARTESIAN_POINT('',(2.031,-4.1285,2.286));
#8071=CARTESIAN_POINT('',(2.031,-1.269,2.286));
#8072=CARTESIAN_POINT('',(3.049,-4.1285,2.286));
#8073=CARTESIAN_POINT('',(3.049,-1.269,2.286));
#8074=ADVANCED_FACE('',(#8075),#8087,.F.);
#8075=FACE_BOUND('',#8076,.T.);
#8076=EDGE_LOOP('',(#8077,#8078,#8079,#8080,#8086));
#8077=ORIENTED_EDGE('',*,*,#797,.F.);
#8078=ORIENTED_EDGE('',*,*,#7972,.F.);
#8079=ORIENTED_EDGE('',*,*,#8062,.F.);
#8080=ORIENTED_EDGE('',*,*,#8081,.T.);
#8081=EDGE_CURVE('',#8054,#1003,#8082,.F.);
#8082=LINE('',#8083,#8084);
#8083=CARTESIAN_POINT('',(2.032,-2.602725495,2.5908));
#8084=VECTOR('',#8085,1.0);
#8085=DIRECTION('',(0.0,0.0,-1.0));
#8086=ORIENTED_EDGE('',*,*,#1002,.F.);
#8087=B_SPLINE_SURFACE_WITH_KNOTS('',1,1,((#8088,#8089),(#8090,#8091)),.UNSPECIFIED.,.F.,.F.,.U.,(2,2),(2,2),(-3.937007875E-05,0.060069862),(-0.01203937,3.937007874E-05),.PIECEWISE_BEZIER_KNOTS.);
#8088=CARTESIAN_POINT('',(2.032,-2.601725495,2.285));
#8089=CARTESIAN_POINT('',(2.032,-2.601725495,2.5918));
#8090=CARTESIAN_POINT('',(2.032,-4.1285,2.285));
#8091=CARTESIAN_POINT('',(2.032,-4.1285,2.5918));
#8092=ADVANCED_FACE('',(#8093),#8138,.F.);
#8093=FACE_BOUND('',#8094,.T.);
#8094=EDGE_LOOP('',(#8095,#8096,#8103,#8104,#8105,#8113,#8122,#8128,#8129,#8130,#8131,#8137));
#8095=ORIENTED_EDGE('',*,*,#1232,.F.);
#8096=ORIENTED_EDGE('',*,*,#8097,.T.);
#8097=EDGE_CURVE('',#1224,#1182,#8098,.F.);
#8098=CIRCLE('',#8099,3.302);
#8099=AXIS2_PLACEMENT_3D('',#8100,#8101,#8102);
#8100=CARTESIAN_POINT('',(0.0,0.0,0.7874));
#8101=DIRECTION('',(0.0,0.0,1.0));
#8102=DIRECTION('',(-1.0,0.0,0.0));
#8103=ORIENTED_EDGE('',*,*,#1181,.F.);
#8104=ORIENTED_EDGE('',*,*,#1096,.F.);
#8105=ORIENTED_EDGE('',*,*,#8106,.T.);
#8106=EDGE_CURVE('',#1089,#8107,#8109,.T.);
#8107=VERTEX_POINT('',#8108);
#8108=CARTESIAN_POINT('',(-2.859615883,-1.651,2.286));
#8109=LINE('',#8110,#8111);
#8110=CARTESIAN_POINT('',(-2.859615883,-1.651,2.5908));
#8111=VECTOR('',#8112,1.0);
#8112=DIRECTION('',(0.0,0.0,-1.0));
#8113=ORIENTED_EDGE('',*,*,#8114,.T.);
#8114=EDGE_CURVE('',#8107,#8115,#8117,.F.);
#8115=VERTEX_POINT('',#8116);
#8116=CARTESIAN_POINT('',(-1.7272,-2.814246642,2.286));
#8117=CIRCLE('',#8118,3.302);
#8118=AXIS2_PLACEMENT_3D('',#8119,#8120,#8121);
#8119=CARTESIAN_POINT('',(0.0,0.0,2.286));
#8120=DIRECTION('',(0.0,0.0,-1.0));
#8121=DIRECTION('',(-0.523076923,-0.852285476,0.0));
#8122=ORIENTED_EDGE('',*,*,#8123,.T.);
#8123=EDGE_CURVE('',#8115,#1011,#8124,.F.);
#8124=LINE('',#8125,#8126);
#8125=CARTESIAN_POINT('',(-1.7272,-2.814246642,2.5908));
#8126=VECTOR('',#8127,1.0);
#8127=DIRECTION('',(0.0,0.0,-1.0));
#8128=ORIENTED_EDGE('',*,*,#1010,.F.);
#8129=ORIENTED_EDGE('',*,*,#8081,.F.);
#8130=ORIENTED_EDGE('',*,*,#8053,.F.);
#8131=ORIENTED_EDGE('',*,*,#8132,.T.);
#8132=EDGE_CURVE('',#8046,#972,#8133,.F.);
#8133=LINE('',#8134,#8135);
#8134=CARTESIAN_POINT('',(3.048,-1.27,2.5908));
#8135=VECTOR('',#8136,1.0);
#8136=DIRECTION('',(0.0,-1.818911919E-09,-1.0));
#8137=ORIENTED_EDGE('',*,*,#971,.F.);
#8138=(BOUNDED_SURFACE()B_SPLINE_SURFACE(3,3,((#8139,#8140,#8141,#8142),(#8143,#8144,#8145,#8146),(#8147,#8148,#8149,#8150),(#8151,#8152,#8153,#8154),(#8155,#8156,#8157,#8158),(#8159,#8160,#8161,#8162),(#8163,#8164,#8165,#8166)),.UNSPECIFIED.,.F.,.F.,.U.)B_SPLINE_SURFACE_WITH_KNOTS((4,3,4),(4,4),(0.020282613,1.0,1.979717387),(-3.636225674E-04,0.07242),.UNSPECIFIED.)GEOMETRIC_REPRESENTATION_ITEM()RATIONAL_B_SPLINE_SURFACE(((1.17237817,1.17237817,1.17237817,1.17237817),(0.937681805,0.937681805,0.937681805,0.937681805),(0.942643326,0.942643326,0.942643326,0.942643326),(1.187262732,1.187262732,1.187262732,1.187262732),(0.942643326,0.942643326,0.942643326,0.942643326),(0.937681805,0.937681805,0.937681805,0.937681805),(1.17237817,1.17237817,1.17237817,1.17237817)))REPRESENTATION_ITEM('')SURFACE());
#8139=CARTESIAN_POINT('',(3.300194278,0.109186655,2.600036013));
#8140=CARTESIAN_POINT('',(3.300194278,0.109186655,1.983801342));
#8141=CARTESIAN_POINT('',(3.300194278,0.109186655,1.367566671));
#8142=CARTESIAN_POINT('',(3.300194278,0.109186655,0.751332));
#8143=CARTESIAN_POINT('',(3.366017526,-1.880337645,2.600036013));
#8144=CARTESIAN_POINT('',(3.366017526,-1.880337645,1.983801342));
#8145=CARTESIAN_POINT('',(3.366017526,-1.880337645,1.367566671));
#8146=CARTESIAN_POINT('',(3.366017526,-1.880337645,0.751332));
#8147=CARTESIAN_POINT('',(1.980135464,-3.302,2.600036013));
#8148=CARTESIAN_POINT('',(1.980135464,-3.302,1.983801342));
#8149=CARTESIAN_POINT('',(1.980135464,-3.302,1.367566671));
#8150=CARTESIAN_POINT('',(1.980135464,-3.302,0.751332));
#8151=CARTESIAN_POINT('',(0.0,-3.302,2.600036013));
#8152=CARTESIAN_POINT('',(0.0,-3.302,1.983801342));
#8153=CARTESIAN_POINT('',(0.0,-3.302,1.367566671));
#8154=CARTESIAN_POINT('',(0.0,-3.302,0.751332));
#8155=CARTESIAN_POINT('',(-1.980135464,-3.302,2.600036013));
#8156=CARTESIAN_POINT('',(-1.980135464,-3.302,1.983801342));
#8157=CARTESIAN_POINT('',(-1.980135464,-3.302,1.367566671));
#8158=CARTESIAN_POINT('',(-1.980135464,-3.302,0.751332));
#8159=CARTESIAN_POINT('',(-3.366017526,-1.880337645,2.600036013));
#8160=CARTESIAN_POINT('',(-3.366017526,-1.880337645,1.983801342));
#8161=CARTESIAN_POINT('',(-3.366017526,-1.880337645,1.367566671));
#8162=CARTESIAN_POINT('',(-3.366017526,-1.880337645,0.751332));
#8163=CARTESIAN_POINT('',(-3.300194278,0.109186655,2.600036013));
#8164=CARTESIAN_POINT('',(-3.300194278,0.109186655,1.983801342));
#8165=CARTESIAN_POINT('',(-3.300194278,0.109186655,1.367566671));
#8166=CARTESIAN_POINT('',(-3.300194278,0.109186655,0.751332));
#8167=ADVANCED_FACE('',(#8168),#8175,.F.);
#8168=FACE_BOUND('',#8169,.T.);
#8169=EDGE_LOOP('',(#8170,#8171,#8172,#8173,#8174));
#8170=ORIENTED_EDGE('',*,*,#8132,.F.);
#8171=ORIENTED_EDGE('',*,*,#8045,.F.);
#8172=ORIENTED_EDGE('',*,*,#7939,.F.);
#8173=ORIENTED_EDGE('',*,*,#750,.F.);
#8174=ORIENTED_EDGE('',*,*,#980,.F.);
#8175=B_SPLINE_SURFACE_WITH_KNOTS('',1,1,((#8176,#8177),(#8178,#8179)),.UNSPECIFIED.,.F.,.F.,.U.,(2,2),(2,2),(-3.937007874E-05,0.11253937),(-0.01203937,3.937007874E-05),.PIECEWISE_BEZIER_KNOTS.);
#8176=CARTESIAN_POINT('',(3.048,-4.1285,2.285));
#8177=CARTESIAN_POINT('',(3.048,-4.1285,2.5918));
#8178=CARTESIAN_POINT('',(3.048,-1.268999999,2.285));
#8179=CARTESIAN_POINT('',(3.048,-1.268999999,2.5918));
#8180=ADVANCED_FACE('',(#8181),#8193,.F.);
#8181=FACE_BOUND('',#8182,.T.);
#8182=EDGE_LOOP('',(#8183,#8184,#8190,#8191,#8192));
#8183=ORIENTED_EDGE('',*,*,#8123,.F.);
#8184=ORIENTED_EDGE('',*,*,#8185,.T.);
#8185=EDGE_CURVE('',#8115,#7980,#8186,.F.);
#8186=LINE('',#8187,#8188);
#8187=CARTESIAN_POINT('',(-1.7272,-4.1275,2.286));
#8188=VECTOR('',#8189,1.0);
#8189=DIRECTION('',(0.0,1.0,0.0));
#8190=ORIENTED_EDGE('',*,*,#7979,.F.);
#8191=ORIENTED_EDGE('',*,*,#781,.F.);
#8192=ORIENTED_EDGE('',*,*,#1019,.F.);
#8193=B_SPLINE_SURFACE_WITH_KNOTS('',1,1,((#8194,#8195),(#8196,#8197)),.UNSPECIFIED.,.F.,.F.,.U.,(2,2),(2,2),(-3.937007873E-05,0.051742258),(-0.01203937,3.937007874E-05),.PIECEWISE_BEZIER_KNOTS.);
#8194=CARTESIAN_POINT('',(-1.7272,-4.1285,2.285));
#8195=CARTESIAN_POINT('',(-1.7272,-4.1285,2.5918));
#8196=CARTESIAN_POINT('',(-1.7272,-2.813246642,2.285));
#8197=CARTESIAN_POINT('',(-1.7272,-2.813246642,2.5918));
#8198=ADVANCED_FACE('',(#8199),#8260,.T.);
#8199=FACE_BOUND('',#8200,.T.);
#8200=EDGE_LOOP('',(#8201,#8202,#8210,#8216,#8217,#8225,#8231,#8232,#8233,#8234,#8242,#8250,#8257,#8258,#8259));
#8201=ORIENTED_EDGE('',*,*,#1826,.F.);
#8202=ORIENTED_EDGE('',*,*,#8203,.T.);
#8203=EDGE_CURVE('',#1819,#8204,#8206,.T.);
#8204=VERTEX_POINT('',#8205);
#8205=CARTESIAN_POINT('',(-3.0734,-3.8735,2.286));
#8206=LINE('',#8207,#8208);
#8207=CARTESIAN_POINT('',(-3.7084,-3.8735,2.286));
#8208=VECTOR('',#8209,1.0);
#8209=DIRECTION('',(1.0,0.0,0.0));
#8210=ORIENTED_EDGE('',*,*,#8211,.T.);
#8211=EDGE_CURVE('',#8204,#8019,#8212,.T.);
#8212=LINE('',#8213,#8214);
#8213=CARTESIAN_POINT('',(-3.0734,-3.8735,2.286));
#8214=VECTOR('',#8215,1.0);
#8215=DIRECTION('',(0.0,-1.0,0.0));
#8216=ORIENTED_EDGE('',*,*,#8018,.F.);
#8217=ORIENTED_EDGE('',*,*,#8218,.T.);
#8218=EDGE_CURVE('',#8011,#8219,#8221,.F.);
#8219=VERTEX_POINT('',#8220);
#8220=CARTESIAN_POINT('',(-2.54,-3.7465,2.286));
#8221=LINE('',#8222,#8223);
#8222=CARTESIAN_POINT('',(-2.54,-3.7465,2.286));
#8223=VECTOR('',#8224,1.0);
#8224=DIRECTION('',(-0.382683432,-0.923879533,0.0));
#8225=ORIENTED_EDGE('',*,*,#8226,.T.);
#8226=EDGE_CURVE('',#8219,#7988,#8227,.F.);
#8227=LINE('',#8228,#8229);
#8228=CARTESIAN_POINT('',(-2.382184633,-4.1275,2.286));
#8229=VECTOR('',#8230,1.0);
#8230=DIRECTION('',(-0.382683432,0.923879533,0.0));
#8231=ORIENTED_EDGE('',*,*,#7987,.F.);
#8232=ORIENTED_EDGE('',*,*,#8185,.F.);
#8233=ORIENTED_EDGE('',*,*,#8114,.F.);
#8234=ORIENTED_EDGE('',*,*,#8235,.T.);
#8235=EDGE_CURVE('',#8107,#8236,#8238,.T.);
#8236=VERTEX_POINT('',#8237);
#8237=CARTESIAN_POINT('',(-3.3274,-1.651,2.286));
#8238=LINE('',#8239,#8240);
#8239=CARTESIAN_POINT('',(-2.859615883,-1.651,2.286));
#8240=VECTOR('',#8241,1.0);
#8241=DIRECTION('',(-1.0,0.0,0.0));
#8242=ORIENTED_EDGE('',*,*,#8243,.T.);
#8243=EDGE_CURVE('',#8236,#8244,#8246,.T.);
#8244=VERTEX_POINT('',#8245);
#8245=CARTESIAN_POINT('',(-3.3274,-2.7305,2.286));
#8246=LINE('',#8247,#8248);
#8247=CARTESIAN_POINT('',(-3.3274,-1.651,2.286));
#8248=VECTOR('',#8249,1.0);
#8249=DIRECTION('',(0.0,-1.0,0.0));
#8250=ORIENTED_EDGE('',*,*,#8251,.T.);
#8251=EDGE_CURVE('',#8244,#1930,#8252,.T.);
#8252=CIRCLE('',#8253,0.1905);
#8253=AXIS2_PLACEMENT_3D('',#8254,#8255,#8256);
#8254=CARTESIAN_POINT('',(-3.5179,-2.7305,2.286));
#8255=DIRECTION('',(0.0,0.0,-1.0));
#8256=DIRECTION('',(1.0,0.0,0.0));
#8257=ORIENTED_EDGE('',*,*,#1929,.F.);
#8258=ORIENTED_EDGE('',*,*,#2095,.F.);
#8259=ORIENTED_EDGE('',*,*,#2071,.F.);
#8260=B_SPLINE_SURFACE_WITH_KNOTS('',1,1,((#8261,#8262),(#8263,#8264)),.UNSPECIFIED.,.F.,.F.,.U.,(2,2),(2,2),(-0.14603937,-0.06796063),(-0.16253937,-0.06496063),.PIECEWISE_BEZIER_KNOTS.);
#8261=CARTESIAN_POINT('',(-3.7094,-4.1285,2.286));
#8262=CARTESIAN_POINT('',(-3.7094,-1.65,2.286));
#8263=CARTESIAN_POINT('',(-1.7262,-4.1285,2.286));
#8264=CARTESIAN_POINT('',(-1.7262,-1.65,2.286));
#8265=ADVANCED_FACE('',(#8266),#8278,.T.);
#8266=FACE_BOUND('',#8267,.T.);
#8267=EDGE_LOOP('',(#8268,#8269,#8270,#8271,#8277));
#8268=ORIENTED_EDGE('',*,*,#655,.F.);
#8269=ORIENTED_EDGE('',*,*,#1937,.F.);
#8270=ORIENTED_EDGE('',*,*,#8251,.F.);
#8271=ORIENTED_EDGE('',*,*,#8272,.T.);
#8272=EDGE_CURVE('',#8244,#1072,#8273,.F.);
#8273=LINE('',#8274,#8275);
#8274=CARTESIAN_POINT('',(-3.3274,-2.7305,2.5908));
#8275=VECTOR('',#8276,1.0);
#8276=DIRECTION('',(0.0,0.0,-1.0));
#8277=ORIENTED_EDGE('',*,*,#1071,.F.);
#8278=(BOUNDED_SURFACE()B_SPLINE_SURFACE(3,3,((#8279,#8280,#8281,#8282),(#8283,#8284,#8285,#8286),(#8287,#8288,#8289,#8290),(#8291,#8292,#8293,#8294),(#8295,#8296,#8297,#8298),(#8299,#8300,#8301,#8302),(#8303,#8304,#8305,#8306)),.UNSPECIFIED.,.F.,.F.,.U.)B_SPLINE_SURFACE_WITH_KNOTS((4,3,4),(4,4),(0.071078205,1.0,1.928921795),(-0.01285344,8.534396288E-04),.UNSPECIFIED.)GEOMETRIC_REPRESENTATION_ITEM()RATIONAL_B_SPLINE_SURFACE(((1.147663621,1.147663621,1.147663621,1.147663621),(0.934465539,0.934465539,0.934465539,0.934465539),(0.952130458,0.952130458,0.952130458,0.952130458),(1.200658376,1.200658376,1.200658376,1.200658376),(0.952130458,0.952130458,0.952130458,0.952130458),(0.934465539,0.934465539,0.934465539,0.934465539),(1.147663621,1.147663621,1.147663621,1.147663621)))REPRESENTATION_ITEM('')SURFACE());
#8279=CARTESIAN_POINT('',(-3.708397381,-2.729501007,2.264322633));
#8280=CARTESIAN_POINT('',(-3.708397381,-2.729501007,2.380374211));
#8281=CARTESIAN_POINT('',(-3.708397381,-2.729501007,2.496425789));
#8282=CARTESIAN_POINT('',(-3.708397381,-2.729501007,2.612477367));
#8283=CARTESIAN_POINT('',(-3.708990505,-2.842603519,2.264322633));
#8284=CARTESIAN_POINT('',(-3.708990505,-2.842603519,2.380374211));
#8285=CARTESIAN_POINT('',(-3.708990505,-2.842603519,2.496425789));
#8286=CARTESIAN_POINT('',(-3.708990505,-2.842603519,2.612477367));
#8287=CARTESIAN_POINT('',(-3.628905643,-2.921,2.264322633));
#8288=CARTESIAN_POINT('',(-3.628905643,-2.921,2.380374211));
#8289=CARTESIAN_POINT('',(-3.628905643,-2.921,2.496425789));
#8290=CARTESIAN_POINT('',(-3.628905643,-2.921,2.612477367));
#8291=CARTESIAN_POINT('',(-3.5179,-2.921,2.264322633));
#8292=CARTESIAN_POINT('',(-3.5179,-2.921,2.380374211));
#8293=CARTESIAN_POINT('',(-3.5179,-2.921,2.496425789));
#8294=CARTESIAN_POINT('',(-3.5179,-2.921,2.612477367));
#8295=CARTESIAN_POINT('',(-3.406894357,-2.921,2.264322633));
#8296=CARTESIAN_POINT('',(-3.406894357,-2.921,2.380374211));
#8297=CARTESIAN_POINT('',(-3.406894357,-2.921,2.496425789));
#8298=CARTESIAN_POINT('',(-3.406894357,-2.921,2.612477367));
#8299=CARTESIAN_POINT('',(-3.326809495,-2.842603519,2.264322633));
#8300=CARTESIAN_POINT('',(-3.326809495,-2.842603519,2.380374211));
#8301=CARTESIAN_POINT('',(-3.326809495,-2.842603519,2.496425789));
#8302=CARTESIAN_POINT('',(-3.326809495,-2.842603519,2.612477367));
#8303=CARTESIAN_POINT('',(-3.327402619,-2.729501007,2.264322633));
#8304=CARTESIAN_POINT('',(-3.327402619,-2.729501007,2.380374211));
#8305=CARTESIAN_POINT('',(-3.327402619,-2.729501007,2.496425789));
#8306=CARTESIAN_POINT('',(-3.327402619,-2.729501007,2.612477367));
#8307=ADVANCED_FACE('',(#8308),#8319,.F.);
#8308=FACE_BOUND('',#8309,.T.);
#8309=EDGE_LOOP('',(#8310,#8311,#8312,#8318));
#8310=ORIENTED_EDGE('',*,*,#8272,.F.);
#8311=ORIENTED_EDGE('',*,*,#8243,.F.);
#8312=ORIENTED_EDGE('',*,*,#8313,.T.);
#8313=EDGE_CURVE('',#8236,#1081,#8314,.F.);
#8314=LINE('',#8315,#8316);
#8315=CARTESIAN_POINT('',(-3.3274,-1.651,2.5908));
#8316=VECTOR('',#8317,1.0);
#8317=DIRECTION('',(0.0,0.0,-1.0));
#8318=ORIENTED_EDGE('',*,*,#1080,.F.);
#8319=B_SPLINE_SURFACE_WITH_KNOTS('',1,1,((#8320,#8321),(#8322,#8323)),.UNSPECIFIED.,.F.,.F.,.U.,(2,2),(2,2),(-3.937007874E-05,0.04253937),(-0.01203937,3.937007874E-05),.PIECEWISE_BEZIER_KNOTS.);
#8320=CARTESIAN_POINT('',(-3.3274,-1.65,2.285));
#8321=CARTESIAN_POINT('',(-3.3274,-1.65,2.5918));
#8322=CARTESIAN_POINT('',(-3.3274,-2.7315,2.285));
#8323=CARTESIAN_POINT('',(-3.3274,-2.7315,2.5918));
#8324=ADVANCED_FACE('',(#8325),#8331,.F.);
#8325=FACE_BOUND('',#8326,.T.);
#8326=EDGE_LOOP('',(#8327,#8328,#8329,#8330));
#8327=ORIENTED_EDGE('',*,*,#8313,.F.);
#8328=ORIENTED_EDGE('',*,*,#8235,.F.);
#8329=ORIENTED_EDGE('',*,*,#8106,.F.);
#8330=ORIENTED_EDGE('',*,*,#1088,.F.);
#8331=B_SPLINE_SURFACE_WITH_KNOTS('',1,1,((#8332,#8333),(#8334,#8335)),.UNSPECIFIED.,.F.,.F.,.U.,(2,2),(2,2),(-3.937007874E-05,0.018456068),(-0.01203937,3.937007874E-05),.PIECEWISE_BEZIER_KNOTS.);
#8332=CARTESIAN_POINT('',(-2.858615883,-1.651,2.285));
#8333=CARTESIAN_POINT('',(-2.858615883,-1.651,2.5918));
#8334=CARTESIAN_POINT('',(-3.3284,-1.651,2.285));
#8335=CARTESIAN_POINT('',(-3.3284,-1.651,2.5918));
#8336=ADVANCED_FACE('',(#8337),#8351,.T.);
#8337=FACE_BOUND('',#8338,.T.);
#8338=EDGE_LOOP('',(#8339,#8340,#8341,#8342,#8343,#8344,#8350));
#8339=ORIENTED_EDGE('',*,*,#520,.F.);
#8340=ORIENTED_EDGE('',*,*,#7856,.F.);
#8341=ORIENTED_EDGE('',*,*,#7757,.F.);
#8342=ORIENTED_EDGE('',*,*,#7995,.F.);
#8343=ORIENTED_EDGE('',*,*,#8226,.F.);
#8344=ORIENTED_EDGE('',*,*,#8345,.T.);
#8345=EDGE_CURVE('',#8219,#1027,#8346,.T.);
#8346=LINE('',#8347,#8348);
#8347=CARTESIAN_POINT('',(-2.54,-3.7465,2.286));
#8348=VECTOR('',#8349,1.0);
#8349=DIRECTION('',(0.0,0.0,1.0));
#8350=ORIENTED_EDGE('',*,*,#1026,.F.);
#8351=B_SPLINE_SURFACE_WITH_KNOTS('',1,1,((#8352,#8353),(#8354,#8355)),.UNSPECIFIED.,.F.,.F.,.U.,(2,2),(2,2),(-3.937007872E-05,0.016275253),(-3.937007874E-05,0.076843218),.PIECEWISE_BEZIER_KNOTS.);
#8352=CARTESIAN_POINT('',(-2.381801949,-4.12842388,2.285));
#8353=CARTESIAN_POINT('',(-2.381801949,-4.12842388,4.237817728));
#8354=CARTESIAN_POINT('',(-2.540382683,-3.74557612,2.285));
#8355=CARTESIAN_POINT('',(-2.540382683,-3.74557612,4.237817728));
#8356=ADVANCED_FACE('',(#8357),#8366,.T.);
#8357=FACE_BOUND('',#8358,.T.);
#8358=EDGE_LOOP('',(#8359,#8360,#8361,#8362,#8363,#8364,#8365));
#8359=ORIENTED_EDGE('',*,*,#8345,.F.);
#8360=ORIENTED_EDGE('',*,*,#8218,.F.);
#8361=ORIENTED_EDGE('',*,*,#8010,.F.);
#8362=ORIENTED_EDGE('',*,*,#7773,.F.);
#8363=ORIENTED_EDGE('',*,*,#7849,.F.);
#8364=ORIENTED_EDGE('',*,*,#560,.F.);
#8365=ORIENTED_EDGE('',*,*,#1034,.F.);
#8366=B_SPLINE_SURFACE_WITH_KNOTS('',1,1,((#8367,#8368),(#8369,#8370)),.UNSPECIFIED.,.F.,.F.,.U.,(2,2),(2,2),(-3.937007872E-05,0.016275253),(-3.937007874E-05,0.076843218),.PIECEWISE_BEZIER_KNOTS.);
#8367=CARTESIAN_POINT('',(-2.539617317,-3.74557612,2.285));
#8368=CARTESIAN_POINT('',(-2.539617317,-3.74557612,4.237817728));
#8369=CARTESIAN_POINT('',(-2.698198051,-4.12842388,2.285));
#8370=CARTESIAN_POINT('',(-2.698198051,-4.12842388,4.237817728));
#8371=ADVANCED_FACE('',(#8372),#8384,.F.);
#8372=FACE_BOUND('',#8373,.T.);
#8373=EDGE_LOOP('',(#8374,#8375,#8376,#8377,#8383));
#8374=ORIENTED_EDGE('',*,*,#615,.F.);
#8375=ORIENTED_EDGE('',*,*,#8026,.F.);
#8376=ORIENTED_EDGE('',*,*,#8211,.F.);
#8377=ORIENTED_EDGE('',*,*,#8378,.T.);
#8378=EDGE_CURVE('',#8204,#1042,#8379,.F.);
#8379=LINE('',#8380,#8381);
#8380=CARTESIAN_POINT('',(-3.0734,-3.8735,2.5908));
#8381=VECTOR('',#8382,1.0);
#8382=DIRECTION('',(0.0,0.0,-1.0));
#8383=ORIENTED_EDGE('',*,*,#1041,.F.);
#8384=B_SPLINE_SURFACE_WITH_KNOTS('',1,1,((#8385,#8386),(#8387,#8388)),.UNSPECIFIED.,.F.,.F.,.U.,(2,2),(2,2),(-3.937007874E-05,0.01003937),(-0.01203937,3.937007874E-05),.PIECEWISE_BEZIER_KNOTS.);
#8385=CARTESIAN_POINT('',(-3.0734,-3.8725,2.285));
#8386=CARTESIAN_POINT('',(-3.0734,-3.8725,2.5918));
#8387=CARTESIAN_POINT('',(-3.0734,-4.1285,2.285));
#8388=CARTESIAN_POINT('',(-3.0734,-4.1285,2.5918));
#8389=ADVANCED_FACE('',(#8390),#8397,.F.);
#8390=FACE_BOUND('',#8391,.T.);
#8391=EDGE_LOOP('',(#8392,#8393,#8394,#8395,#8396));
#8392=ORIENTED_EDGE('',*,*,#8378,.F.);
#8393=ORIENTED_EDGE('',*,*,#8203,.F.);
#8394=ORIENTED_EDGE('',*,*,#1818,.F.);
#8395=ORIENTED_EDGE('',*,*,#589,.F.);
#8396=ORIENTED_EDGE('',*,*,#1049,.F.);
#8397=B_SPLINE_SURFACE_WITH_KNOTS('',1,1,((#8398,#8399),(#8400,#8401)),.UNSPECIFIED.,.F.,.F.,.U.,(2,2),(2,2),(-3.937007874E-05,0.02503937),(-0.01203937,3.937007874E-05),.PIECEWISE_BEZIER_KNOTS.);
#8398=CARTESIAN_POINT('',(-3.7094,-3.8735,2.285));
#8399=CARTESIAN_POINT('',(-3.7094,-3.8735,2.5918));
#8400=CARTESIAN_POINT('',(-3.0724,-3.8735,2.285));
#8401=CARTESIAN_POINT('',(-3.0724,-3.8735,2.5918));
#8402=ADVANCED_FACE('',(#8403,#8414,#8434),#8470,.T.);
#8403=FACE_BOUND('',#8404,.T.);
#8404=EDGE_LOOP('',(#8405,#8411,#8412,#8413));
#8405=ORIENTED_EDGE('',*,*,#8406,.T.);
#8406=EDGE_CURVE('',#1216,#1190,#8407,.F.);
#8407=LINE('',#8408,#8409);
#8408=CARTESIAN_POINT('',(-1.7272,2.814246642,0.7874));
#8409=VECTOR('',#8410,1.0);
#8410=DIRECTION('',(1.0,0.0,0.0));
#8411=ORIENTED_EDGE('',*,*,#1189,.F.);
#8412=ORIENTED_EDGE('',*,*,#8097,.F.);
#8413=ORIENTED_EDGE('',*,*,#1223,.F.);
#8414=FACE_BOUND('',#8415,.T.);
#8415=EDGE_LOOP('',(#8416,#8427));
#8416=ORIENTED_EDGE('',*,*,#8417,.T.);
#8417=EDGE_CURVE('',#8418,#8420,#8422,.T.);
#8418=VERTEX_POINT('',#8419);
#8419=CARTESIAN_POINT('',(-0.7239,0.0,0.7874));
#8420=VERTEX_POINT('',#8421);
#8421=CARTESIAN_POINT('',(0.7239,0.0,0.7874));
#8422=CIRCLE('',#8423,0.7239);
#8423=AXIS2_PLACEMENT_3D('',#8424,#8425,#8426);
#8424=CARTESIAN_POINT('',(0.0,0.0,0.7874));
#8425=DIRECTION('',(0.0,0.0,-1.0));
#8426=DIRECTION('',(-1.0,0.0,0.0));
#8427=ORIENTED_EDGE('',*,*,#8428,.T.);
#8428=EDGE_CURVE('',#8420,#8418,#8429,.T.);
#8429=CIRCLE('',#8430,0.7239);
#8430=AXIS2_PLACEMENT_3D('',#8431,#8432,#8433);
#8431=CARTESIAN_POINT('',(0.0,0.0,0.7874));
#8432=DIRECTION('',(0.0,0.0,-1.0));
#8433=DIRECTION('',(1.0,0.0,0.0));
#8434=FACE_BOUND('',#8435,.T.);
#8435=EDGE_LOOP('',(#8436,#8446,#8455,#8463));
#8436=ORIENTED_EDGE('',*,*,#8437,.T.);
#8437=EDGE_CURVE('',#8438,#8440,#8442,.F.);
#8438=VERTEX_POINT('',#8439);
#8439=CARTESIAN_POINT('',(-2.252158968,0.519951867,0.7874));
#8440=VERTEX_POINT('',#8441);
#8441=CARTESIAN_POINT('',(-1.583935977,0.365680434,0.7874));
#8442=LINE('',#8443,#8444);
#8443=CARTESIAN_POINT('',(-1.583935977,0.365680434,0.7874));
#8444=VECTOR('',#8445,1.0);
#8445=DIRECTION('',(-0.974370065,0.224951054,0.0));
#8446=ORIENTED_EDGE('',*,*,#8447,.T.);
#8447=EDGE_CURVE('',#8440,#8448,#8450,.T.);
#8448=VERTEX_POINT('',#8449);
#8449=CARTESIAN_POINT('',(-1.527564324,-0.555987945,0.7874));
#8450=CIRCLE('',#8451,1.6256);
#8451=AXIS2_PLACEMENT_3D('',#8452,#8453,#8454);
#8452=CARTESIAN_POINT('',(0.0,0.0,0.7874));
#8453=DIRECTION('',(0.0,0.0,1.0));
#8454=DIRECTION('',(-0.974370065,0.224951054,0.0));
#8455=ORIENTED_EDGE('',*,*,#8456,.T.);
#8456=EDGE_CURVE('',#8448,#8457,#8459,.T.);
#8457=VERTEX_POINT('',#8458);
#8458=CARTESIAN_POINT('',(-2.172005524,-0.790545359,0.7874));
#8459=LINE('',#8460,#8461);
#8460=CARTESIAN_POINT('',(-1.527564324,-0.555987945,0.7874));
#8461=VECTOR('',#8462,1.0);
#8462=DIRECTION('',(-0.939692621,-0.342020143,0.0));
#8463=ORIENTED_EDGE('',*,*,#8464,.T.);
#8464=EDGE_CURVE('',#8457,#8438,#8465,.T.);
#8465=CIRCLE('',#8466,2.3114);
#8466=AXIS2_PLACEMENT_3D('',#8467,#8468,#8469);
#8467=CARTESIAN_POINT('',(0.0,0.0,0.7874));
#8468=DIRECTION('',(0.0,0.0,-1.0));
#8469=DIRECTION('',(-0.939692621,-0.342020143,0.0));
#8470=B_SPLINE_SURFACE_WITH_KNOTS('',1,1,((#8471,#8472),(#8473,#8474)),.UNSPECIFIED.,.F.,.F.,.U.,(2,2),(2,2),(-0.130004798,0.130004798),(-0.110836482,0.130004798),.PIECEWISE_BEZIER_KNOTS.);
#8471=CARTESIAN_POINT('',(3.30212188,2.815246642,0.7874));
#8472=CARTESIAN_POINT('',(3.30212188,-3.30212188,0.7874));
#8473=CARTESIAN_POINT('',(-3.30212188,2.815246642,0.7874));
#8474=CARTESIAN_POINT('',(-3.30212188,-3.30212188,0.7874));
#8475=ADVANCED_FACE('',(#8476),#8504,.F.);
#8476=FACE_BOUND('',#8477,.T.);
#8477=EDGE_LOOP('',(#8478,#8487,#8496,#8503));
#8478=ORIENTED_EDGE('',*,*,#8479,.T.);
#8479=EDGE_CURVE('',#8420,#8480,#8482,.T.);
#8480=VERTEX_POINT('',#8481);
#8481=CARTESIAN_POINT('',(0.5207,0.0,0.9906));
#8482=CIRCLE('',#8483,0.2032);
#8483=AXIS2_PLACEMENT_3D('',#8484,#8485,#8486);
#8484=CARTESIAN_POINT('',(0.7239,0.0,0.9906));
#8485=DIRECTION('',(0.0,1.0,0.0));
#8486=DIRECTION('',(0.0,0.0,-1.0));
#8487=ORIENTED_EDGE('',*,*,#8488,.T.);
#8488=EDGE_CURVE('',#8480,#8489,#8491,.T.);
#8489=VERTEX_POINT('',#8490);
#8490=CARTESIAN_POINT('',(-0.5207,0.0,0.9906));
#8491=CIRCLE('',#8492,0.5207);
#8492=AXIS2_PLACEMENT_3D('',#8493,#8494,#8495);
#8493=CARTESIAN_POINT('',(0.0,0.0,0.9906));
#8494=DIRECTION('',(0.0,0.0,-1.0));
#8495=DIRECTION('',(1.0,0.0,0.0));
#8496=ORIENTED_EDGE('',*,*,#8497,.T.);
#8497=EDGE_CURVE('',#8489,#8418,#8498,.F.);
#8498=CIRCLE('',#8499,0.2032);
#8499=AXIS2_PLACEMENT_3D('',#8500,#8501,#8502);
#8500=CARTESIAN_POINT('',(-0.7239,0.0,0.9906));
#8501=DIRECTION('',(0.0,-1.0,0.0));
#8502=DIRECTION('',(0.0,0.0,-1.0));
#8503=ORIENTED_EDGE('',*,*,#8428,.F.);
#8504=(BOUNDED_SURFACE()B_SPLINE_SURFACE(3,3,((#8505,#8506,#8507,#8508),(#8509,#8510,#8511,#8512),(#8513,#8514,#8515,#8516),(#8517,#8518,#8519,#8520),(#8521,#8522,#8523,#8524),(#8525,#8526,#8527,#8528),(#8529,#8530,#8531,#8532)),.UNSPECIFIED.,.F.,.F.,.U.)B_SPLINE_SURFACE_WITH_KNOTS((4,3,4),(4,4),(0.042523503,1.0,1.957476497),(0.06687589,0.93312411),.UNSPECIFIED.)GEOMETRIC_REPRESENTATION_ITEM()RATIONAL_B_SPLINE_SURFACE(((1.355242368,1.090605788,1.090605788,1.355242368),(1.098977629,0.884381563,0.884381563,1.098977629),(1.110887831,0.893966073,0.893966073,1.110887831),(1.390972973,1.119359319,1.119359319,1.390972973),(1.110887831,0.893966073,0.893966073,1.110887831),(1.098977629,0.884381563,0.884381563,1.098977629),(1.355242368,1.090605788,1.090605788,1.355242368)))REPRESENTATION_ITEM('')SURFACE());
#8505=CARTESIAN_POINT('',(-0.5207,6.758621212E-06,0.990602878));
#8506=CARTESIAN_POINT('',(-0.520698314,6.758599332E-06,0.8715684));
#8507=CARTESIAN_POINT('',(-0.6048684,7.851116566E-06,0.787398314));
#8508=CARTESIAN_POINT('',(-0.723902878,9.396169274E-06,0.7874));
#8509=CARTESIAN_POINT('',(-0.52070398,-0.306657469,0.990602878));
#8510=CARTESIAN_POINT('',(-0.520702295,-0.306656476,0.8715684));
#8511=CARTESIAN_POINT('',(-0.604873024,-0.356227026,0.787398314));
#8512=CARTESIAN_POINT('',(-0.723908411,-0.426330371,0.7874));
#8513=CARTESIAN_POINT('',(-0.303376377,-0.5207,0.990602878));
#8514=CARTESIAN_POINT('',(-0.303375395,-0.520698314,0.8715684));
#8515=CARTESIAN_POINT('',(-0.352415564,-0.6048684,0.787398314));
#8516=CARTESIAN_POINT('',(-0.421768835,-0.723902878,0.7874));
#8517=CARTESIAN_POINT('',(0.0,-0.5207,0.990602878));
#8518=CARTESIAN_POINT('',(0.0,-0.520698314,0.8715684));
#8519=CARTESIAN_POINT('',(0.0,-0.6048684,0.787398314));
#8520=CARTESIAN_POINT('',(0.0,-0.723902878,0.7874));
#8521=CARTESIAN_POINT('',(0.303376377,-0.5207,0.990602878));
#8522=CARTESIAN_POINT('',(0.303375395,-0.520698314,0.8715684));
#8523=CARTESIAN_POINT('',(0.352415564,-0.6048684,0.787398314));
#8524=CARTESIAN_POINT('',(0.421768835,-0.723902878,0.7874));
#8525=CARTESIAN_POINT('',(0.52070398,-0.306657469,0.990602878));
#8526=CARTESIAN_POINT('',(0.520702295,-0.306656476,0.8715684));
#8527=CARTESIAN_POINT('',(0.604873024,-0.356227026,0.787398314));
#8528=CARTESIAN_POINT('',(0.723908411,-0.426330371,0.7874));
#8529=CARTESIAN_POINT('',(0.5207,6.758621212E-06,0.990602878));
#8530=CARTESIAN_POINT('',(0.520698314,6.758599332E-06,0.8715684));
#8531=CARTESIAN_POINT('',(0.6048684,7.851116566E-06,0.787398314));
#8532=CARTESIAN_POINT('',(0.723902878,9.396169274E-06,0.7874));
#8533=ADVANCED_FACE('',(#8534),#8546,.F.);
#8534=FACE_BOUND('',#8535,.T.);
#8535=EDGE_LOOP('',(#8536,#8537,#8544,#8545));
#8536=ORIENTED_EDGE('',*,*,#8497,.F.);
#8537=ORIENTED_EDGE('',*,*,#8538,.T.);
#8538=EDGE_CURVE('',#8489,#8480,#8539,.T.);
#8539=CIRCLE('',#8540,0.5207);
#8540=AXIS2_PLACEMENT_3D('',#8541,#8542,#8543);
#8541=CARTESIAN_POINT('',(0.0,0.0,0.9906));
#8542=DIRECTION('',(0.0,0.0,-1.0));
#8543=DIRECTION('',(-1.0,0.0,0.0));
#8544=ORIENTED_EDGE('',*,*,#8479,.F.);
#8545=ORIENTED_EDGE('',*,*,#8417,.F.);
#8546=(BOUNDED_SURFACE()B_SPLINE_SURFACE(3,3,((#8547,#8548,#8549,#8550),(#8551,#8552,#8553,#8554),(#8555,#8556,#8557,#8558),(#8559,#8560,#8561,#8562),(#8563,#8564,#8565,#8566),(#8567,#8568,#8569,#8570),(#8571,#8572,#8573,#8574)),.UNSPECIFIED.,.F.,.F.,.U.)B_SPLINE_SURFACE_WITH_KNOTS((4,3,4),(4,4),(0.042523503,1.0,1.957476497),(0.06687589,0.93312411),.UNSPECIFIED.)GEOMETRIC_REPRESENTATION_ITEM()RATIONAL_B_SPLINE_SURFACE(((1.355242368,1.090605788,1.090605788,1.355242368),(1.098977629,0.884381563,0.884381563,1.098977629),(1.110887831,0.893966073,0.893966073,1.110887831),(1.390972973,1.119359319,1.119359319,1.390972973),(1.110887831,0.893966073,0.893966073,1.110887831),(1.098977629,0.884381563,0.884381563,1.098977629),(1.355242368,1.090605788,1.090605788,1.355242368)))REPRESENTATION_ITEM('')SURFACE());
#8547=CARTESIAN_POINT('',(0.5207,-6.758621212E-06,0.990602878));
#8548=CARTESIAN_POINT('',(0.520698314,-6.758599332E-06,0.8715684));
#8549=CARTESIAN_POINT('',(0.6048684,-7.851116566E-06,0.787398314));
#8550=CARTESIAN_POINT('',(0.723902878,-9.396169274E-06,0.7874));
#8551=CARTESIAN_POINT('',(0.52070398,0.306657469,0.990602878));
#8552=CARTESIAN_POINT('',(0.520702295,0.306656476,0.8715684));
#8553=CARTESIAN_POINT('',(0.604873024,0.356227026,0.787398314));
#8554=CARTESIAN_POINT('',(0.723908411,0.426330371,0.7874));
#8555=CARTESIAN_POINT('',(0.303376377,0.5207,0.990602878));
#8556=CARTESIAN_POINT('',(0.303375395,0.520698314,0.8715684));
#8557=CARTESIAN_POINT('',(0.352415564,0.6048684,0.787398314));
#8558=CARTESIAN_POINT('',(0.421768835,0.723902878,0.7874));
#8559=CARTESIAN_POINT('',(0.0,0.5207,0.990602878));
#8560=CARTESIAN_POINT('',(0.0,0.520698314,0.8715684));
#8561=CARTESIAN_POINT('',(0.0,0.6048684,0.787398314));
#8562=CARTESIAN_POINT('',(0.0,0.723902878,0.7874));
#8563=CARTESIAN_POINT('',(-0.303376377,0.5207,0.990602878));
#8564=CARTESIAN_POINT('',(-0.303375395,0.520698314,0.8715684));
#8565=CARTESIAN_POINT('',(-0.352415564,0.6048684,0.787398314));
#8566=CARTESIAN_POINT('',(-0.421768835,0.723902878,0.7874));
#8567=CARTESIAN_POINT('',(-0.52070398,0.306657469,0.990602878));
#8568=CARTESIAN_POINT('',(-0.520702295,0.306656476,0.8715684));
#8569=CARTESIAN_POINT('',(-0.604873024,0.356227026,0.787398314));
#8570=CARTESIAN_POINT('',(-0.723908411,0.426330371,0.7874));
#8571=CARTESIAN_POINT('',(-0.5207,-6.758621212E-06,0.990602878));
#8572=CARTESIAN_POINT('',(-0.520698314,-6.758599332E-06,0.8715684));
#8573=CARTESIAN_POINT('',(-0.6048684,-7.851116566E-06,0.787398314));
#8574=CARTESIAN_POINT('',(-0.723902878,-9.396169274E-06,0.7874));
#8575=ADVANCED_FACE('',(#8576),#8602,.T.);
#8576=FACE_BOUND('',#8577,.T.);
#8577=EDGE_LOOP('',(#8578,#8589,#8595,#8596));
#8578=ORIENTED_EDGE('',*,*,#8579,.T.);
#8579=EDGE_CURVE('',#8580,#8582,#8584,.F.);
#8580=VERTEX_POINT('',#8581);
#8581=CARTESIAN_POINT('',(-0.5207,0.0,1.5748));
#8582=VERTEX_POINT('',#8583);
#8583=CARTESIAN_POINT('',(0.5207,0.0,1.5748));
#8584=CIRCLE('',#8585,0.5207);
#8585=AXIS2_PLACEMENT_3D('',#8586,#8587,#8588);
#8586=CARTESIAN_POINT('',(0.0,0.0,1.5748));
#8587=DIRECTION('',(0.0,0.0,1.0));
#8588=DIRECTION('',(1.0,0.0,0.0));
#8589=ORIENTED_EDGE('',*,*,#8590,.T.);
#8590=EDGE_CURVE('',#8582,#8480,#8591,.F.);
#8591=LINE('',#8592,#8593);
#8592=CARTESIAN_POINT('',(0.5207,0.0,0.9906));
#8593=VECTOR('',#8594,1.0);
#8594=DIRECTION('',(0.0,0.0,1.0));
#8595=ORIENTED_EDGE('',*,*,#8538,.F.);
#8596=ORIENTED_EDGE('',*,*,#8597,.T.);
#8597=EDGE_CURVE('',#8489,#8580,#8598,.F.);
#8598=LINE('',#8599,#8600);
#8599=CARTESIAN_POINT('',(-0.5207,0.0,1.5748));
#8600=VECTOR('',#8601,1.0);
#8601=DIRECTION('',(0.0,0.0,-1.0));
#8602=(BOUNDED_SURFACE()B_SPLINE_SURFACE(3,3,((#8603,#8604,#8605,#8606),(#8607,#8608,#8609,#8610),(#8611,#8612,#8613,#8614),(#8615,#8616,#8617,#8618),(#8619,#8620,#8621,#8622),(#8623,#8624,#8625,#8626),(#8627,#8628,#8629,#8630)),.UNSPECIFIED.,.F.,.F.,.U.)B_SPLINE_SURFACE_WITH_KNOTS((4,3,4),(4,4),(0.041248755,1.0,1.958751245),(-0.02785344,-0.00314656),.UNSPECIFIED.)GEOMETRIC_REPRESENTATION_ITEM()RATIONAL_B_SPLINE_SURFACE(((1.157639794,1.157639794,1.157639794,1.157639794),(0.938003916,0.938003916,0.938003916,0.938003916),(0.947878229,0.947878229,0.947878229,0.947878229),(1.187262732,1.187262732,1.187262732,1.187262732),(0.947878229,0.947878229,0.947878229,0.947878229),(0.938003916,0.938003916,0.938003916,0.938003916),(1.157639794,1.157639794,1.157639794,1.157639794)))REPRESENTATION_ITEM('')SURFACE());
#8603=CARTESIAN_POINT('',(0.52069904,-9.996190353E-04,0.968922633));
#8604=CARTESIAN_POINT('',(0.52069904,-9.996190353E-04,1.178107544));
#8605=CARTESIAN_POINT('',(0.52069904,-9.996190353E-04,1.387292456));
#8606=CARTESIAN_POINT('',(0.52069904,-9.996190353E-04,1.596477367));
#8607=CARTESIAN_POINT('',(0.521288563,0.306081052,0.968922633));
#8608=CARTESIAN_POINT('',(0.521288563,0.306081052,1.178107544));
#8609=CARTESIAN_POINT('',(0.521288563,0.306081052,1.387292456));
#8610=CARTESIAN_POINT('',(0.521288563,0.306081052,1.596477367));
#8611=CARTESIAN_POINT('',(0.303882286,0.5207,0.968922633));
#8612=CARTESIAN_POINT('',(0.303882286,0.5207,1.178107544));
#8613=CARTESIAN_POINT('',(0.303882286,0.5207,1.387292456));
#8614=CARTESIAN_POINT('',(0.303882286,0.5207,1.596477367));
#8615=CARTESIAN_POINT('',(0.0,0.5207,0.968922633));
#8616=CARTESIAN_POINT('',(0.0,0.5207,1.178107544));
#8617=CARTESIAN_POINT('',(0.0,0.5207,1.387292456));
#8618=CARTESIAN_POINT('',(0.0,0.5207,1.596477367));
#8619=CARTESIAN_POINT('',(-0.303882286,0.5207,0.968922633));
#8620=CARTESIAN_POINT('',(-0.303882286,0.5207,1.178107544));
#8621=CARTESIAN_POINT('',(-0.303882286,0.5207,1.387292456));
#8622=CARTESIAN_POINT('',(-0.303882286,0.5207,1.596477367));
#8623=CARTESIAN_POINT('',(-0.521288563,0.306081052,0.968922633));
#8624=CARTESIAN_POINT('',(-0.521288563,0.306081052,1.178107544));
#8625=CARTESIAN_POINT('',(-0.521288563,0.306081052,1.387292456));
#8626=CARTESIAN_POINT('',(-0.521288563,0.306081052,1.596477367));
#8627=CARTESIAN_POINT('',(-0.52069904,-9.996190353E-04,0.968922633));
#8628=CARTESIAN_POINT('',(-0.52069904,-9.996190353E-04,1.178107544));
#8629=CARTESIAN_POINT('',(-0.52069904,-9.996190353E-04,1.387292456));
#8630=CARTESIAN_POINT('',(-0.52069904,-9.996190353E-04,1.596477367));
#8631=ADVANCED_FACE('',(#8632),#8644,.T.);
#8632=FACE_BOUND('',#8633,.T.);
#8633=EDGE_LOOP('',(#8634,#8641,#8642,#8643));
#8634=ORIENTED_EDGE('',*,*,#8635,.T.);
#8635=EDGE_CURVE('',#8582,#8580,#8636,.F.);
#8636=CIRCLE('',#8637,0.5207);
#8637=AXIS2_PLACEMENT_3D('',#8638,#8639,#8640);
#8638=CARTESIAN_POINT('',(0.0,0.0,1.5748));
#8639=DIRECTION('',(0.0,0.0,1.0));
#8640=DIRECTION('',(-1.0,0.0,0.0));
#8641=ORIENTED_EDGE('',*,*,#8597,.F.);
#8642=ORIENTED_EDGE('',*,*,#8488,.F.);
#8643=ORIENTED_EDGE('',*,*,#8590,.F.);
#8644=(BOUNDED_SURFACE()B_SPLINE_SURFACE(3,3,((#8645,#8646,#8647,#8648),(#8649,#8650,#8651,#8652),(#8653,#8654,#8655,#8656),(#8657,#8658,#8659,#8660),(#8661,#8662,#8663,#8664),(#8665,#8666,#8667,#8668),(#8669,#8670,#8671,#8672)),.UNSPECIFIED.,.F.,.F.,.U.)B_SPLINE_SURFACE_WITH_KNOTS((4,3,4),(4,4),(0.041248755,1.0,1.958751245),(-0.02785344,-0.00314656),.UNSPECIFIED.)GEOMETRIC_REPRESENTATION_ITEM()RATIONAL_B_SPLINE_SURFACE(((1.157639794,1.157639794,1.157639794,1.157639794),(0.938003916,0.938003916,0.938003916,0.938003916),(0.947878229,0.947878229,0.947878229,0.947878229),(1.187262732,1.187262732,1.187262732,1.187262732),(0.947878229,0.947878229,0.947878229,0.947878229),(0.938003916,0.938003916,0.938003916,0.938003916),(1.157639794,1.157639794,1.157639794,1.157639794)))REPRESENTATION_ITEM('')SURFACE());
#8645=CARTESIAN_POINT('',(-0.52069904,9.996190353E-04,0.968922633));
#8646=CARTESIAN_POINT('',(-0.52069904,9.996190353E-04,1.178107544));
#8647=CARTESIAN_POINT('',(-0.52069904,9.996190353E-04,1.387292456));
#8648=CARTESIAN_POINT('',(-0.52069904,9.996190353E-04,1.596477367));
#8649=CARTESIAN_POINT('',(-0.521288563,-0.306081052,0.968922633));
#8650=CARTESIAN_POINT('',(-0.521288563,-0.306081052,1.178107544));
#8651=CARTESIAN_POINT('',(-0.521288563,-0.306081052,1.387292456));
#8652=CARTESIAN_POINT('',(-0.521288563,-0.306081052,1.596477367));
#8653=CARTESIAN_POINT('',(-0.303882286,-0.5207,0.968922633));
#8654=CARTESIAN_POINT('',(-0.303882286,-0.5207,1.178107544));
#8655=CARTESIAN_POINT('',(-0.303882286,-0.5207,1.387292456));
#8656=CARTESIAN_POINT('',(-0.303882286,-0.5207,1.596477367));
#8657=CARTESIAN_POINT('',(0.0,-0.5207,0.968922633));
#8658=CARTESIAN_POINT('',(0.0,-0.5207,1.178107544));
#8659=CARTESIAN_POINT('',(0.0,-0.5207,1.387292456));
#8660=CARTESIAN_POINT('',(0.0,-0.5207,1.596477367));
#8661=CARTESIAN_POINT('',(0.303882286,-0.5207,0.968922633));
#8662=CARTESIAN_POINT('',(0.303882286,-0.5207,1.178107544));
#8663=CARTESIAN_POINT('',(0.303882286,-0.5207,1.387292456));
#8664=CARTESIAN_POINT('',(0.303882286,-0.5207,1.596477367));
#8665=CARTESIAN_POINT('',(0.521288563,-0.306081052,0.968922633));
#8666=CARTESIAN_POINT('',(0.521288563,-0.306081052,1.178107544));
#8667=CARTESIAN_POINT('',(0.521288563,-0.306081052,1.387292456));
#8668=CARTESIAN_POINT('',(0.521288563,-0.306081052,1.596477367));
#8669=CARTESIAN_POINT('',(0.52069904,9.996190353E-04,0.968922633));
#8670=CARTESIAN_POINT('',(0.52069904,9.996190353E-04,1.178107544));
#8671=CARTESIAN_POINT('',(0.52069904,9.996190353E-04,1.387292456));
#8672=CARTESIAN_POINT('',(0.52069904,9.996190353E-04,1.596477367));
#8673=ADVANCED_FACE('',(#8674),#8700,.T.);
#8674=FACE_BOUND('',#8675,.T.);
#8675=EDGE_LOOP('',(#8676,#8684,#8685,#8693));
#8676=ORIENTED_EDGE('',*,*,#8677,.T.);
#8677=EDGE_CURVE('',#8678,#8580,#8680,.T.);
#8678=VERTEX_POINT('',#8679);
#8679=CARTESIAN_POINT('',(-0.4191,0.0,1.6764));
#8680=LINE('',#8681,#8682);
#8681=CARTESIAN_POINT('',(-0.4191,0.0,1.6764));
#8682=VECTOR('',#8683,1.0);
#8683=DIRECTION('',(-0.707106781,0.0,-0.707106781));
#8684=ORIENTED_EDGE('',*,*,#8635,.F.);
#8685=ORIENTED_EDGE('',*,*,#8686,.T.);
#8686=EDGE_CURVE('',#8582,#8687,#8689,.F.);
#8687=VERTEX_POINT('',#8688);
#8688=CARTESIAN_POINT('',(0.4191,0.0,1.6764));
#8689=LINE('',#8690,#8691);
#8690=CARTESIAN_POINT('',(0.4191,0.0,1.6764));
#8691=VECTOR('',#8692,1.0);
#8692=DIRECTION('',(0.707106781,0.0,-0.707106781));
#8693=ORIENTED_EDGE('',*,*,#8694,.T.);
#8694=EDGE_CURVE('',#8687,#8678,#8695,.F.);
#8695=CIRCLE('',#8696,0.4191);
#8696=AXIS2_PLACEMENT_3D('',#8697,#8698,#8699);
#8697=CARTESIAN_POINT('',(0.0,0.0,1.6764));
#8698=DIRECTION('',(0.0,0.0,1.0));
#8699=DIRECTION('',(-1.0,0.0,0.0));
#8700=(BOUNDED_SURFACE()B_SPLINE_SURFACE(3,3,((#8701,#8702,#8703,#8704),(#8705,#8706,#8707,#8708),(#8709,#8710,#8711,#8712),(#8713,#8714,#8715,#8716),(#8717,#8718,#8719,#8720),(#8721,#8722,#8723,#8724),(#8725,#8726,#8727,#8728)),.UNSPECIFIED.,.F.,.F.,.U.)B_SPLINE_SURFACE_WITH_KNOTS((4,3,4),(4,4),(0.041110007,1.0,1.958889993),(-0.021103473,-0.015896527),.PIECEWISE_BEZIER_KNOTS.)GEOMETRIC_REPRESENTATION_ITEM()RATIONAL_B_SPLINE_SURFACE(((1.157735164,1.157735164,1.157735164,1.157735164),(0.938001063,0.938001063,0.938001063,0.938001063),(0.947843585,0.947843585,0.947843585,0.947843585),(1.187262732,1.187262732,1.187262732,1.187262732),(0.947843585,0.947843585,0.947843585,0.947843585),(0.938001063,0.938001063,0.938001063,0.938001063),(1.157735164,1.157735164,1.157735164,1.157735164)))REPRESENTATION_ITEM('')SURFACE());
#8701=CARTESIAN_POINT('',(-0.536027,0.001140247,1.559471787));
#8702=CARTESIAN_POINT('',(-0.491941625,0.001046467,1.603557262));
#8703=CARTESIAN_POINT('',(-0.447856249,9.526881417E-04,1.647642738));
#8704=CARTESIAN_POINT('',(-0.403770874,8.58908911E-04,1.691728213));
#8705=CARTESIAN_POINT('',(-0.536699556,-0.315026752,1.559471787));
#8706=CARTESIAN_POINT('',(-0.492558867,-0.289117474,1.603557262));
#8707=CARTESIAN_POINT('',(-0.448418177,-0.263208196,1.647642738));
#8708=CARTESIAN_POINT('',(-0.404277487,-0.237298918,1.691728213));
#8709=CARTESIAN_POINT('',(-0.31288459,-0.536028213,1.559471787));
#8710=CARTESIAN_POINT('',(-0.287151494,-0.491942738,1.603557262));
#8711=CARTESIAN_POINT('',(-0.261418397,-0.447857262,1.647642738));
#8712=CARTESIAN_POINT('',(-0.2356853,-0.403771787,1.691728213));
#8713=CARTESIAN_POINT('',(0.0,-0.536028213,1.559471787));
#8714=CARTESIAN_POINT('',(0.0,-0.491942738,1.603557262));
#8715=CARTESIAN_POINT('',(0.0,-0.447857262,1.647642738));
#8716=CARTESIAN_POINT('',(0.0,-0.403771787,1.691728213));
#8717=CARTESIAN_POINT('',(0.31288459,-0.536028213,1.559471787));
#8718=CARTESIAN_POINT('',(0.287151494,-0.491942738,1.603557262));
#8719=CARTESIAN_POINT('',(0.261418397,-0.447857262,1.647642738));
#8720=CARTESIAN_POINT('',(0.2356853,-0.403771787,1.691728213));
#8721=CARTESIAN_POINT('',(0.536699556,-0.315026752,1.559471787));
#8722=CARTESIAN_POINT('',(0.492558867,-0.289117474,1.603557262));
#8723=CARTESIAN_POINT('',(0.448418177,-0.263208196,1.647642738));
#8724=CARTESIAN_POINT('',(0.404277487,-0.237298918,1.691728213));
#8725=CARTESIAN_POINT('',(0.536027,0.001140247,1.559471787));
#8726=CARTESIAN_POINT('',(0.491941625,0.001046467,1.603557262));
#8727=CARTESIAN_POINT('',(0.447856249,9.526881417E-04,1.647642738));
#8728=CARTESIAN_POINT('',(0.403770874,8.58908911E-04,1.691728213));
#8729=ADVANCED_FACE('',(#8730),#8740,.F.);
#8730=FACE_BOUND('',#8731,.T.);
#8731=EDGE_LOOP('',(#8732,#8733));
#8732=ORIENTED_EDGE('',*,*,#8694,.F.);
#8733=ORIENTED_EDGE('',*,*,#8734,.T.);
#8734=EDGE_CURVE('',#8687,#8678,#8735,.T.);
#8735=CIRCLE('',#8736,0.4191);
#8736=AXIS2_PLACEMENT_3D('',#8737,#8738,#8739);
#8737=CARTESIAN_POINT('',(0.0,0.0,1.6764));
#8738=DIRECTION('',(0.0,0.0,1.0));
#8739=DIRECTION('',(1.0,0.0,0.0));
#8740=B_SPLINE_SURFACE_WITH_KNOTS('',1,1,((#8741,#8742),(#8743,#8744)),.UNSPECIFIED.,.F.,.F.,.U.,(2,2),(2,2),(-0.016509917,0.016509917),(-0.016509917,0.016509917),.PIECEWISE_BEZIER_KNOTS.);
#8741=CARTESIAN_POINT('',(0.419351881,-0.419351881,1.6764));
#8742=CARTESIAN_POINT('',(0.419351881,0.419351881,1.6764));
#8743=CARTESIAN_POINT('',(-0.419351881,-0.419351881,1.6764));
#8744=CARTESIAN_POINT('',(-0.419351881,0.419351881,1.6764));
#8745=ADVANCED_FACE('',(#8746),#8752,.T.);
#8746=FACE_BOUND('',#8747,.T.);
#8747=EDGE_LOOP('',(#8748,#8749,#8750,#8751));
#8748=ORIENTED_EDGE('',*,*,#8686,.F.);
#8749=ORIENTED_EDGE('',*,*,#8579,.F.);
#8750=ORIENTED_EDGE('',*,*,#8677,.F.);
#8751=ORIENTED_EDGE('',*,*,#8734,.F.);
#8752=(BOUNDED_SURFACE()B_SPLINE_SURFACE(3,3,((#8753,#8754,#8755,#8756),(#8757,#8758,#8759,#8760),(#8761,#8762,#8763,#8764),(#8765,#8766,#8767,#8768),(#8769,#8770,#8771,#8772),(#8773,#8774,#8775,#8776),(#8777,#8778,#8779,#8780)),.UNSPECIFIED.,.F.,.F.,.U.)B_SPLINE_SURFACE_WITH_KNOTS((4,3,4),(4,4),(0.041110007,1.0,1.958889993),(-0.021103473,-0.015896527),.PIECEWISE_BEZIER_KNOTS.)GEOMETRIC_REPRESENTATION_ITEM()RATIONAL_B_SPLINE_SURFACE(((1.157735164,1.157735164,1.157735164,1.157735164),(0.938001063,0.938001063,0.938001063,0.938001063),(0.947843585,0.947843585,0.947843585,0.947843585),(1.187262732,1.187262732,1.187262732,1.187262732),(0.947843585,0.947843585,0.947843585,0.947843585),(0.938001063,0.938001063,0.938001063,0.938001063),(1.157735164,1.157735164,1.157735164,1.157735164)))REPRESENTATION_ITEM('')SURFACE());
#8753=CARTESIAN_POINT('',(0.536027,-0.001140247,1.559471787));
#8754=CARTESIAN_POINT('',(0.491941625,-0.001046467,1.603557262));
#8755=CARTESIAN_POINT('',(0.447856249,-9.526881417E-04,1.647642738));
#8756=CARTESIAN_POINT('',(0.403770874,-8.58908911E-04,1.691728213));
#8757=CARTESIAN_POINT('',(0.536699556,0.315026752,1.559471787));
#8758=CARTESIAN_POINT('',(0.492558867,0.289117474,1.603557262));
#8759=CARTESIAN_POINT('',(0.448418177,0.263208196,1.647642738));
#8760=CARTESIAN_POINT('',(0.404277487,0.237298918,1.691728213));
#8761=CARTESIAN_POINT('',(0.31288459,0.536028213,1.559471787));
#8762=CARTESIAN_POINT('',(0.287151494,0.491942738,1.603557262));
#8763=CARTESIAN_POINT('',(0.261418397,0.447857262,1.647642738));
#8764=CARTESIAN_POINT('',(0.2356853,0.403771787,1.691728213));
#8765=CARTESIAN_POINT('',(0.0,0.536028213,1.559471787));
#8766=CARTESIAN_POINT('',(0.0,0.491942738,1.603557262));
#8767=CARTESIAN_POINT('',(0.0,0.447857262,1.647642738));
#8768=CARTESIAN_POINT('',(0.0,0.403771787,1.691728213));
#8769=CARTESIAN_POINT('',(-0.31288459,0.536028213,1.559471787));
#8770=CARTESIAN_POINT('',(-0.287151494,0.491942738,1.603557262));
#8771=CARTESIAN_POINT('',(-0.261418397,0.447857262,1.647642738));
#8772=CARTESIAN_POINT('',(-0.2356853,0.403771787,1.691728213));
#8773=CARTESIAN_POINT('',(-0.536699556,0.315026752,1.559471787));
#8774=CARTESIAN_POINT('',(-0.492558867,0.289117474,1.603557262));
#8775=CARTESIAN_POINT('',(-0.448418177,0.263208196,1.647642738));
#8776=CARTESIAN_POINT('',(-0.404277487,0.237298918,1.691728213));
#8777=CARTESIAN_POINT('',(-0.536027,-0.001140247,1.559471787));
#8778=CARTESIAN_POINT('',(-0.491941625,-0.001046467,1.603557262));
#8779=CARTESIAN_POINT('',(-0.447856249,-9.526881417E-04,1.647642738));
#8780=CARTESIAN_POINT('',(-0.403770874,-8.58908911E-04,1.691728213));
#8781=ADVANCED_FACE('',(#8782),#8809,.T.);
#8782=FACE_BOUND('',#8783,.T.);
#8783=EDGE_LOOP('',(#8784,#8785,#8793,#8802));
#8784=ORIENTED_EDGE('',*,*,#8464,.F.);
#8785=ORIENTED_EDGE('',*,*,#8786,.T.);
#8786=EDGE_CURVE('',#8457,#8787,#8789,.F.);
#8787=VERTEX_POINT('',#8788);
#8788=CARTESIAN_POINT('',(-2.172005524,-0.790545359,1.4224));
#8789=LINE('',#8790,#8791);
#8790=CARTESIAN_POINT('',(-2.172005524,-0.790545359,1.4224));
#8791=VECTOR('',#8792,1.0);
#8792=DIRECTION('',(0.0,0.0,-1.0));
#8793=ORIENTED_EDGE('',*,*,#8794,.T.);
#8794=EDGE_CURVE('',#8787,#8795,#8797,.F.);
#8795=VERTEX_POINT('',#8796);
#8796=CARTESIAN_POINT('',(-2.308346032,-0.118779435,1.4224));
#8797=CIRCLE('',#8798,2.3114);
#8798=AXIS2_PLACEMENT_3D('',#8799,#8800,#8801);
#8799=CARTESIAN_POINT('',(0.0,0.0,1.4224));
#8800=DIRECTION('',(0.0,0.0,1.0));
#8801=DIRECTION('',(-0.998678737,-0.051388524,0.0));
#8802=ORIENTED_EDGE('',*,*,#8803,.T.);
#8803=EDGE_CURVE('',#8795,#8438,#8804,.F.);
#8804=B_SPLINE_CURVE_WITH_KNOTS('',3,(#8805,#8806,#8807,#8808),.UNSPECIFIED.,.F.,.U.,(4,4),(0.0,1.0),.PIECEWISE_BEZIER_KNOTS.);
#8805=CARTESIAN_POINT('',(-2.252158968,0.519951867,0.7874));
#8806=CARTESIAN_POINT('',(-2.300245192,0.311667547,1.001163053));
#8807=CARTESIAN_POINT('',(-2.319544327,0.098846951,1.212870432));
#8808=CARTESIAN_POINT('',(-2.308346032,-0.118779435,1.4224));
#8809=(BOUNDED_SURFACE()B_SPLINE_SURFACE(3,3,((#8810,#8811,#8812,#8813),(#8814,#8815,#8816,#8817),(#8818,#8819,#8820,#8821),(#8822,#8823,#8824,#8825)),.UNSPECIFIED.,.F.,.F.,.U.)B_SPLINE_SURFACE_WITH_KNOTS((4,4),(4,4),(0.012295728,0.981495429),(-0.02585344,8.534396288E-04),.PIECEWISE_BEZIER_KNOTS.)GEOMETRIC_REPRESENTATION_ITEM()RATIONAL_B_SPLINE_SURFACE(((1.021658544,1.021658544,1.021658544,1.021658544),(0.992964305,0.992964305,0.992964305,0.992964305),(0.992781655,0.992781655,0.992781655,0.992781655),(1.021110595,1.021110595,1.021110595,1.021110595)))REPRESENTATION_ITEM('')SURFACE());
#8810=CARTESIAN_POINT('',(-2.249923681,0.529540737,0.765722633));
#8811=CARTESIAN_POINT('',(-2.249923681,0.529540737,0.991840878));
#8812=CARTESIAN_POINT('',(-2.249923681,0.529540737,1.217959122));
#8813=CARTESIAN_POINT('',(-2.249923681,0.529540737,1.444077367));
#8814=CARTESIAN_POINT('',(-2.353902725,0.087752411,0.765722633));
#8815=CARTESIAN_POINT('',(-2.353902725,0.087752411,0.991840878));
#8816=CARTESIAN_POINT('',(-2.353902725,0.087752411,1.217959122));
#8817=CARTESIAN_POINT('',(-2.353902725,0.087752411,1.444077367));
#8818=CARTESIAN_POINT('',(-2.327047678,-0.365353843,0.765722633));
#8819=CARTESIAN_POINT('',(-2.327047678,-0.365353843,0.991840878));
#8820=CARTESIAN_POINT('',(-2.327047678,-0.365353843,1.217959122));
#8821=CARTESIAN_POINT('',(-2.327047678,-0.365353843,1.444077367));
#8822=CARTESIAN_POINT('',(-2.171537882,-0.791829014,0.765722633));
#8823=CARTESIAN_POINT('',(-2.171537882,-0.791829014,0.991840878));
#8824=CARTESIAN_POINT('',(-2.171537882,-0.791829014,1.217959122));
#8825=CARTESIAN_POINT('',(-2.171537882,-0.791829014,1.444077367));
#8826=ADVANCED_FACE('',(#8827),#8846,.F.);
#8827=FACE_BOUND('',#8828,.T.);
#8828=EDGE_LOOP('',(#8829,#8837,#8844,#8845));
#8829=ORIENTED_EDGE('',*,*,#8830,.T.);
#8830=EDGE_CURVE('',#8795,#8831,#8833,.F.);
#8831=VERTEX_POINT('',#8832);
#8832=CARTESIAN_POINT('',(-1.600936017,-0.282097906,1.4224));
#8833=LINE('',#8834,#8835);
#8834=CARTESIAN_POINT('',(-1.600936017,-0.282097906,1.4224));
#8835=VECTOR('',#8836,1.0);
#8836=DIRECTION('',(-0.974370065,0.224951054,0.0));
#8837=ORIENTED_EDGE('',*,*,#8838,.T.);
#8838=EDGE_CURVE('',#8831,#8440,#8839,.F.);
#8839=B_SPLINE_CURVE_WITH_KNOTS('',3,(#8840,#8841,#8842,#8843),.UNSPECIFIED.,.F.,.U.,(4,4),(0.0,1.0),.PIECEWISE_BEZIER_KNOTS.);
#8840=CARTESIAN_POINT('',(-1.583935977,0.365680434,0.7874));
#8841=CARTESIAN_POINT('',(-1.632555851,0.155084625,1.003535344));
#8842=CARTESIAN_POINT('',(-1.639961211,-0.060625726,1.215382896));
#8843=CARTESIAN_POINT('',(-1.600936017,-0.282097906,1.4224));
#8844=ORIENTED_EDGE('',*,*,#8437,.F.);
#8845=ORIENTED_EDGE('',*,*,#8803,.F.);
#8846=B_SPLINE_SURFACE_WITH_KNOTS('',1,1,((#8847,#8848),(#8849,#8850)),.UNSPECIFIED.,.F.,.F.,.U.,(2,2),(2,2),(-3.937007874E-05,0.035394709),(-0.032124177,3.937007875E-05),.PIECEWISE_BEZIER_KNOTS.);
#8847=CARTESIAN_POINT('',(-1.456958663,0.337091118,0.786692893));
#8848=CARTESIAN_POINT('',(-2.252974273,0.520865802,0.786692893));
#8849=CARTESIAN_POINT('',(-1.600120712,-0.283011841,1.423107107));
#8850=CARTESIAN_POINT('',(-2.396136322,-0.099237157,1.423107107));
#8851=ADVANCED_FACE('',(#8852),#8871,.F.);
#8852=FACE_BOUND('',#8853,.T.);
#8853=EDGE_LOOP('',(#8854,#8863,#8869,#8870));
#8854=ORIENTED_EDGE('',*,*,#8855,.T.);
#8855=EDGE_CURVE('',#8831,#8856,#8858,.T.);
#8856=VERTEX_POINT('',#8857);
#8857=CARTESIAN_POINT('',(-1.527564324,-0.555987945,1.4224));
#8858=CIRCLE('',#8859,1.6256);
#8859=AXIS2_PLACEMENT_3D('',#8860,#8861,#8862);
#8860=CARTESIAN_POINT('',(0.0,0.0,1.4224));
#8861=DIRECTION('',(0.0,0.0,1.0));
#8862=DIRECTION('',(-0.984827767,-0.173534637,0.0));
#8863=ORIENTED_EDGE('',*,*,#8864,.T.);
#8864=EDGE_CURVE('',#8856,#8448,#8865,.T.);
#8865=LINE('',#8866,#8867);
#8866=CARTESIAN_POINT('',(-1.527564324,-0.555987945,1.4224));
#8867=VECTOR('',#8868,1.0);
#8868=DIRECTION('',(0.0,0.0,-1.0));
#8869=ORIENTED_EDGE('',*,*,#8447,.F.);
#8870=ORIENTED_EDGE('',*,*,#8838,.F.);
#8871=(BOUNDED_SURFACE()B_SPLINE_SURFACE(3,3,((#8872,#8873,#8874,#8875),(#8876,#8877,#8878,#8879),(#8880,#8881,#8882,#8883),(#8884,#8885,#8886,#8887)),.UNSPECIFIED.,.F.,.F.,.U.)B_SPLINE_SURFACE_WITH_KNOTS((4,4),(4,4),(0.017450466,0.978590276),(-0.02585344,8.534396288E-04),.PIECEWISE_BEZIER_KNOTS.)GEOMETRIC_REPRESENTATION_ITEM()RATIONAL_B_SPLINE_SURFACE(((1.021464956,1.021464956,1.021464956,1.021464956),(0.992962426,0.992962426,0.992962426,0.992962426),(0.992845496,0.992845496,0.992845496,0.992845496),(1.021114166,1.021114166,1.021114166,1.021114166)))REPRESENTATION_ITEM('')SURFACE());
#8872=CARTESIAN_POINT('',(-1.582843221,0.370381827,0.765722633));
#8873=CARTESIAN_POINT('',(-1.582843221,0.370381827,0.991840878));
#8874=CARTESIAN_POINT('',(-1.582843221,0.370381827,1.217959122));
#8875=CARTESIAN_POINT('',(-1.582843221,0.370381827,1.444077367));
#8876=CARTESIAN_POINT('',(-1.655409568,0.060266315,0.765722633));
#8877=CARTESIAN_POINT('',(-1.655409568,0.060266315,0.991840878));
#8878=CARTESIAN_POINT('',(-1.655409568,0.060266315,1.217959122));
#8879=CARTESIAN_POINT('',(-1.655409568,0.060266315,1.444077367));
#8880=CARTESIAN_POINT('',(-1.636349828,-0.257674213,0.765722633));
#8881=CARTESIAN_POINT('',(-1.636349828,-0.257674213,0.991840878));
#8882=CARTESIAN_POINT('',(-1.636349828,-0.257674213,1.217959122));
#8883=CARTESIAN_POINT('',(-1.636349828,-0.257674213,1.444077367));
#8884=CARTESIAN_POINT('',(-1.52722203,-0.55692749,0.765722633));
#8885=CARTESIAN_POINT('',(-1.52722203,-0.55692749,0.991840878));
#8886=CARTESIAN_POINT('',(-1.52722203,-0.55692749,1.217959122));
#8887=CARTESIAN_POINT('',(-1.52722203,-0.55692749,1.444077367));
#8888=ADVANCED_FACE('',(#8889),#8900,.F.);
#8889=FACE_BOUND('',#8890,.T.);
#8890=EDGE_LOOP('',(#8891,#8892,#8893,#8894));
#8891=ORIENTED_EDGE('',*,*,#8786,.F.);
#8892=ORIENTED_EDGE('',*,*,#8456,.F.);
#8893=ORIENTED_EDGE('',*,*,#8864,.F.);
#8894=ORIENTED_EDGE('',*,*,#8895,.T.);
#8895=EDGE_CURVE('',#8856,#8787,#8896,.T.);
#8896=LINE('',#8897,#8898);
#8897=CARTESIAN_POINT('',(-1.527564324,-0.555987945,1.4224));
#8898=VECTOR('',#8899,1.0);
#8899=DIRECTION('',(-0.939692621,-0.342020143,0.0));
#8900=B_SPLINE_SURFACE_WITH_KNOTS('',1,1,((#8901,#8902),(#8903,#8904)),.UNSPECIFIED.,.F.,.F.,.U.,(2,2),(2,2),(-3.937007874E-05,0.02703937),(-0.02503937,3.937007874E-05),.PIECEWISE_BEZIER_KNOTS.);
#8901=CARTESIAN_POINT('',(-1.526624632,-0.555645925,0.7864));
#8902=CARTESIAN_POINT('',(-1.526624632,-0.555645925,1.4234));
#8903=CARTESIAN_POINT('',(-2.172945216,-0.790887379,0.7864));
#8904=CARTESIAN_POINT('',(-2.172945216,-0.790887379,1.4234));
#8905=ADVANCED_FACE('',(#8906),#8912,.T.);
#8906=FACE_BOUND('',#8907,.T.);
#8907=EDGE_LOOP('',(#8908,#8909,#8910,#8911));
#8908=ORIENTED_EDGE('',*,*,#8794,.F.);
#8909=ORIENTED_EDGE('',*,*,#8895,.F.);
#8910=ORIENTED_EDGE('',*,*,#8855,.F.);
#8911=ORIENTED_EDGE('',*,*,#8830,.F.);
#8912=B_SPLINE_SURFACE_WITH_KNOTS('',1,1,((#8913,#8914),(#8915,#8916)),.UNSPECIFIED.,.F.,.F.,.U.,(2,2),(2,2),(0.060100958,0.090919135),(0.004636986,0.031163203),.PIECEWISE_BEZIER_KNOTS.);
#8913=CARTESIAN_POINT('',(-1.526564324,-0.117779435,1.4224));
#8914=CARTESIAN_POINT('',(-1.526564324,-0.791545359,1.4224));
#8915=CARTESIAN_POINT('',(-2.309346032,-0.117779435,1.4224));
#8916=CARTESIAN_POINT('',(-2.309346032,-0.791545359,1.4224));
#8917=ADVANCED_FACE('',(#8918),#8929,.F.);
#8918=FACE_BOUND('',#8919,.T.);
#8919=EDGE_LOOP('',(#8920,#8921,#8927,#8928));
#8920=ORIENTED_EDGE('',*,*,#1215,.F.);
#8921=ORIENTED_EDGE('',*,*,#8922,.T.);
#8922=EDGE_CURVE('',#1207,#1199,#8923,.F.);
#8923=LINE('',#8924,#8925);
#8924=CARTESIAN_POINT('',(-1.7272,2.814246642,0.5334));
#8925=VECTOR('',#8926,1.0);
#8926=DIRECTION('',(1.0,0.0,0.0));
#8927=ORIENTED_EDGE('',*,*,#1198,.F.);
#8928=ORIENTED_EDGE('',*,*,#8406,.F.);
#8929=B_SPLINE_SURFACE_WITH_KNOTS('',1,1,((#8930,#8931),(#8932,#8933)),.UNSPECIFIED.,.F.,.F.,.U.,(2,2),(2,2),(-3.937007874E-05,0.13603937),(-0.01003937,3.937007874E-05),.PIECEWISE_BEZIER_KNOTS.);
#8930=CARTESIAN_POINT('',(-1.7282,2.814246642,0.5324));
#8931=CARTESIAN_POINT('',(-1.7282,2.814246642,0.7884));
#8932=CARTESIAN_POINT('',(1.7282,2.814246642,0.5324));
#8933=CARTESIAN_POINT('',(1.7282,2.814246642,0.7884));
#8934=ADVANCED_FACE('',(#8935),#8939,.T.);
#8935=FACE_BOUND('',#8936,.T.);
#8936=EDGE_LOOP('',(#8937,#8938));
#8937=ORIENTED_EDGE('',*,*,#8922,.F.);
#8938=ORIENTED_EDGE('',*,*,#1206,.F.);
#8939=B_SPLINE_SURFACE_WITH_KNOTS('',1,1,((#8940,#8941),(#8942,#8943)),.UNSPECIFIED.,.F.,.F.,.U.,(2,2),(2,2),(-0.06803937,0.06803937),(-0.130001154,-0.110757742),.PIECEWISE_BEZIER_KNOTS.);
#8940=CARTESIAN_POINT('',(1.7282,3.302029322,0.5334));
#8941=CARTESIAN_POINT('',(1.7282,2.813246642,0.5334));
#8942=CARTESIAN_POINT('',(-1.7282,3.302029322,0.5334));
#8943=CARTESIAN_POINT('',(-1.7282,2.813246642,0.5334));
#8944=ADVANCED_FACE('',(#8945),#8972,.F.);
#8945=FACE_BOUND('',#8946,.T.);
#8946=EDGE_LOOP('',(#8947,#8948,#8949,#8950,#8958,#8964,#8965,#8971));
#8947=ORIENTED_EDGE('',*,*,#464,.F.);
#8948=ORIENTED_EDGE('',*,*,#766,.F.);
#8949=ORIENTED_EDGE('',*,*,#7932,.F.);
#8950=ORIENTED_EDGE('',*,*,#8951,.T.);
#8951=EDGE_CURVE('',#7790,#8952,#8954,.T.);
#8952=VERTEX_POINT('',#8953);
#8953=CARTESIAN_POINT('',(3.4544,1.7145,4.236817728));
#8954=LINE('',#8955,#8956);
#8955=CARTESIAN_POINT('',(3.4544,-4.1275,4.236817728));
#8956=VECTOR('',#8957,1.0);
#8957=DIRECTION('',(0.0,1.0,0.0));
#8958=ORIENTED_EDGE('',*,*,#8959,.T.);
#8959=EDGE_CURVE('',#8952,#697,#8960,.T.);
#8960=LINE('',#8961,#8962);
#8961=CARTESIAN_POINT('',(3.4544,1.7145,4.236817728));
#8962=VECTOR('',#8963,1.0);
#8963=DIRECTION('',(0.0,0.0,-1.0));
#8964=ORIENTED_EDGE('',*,*,#696,.F.);
#8965=ORIENTED_EDGE('',*,*,#8966,.T.);
#8966=EDGE_CURVE('',#689,#305,#8967,.T.);
#8967=LINE('',#8968,#8969);
#8968=CARTESIAN_POINT('',(3.4544,1.5748,2.5908));
#8969=VECTOR('',#8970,1.0);
#8970=DIRECTION('',(0.0,0.0,1.0));
#8971=ORIENTED_EDGE('',*,*,#302,.F.);
#8972=B_SPLINE_SURFACE_WITH_KNOTS('',1,1,((#8973,#8974),(#8975,#8976)),.UNSPECIFIED.,.F.,.F.,.U.,(2,2),(2,2),(-3.937007874E-05,0.23003937),(-0.07003937,-0.005156782),.PIECEWISE_BEZIER_KNOTS.);
#8973=CARTESIAN_POINT('',(3.4544,-4.1285,2.5898));
#8974=CARTESIAN_POINT('',(3.4544,-4.1285,4.237817728));
#8975=CARTESIAN_POINT('',(3.4544,1.7155,2.5898));
#8976=CARTESIAN_POINT('',(3.4544,1.7155,4.237817728));
#8977=ADVANCED_FACE('',(#8978),#8989,.T.);
#8978=FACE_BOUND('',#8979,.T.);
#8979=EDGE_LOOP('',(#8980,#8986,#8987,#8988));
#8980=ORIENTED_EDGE('',*,*,#8981,.T.);
#8981=EDGE_CURVE('',#681,#313,#8982,.F.);
#8982=LINE('',#8983,#8984);
#8983=CARTESIAN_POINT('',(0.9144,4.1148,3.3528));
#8984=VECTOR('',#8985,1.0);
#8985=DIRECTION('',(0.0,0.0,-1.0));
#8986=ORIENTED_EDGE('',*,*,#312,.F.);
#8987=ORIENTED_EDGE('',*,*,#8966,.F.);
#8988=ORIENTED_EDGE('',*,*,#688,.F.);
#8989=B_SPLINE_SURFACE_WITH_KNOTS('',1,1,((#8990,#8991),(#8992,#8993)),.UNSPECIFIED.,.F.,.F.,.U.,(2,2),(2,2),(-3.937007874E-05,0.141460726),(-3.937007874E-05,0.03003937),.PIECEWISE_BEZIER_KNOTS.);
#8990=CARTESIAN_POINT('',(0.913692893,4.115507107,3.3538));
#8991=CARTESIAN_POINT('',(0.913692893,4.115507107,2.5898));
#8992=CARTESIAN_POINT('',(3.455107107,1.574092893,3.3538));
#8993=CARTESIAN_POINT('',(3.455107107,1.574092893,2.5898));
#8994=ADVANCED_FACE('',(#8995),#9001,.T.);
#8995=FACE_BOUND('',#8996,.T.);
#8996=EDGE_LOOP('',(#8997,#8998,#8999,#9000));
#8997=ORIENTED_EDGE('',*,*,#890,.F.);
#8998=ORIENTED_EDGE('',*,*,#320,.F.);
#8999=ORIENTED_EDGE('',*,*,#8981,.F.);
#9000=ORIENTED_EDGE('',*,*,#678,.F.);
#9001=B_SPLINE_SURFACE_WITH_KNOTS('',1,1,((#9002,#9003),(#9004,#9005)),.UNSPECIFIED.,.F.,.F.,.U.,(2,2),(2,2),(-3.937007874E-05,0.17703937),(-3.937007874E-05,0.03003937),.PIECEWISE_BEZIER_KNOTS.);
#9002=CARTESIAN_POINT('',(-3.5824,4.1148,3.3538));
#9003=CARTESIAN_POINT('',(-3.5824,4.1148,2.5898));
#9004=CARTESIAN_POINT('',(0.9154,4.1148,3.3538));
#9005=CARTESIAN_POINT('',(0.9154,4.1148,2.5898));
#9006=ADVANCED_FACE('',(#9007),#9025,.F.);
#9007=FACE_BOUND('',#9008,.T.);
#9008=EDGE_LOOP('',(#9009,#9017,#9018,#9019));
#9009=ORIENTED_EDGE('',*,*,#9010,.T.);
#9010=EDGE_CURVE('',#9011,#705,#9013,.T.);
#9011=VERTEX_POINT('',#9012);
#9012=CARTESIAN_POINT('',(1.0414,4.1275,4.236817728));
#9013=LINE('',#9014,#9015);
#9014=CARTESIAN_POINT('',(1.0414,4.1275,4.236817728));
#9015=VECTOR('',#9016,1.0);
#9016=DIRECTION('',(0.0,0.0,-1.0));
#9017=ORIENTED_EDGE('',*,*,#704,.F.);
#9018=ORIENTED_EDGE('',*,*,#8959,.F.);
#9019=ORIENTED_EDGE('',*,*,#9020,.T.);
#9020=EDGE_CURVE('',#8952,#9011,#9021,.T.);
#9021=LINE('',#9022,#9023);
#9022=CARTESIAN_POINT('',(3.4544,1.7145,4.236817728));
#9023=VECTOR('',#9024,1.0);
#9024=DIRECTION('',(-0.707106781,0.707106781,0.0));
#9025=B_SPLINE_SURFACE_WITH_KNOTS('',1,1,((#9026,#9027),(#9028,#9029)),.UNSPECIFIED.,.F.,.F.,.U.,(2,2),(2,2),(-3.937007874E-05,0.134389659),(-0.07003937,-0.005156782),.PIECEWISE_BEZIER_KNOTS.);
#9026=CARTESIAN_POINT('',(3.455107107,1.713792893,2.5898));
#9027=CARTESIAN_POINT('',(3.455107107,1.713792893,4.237817728));
#9028=CARTESIAN_POINT('',(1.040692893,4.128207107,2.5898));
#9029=CARTESIAN_POINT('',(1.040692893,4.128207107,4.237817728));
#9030=ADVANCED_FACE('',(#9031),#9047,.T.);
#9031=FACE_BOUND('',#9032,.T.);
#9032=EDGE_LOOP('',(#9033,#9039,#9040,#9046));
#9033=ORIENTED_EDGE('',*,*,#9034,.T.);
#9034=EDGE_CURVE('',#2494,#9011,#9035,.T.);
#9035=LINE('',#9036,#9037);
#9036=CARTESIAN_POINT('',(1.072963073,4.2037,4.3688));
#9037=VECTOR('',#9038,1.0);
#9038=DIRECTION('',(-0.20280301,-0.489609778,-0.848029011));
#9039=ORIENTED_EDGE('',*,*,#9020,.F.);
#9040=ORIENTED_EDGE('',*,*,#9041,.T.);
#9041=EDGE_CURVE('',#8952,#2502,#9042,.F.);
#9042=LINE('',#9043,#9044);
#9043=CARTESIAN_POINT('',(3.5306,1.746063073,4.3688));
#9044=VECTOR('',#9045,1.0);
#9045=DIRECTION('',(-0.489609778,-0.20280301,-0.848029011));
#9046=ORIENTED_EDGE('',*,*,#2501,.F.);
#9047=B_SPLINE_SURFACE_WITH_KNOTS('',1,1,((#9048,#9049),(#9050,#9051)),.UNSPECIFIED.,.F.,.F.,.U.,(2,2),(2,2),(-0.001282011,0.135632299),(-3.937007876E-05,0.00603937),.PIECEWISE_BEZIER_KNOTS.);
#9048=CARTESIAN_POINT('',(3.53166066,1.74570952,4.369666025));
#9049=CARTESIAN_POINT('',(3.477072017,1.691120877,4.235951703));
#9050=CARTESIAN_POINT('',(1.07260952,4.20476066,4.369666025));
#9051=CARTESIAN_POINT('',(1.018020877,4.150172017,4.235951703));
#9052=ADVANCED_FACE('',(#9053),#9059,.T.);
#9053=FACE_BOUND('',#9054,.T.);
#9054=EDGE_LOOP('',(#9055,#9056,#9057,#9058));
#9055=ORIENTED_EDGE('',*,*,#9041,.F.);
#9056=ORIENTED_EDGE('',*,*,#8951,.F.);
#9057=ORIENTED_EDGE('',*,*,#7789,.F.);
#9058=ORIENTED_EDGE('',*,*,#2509,.F.);
#9059=B_SPLINE_SURFACE_WITH_KNOTS('',1,1,((#9060,#9061),(#9062,#9063)),.UNSPECIFIED.,.F.,.F.,.U.,(2,2),(2,2),(-0.00303937,0.231282011),(-3.937007876E-05,0.00603937),.PIECEWISE_BEZIER_KNOTS.);
#9060=CARTESIAN_POINT('',(3.5311,-4.2047,4.369666025));
#9061=CARTESIAN_POINT('',(3.4539,-4.2047,4.235951703));
#9062=CARTESIAN_POINT('',(3.5311,1.747063073,4.369666025));
#9063=CARTESIAN_POINT('',(3.4539,1.747063073,4.235951703));
#9064=ADVANCED_FACE('',(#9065),#9076,.T.);
#9065=FACE_BOUND('',#9066,.T.);
#9066=EDGE_LOOP('',(#9067,#9068,#9074,#9075));
#9067=ORIENTED_EDGE('',*,*,#1873,.F.);
#9068=ORIENTED_EDGE('',*,*,#9069,.T.);
#9069=EDGE_CURVE('',#1866,#9011,#9070,.F.);
#9070=LINE('',#9071,#9072);
#9071=CARTESIAN_POINT('',(1.0414,4.1275,4.236817728));
#9072=VECTOR('',#9073,1.0);
#9073=DIRECTION('',(-1.0,0.0,0.0));
#9074=ORIENTED_EDGE('',*,*,#9034,.F.);
#9075=ORIENTED_EDGE('',*,*,#2493,.F.);
#9076=B_SPLINE_SURFACE_WITH_KNOTS('',1,1,((#9077,#9078),(#9079,#9080)),.UNSPECIFIED.,.F.,.F.,.U.,(2,2),(2,2),(-0.001282011,0.18703937),(-3.937007876E-05,0.00603937),.PIECEWISE_BEZIER_KNOTS.);
#9077=CARTESIAN_POINT('',(1.073963073,4.2042,4.369666025));
#9078=CARTESIAN_POINT('',(1.073963073,4.127,4.235951703));
#9079=CARTESIAN_POINT('',(-3.7094,4.2042,4.369666025));
#9080=CARTESIAN_POINT('',(-3.7094,4.127,4.235951703));
#9081=ADVANCED_FACE('',(#9082),#9088,.F.);
#9082=FACE_BOUND('',#9083,.T.);
#9083=EDGE_LOOP('',(#9084,#9085,#9086,#9087));
#9084=ORIENTED_EDGE('',*,*,#1865,.F.);
#9085=ORIENTED_EDGE('',*,*,#712,.F.);
#9086=ORIENTED_EDGE('',*,*,#9010,.F.);
#9087=ORIENTED_EDGE('',*,*,#9069,.F.);
#9088=B_SPLINE_SURFACE_WITH_KNOTS('',1,1,((#9089,#9090),(#9091,#9092)),.UNSPECIFIED.,.F.,.F.,.U.,(2,2),(2,2),(-3.937007874E-05,0.18703937),(-0.07003937,-0.005156782),.PIECEWISE_BEZIER_KNOTS.);
#9089=CARTESIAN_POINT('',(1.0424,4.1275,2.5898));
#9090=CARTESIAN_POINT('',(1.0424,4.1275,4.237817728));
#9091=CARTESIAN_POINT('',(-3.7094,4.1275,2.5898));
#9092=CARTESIAN_POINT('',(-3.7094,4.1275,4.237817728));
#9093=ADVANCED_FACE('',(#9094),#9115,.F.);
#9094=FACE_BOUND('',#9095,.T.);
#9095=EDGE_LOOP('',(#9096,#9097,#9098,#9099,#9100,#9108,#9114));
#9096=ORIENTED_EDGE('',*,*,#852,.F.);
#9097=ORIENTED_EDGE('',*,*,#2159,.F.);
#9098=ORIENTED_EDGE('',*,*,#2203,.F.);
#9099=ORIENTED_EDGE('',*,*,#1953,.F.);
#9100=ORIENTED_EDGE('',*,*,#9101,.T.);
#9101=EDGE_CURVE('',#1946,#9102,#9104,.F.);
#9102=VERTEX_POINT('',#9103);
#9103=CARTESIAN_POINT('',(-3.429,3.429,2.286));
#9104=LINE('',#9105,#9106);
#9105=CARTESIAN_POINT('',(-3.429,3.429,2.286));
#9106=VECTOR('',#9107,1.0);
#9107=DIRECTION('',(-0.923879533,-0.382683432,0.0));
#9108=ORIENTED_EDGE('',*,*,#9109,.T.);
#9109=EDGE_CURVE('',#9102,#932,#9110,.T.);
#9110=LINE('',#9111,#9112);
#9111=CARTESIAN_POINT('',(-3.429,3.429,2.286));
#9112=VECTOR('',#9113,1.0);
#9113=DIRECTION('',(0.0,0.0,1.0));
#9114=ORIENTED_EDGE('',*,*,#931,.F.);
#9115=B_SPLINE_SURFACE_WITH_KNOTS('',1,1,((#9116,#9117),(#9118,#9119)),.UNSPECIFIED.,.F.,.F.,.U.,(2,2),(2,2),(-3.937007871E-05,0.011945684),(-3.937007874E-05,0.08203937),.PIECEWISE_BEZIER_KNOTS.);
#9116=CARTESIAN_POINT('',(-3.42807612,3.429382683,2.285));
#9117=CARTESIAN_POINT('',(-3.42807612,3.429382683,4.3698));
#9118=CARTESIAN_POINT('',(-3.70932388,3.312886047,2.285));
#9119=CARTESIAN_POINT('',(-3.70932388,3.312886047,4.3698));
#9120=ADVANCED_FACE('',(#9121),#9135,.F.);
#9121=FACE_BOUND('',#9122,.T.);
#9122=EDGE_LOOP('',(#9123,#9124,#9130,#9131,#9132,#9133,#9134));
#9123=ORIENTED_EDGE('',*,*,#9109,.F.);
#9124=ORIENTED_EDGE('',*,*,#9125,.T.);
#9125=EDGE_CURVE('',#9102,#1849,#9126,.F.);
#9126=LINE('',#9127,#9128);
#9127=CARTESIAN_POINT('',(-3.7084,3.544731269,2.286));
#9128=VECTOR('',#9129,1.0);
#9129=DIRECTION('',(0.923879533,-0.382683432,0.0));
#9130=ORIENTED_EDGE('',*,*,#1889,.F.);
#9131=ORIENTED_EDGE('',*,*,#2191,.F.);
#9132=ORIENTED_EDGE('',*,*,#2143,.F.);
#9133=ORIENTED_EDGE('',*,*,#883,.F.);
#9134=ORIENTED_EDGE('',*,*,#939,.F.);
#9135=B_SPLINE_SURFACE_WITH_KNOTS('',1,1,((#9136,#9137),(#9138,#9139)),.UNSPECIFIED.,.F.,.F.,.U.,(2,2),(2,2),(-3.937007871E-05,0.011945684),(-3.937007874E-05,0.08203937),.PIECEWISE_BEZIER_KNOTS.);
#9136=CARTESIAN_POINT('',(-3.70932388,3.545113953,2.285));
#9137=CARTESIAN_POINT('',(-3.70932388,3.545113953,4.3698));
#9138=CARTESIAN_POINT('',(-3.42807612,3.428617317,2.285));
#9139=CARTESIAN_POINT('',(-3.42807612,3.428617317,4.3698));
#9140=ADVANCED_FACE('',(#9141),#9165,.T.);
#9141=FACE_BOUND('',#9142,.T.);
#9142=EDGE_LOOP('',(#9143,#9144,#9145,#9146,#9147,#9148,#9149,#9157,#9163,#9164));
#9143=ORIENTED_EDGE('',*,*,#9101,.F.);
#9144=ORIENTED_EDGE('',*,*,#1945,.F.);
#9145=ORIENTED_EDGE('',*,*,#1744,.F.);
#9146=ORIENTED_EDGE('',*,*,#1720,.F.);
#9147=ORIENTED_EDGE('',*,*,#1696,.F.);
#9148=ORIENTED_EDGE('',*,*,#1247,.F.);
#9149=ORIENTED_EDGE('',*,*,#9150,.T.);
#9150=EDGE_CURVE('',#1240,#9151,#9153,.T.);
#9151=VERTEX_POINT('',#9152);
#9152=CARTESIAN_POINT('',(-1.7272,3.8735,2.286));
#9153=LINE('',#9154,#9155);
#9154=CARTESIAN_POINT('',(-1.7272,2.814246642,2.286));
#9155=VECTOR('',#9156,1.0);
#9156=DIRECTION('',(0.0,1.0,0.0));
#9157=ORIENTED_EDGE('',*,*,#9158,.T.);
#9158=EDGE_CURVE('',#9151,#1851,#9159,.T.);
#9159=LINE('',#9160,#9161);
#9160=CARTESIAN_POINT('',(-1.7272,3.8735,2.286));
#9161=VECTOR('',#9162,1.0);
#9162=DIRECTION('',(-1.0,0.0,0.0));
#9163=ORIENTED_EDGE('',*,*,#1848,.F.);
#9164=ORIENTED_EDGE('',*,*,#9125,.F.);
#9165=B_SPLINE_SURFACE_WITH_KNOTS('',1,1,((#9166,#9167),(#9168,#9169)),.UNSPECIFIED.,.F.,.F.,.U.,(2,2),(2,2),(-0.14603937,-0.06796063),(0.06496063,0.15253937),.PIECEWISE_BEZIER_KNOTS.);
#9166=CARTESIAN_POINT('',(-3.7094,1.65,2.286));
#9167=CARTESIAN_POINT('',(-3.7094,3.8745,2.286));
#9168=CARTESIAN_POINT('',(-1.7262,1.65,2.286));
#9169=CARTESIAN_POINT('',(-1.7262,3.8745,2.286));
#9170=ADVANCED_FACE('',(#9171),#9183,.F.);
#9171=FACE_BOUND('',#9172,.T.);
#9172=EDGE_LOOP('',(#9173,#9174,#9175,#9176,#9182));
#9173=ORIENTED_EDGE('',*,*,#728,.F.);
#9174=ORIENTED_EDGE('',*,*,#1858,.F.);
#9175=ORIENTED_EDGE('',*,*,#9158,.F.);
#9176=ORIENTED_EDGE('',*,*,#9177,.T.);
#9177=EDGE_CURVE('',#9151,#947,#9178,.F.);
#9178=LINE('',#9179,#9180);
#9179=CARTESIAN_POINT('',(-1.7272,3.8735,2.5908));
#9180=VECTOR('',#9181,1.0);
#9181=DIRECTION('',(0.0,0.0,-1.0));
#9182=ORIENTED_EDGE('',*,*,#946,.F.);
#9183=B_SPLINE_SURFACE_WITH_KNOTS('',1,1,((#9184,#9185),(#9186,#9187)),.UNSPECIFIED.,.F.,.F.,.U.,(2,2),(2,2),(-3.937007874E-05,0.07803937),(-0.01203937,3.937007874E-05),.PIECEWISE_BEZIER_KNOTS.);
#9184=CARTESIAN_POINT('',(-1.7262,3.8735,2.285));
#9185=CARTESIAN_POINT('',(-1.7262,3.8735,2.5918));
#9186=CARTESIAN_POINT('',(-3.7094,3.8735,2.285));
#9187=CARTESIAN_POINT('',(-3.7094,3.8735,2.5918));
#9188=ADVANCED_FACE('',(#9189),#9195,.F.);
#9189=FACE_BOUND('',#9190,.T.);
#9190=EDGE_LOOP('',(#9191,#9192,#9193,#9194));
#9191=ORIENTED_EDGE('',*,*,#9177,.F.);
#9192=ORIENTED_EDGE('',*,*,#9150,.F.);
#9193=ORIENTED_EDGE('',*,*,#1239,.F.);
#9194=ORIENTED_EDGE('',*,*,#954,.F.);
#9195=B_SPLINE_SURFACE_WITH_KNOTS('',1,1,((#9196,#9197),(#9198,#9199)),.UNSPECIFIED.,.F.,.F.,.U.,(2,2),(2,2),(-3.937007874E-05,0.041742258),(-0.01203937,3.937007874E-05),.PIECEWISE_BEZIER_KNOTS.);
#9196=CARTESIAN_POINT('',(-1.7272,2.813246642,2.285));
#9197=CARTESIAN_POINT('',(-1.7272,2.813246642,2.5918));
#9198=CARTESIAN_POINT('',(-1.7272,3.8745,2.285));
#9199=CARTESIAN_POINT('',(-1.7272,3.8745,2.5918));
#9200=ADVANCED_FACE('',(#9201),#9227,.T.);
#9201=FACE_BOUND('',#9202,.T.);
#9202=EDGE_LOOP('',(#9203,#9211,#9220,#9226));
#9203=ORIENTED_EDGE('',*,*,#9204,.T.);
#9204=EDGE_CURVE('',#1117,#9205,#9207,.T.);
#9205=VERTEX_POINT('',#9206);
#9206=CARTESIAN_POINT('',(-2.54,-2.921,2.4892));
#9207=LINE('',#9208,#9209);
#9208=CARTESIAN_POINT('',(-2.54,-2.921,2.5908));
#9209=VECTOR('',#9210,1.0);
#9210=DIRECTION('',(0.0,0.0,-1.0));
#9211=ORIENTED_EDGE('',*,*,#9212,.T.);
#9212=EDGE_CURVE('',#9205,#9213,#9215,.T.);
#9213=VERTEX_POINT('',#9214);
#9214=CARTESIAN_POINT('',(-2.54,-2.159,2.4892));
#9215=CIRCLE('',#9216,0.381);
#9216=AXIS2_PLACEMENT_3D('',#9217,#9218,#9219);
#9217=CARTESIAN_POINT('',(-2.54,-2.54,2.4892));
#9218=DIRECTION('',(0.0,0.0,1.0));
#9219=DIRECTION('',(0.0,-1.0,0.0));
#9220=ORIENTED_EDGE('',*,*,#9221,.T.);
#9221=EDGE_CURVE('',#9213,#1115,#9222,.F.);
#9222=LINE('',#9223,#9224);
#9223=CARTESIAN_POINT('',(-2.54,-2.159,2.5908));
#9224=VECTOR('',#9225,1.0);
#9225=DIRECTION('',(0.0,0.0,-1.0));
#9226=ORIENTED_EDGE('',*,*,#1125,.F.);
#9227=(BOUNDED_SURFACE()B_SPLINE_SURFACE(3,3,((#9228,#9229,#9230,#9231),(#9232,#9233,#9234,#9235),(#9236,#9237,#9238,#9239),(#9240,#9241,#9242,#9243),(#9244,#9245,#9246,#9247),(#9248,#9249,#9250,#9251),(#9252,#9253,#9254,#9255)),.UNSPECIFIED.,.F.,.F.,.U.)B_SPLINE_SURFACE_WITH_KNOTS((4,3,4),(4,4),(0.040778167,1.0,1.959221833),(0.00119656,0.00690344),.UNSPECIFIED.)GEOMETRIC_REPRESENTATION_ITEM()RATIONAL_B_SPLINE_SURFACE(((1.157963375,1.157963375,1.157963375,1.157963375),(0.937994278,0.937994278,0.937994278,0.937994278),(0.94776073,0.94776073,0.94776073,0.94776073),(1.187262732,1.187262732,1.187262732,1.187262732),(0.94776073,0.94776073,0.94776073,0.94776073),(0.937994278,0.937994278,0.937994278,0.937994278),(1.157963375,1.157963375,1.157963375,1.157963375)))REPRESENTATION_ITEM('')SURFACE());
#9228=CARTESIAN_POINT('',(-2.540999479,-2.920998689,2.467522633));
#9229=CARTESIAN_POINT('',(-2.540999479,-2.920998689,2.515840878));
#9230=CARTESIAN_POINT('',(-2.540999479,-2.920998689,2.564159122));
#9231=CARTESIAN_POINT('',(-2.540999479,-2.920998689,2.612477367));
#9232=CARTESIAN_POINT('',(-2.316194067,-2.921588424,2.467522633));
#9233=CARTESIAN_POINT('',(-2.316194067,-2.921588424,2.515840878));
#9234=CARTESIAN_POINT('',(-2.316194067,-2.921588424,2.564159122));
#9235=CARTESIAN_POINT('',(-2.316194067,-2.921588424,2.612477367));
#9236=CARTESIAN_POINT('',(-2.159,-2.76248961,2.467522633));
#9237=CARTESIAN_POINT('',(-2.159,-2.76248961,2.515840878));
#9238=CARTESIAN_POINT('',(-2.159,-2.76248961,2.564159122));
#9239=CARTESIAN_POINT('',(-2.159,-2.76248961,2.612477367));
#9240=CARTESIAN_POINT('',(-2.159,-2.54,2.467522633));
#9241=CARTESIAN_POINT('',(-2.159,-2.54,2.515840878));
#9242=CARTESIAN_POINT('',(-2.159,-2.54,2.564159122));
#9243=CARTESIAN_POINT('',(-2.159,-2.54,2.612477367));
#9244=CARTESIAN_POINT('',(-2.159,-2.31751039,2.467522633));
#9245=CARTESIAN_POINT('',(-2.159,-2.31751039,2.515840878));
#9246=CARTESIAN_POINT('',(-2.159,-2.31751039,2.564159122));
#9247=CARTESIAN_POINT('',(-2.159,-2.31751039,2.612477367));
#9248=CARTESIAN_POINT('',(-2.316194067,-2.158411576,2.467522633));
#9249=CARTESIAN_POINT('',(-2.316194067,-2.158411576,2.515840878));
#9250=CARTESIAN_POINT('',(-2.316194067,-2.158411576,2.564159122));
#9251=CARTESIAN_POINT('',(-2.316194067,-2.158411576,2.612477367));
#9252=CARTESIAN_POINT('',(-2.540999479,-2.159001311,2.467522633));
#9253=CARTESIAN_POINT('',(-2.540999479,-2.159001311,2.515840878));
#9254=CARTESIAN_POINT('',(-2.540999479,-2.159001311,2.564159122));
#9255=CARTESIAN_POINT('',(-2.540999479,-2.159001311,2.612477367));
#9256=ADVANCED_FACE('',(#9257),#9269,.T.);
#9257=FACE_BOUND('',#9258,.T.);
#9258=EDGE_LOOP('',(#9259,#9260,#9267,#9268));
#9259=ORIENTED_EDGE('',*,*,#9221,.F.);
#9260=ORIENTED_EDGE('',*,*,#9261,.T.);
#9261=EDGE_CURVE('',#9213,#9205,#9262,.F.);
#9262=CIRCLE('',#9263,0.381);
#9263=AXIS2_PLACEMENT_3D('',#9264,#9265,#9266);
#9264=CARTESIAN_POINT('',(-2.54,-2.54,2.4892));
#9265=DIRECTION('',(0.0,0.0,-1.0));
#9266=DIRECTION('',(0.0,-1.0,0.0));
#9267=ORIENTED_EDGE('',*,*,#9204,.F.);
#9268=ORIENTED_EDGE('',*,*,#1114,.F.);
#9269=(BOUNDED_SURFACE()B_SPLINE_SURFACE(3,3,((#9270,#9271,#9272,#9273),(#9274,#9275,#9276,#9277),(#9278,#9279,#9280,#9281),(#9282,#9283,#9284,#9285),(#9286,#9287,#9288,#9289),(#9290,#9291,#9292,#9293),(#9294,#9295,#9296,#9297)),.UNSPECIFIED.,.F.,.F.,.U.)B_SPLINE_SURFACE_WITH_KNOTS((4,3,4),(4,4),(0.040778167,1.0,1.959221833),(0.00119656,0.00690344),.UNSPECIFIED.)GEOMETRIC_REPRESENTATION_ITEM()RATIONAL_B_SPLINE_SURFACE(((1.157963375,1.157963375,1.157963375,1.157963375),(0.937994278,0.937994278,0.937994278,0.937994278),(0.94776073,0.94776073,0.94776073,0.94776073),(1.187262732,1.187262732,1.187262732,1.187262732),(0.94776073,0.94776073,0.94776073,0.94776073),(0.937994278,0.937994278,0.937994278,0.937994278),(1.157963375,1.157963375,1.157963375,1.157963375)))REPRESENTATION_ITEM('')SURFACE());
#9270=CARTESIAN_POINT('',(-2.539000521,-2.159001311,2.467522633));
#9271=CARTESIAN_POINT('',(-2.539000521,-2.159001311,2.515840878));
#9272=CARTESIAN_POINT('',(-2.539000521,-2.159001311,2.564159122));
#9273=CARTESIAN_POINT('',(-2.539000521,-2.159001311,2.612477367));
#9274=CARTESIAN_POINT('',(-2.763805933,-2.158411576,2.467522633));
#9275=CARTESIAN_POINT('',(-2.763805933,-2.158411576,2.515840878));
#9276=CARTESIAN_POINT('',(-2.763805933,-2.158411576,2.564159122));
#9277=CARTESIAN_POINT('',(-2.763805933,-2.158411576,2.612477367));
#9278=CARTESIAN_POINT('',(-2.921,-2.31751039,2.467522633));
#9279=CARTESIAN_POINT('',(-2.921,-2.31751039,2.515840878));
#9280=CARTESIAN_POINT('',(-2.921,-2.31751039,2.564159122));
#9281=CARTESIAN_POINT('',(-2.921,-2.31751039,2.612477367));
#9282=CARTESIAN_POINT('',(-2.921,-2.54,2.467522633));
#9283=CARTESIAN_POINT('',(-2.921,-2.54,2.515840878));
#9284=CARTESIAN_POINT('',(-2.921,-2.54,2.564159122));
#9285=CARTESIAN_POINT('',(-2.921,-2.54,2.612477367));
#9286=CARTESIAN_POINT('',(-2.921,-2.76248961,2.467522633));
#9287=CARTESIAN_POINT('',(-2.921,-2.76248961,2.515840878));
#9288=CARTESIAN_POINT('',(-2.921,-2.76248961,2.564159122));
#9289=CARTESIAN_POINT('',(-2.921,-2.76248961,2.612477367));
#9290=CARTESIAN_POINT('',(-2.763805933,-2.921588424,2.467522633));
#9291=CARTESIAN_POINT('',(-2.763805933,-2.921588424,2.515840878));
#9292=CARTESIAN_POINT('',(-2.763805933,-2.921588424,2.564159122));
#9293=CARTESIAN_POINT('',(-2.763805933,-2.921588424,2.612477367));
#9294=CARTESIAN_POINT('',(-2.539000521,-2.920998689,2.467522633));
#9295=CARTESIAN_POINT('',(-2.539000521,-2.920998689,2.515840878));
#9296=CARTESIAN_POINT('',(-2.539000521,-2.920998689,2.564159122));
#9297=CARTESIAN_POINT('',(-2.539000521,-2.920998689,2.612477367));
#9298=ADVANCED_FACE('',(#9299),#9303,.F.);
#9299=FACE_BOUND('',#9300,.T.);
#9300=EDGE_LOOP('',(#9301,#9302));
#9301=ORIENTED_EDGE('',*,*,#9212,.F.);
#9302=ORIENTED_EDGE('',*,*,#9261,.F.);
#9303=B_SPLINE_SURFACE_WITH_KNOTS('',1,1,((#9304,#9305),(#9306,#9307)),.UNSPECIFIED.,.F.,.F.,.U.,(2,2),(2,2),(-0.015009015,0.015009015),(-0.015009015,0.015009015),.PIECEWISE_BEZIER_KNOTS.);
#9304=CARTESIAN_POINT('',(-2.158771018,-2.921228982,2.4892));
#9305=CARTESIAN_POINT('',(-2.921228982,-2.921228982,2.4892));
#9306=CARTESIAN_POINT('',(-2.158771018,-2.158771018,2.4892));
#9307=CARTESIAN_POINT('',(-2.921228982,-2.158771018,2.4892));
#9308=ADVANCED_FACE('',(#9309),#9335,.T.);
#9309=FACE_BOUND('',#9310,.T.);
#9310=EDGE_LOOP('',(#9311,#9319,#9328,#9334));
#9311=ORIENTED_EDGE('',*,*,#9312,.T.);
#9312=EDGE_CURVE('',#1137,#9313,#9315,.T.);
#9313=VERTEX_POINT('',#9314);
#9314=CARTESIAN_POINT('',(-2.54,-0.381,2.4892));
#9315=LINE('',#9316,#9317);
#9316=CARTESIAN_POINT('',(-2.54,-0.381,2.5908));
#9317=VECTOR('',#9318,1.0);
#9318=DIRECTION('',(0.0,0.0,-1.0));
#9319=ORIENTED_EDGE('',*,*,#9320,.T.);
#9320=EDGE_CURVE('',#9313,#9321,#9323,.T.);
#9321=VERTEX_POINT('',#9322);
#9322=CARTESIAN_POINT('',(-2.54,0.381,2.4892));
#9323=CIRCLE('',#9324,0.381);
#9324=AXIS2_PLACEMENT_3D('',#9325,#9326,#9327);
#9325=CARTESIAN_POINT('',(-2.54,0.0,2.4892));
#9326=DIRECTION('',(0.0,0.0,1.0));
#9327=DIRECTION('',(0.0,-1.0,0.0));
#9328=ORIENTED_EDGE('',*,*,#9329,.T.);
#9329=EDGE_CURVE('',#9321,#1135,#9330,.F.);
#9330=LINE('',#9331,#9332);
#9331=CARTESIAN_POINT('',(-2.54,0.381,2.5908));
#9332=VECTOR('',#9333,1.0);
#9333=DIRECTION('',(0.0,0.0,-1.0));
#9334=ORIENTED_EDGE('',*,*,#1145,.F.);
#9335=(BOUNDED_SURFACE()B_SPLINE_SURFACE(3,3,((#9336,#9337,#9338,#9339),(#9340,#9341,#9342,#9343),(#9344,#9345,#9346,#9347),(#9348,#9349,#9350,#9351),(#9352,#9353,#9354,#9355),(#9356,#9357,#9358,#9359),(#9360,#9361,#9362,#9363)),.UNSPECIFIED.,.F.,.F.,.U.)B_SPLINE_SURFACE_WITH_KNOTS((4,3,4),(4,4),(0.040778167,1.0,1.959221833),(0.00119656,0.00690344),.UNSPECIFIED.)GEOMETRIC_REPRESENTATION_ITEM()RATIONAL_B_SPLINE_SURFACE(((1.157963375,1.157963375,1.157963375,1.157963375),(0.937994278,0.937994278,0.937994278,0.937994278),(0.94776073,0.94776073,0.94776073,0.94776073),(1.187262732,1.187262732,1.187262732,1.187262732),(0.94776073,0.94776073,0.94776073,0.94776073),(0.937994278,0.937994278,0.937994278,0.937994278),(1.157963375,1.157963375,1.157963375,1.157963375)))REPRESENTATION_ITEM('')SURFACE());
#9336=CARTESIAN_POINT('',(-2.540999479,-0.380998689,2.467522633));
#9337=CARTESIAN_POINT('',(-2.540999479,-0.380998689,2.515840878));
#9338=CARTESIAN_POINT('',(-2.540999479,-0.380998689,2.564159122));
#9339=CARTESIAN_POINT('',(-2.540999479,-0.380998689,2.612477367));
#9340=CARTESIAN_POINT('',(-2.316194067,-0.381588424,2.467522633));
#9341=CARTESIAN_POINT('',(-2.316194067,-0.381588424,2.515840878));
#9342=CARTESIAN_POINT('',(-2.316194067,-0.381588424,2.564159122));
#9343=CARTESIAN_POINT('',(-2.316194067,-0.381588424,2.612477367));
#9344=CARTESIAN_POINT('',(-2.159,-0.22248961,2.467522633));
#9345=CARTESIAN_POINT('',(-2.159,-0.22248961,2.515840878));
#9346=CARTESIAN_POINT('',(-2.159,-0.22248961,2.564159122));
#9347=CARTESIAN_POINT('',(-2.159,-0.22248961,2.612477367));
#9348=CARTESIAN_POINT('',(-2.159,0.0,2.467522633));
#9349=CARTESIAN_POINT('',(-2.159,0.0,2.515840878));
#9350=CARTESIAN_POINT('',(-2.159,0.0,2.564159122));
#9351=CARTESIAN_POINT('',(-2.159,0.0,2.612477367));
#9352=CARTESIAN_POINT('',(-2.159,0.22248961,2.467522633));
#9353=CARTESIAN_POINT('',(-2.159,0.22248961,2.515840878));
#9354=CARTESIAN_POINT('',(-2.159,0.22248961,2.564159122));
#9355=CARTESIAN_POINT('',(-2.159,0.22248961,2.612477367));
#9356=CARTESIAN_POINT('',(-2.316194067,0.381588424,2.467522633));
#9357=CARTESIAN_POINT('',(-2.316194067,0.381588424,2.515840878));
#9358=CARTESIAN_POINT('',(-2.316194067,0.381588424,2.564159122));
#9359=CARTESIAN_POINT('',(-2.316194067,0.381588424,2.612477367));
#9360=CARTESIAN_POINT('',(-2.540999479,0.380998689,2.467522633));
#9361=CARTESIAN_POINT('',(-2.540999479,0.380998689,2.515840878));
#9362=CARTESIAN_POINT('',(-2.540999479,0.380998689,2.564159122));
#9363=CARTESIAN_POINT('',(-2.540999479,0.380998689,2.612477367));
#9364=ADVANCED_FACE('',(#9365),#9377,.T.);
#9365=FACE_BOUND('',#9366,.T.);
#9366=EDGE_LOOP('',(#9367,#9368,#9375,#9376));
#9367=ORIENTED_EDGE('',*,*,#9329,.F.);
#9368=ORIENTED_EDGE('',*,*,#9369,.T.);
#9369=EDGE_CURVE('',#9321,#9313,#9370,.F.);
#9370=CIRCLE('',#9371,0.381);
#9371=AXIS2_PLACEMENT_3D('',#9372,#9373,#9374);
#9372=CARTESIAN_POINT('',(-2.54,0.0,2.4892));
#9373=DIRECTION('',(0.0,0.0,-1.0));
#9374=DIRECTION('',(0.0,-1.0,0.0));
#9375=ORIENTED_EDGE('',*,*,#9312,.F.);
#9376=ORIENTED_EDGE('',*,*,#1134,.F.);
#9377=(BOUNDED_SURFACE()B_SPLINE_SURFACE(3,3,((#9378,#9379,#9380,#9381),(#9382,#9383,#9384,#9385),(#9386,#9387,#9388,#9389),(#9390,#9391,#9392,#9393),(#9394,#9395,#9396,#9397),(#9398,#9399,#9400,#9401),(#9402,#9403,#9404,#9405)),.UNSPECIFIED.,.F.,.F.,.U.)B_SPLINE_SURFACE_WITH_KNOTS((4,3,4),(4,4),(0.040778167,1.0,1.959221833),(0.00119656,0.00690344),.UNSPECIFIED.)GEOMETRIC_REPRESENTATION_ITEM()RATIONAL_B_SPLINE_SURFACE(((1.157963375,1.157963375,1.157963375,1.157963375),(0.937994278,0.937994278,0.937994278,0.937994278),(0.94776073,0.94776073,0.94776073,0.94776073),(1.187262732,1.187262732,1.187262732,1.187262732),(0.94776073,0.94776073,0.94776073,0.94776073),(0.937994278,0.937994278,0.937994278,0.937994278),(1.157963375,1.157963375,1.157963375,1.157963375)))REPRESENTATION_ITEM('')SURFACE());
#9378=CARTESIAN_POINT('',(-2.539000521,0.380998689,2.467522633));
#9379=CARTESIAN_POINT('',(-2.539000521,0.380998689,2.515840878));
#9380=CARTESIAN_POINT('',(-2.539000521,0.380998689,2.564159122));
#9381=CARTESIAN_POINT('',(-2.539000521,0.380998689,2.612477367));
#9382=CARTESIAN_POINT('',(-2.763805933,0.381588424,2.467522633));
#9383=CARTESIAN_POINT('',(-2.763805933,0.381588424,2.515840878));
#9384=CARTESIAN_POINT('',(-2.763805933,0.381588424,2.564159122));
#9385=CARTESIAN_POINT('',(-2.763805933,0.381588424,2.612477367));
#9386=CARTESIAN_POINT('',(-2.921,0.22248961,2.467522633));
#9387=CARTESIAN_POINT('',(-2.921,0.22248961,2.515840878));
#9388=CARTESIAN_POINT('',(-2.921,0.22248961,2.564159122));
#9389=CARTESIAN_POINT('',(-2.921,0.22248961,2.612477367));
#9390=CARTESIAN_POINT('',(-2.921,0.0,2.467522633));
#9391=CARTESIAN_POINT('',(-2.921,0.0,2.515840878));
#9392=CARTESIAN_POINT('',(-2.921,0.0,2.564159122));
#9393=CARTESIAN_POINT('',(-2.921,0.0,2.612477367));
#9394=CARTESIAN_POINT('',(-2.921,-0.22248961,2.467522633));
#9395=CARTESIAN_POINT('',(-2.921,-0.22248961,2.515840878));
#9396=CARTESIAN_POINT('',(-2.921,-0.22248961,2.564159122));
#9397=CARTESIAN_POINT('',(-2.921,-0.22248961,2.612477367));
#9398=CARTESIAN_POINT('',(-2.763805933,-0.381588424,2.467522633));
#9399=CARTESIAN_POINT('',(-2.763805933,-0.381588424,2.515840878));
#9400=CARTESIAN_POINT('',(-2.763805933,-0.381588424,2.564159122));
#9401=CARTESIAN_POINT('',(-2.763805933,-0.381588424,2.612477367));
#9402=CARTESIAN_POINT('',(-2.539000521,-0.380998689,2.467522633));
#9403=CARTESIAN_POINT('',(-2.539000521,-0.380998689,2.515840878));
#9404=CARTESIAN_POINT('',(-2.539000521,-0.380998689,2.564159122));
#9405=CARTESIAN_POINT('',(-2.539000521,-0.380998689,2.612477367));
#9406=ADVANCED_FACE('',(#9407),#9411,.F.);
#9407=FACE_BOUND('',#9408,.T.);
#9408=EDGE_LOOP('',(#9409,#9410));
#9409=ORIENTED_EDGE('',*,*,#9320,.F.);
#9410=ORIENTED_EDGE('',*,*,#9369,.F.);
#9411=B_SPLINE_SURFACE_WITH_KNOTS('',1,1,((#9412,#9413),(#9414,#9415)),.UNSPECIFIED.,.F.,.F.,.U.,(2,2),(2,2),(-0.015009015,0.015009015),(-0.015009015,0.015009015),.PIECEWISE_BEZIER_KNOTS.);
#9412=CARTESIAN_POINT('',(-2.158771018,-0.381228982,2.4892));
#9413=CARTESIAN_POINT('',(-2.921228982,-0.381228982,2.4892));
#9414=CARTESIAN_POINT('',(-2.158771018,0.381228982,2.4892));
#9415=CARTESIAN_POINT('',(-2.921228982,0.381228982,2.4892));
#9416=ADVANCED_FACE('',(#9417),#9443,.T.);
#9417=FACE_BOUND('',#9418,.T.);
#9418=EDGE_LOOP('',(#9419,#9427,#9436,#9442));
#9419=ORIENTED_EDGE('',*,*,#9420,.T.);
#9420=EDGE_CURVE('',#1157,#9421,#9423,.T.);
#9421=VERTEX_POINT('',#9422);
#9422=CARTESIAN_POINT('',(-2.54,2.159,2.4892));
#9423=LINE('',#9424,#9425);
#9424=CARTESIAN_POINT('',(-2.54,2.159,2.5908));
#9425=VECTOR('',#9426,1.0);
#9426=DIRECTION('',(0.0,0.0,-1.0));
#9427=ORIENTED_EDGE('',*,*,#9428,.T.);
#9428=EDGE_CURVE('',#9421,#9429,#9431,.T.);
#9429=VERTEX_POINT('',#9430);
#9430=CARTESIAN_POINT('',(-2.54,2.921,2.4892));
#9431=CIRCLE('',#9432,0.381);
#9432=AXIS2_PLACEMENT_3D('',#9433,#9434,#9435);
#9433=CARTESIAN_POINT('',(-2.54,2.54,2.4892));
#9434=DIRECTION('',(0.0,0.0,1.0));
#9435=DIRECTION('',(0.0,-1.0,0.0));
#9436=ORIENTED_EDGE('',*,*,#9437,.T.);
#9437=EDGE_CURVE('',#9429,#1155,#9438,.F.);
#9438=LINE('',#9439,#9440);
#9439=CARTESIAN_POINT('',(-2.54,2.921,2.5908));
#9440=VECTOR('',#9441,1.0);
#9441=DIRECTION('',(0.0,0.0,-1.0));
#9442=ORIENTED_EDGE('',*,*,#1165,.F.);
#9443=(BOUNDED_SURFACE()B_SPLINE_SURFACE(3,3,((#9444,#9445,#9446,#9447),(#9448,#9449,#9450,#9451),(#9452,#9453,#9454,#9455),(#9456,#9457,#9458,#9459),(#9460,#9461,#9462,#9463),(#9464,#9465,#9466,#9467),(#9468,#9469,#9470,#9471)),.UNSPECIFIED.,.F.,.F.,.U.)B_SPLINE_SURFACE_WITH_KNOTS((4,3,4),(4,4),(0.040778167,1.0,1.959221833),(0.00119656,0.00690344),.UNSPECIFIED.)GEOMETRIC_REPRESENTATION_ITEM()RATIONAL_B_SPLINE_SURFACE(((1.157963375,1.157963375,1.157963375,1.157963375),(0.937994278,0.937994278,0.937994278,0.937994278),(0.94776073,0.94776073,0.94776073,0.94776073),(1.187262732,1.187262732,1.187262732,1.187262732),(0.94776073,0.94776073,0.94776073,0.94776073),(0.937994278,0.937994278,0.937994278,0.937994278),(1.157963375,1.157963375,1.157963375,1.157963375)))REPRESENTATION_ITEM('')SURFACE());
#9444=CARTESIAN_POINT('',(-2.540999479,2.159001311,2.467522633));
#9445=CARTESIAN_POINT('',(-2.540999479,2.159001311,2.515840878));
#9446=CARTESIAN_POINT('',(-2.540999479,2.159001311,2.564159122));
#9447=CARTESIAN_POINT('',(-2.540999479,2.159001311,2.612477367));
#9448=CARTESIAN_POINT('',(-2.316194067,2.158411576,2.467522633));
#9449=CARTESIAN_POINT('',(-2.316194067,2.158411576,2.515840878));
#9450=CARTESIAN_POINT('',(-2.316194067,2.158411576,2.564159122));
#9451=CARTESIAN_POINT('',(-2.316194067,2.158411576,2.612477367));
#9452=CARTESIAN_POINT('',(-2.159,2.31751039,2.467522633));
#9453=CARTESIAN_POINT('',(-2.159,2.31751039,2.515840878));
#9454=CARTESIAN_POINT('',(-2.159,2.31751039,2.564159122));
#9455=CARTESIAN_POINT('',(-2.159,2.31751039,2.612477367));
#9456=CARTESIAN_POINT('',(-2.159,2.54,2.467522633));
#9457=CARTESIAN_POINT('',(-2.159,2.54,2.515840878));
#9458=CARTESIAN_POINT('',(-2.159,2.54,2.564159122));
#9459=CARTESIAN_POINT('',(-2.159,2.54,2.612477367));
#9460=CARTESIAN_POINT('',(-2.159,2.76248961,2.467522633));
#9461=CARTESIAN_POINT('',(-2.159,2.76248961,2.515840878));
#9462=CARTESIAN_POINT('',(-2.159,2.76248961,2.564159122));
#9463=CARTESIAN_POINT('',(-2.159,2.76248961,2.612477367));
#9464=CARTESIAN_POINT('',(-2.316194067,2.921588424,2.467522633));
#9465=CARTESIAN_POINT('',(-2.316194067,2.921588424,2.515840878));
#9466=CARTESIAN_POINT('',(-2.316194067,2.921588424,2.564159122));
#9467=CARTESIAN_POINT('',(-2.316194067,2.921588424,2.612477367));
#9468=CARTESIAN_POINT('',(-2.540999479,2.920998689,2.467522633));
#9469=CARTESIAN_POINT('',(-2.540999479,2.920998689,2.515840878));
#9470=CARTESIAN_POINT('',(-2.540999479,2.920998689,2.564159122));
#9471=CARTESIAN_POINT('',(-2.540999479,2.920998689,2.612477367));
#9472=ADVANCED_FACE('',(#9473),#9485,.T.);
#9473=FACE_BOUND('',#9474,.T.);
#9474=EDGE_LOOP('',(#9475,#9476,#9483,#9484));
#9475=ORIENTED_EDGE('',*,*,#9437,.F.);
#9476=ORIENTED_EDGE('',*,*,#9477,.T.);
#9477=EDGE_CURVE('',#9429,#9421,#9478,.F.);
#9478=CIRCLE('',#9479,0.381);
#9479=AXIS2_PLACEMENT_3D('',#9480,#9481,#9482);
#9480=CARTESIAN_POINT('',(-2.54,2.54,2.4892));
#9481=DIRECTION('',(0.0,0.0,-1.0));
#9482=DIRECTION('',(0.0,-1.0,0.0));
#9483=ORIENTED_EDGE('',*,*,#9420,.F.);
#9484=ORIENTED_EDGE('',*,*,#1154,.F.);
#9485=(BOUNDED_SURFACE()B_SPLINE_SURFACE(3,3,((#9486,#9487,#9488,#9489),(#9490,#9491,#9492,#9493),(#9494,#9495,#9496,#9497),(#9498,#9499,#9500,#9501),(#9502,#9503,#9504,#9505),(#9506,#9507,#9508,#9509),(#9510,#9511,#9512,#9513)),.UNSPECIFIED.,.F.,.F.,.U.)B_SPLINE_SURFACE_WITH_KNOTS((4,3,4),(4,4),(0.040778167,1.0,1.959221833),(0.00119656,0.00690344),.UNSPECIFIED.)GEOMETRIC_REPRESENTATION_ITEM()RATIONAL_B_SPLINE_SURFACE(((1.157963375,1.157963375,1.157963375,1.157963375),(0.937994278,0.937994278,0.937994278,0.937994278),(0.94776073,0.94776073,0.94776073,0.94776073),(1.187262732,1.187262732,1.187262732,1.187262732),(0.94776073,0.94776073,0.94776073,0.94776073),(0.937994278,0.937994278,0.937994278,0.937994278),(1.157963375,1.157963375,1.157963375,1.157963375)))REPRESENTATION_ITEM('')SURFACE());
#9486=CARTESIAN_POINT('',(-2.539000521,2.920998689,2.467522633));
#9487=CARTESIAN_POINT('',(-2.539000521,2.920998689,2.515840878));
#9488=CARTESIAN_POINT('',(-2.539000521,2.920998689,2.564159122));
#9489=CARTESIAN_POINT('',(-2.539000521,2.920998689,2.612477367));
#9490=CARTESIAN_POINT('',(-2.763805933,2.921588424,2.467522633));
#9491=CARTESIAN_POINT('',(-2.763805933,2.921588424,2.515840878));
#9492=CARTESIAN_POINT('',(-2.763805933,2.921588424,2.564159122));
#9493=CARTESIAN_POINT('',(-2.763805933,2.921588424,2.612477367));
#9494=CARTESIAN_POINT('',(-2.921,2.76248961,2.467522633));
#9495=CARTESIAN_POINT('',(-2.921,2.76248961,2.515840878));
#9496=CARTESIAN_POINT('',(-2.921,2.76248961,2.564159122));
#9497=CARTESIAN_POINT('',(-2.921,2.76248961,2.612477367));
#9498=CARTESIAN_POINT('',(-2.921,2.54,2.467522633));
#9499=CARTESIAN_POINT('',(-2.921,2.54,2.515840878));
#9500=CARTESIAN_POINT('',(-2.921,2.54,2.564159122));
#9501=CARTESIAN_POINT('',(-2.921,2.54,2.612477367));
#9502=CARTESIAN_POINT('',(-2.921,2.31751039,2.467522633));
#9503=CARTESIAN_POINT('',(-2.921,2.31751039,2.515840878));
#9504=CARTESIAN_POINT('',(-2.921,2.31751039,2.564159122));
#9505=CARTESIAN_POINT('',(-2.921,2.31751039,2.612477367));
#9506=CARTESIAN_POINT('',(-2.763805933,2.158411576,2.467522633));
#9507=CARTESIAN_POINT('',(-2.763805933,2.158411576,2.515840878));
#9508=CARTESIAN_POINT('',(-2.763805933,2.158411576,2.564159122));
#9509=CARTESIAN_POINT('',(-2.763805933,2.158411576,2.612477367));
#9510=CARTESIAN_POINT('',(-2.539000521,2.159001311,2.467522633));
#9511=CARTESIAN_POINT('',(-2.539000521,2.159001311,2.515840878));
#9512=CARTESIAN_POINT('',(-2.539000521,2.159001311,2.564159122));
#9513=CARTESIAN_POINT('',(-2.539000521,2.159001311,2.612477367));
#9514=ADVANCED_FACE('',(#9515),#9519,.F.);
#9515=FACE_BOUND('',#9516,.T.);
#9516=EDGE_LOOP('',(#9517,#9518));
#9517=ORIENTED_EDGE('',*,*,#9428,.F.);
#9518=ORIENTED_EDGE('',*,*,#9477,.F.);
#9519=B_SPLINE_SURFACE_WITH_KNOTS('',1,1,((#9520,#9521),(#9522,#9523)),.UNSPECIFIED.,.F.,.F.,.U.,(2,2),(2,2),(-0.015009015,0.015009015),(-0.015009015,0.015009015),.PIECEWISE_BEZIER_KNOTS.);
#9520=CARTESIAN_POINT('',(-2.158771018,2.158771018,2.4892));
#9521=CARTESIAN_POINT('',(-2.921228982,2.158771018,2.4892));
#9522=CARTESIAN_POINT('',(-2.158771018,2.921228982,2.4892));
#9523=CARTESIAN_POINT('',(-2.921228982,2.921228982,2.4892));
#9524=ADVANCED_FACE('',(#9525),#9531,.T.);
#9525=FACE_BOUND('',#9526,.T.);
#9526=EDGE_LOOP('',(#9527,#9528,#9529,#9530));
#9527=ORIENTED_EDGE('',*,*,#255,.F.);
#9528=ORIENTED_EDGE('',*,*,#210,.F.);
#9529=ORIENTED_EDGE('',*,*,#246,.F.);
#9530=ORIENTED_EDGE('',*,*,#409,.F.);
#9531=(BOUNDED_SURFACE()B_SPLINE_SURFACE(3,3,((#9532,#9533,#9534,#9535),(#9536,#9537,#9538,#9539),(#9540,#9541,#9542,#9543),(#9544,#9545,#9546,#9547),(#9548,#9549,#9550,#9551),(#9552,#9553,#9554,#9555),(#9556,#9557,#9558,#9559)),.UNSPECIFIED.,.F.,.F.,.U.)B_SPLINE_SURFACE_WITH_KNOTS((4,3,4),(4,4),(0.040778167,1.0,1.959221833),(0.03519656,0.04390344),.UNSPECIFIED.)GEOMETRIC_REPRESENTATION_ITEM()RATIONAL_B_SPLINE_SURFACE(((1.157963375,1.157963375,1.157963375,1.157963375),(0.937994278,0.937994278,0.937994278,0.937994278),(0.94776073,0.94776073,0.94776073,0.94776073),(1.187262732,1.187262732,1.187262732,1.187262732),(0.94776073,0.94776073,0.94776073,0.94776073),(0.937994278,0.937994278,0.937994278,0.937994278),(1.157963375,1.157963375,1.157963375,1.157963375)))REPRESENTATION_ITEM('')SURFACE());
#9532=CARTESIAN_POINT('',(-2.540999479,-2.920998689,3.331122633));
#9533=CARTESIAN_POINT('',(-2.540999479,-2.920998689,3.404840878));
#9534=CARTESIAN_POINT('',(-2.540999479,-2.920998689,3.478559122));
#9535=CARTESIAN_POINT('',(-2.540999479,-2.920998689,3.552277367));
#9536=CARTESIAN_POINT('',(-2.316194067,-2.921588424,3.331122633));
#9537=CARTESIAN_POINT('',(-2.316194067,-2.921588424,3.404840878));
#9538=CARTESIAN_POINT('',(-2.316194067,-2.921588424,3.478559122));
#9539=CARTESIAN_POINT('',(-2.316194067,-2.921588424,3.552277367));
#9540=CARTESIAN_POINT('',(-2.159,-2.76248961,3.331122633));
#9541=CARTESIAN_POINT('',(-2.159,-2.76248961,3.404840878));
#9542=CARTESIAN_POINT('',(-2.159,-2.76248961,3.478559122));
#9543=CARTESIAN_POINT('',(-2.159,-2.76248961,3.552277367));
#9544=CARTESIAN_POINT('',(-2.159,-2.54,3.331122633));
#9545=CARTESIAN_POINT('',(-2.159,-2.54,3.404840878));
#9546=CARTESIAN_POINT('',(-2.159,-2.54,3.478559122));
#9547=CARTESIAN_POINT('',(-2.159,-2.54,3.552277367));
#9548=CARTESIAN_POINT('',(-2.159,-2.31751039,3.331122633));
#9549=CARTESIAN_POINT('',(-2.159,-2.31751039,3.404840878));
#9550=CARTESIAN_POINT('',(-2.159,-2.31751039,3.478559122));
#9551=CARTESIAN_POINT('',(-2.159,-2.31751039,3.552277367));
#9552=CARTESIAN_POINT('',(-2.316194067,-2.158411576,3.331122633));
#9553=CARTESIAN_POINT('',(-2.316194067,-2.158411576,3.404840878));
#9554=CARTESIAN_POINT('',(-2.316194067,-2.158411576,3.478559122));
#9555=CARTESIAN_POINT('',(-2.316194067,-2.158411576,3.552277367));
#9556=CARTESIAN_POINT('',(-2.540999479,-2.159001311,3.331122633));
#9557=CARTESIAN_POINT('',(-2.540999479,-2.159001311,3.404840878));
#9558=CARTESIAN_POINT('',(-2.540999479,-2.159001311,3.478559122));
#9559=CARTESIAN_POINT('',(-2.540999479,-2.159001311,3.552277367));
#9560=AXIS2_PLACEMENT_3D('',#9561,#9562,#9563);
#9561=CARTESIAN_POINT('',(0.0,0.0,0.0));
#9562=DIRECTION('',(0.0,0.0,1.0));
#9563=DIRECTION('',(1.0,0.0,0.0));
#9564=(GEOMETRIC_REPRESENTATION_CONTEXT(3)GLOBAL_UNCERTAINTY_ASSIGNED_CONTEXT((#9568))GLOBAL_UNIT_ASSIGNED_CONTEXT((#9565,#9566,#9567))REPRESENTATION_CONTEXT('',''));
#9565=(LENGTH_UNIT()NAMED_UNIT(*)SI_UNIT(.MILLI.,.METRE.));
#9566=(NAMED_UNIT(*)PLANE_ANGLE_UNIT()SI_UNIT($,.RADIAN.));
#9567=(NAMED_UNIT(*)SI_UNIT($,.STERADIAN.)SOLID_ANGLE_UNIT());
#9568=UNCERTAINTY_MEASURE_WITH_UNIT(LENGTH_MEASURE(3.500509202E-04),#9565,'','maximum tolerance');
#9569=ADVANCED_BREP_SHAPE_REPRESENTATION('',(#9,#9560),#9564);
#9570=SHAPE_DEFINITION_REPRESENTATION(#8,#9569);
#9571=PRODUCT_RELATED_PRODUCT_CATEGORY('part',$,(#4));
#9572=STYLED_ITEM('',(#9573),#9);
#9573=PRESENTATION_STYLE_ASSIGNMENT((#9574));
#9574=SURFACE_STYLE_USAGE(.BOTH.,#9575);
#9575=SURFACE_SIDE_STYLE('',(#9576));
#9576=SURFACE_STYLE_FILL_AREA(#9577);
#9577=FILL_AREA_STYLE('',(#9579));
#9578=COLOUR_RGB('',0.362604529,0.0,1.0);
#9579=FILL_AREA_STYLE_COLOUR('',#9578);
#9580=OVER_RIDING_STYLED_ITEM('',(#9581),#11,#9572);
#9581=PRESENTATION_STYLE_ASSIGNMENT((#9582));
#9582=SURFACE_STYLE_USAGE(.BOTH.,#9583);
#9583=SURFACE_SIDE_STYLE('',(#9584));
#9584=SURFACE_STYLE_FILL_AREA(#9585);
#9585=FILL_AREA_STYLE('',(#9587));
#9586=COLOUR_RGB('',0.362604529,0.0,1.0);
#9587=FILL_AREA_STYLE_COLOUR('',#9586);
#9588=OVER_RIDING_STYLED_ITEM('',(#9589),#77,#9572);
#9589=PRESENTATION_STYLE_ASSIGNMENT((#9590));
#9590=SURFACE_STYLE_USAGE(.BOTH.,#9591);
#9591=SURFACE_SIDE_STYLE('',(#9592));
#9592=SURFACE_STYLE_FILL_AREA(#9593);
#9593=FILL_AREA_STYLE('',(#9595));
#9594=COLOUR_RGB('',0.362604529,0.0,1.0);
#9595=FILL_AREA_STYLE_COLOUR('',#9594);
#9596=OVER_RIDING_STYLED_ITEM('',(#9597),#150,#9572);
#9597=PRESENTATION_STYLE_ASSIGNMENT((#9598));
#9598=SURFACE_STYLE_USAGE(.BOTH.,#9599);
#9599=SURFACE_SIDE_STYLE('',(#9600));
#9600=SURFACE_STYLE_FILL_AREA(#9601);
#9601=FILL_AREA_STYLE('',(#9603));
#9602=COLOUR_RGB('',0.362604529,0.0,1.0);
#9603=FILL_AREA_STYLE_COLOUR('',#9602);
#9604=OVER_RIDING_STYLED_ITEM('',(#9605),#206,#9572);
#9605=PRESENTATION_STYLE_ASSIGNMENT((#9606));
#9606=SURFACE_STYLE_USAGE(.BOTH.,#9607);
#9607=SURFACE_SIDE_STYLE('',(#9608));
#9608=SURFACE_STYLE_FILL_AREA(#9609);
#9609=FILL_AREA_STYLE('',(#9611));
#9610=COLOUR_RGB('',0.362604529,0.0,1.0);
#9611=FILL_AREA_STYLE_COLOUR('',#9610);
#9612=OVER_RIDING_STYLED_ITEM('',(#9613),#242,#9572);
#9613=PRESENTATION_STYLE_ASSIGNMENT((#9614));
#9614=SURFACE_STYLE_USAGE(.BOTH.,#9615);
#9615=SURFACE_SIDE_STYLE('',(#9616));
#9616=SURFACE_STYLE_FILL_AREA(#9617);
#9617=FILL_AREA_STYLE('',(#9619));
#9618=COLOUR_RGB('',0.362604529,0.0,1.0);
#9619=FILL_AREA_STYLE_COLOUR('',#9618);
#9620=OVER_RIDING_STYLED_ITEM('',(#9621),#298,#9572);
#9621=PRESENTATION_STYLE_ASSIGNMENT((#9622));
#9622=SURFACE_STYLE_USAGE(.BOTH.,#9623);
#9623=SURFACE_SIDE_STYLE('',(#9624));
#9624=SURFACE_STYLE_FILL_AREA(#9625);
#9625=FILL_AREA_STYLE('',(#9627));
#9626=COLOUR_RGB('',0.362604529,0.0,1.0);
#9627=FILL_AREA_STYLE_COLOUR('',#9626);
#9628=OVER_RIDING_STYLED_ITEM('',(#9629),#460,#9572);
#9629=PRESENTATION_STYLE_ASSIGNMENT((#9630));
#9630=SURFACE_STYLE_USAGE(.BOTH.,#9631);
#9631=SURFACE_SIDE_STYLE('',(#9632));
#9632=SURFACE_STYLE_FILL_AREA(#9633);
#9633=FILL_AREA_STYLE('',(#9635));
#9634=COLOUR_RGB('',0.362604529,0.0,1.0);
#9635=FILL_AREA_STYLE_COLOUR('',#9634);
#9636=OVER_RIDING_STYLED_ITEM('',(#9637),#499,#9572);
#9637=PRESENTATION_STYLE_ASSIGNMENT((#9638));
#9638=SURFACE_STYLE_USAGE(.BOTH.,#9639);
#9639=SURFACE_SIDE_STYLE('',(#9640));
#9640=SURFACE_STYLE_FILL_AREA(#9641);
#9641=FILL_AREA_STYLE('',(#9643));
#9642=COLOUR_RGB('',0.362604529,0.0,1.0);
#9643=FILL_AREA_STYLE_COLOUR('',#9642);
#9644=OVER_RIDING_STYLED_ITEM('',(#9645),#546,#9572);
#9645=PRESENTATION_STYLE_ASSIGNMENT((#9646));
#9646=SURFACE_STYLE_USAGE(.BOTH.,#9647);
#9647=SURFACE_SIDE_STYLE('',(#9648));
#9648=SURFACE_STYLE_FILL_AREA(#9649);
#9649=FILL_AREA_STYLE('',(#9651));
#9650=COLOUR_RGB('',0.362604529,0.0,1.0);
#9651=FILL_AREA_STYLE_COLOUR('',#9650);
#9652=OVER_RIDING_STYLED_ITEM('',(#9653),#585,#9572);
#9653=PRESENTATION_STYLE_ASSIGNMENT((#9654));
#9654=SURFACE_STYLE_USAGE(.BOTH.,#9655);
#9655=SURFACE_SIDE_STYLE('',(#9656));
#9656=SURFACE_STYLE_FILL_AREA(#9657);
#9657=FILL_AREA_STYLE('',(#9659));
#9658=COLOUR_RGB('',0.362604529,0.0,1.0);
#9659=FILL_AREA_STYLE_COLOUR('',#9658);
#9660=OVER_RIDING_STYLED_ITEM('',(#9661),#632,#9572);
#9661=PRESENTATION_STYLE_ASSIGNMENT((#9662));
#9662=SURFACE_STYLE_USAGE(.BOTH.,#9663);
#9663=SURFACE_SIDE_STYLE('',(#9664));
#9664=SURFACE_STYLE_FILL_AREA(#9665);
#9665=FILL_AREA_STYLE('',(#9667));
#9666=COLOUR_RGB('',0.362604529,0.0,1.0);
#9667=FILL_AREA_STYLE_COLOUR('',#9666);
#9668=OVER_RIDING_STYLED_ITEM('',(#9669),#674,#9572);
#9669=PRESENTATION_STYLE_ASSIGNMENT((#9670));
#9670=SURFACE_STYLE_USAGE(.BOTH.,#9671);
#9671=SURFACE_SIDE_STYLE('',(#9672));
#9672=SURFACE_STYLE_FILL_AREA(#9673);
#9673=FILL_AREA_STYLE('',(#9675));
#9674=COLOUR_RGB('',0.362604529,0.0,1.0);
#9675=FILL_AREA_STYLE_COLOUR('',#9674);
#9676=OVER_RIDING_STYLED_ITEM('',(#9677),#746,#9572);
#9677=PRESENTATION_STYLE_ASSIGNMENT((#9678));
#9678=SURFACE_STYLE_USAGE(.BOTH.,#9679);
#9679=SURFACE_SIDE_STYLE('',(#9680));
#9680=SURFACE_STYLE_FILL_AREA(#9681);
#9681=FILL_AREA_STYLE('',(#9683));
#9682=COLOUR_RGB('',0.362604529,0.0,1.0);
#9683=FILL_AREA_STYLE_COLOUR('',#9682);
#9684=OVER_RIDING_STYLED_ITEM('',(#9685),#777,#9572);
#9685=PRESENTATION_STYLE_ASSIGNMENT((#9686));
#9686=SURFACE_STYLE_USAGE(.BOTH.,#9687);
#9687=SURFACE_SIDE_STYLE('',(#9688));
#9688=SURFACE_STYLE_FILL_AREA(#9689);
#9689=FILL_AREA_STYLE('',(#9691));
#9690=COLOUR_RGB('',0.362604529,0.0,1.0);
#9691=FILL_AREA_STYLE_COLOUR('',#9690);
#9692=OVER_RIDING_STYLED_ITEM('',(#9693),#808,#9572);
#9693=PRESENTATION_STYLE_ASSIGNMENT((#9694));
#9694=SURFACE_STYLE_USAGE(.BOTH.,#9695);
#9695=SURFACE_SIDE_STYLE('',(#9696));
#9696=SURFACE_STYLE_FILL_AREA(#9697);
#9697=FILL_AREA_STYLE('',(#9699));
#9698=COLOUR_RGB('',0.362604529,0.0,1.0);
#9699=FILL_AREA_STYLE_COLOUR('',#9698);
#9700=OVER_RIDING_STYLED_ITEM('',(#9701),#833,#9572);
#9701=PRESENTATION_STYLE_ASSIGNMENT((#9702));
#9702=SURFACE_STYLE_USAGE(.BOTH.,#9703);
#9703=SURFACE_SIDE_STYLE('',(#9704));
#9704=SURFACE_STYLE_FILL_AREA(#9705);
#9705=FILL_AREA_STYLE('',(#9707));
#9706=COLOUR_RGB('',0.362604529,0.0,1.0);
#9707=FILL_AREA_STYLE_COLOUR('',#9706);
#9708=OVER_RIDING_STYLED_ITEM('',(#9709),#871,#9572);
#9709=PRESENTATION_STYLE_ASSIGNMENT((#9710));
#9710=SURFACE_STYLE_USAGE(.BOTH.,#9711);
#9711=SURFACE_SIDE_STYLE('',(#9712));
#9712=SURFACE_STYLE_FILL_AREA(#9713);
#9713=FILL_AREA_STYLE('',(#9715));
#9714=COLOUR_RGB('',0.362604529,0.0,1.0);
#9715=FILL_AREA_STYLE_COLOUR('',#9714);
#9716=OVER_RIDING_STYLED_ITEM('',(#9717),#901,#9572);
#9717=PRESENTATION_STYLE_ASSIGNMENT((#9718));
#9718=SURFACE_STYLE_USAGE(.BOTH.,#9719);
#9719=SURFACE_SIDE_STYLE('',(#9720));
#9720=SURFACE_STYLE_FILL_AREA(#9721);
#9721=FILL_AREA_STYLE('',(#9723));
#9722=COLOUR_RGB('',0.362604529,0.0,1.0);
#9723=FILL_AREA_STYLE_COLOUR('',#9722);
#9724=OVER_RIDING_STYLED_ITEM('',(#9725),#1176,#9572);
#9725=PRESENTATION_STYLE_ASSIGNMENT((#9726));
#9726=SURFACE_STYLE_USAGE(.BOTH.,#9727);
#9727=SURFACE_SIDE_STYLE('',(#9728));
#9728=SURFACE_STYLE_FILL_AREA(#9729);
#9729=FILL_AREA_STYLE('',(#9731));
#9730=COLOUR_RGB('',0.362604529,0.0,1.0);
#9731=FILL_AREA_STYLE_COLOUR('',#9730);
#9732=OVER_RIDING_STYLED_ITEM('',(#9733),#1352,#9572);
#9733=PRESENTATION_STYLE_ASSIGNMENT((#9734));
#9734=SURFACE_STYLE_USAGE(.BOTH.,#9735);
#9735=SURFACE_SIDE_STYLE('',(#9736));
#9736=SURFACE_STYLE_FILL_AREA(#9737);
#9737=FILL_AREA_STYLE('',(#9739));
#9738=COLOUR_RGB('',0.362604529,0.0,1.0);
#9739=FILL_AREA_STYLE_COLOUR('',#9738);
#9740=OVER_RIDING_STYLED_ITEM('',(#9741),#1425,#9572);
#9741=PRESENTATION_STYLE_ASSIGNMENT((#9742));
#9742=SURFACE_STYLE_USAGE(.BOTH.,#9743);
#9743=SURFACE_SIDE_STYLE('',(#9744));
#9744=SURFACE_STYLE_FILL_AREA(#9745);
#9745=FILL_AREA_STYLE('',(#9747));
#9746=COLOUR_RGB('',0.362604529,0.0,1.0);
#9747=FILL_AREA_STYLE_COLOUR('',#9746);
#9748=OVER_RIDING_STYLED_ITEM('',(#9749),#1441,#9572);
#9749=PRESENTATION_STYLE_ASSIGNMENT((#9750));
#9750=SURFACE_STYLE_USAGE(.BOTH.,#9751);
#9751=SURFACE_SIDE_STYLE('',(#9752));
#9752=SURFACE_STYLE_FILL_AREA(#9753);
#9753=FILL_AREA_STYLE('',(#9755));
#9754=COLOUR_RGB('',0.362604529,0.0,1.0);
#9755=FILL_AREA_STYLE_COLOUR('',#9754);
#9756=OVER_RIDING_STYLED_ITEM('',(#9757),#1485,#9572);
#9757=PRESENTATION_STYLE_ASSIGNMENT((#9758));
#9758=SURFACE_STYLE_USAGE(.BOTH.,#9759);
#9759=SURFACE_SIDE_STYLE('',(#9760));
#9760=SURFACE_STYLE_FILL_AREA(#9761);
#9761=FILL_AREA_STYLE('',(#9763));
#9762=COLOUR_RGB('',0.362604529,0.0,1.0);
#9763=FILL_AREA_STYLE_COLOUR('',#9762);
#9764=OVER_RIDING_STYLED_ITEM('',(#9765),#1541,#9572);
#9765=PRESENTATION_STYLE_ASSIGNMENT((#9766));
#9766=SURFACE_STYLE_USAGE(.BOTH.,#9767);
#9767=SURFACE_SIDE_STYLE('',(#9768));
#9768=SURFACE_STYLE_FILL_AREA(#9769);
#9769=FILL_AREA_STYLE('',(#9771));
#9770=COLOUR_RGB('',0.362604529,0.0,1.0);
#9771=FILL_AREA_STYLE_COLOUR('',#9770);
#9772=OVER_RIDING_STYLED_ITEM('',(#9773),#1583,#9572);
#9773=PRESENTATION_STYLE_ASSIGNMENT((#9774));
#9774=SURFACE_STYLE_USAGE(.BOTH.,#9775);
#9775=SURFACE_SIDE_STYLE('',(#9776));
#9776=SURFACE_STYLE_FILL_AREA(#9777);
#9777=FILL_AREA_STYLE('',(#9779));
#9778=COLOUR_RGB('',0.362604529,0.0,1.0);
#9779=FILL_AREA_STYLE_COLOUR('',#9778);
#9780=OVER_RIDING_STYLED_ITEM('',(#9781),#1639,#9572);
#9781=PRESENTATION_STYLE_ASSIGNMENT((#9782));
#9782=SURFACE_STYLE_USAGE(.BOTH.,#9783);
#9783=SURFACE_SIDE_STYLE('',(#9784));
#9784=SURFACE_STYLE_FILL_AREA(#9785);
#9785=FILL_AREA_STYLE('',(#9787));
#9786=COLOUR_RGB('',0.362604529,0.0,1.0);
#9787=FILL_AREA_STYLE_COLOUR('',#9786);
#9788=OVER_RIDING_STYLED_ITEM('',(#9789),#1681,#9572);
#9789=PRESENTATION_STYLE_ASSIGNMENT((#9790));
#9790=SURFACE_STYLE_USAGE(.BOTH.,#9791);
#9791=SURFACE_SIDE_STYLE('',(#9792));
#9792=SURFACE_STYLE_FILL_AREA(#9793);
#9793=FILL_AREA_STYLE('',(#9795));
#9794=COLOUR_RGB('',0.362604529,0.0,1.0);
#9795=FILL_AREA_STYLE_COLOUR('',#9794);
#9796=OVER_RIDING_STYLED_ITEM('',(#9797),#1691,#9572);
#9797=PRESENTATION_STYLE_ASSIGNMENT((#9798));
#9798=SURFACE_STYLE_USAGE(.BOTH.,#9799);
#9799=SURFACE_SIDE_STYLE('',(#9800));
#9800=SURFACE_STYLE_FILL_AREA(#9801);
#9801=FILL_AREA_STYLE('',(#9803));
#9802=COLOUR_RGB('',0.362604529,0.0,1.0);
#9803=FILL_AREA_STYLE_COLOUR('',#9802);
#9804=OVER_RIDING_STYLED_ITEM('',(#9805),#1715,#9572);
#9805=PRESENTATION_STYLE_ASSIGNMENT((#9806));
#9806=SURFACE_STYLE_USAGE(.BOTH.,#9807);
#9807=SURFACE_SIDE_STYLE('',(#9808));
#9808=SURFACE_STYLE_FILL_AREA(#9809);
#9809=FILL_AREA_STYLE('',(#9811));
#9810=COLOUR_RGB('',0.362604529,0.0,1.0);
#9811=FILL_AREA_STYLE_COLOUR('',#9810);
#9812=OVER_RIDING_STYLED_ITEM('',(#9813),#1739,#9572);
#9813=PRESENTATION_STYLE_ASSIGNMENT((#9814));
#9814=SURFACE_STYLE_USAGE(.BOTH.,#9815);
#9815=SURFACE_SIDE_STYLE('',(#9816));
#9816=SURFACE_STYLE_FILL_AREA(#9817);
#9817=FILL_AREA_STYLE('',(#9819));
#9818=COLOUR_RGB('',0.362604529,0.0,1.0);
#9819=FILL_AREA_STYLE_COLOUR('',#9818);
#9820=OVER_RIDING_STYLED_ITEM('',(#9821),#1789,#9572);
#9821=PRESENTATION_STYLE_ASSIGNMENT((#9822));
#9822=SURFACE_STYLE_USAGE(.BOTH.,#9823);
#9823=SURFACE_SIDE_STYLE('',(#9824));
#9824=SURFACE_STYLE_FILL_AREA(#9825);
#9825=FILL_AREA_STYLE('',(#9827));
#9826=COLOUR_RGB('',0.362604529,0.0,1.0);
#9827=FILL_AREA_STYLE_COLOUR('',#9826);
#9828=OVER_RIDING_STYLED_ITEM('',(#9829),#1844,#9572);
#9829=PRESENTATION_STYLE_ASSIGNMENT((#9830));
#9830=SURFACE_STYLE_USAGE(.BOTH.,#9831);
#9831=SURFACE_SIDE_STYLE('',(#9832));
#9832=SURFACE_STYLE_FILL_AREA(#9833);
#9833=FILL_AREA_STYLE('',(#9835));
#9834=COLOUR_RGB('',0.362604529,0.0,1.0);
#9835=FILL_AREA_STYLE_COLOUR('',#9834);
#9836=OVER_RIDING_STYLED_ITEM('',(#9837),#1899,#9572);
#9837=PRESENTATION_STYLE_ASSIGNMENT((#9838));
#9838=SURFACE_STYLE_USAGE(.BOTH.,#9839);
#9839=SURFACE_SIDE_STYLE('',(#9840));
#9840=SURFACE_STYLE_FILL_AREA(#9841);
#9841=FILL_AREA_STYLE('',(#9843));
#9842=COLOUR_RGB('',0.362604529,0.0,1.0);
#9843=FILL_AREA_STYLE_COLOUR('',#9842);
#9844=OVER_RIDING_STYLED_ITEM('',(#9845),#2051,#9572);
#9845=PRESENTATION_STYLE_ASSIGNMENT((#9846));
#9846=SURFACE_STYLE_USAGE(.BOTH.,#9847);
#9847=SURFACE_SIDE_STYLE('',(#9848));
#9848=SURFACE_STYLE_FILL_AREA(#9849);
#9849=FILL_AREA_STYLE('',(#9851));
#9850=COLOUR_RGB('',0.362604529,0.0,1.0);
#9851=FILL_AREA_STYLE_COLOUR('',#9850);
#9852=OVER_RIDING_STYLED_ITEM('',(#9853),#2090,#9572);
#9853=PRESENTATION_STYLE_ASSIGNMENT((#9854));
#9854=SURFACE_STYLE_USAGE(.BOTH.,#9855);
#9855=SURFACE_SIDE_STYLE('',(#9856));
#9856=SURFACE_STYLE_FILL_AREA(#9857);
#9857=FILL_AREA_STYLE('',(#9859));
#9858=COLOUR_RGB('',0.362604529,0.0,1.0);
#9859=FILL_AREA_STYLE_COLOUR('',#9858);
#9860=OVER_RIDING_STYLED_ITEM('',(#9861),#2122,#9572);
#9861=PRESENTATION_STYLE_ASSIGNMENT((#9862));
#9862=SURFACE_STYLE_USAGE(.BOTH.,#9863);
#9863=SURFACE_SIDE_STYLE('',(#9864));
#9864=SURFACE_STYLE_FILL_AREA(#9865);
#9865=FILL_AREA_STYLE('',(#9867));
#9866=COLOUR_RGB('',0.362604529,0.0,1.0);
#9867=FILL_AREA_STYLE_COLOUR('',#9866);
#9868=OVER_RIDING_STYLED_ITEM('',(#9869),#2139,#9572);
#9869=PRESENTATION_STYLE_ASSIGNMENT((#9870));
#9870=SURFACE_STYLE_USAGE(.BOTH.,#9871);
#9871=SURFACE_SIDE_STYLE('',(#9872));
#9872=SURFACE_STYLE_FILL_AREA(#9873);
#9873=FILL_AREA_STYLE('',(#9875));
#9874=COLOUR_RGB('',0.362604529,0.0,1.0);
#9875=FILL_AREA_STYLE_COLOUR('',#9874);
#9876=OVER_RIDING_STYLED_ITEM('',(#9877),#2170,#9572);
#9877=PRESENTATION_STYLE_ASSIGNMENT((#9878));
#9878=SURFACE_STYLE_USAGE(.BOTH.,#9879);
#9879=SURFACE_SIDE_STYLE('',(#9880));
#9880=SURFACE_STYLE_FILL_AREA(#9881);
#9881=FILL_AREA_STYLE('',(#9883));
#9882=COLOUR_RGB('',0.362604529,0.0,1.0);
#9883=FILL_AREA_STYLE_COLOUR('',#9882);
#9884=OVER_RIDING_STYLED_ITEM('',(#9885),#2187,#9572);
#9885=PRESENTATION_STYLE_ASSIGNMENT((#9886));
#9886=SURFACE_STYLE_USAGE(.BOTH.,#9887);
#9887=SURFACE_SIDE_STYLE('',(#9888));
#9888=SURFACE_STYLE_FILL_AREA(#9889);
#9889=FILL_AREA_STYLE('',(#9891));
#9890=COLOUR_RGB('',0.362604529,0.0,1.0);
#9891=FILL_AREA_STYLE_COLOUR('',#9890);
#9892=OVER_RIDING_STYLED_ITEM('',(#9893),#2214,#9572);
#9893=PRESENTATION_STYLE_ASSIGNMENT((#9894));
#9894=SURFACE_STYLE_USAGE(.BOTH.,#9895);
#9895=SURFACE_SIDE_STYLE('',(#9896));
#9896=SURFACE_STYLE_FILL_AREA(#9897);
#9897=FILL_AREA_STYLE('',(#9899));
#9898=COLOUR_RGB('',0.362604529,0.0,1.0);
#9899=FILL_AREA_STYLE_COLOUR('',#9898);
#9900=OVER_RIDING_STYLED_ITEM('',(#9901),#2313,#9572);
#9901=PRESENTATION_STYLE_ASSIGNMENT((#9902));
#9902=SURFACE_STYLE_USAGE(.BOTH.,#9903);
#9903=SURFACE_SIDE_STYLE('',(#9904));
#9904=SURFACE_STYLE_FILL_AREA(#9905);
#9905=FILL_AREA_STYLE('',(#9907));
#9906=COLOUR_RGB('',0.362604529,0.0,1.0);
#9907=FILL_AREA_STYLE_COLOUR('',#9906);
#9908=OVER_RIDING_STYLED_ITEM('',(#9909),#2412,#9572);
#9909=PRESENTATION_STYLE_ASSIGNMENT((#9910));
#9910=SURFACE_STYLE_USAGE(.BOTH.,#9911);
#9911=SURFACE_SIDE_STYLE('',(#9912));
#9912=SURFACE_STYLE_FILL_AREA(#9913);
#9913=FILL_AREA_STYLE('',(#9915));
#9914=COLOUR_RGB('',0.362604529,0.0,1.0);
#9915=FILL_AREA_STYLE_COLOUR('',#9914);
#9916=OVER_RIDING_STYLED_ITEM('',(#9917),#2642,#9572);
#9917=PRESENTATION_STYLE_ASSIGNMENT((#9918));
#9918=SURFACE_STYLE_USAGE(.BOTH.,#9919);
#9919=SURFACE_SIDE_STYLE('',(#9920));
#9920=SURFACE_STYLE_FILL_AREA(#9921);
#9921=FILL_AREA_STYLE('',(#9923));
#9922=COLOUR_RGB('',0.362604529,0.0,1.0);
#9923=FILL_AREA_STYLE_COLOUR('',#9922);
#9924=OVER_RIDING_STYLED_ITEM('',(#9925),#2673,#9572);
#9925=PRESENTATION_STYLE_ASSIGNMENT((#9926));
#9926=SURFACE_STYLE_USAGE(.BOTH.,#9927);
#9927=SURFACE_SIDE_STYLE('',(#9928));
#9928=SURFACE_STYLE_FILL_AREA(#9929);
#9929=FILL_AREA_STYLE('',(#9931));
#9930=COLOUR_RGB('',0.362604529,0.0,1.0);
#9931=FILL_AREA_STYLE_COLOUR('',#9930);
#9932=OVER_RIDING_STYLED_ITEM('',(#9933),#2797,#9572);
#9933=PRESENTATION_STYLE_ASSIGNMENT((#9934));
#9934=SURFACE_STYLE_USAGE(.BOTH.,#9935);
#9935=SURFACE_SIDE_STYLE('',(#9936));
#9936=SURFACE_STYLE_FILL_AREA(#9937);
#9937=FILL_AREA_STYLE('',(#9939));
#9938=COLOUR_RGB('',0.362604529,0.0,1.0);
#9939=FILL_AREA_STYLE_COLOUR('',#9938);
#9940=OVER_RIDING_STYLED_ITEM('',(#9941),#2879,#9572);
#9941=PRESENTATION_STYLE_ASSIGNMENT((#9942));
#9942=SURFACE_STYLE_USAGE(.BOTH.,#9943);
#9943=SURFACE_SIDE_STYLE('',(#9944));
#9944=SURFACE_STYLE_FILL_AREA(#9945);
#9945=FILL_AREA_STYLE('',(#9947));
#9946=COLOUR_RGB('',0.362604529,0.0,1.0);
#9947=FILL_AREA_STYLE_COLOUR('',#9946);
#9948=OVER_RIDING_STYLED_ITEM('',(#9949),#2954,#9572);
#9949=PRESENTATION_STYLE_ASSIGNMENT((#9950));
#9950=SURFACE_STYLE_USAGE(.BOTH.,#9951);
#9951=SURFACE_SIDE_STYLE('',(#9952));
#9952=SURFACE_STYLE_FILL_AREA(#9953);
#9953=FILL_AREA_STYLE('',(#9955));
#9954=COLOUR_RGB('',0.362604529,0.0,1.0);
#9955=FILL_AREA_STYLE_COLOUR('',#9954);
#9956=OVER_RIDING_STYLED_ITEM('',(#9957),#3044,#9572);
#9957=PRESENTATION_STYLE_ASSIGNMENT((#9958));
#9958=SURFACE_STYLE_USAGE(.BOTH.,#9959);
#9959=SURFACE_SIDE_STYLE('',(#9960));
#9960=SURFACE_STYLE_FILL_AREA(#9961);
#9961=FILL_AREA_STYLE('',(#9963));
#9962=COLOUR_RGB('',0.362604529,0.0,1.0);
#9963=FILL_AREA_STYLE_COLOUR('',#9962);
#9964=OVER_RIDING_STYLED_ITEM('',(#9965),#3148,#9572);
#9965=PRESENTATION_STYLE_ASSIGNMENT((#9966));
#9966=SURFACE_STYLE_USAGE(.BOTH.,#9967);
#9967=SURFACE_SIDE_STYLE('',(#9968));
#9968=SURFACE_STYLE_FILL_AREA(#9969);
#9969=FILL_AREA_STYLE('',(#9971));
#9970=COLOUR_RGB('',0.362604529,0.0,1.0);
#9971=FILL_AREA_STYLE_COLOUR('',#9970);
#9972=OVER_RIDING_STYLED_ITEM('',(#9973),#3200,#9572);
#9973=PRESENTATION_STYLE_ASSIGNMENT((#9974));
#9974=SURFACE_STYLE_USAGE(.BOTH.,#9975);
#9975=SURFACE_SIDE_STYLE('',(#9976));
#9976=SURFACE_STYLE_FILL_AREA(#9977);
#9977=FILL_AREA_STYLE('',(#9979));
#9978=COLOUR_RGB('',0.362604529,0.0,1.0);
#9979=FILL_AREA_STYLE_COLOUR('',#9978);
#9980=OVER_RIDING_STYLED_ITEM('',(#9981),#3217,#9572);
#9981=PRESENTATION_STYLE_ASSIGNMENT((#9982));
#9982=SURFACE_STYLE_USAGE(.BOTH.,#9983);
#9983=SURFACE_SIDE_STYLE('',(#9984));
#9984=SURFACE_STYLE_FILL_AREA(#9985);
#9985=FILL_AREA_STYLE('',(#9987));
#9986=COLOUR_RGB('',0.362604529,0.0,1.0);
#9987=FILL_AREA_STYLE_COLOUR('',#9986);
#9988=OVER_RIDING_STYLED_ITEM('',(#9989),#3229,#9572);
#9989=PRESENTATION_STYLE_ASSIGNMENT((#9990));
#9990=SURFACE_STYLE_USAGE(.BOTH.,#9991);
#9991=SURFACE_SIDE_STYLE('',(#9992));
#9992=SURFACE_STYLE_FILL_AREA(#9993);
#9993=FILL_AREA_STYLE('',(#9995));
#9994=COLOUR_RGB('',0.362604529,0.0,1.0);
#9995=FILL_AREA_STYLE_COLOUR('',#9994);
#9996=OVER_RIDING_STYLED_ITEM('',(#9997),#3302,#9572);
#9997=PRESENTATION_STYLE_ASSIGNMENT((#9998));
#9998=SURFACE_STYLE_USAGE(.BOTH.,#9999);
#9999=SURFACE_SIDE_STYLE('',(#10000));
#10000=SURFACE_STYLE_FILL_AREA(#10001);
#10001=FILL_AREA_STYLE('',(#10003));
#10002=COLOUR_RGB('',0.362604529,0.0,1.0);
#10003=FILL_AREA_STYLE_COLOUR('',#10002);
#10004=OVER_RIDING_STYLED_ITEM('',(#10005),#3358,#9572);
#10005=PRESENTATION_STYLE_ASSIGNMENT((#10006));
#10006=SURFACE_STYLE_USAGE(.BOTH.,#10007);
#10007=SURFACE_SIDE_STYLE('',(#10008));
#10008=SURFACE_STYLE_FILL_AREA(#10009);
#10009=FILL_AREA_STYLE('',(#10011));
#10010=COLOUR_RGB('',0.362604529,0.0,1.0);
#10011=FILL_AREA_STYLE_COLOUR('',#10010);
#10012=OVER_RIDING_STYLED_ITEM('',(#10013),#3431,#9572);
#10013=PRESENTATION_STYLE_ASSIGNMENT((#10014));
#10014=SURFACE_STYLE_USAGE(.BOTH.,#10015);
#10015=SURFACE_SIDE_STYLE('',(#10016));
#10016=SURFACE_STYLE_FILL_AREA(#10017);
#10017=FILL_AREA_STYLE('',(#10019));
#10018=COLOUR_RGB('',0.362604529,0.0,1.0);
#10019=FILL_AREA_STYLE_COLOUR('',#10018);
#10020=OVER_RIDING_STYLED_ITEM('',(#10021),#3487,#9572);
#10021=PRESENTATION_STYLE_ASSIGNMENT((#10022));
#10022=SURFACE_STYLE_USAGE(.BOTH.,#10023);
#10023=SURFACE_SIDE_STYLE('',(#10024));
#10024=SURFACE_STYLE_FILL_AREA(#10025);
#10025=FILL_AREA_STYLE('',(#10027));
#10026=COLOUR_RGB('',0.362604529,0.0,1.0);
#10027=FILL_AREA_STYLE_COLOUR('',#10026);
#10028=OVER_RIDING_STYLED_ITEM('',(#10029),#3523,#9572);
#10029=PRESENTATION_STYLE_ASSIGNMENT((#10030));
#10030=SURFACE_STYLE_USAGE(.BOTH.,#10031);
#10031=SURFACE_SIDE_STYLE('',(#10032));
#10032=SURFACE_STYLE_FILL_AREA(#10033);
#10033=FILL_AREA_STYLE('',(#10035));
#10034=COLOUR_RGB('',0.362604529,0.0,1.0);
#10035=FILL_AREA_STYLE_COLOUR('',#10034);
#10036=OVER_RIDING_STYLED_ITEM('',(#10037),#3569,#9572);
#10037=PRESENTATION_STYLE_ASSIGNMENT((#10038));
#10038=SURFACE_STYLE_USAGE(.BOTH.,#10039);
#10039=SURFACE_SIDE_STYLE('',(#10040));
#10040=SURFACE_STYLE_FILL_AREA(#10041);
#10041=FILL_AREA_STYLE('',(#10043));
#10042=COLOUR_RGB('',0.362604529,0.0,1.0);
#10043=FILL_AREA_STYLE_COLOUR('',#10042);
#10044=OVER_RIDING_STYLED_ITEM('',(#10045),#3605,#9572);
#10045=PRESENTATION_STYLE_ASSIGNMENT((#10046));
#10046=SURFACE_STYLE_USAGE(.BOTH.,#10047);
#10047=SURFACE_SIDE_STYLE('',(#10048));
#10048=SURFACE_STYLE_FILL_AREA(#10049);
#10049=FILL_AREA_STYLE('',(#10051));
#10050=COLOUR_RGB('',0.362604529,0.0,1.0);
#10051=FILL_AREA_STYLE_COLOUR('',#10050);
#10052=OVER_RIDING_STYLED_ITEM('',(#10053),#3647,#9572);
#10053=PRESENTATION_STYLE_ASSIGNMENT((#10054));
#10054=SURFACE_STYLE_USAGE(.BOTH.,#10055);
#10055=SURFACE_SIDE_STYLE('',(#10056));
#10056=SURFACE_STYLE_FILL_AREA(#10057);
#10057=FILL_AREA_STYLE('',(#10059));
#10058=COLOUR_RGB('',0.362604529,0.0,1.0);
#10059=FILL_AREA_STYLE_COLOUR('',#10058);
#10060=OVER_RIDING_STYLED_ITEM('',(#10061),#3689,#9572);
#10061=PRESENTATION_STYLE_ASSIGNMENT((#10062));
#10062=SURFACE_STYLE_USAGE(.BOTH.,#10063);
#10063=SURFACE_SIDE_STYLE('',(#10064));
#10064=SURFACE_STYLE_FILL_AREA(#10065);
#10065=FILL_AREA_STYLE('',(#10067));
#10066=COLOUR_RGB('',0.362604529,0.0,1.0);
#10067=FILL_AREA_STYLE_COLOUR('',#10066);
#10068=OVER_RIDING_STYLED_ITEM('',(#10069),#3731,#9572);
#10069=PRESENTATION_STYLE_ASSIGNMENT((#10070));
#10070=SURFACE_STYLE_USAGE(.BOTH.,#10071);
#10071=SURFACE_SIDE_STYLE('',(#10072));
#10072=SURFACE_STYLE_FILL_AREA(#10073);
#10073=FILL_AREA_STYLE('',(#10075));
#10074=COLOUR_RGB('',0.362604529,0.0,1.0);
#10075=FILL_AREA_STYLE_COLOUR('',#10074);
#10076=OVER_RIDING_STYLED_ITEM('',(#10077),#3767,#9572);
#10077=PRESENTATION_STYLE_ASSIGNMENT((#10078));
#10078=SURFACE_STYLE_USAGE(.BOTH.,#10079);
#10079=SURFACE_SIDE_STYLE('',(#10080));
#10080=SURFACE_STYLE_FILL_AREA(#10081);
#10081=FILL_AREA_STYLE('',(#10083));
#10082=COLOUR_RGB('',0.362604529,0.0,1.0);
#10083=FILL_AREA_STYLE_COLOUR('',#10082);
#10084=OVER_RIDING_STYLED_ITEM('',(#10085),#3791,#9572);
#10085=PRESENTATION_STYLE_ASSIGNMENT((#10086));
#10086=SURFACE_STYLE_USAGE(.BOTH.,#10087);
#10087=SURFACE_SIDE_STYLE('',(#10088));
#10088=SURFACE_STYLE_FILL_AREA(#10089);
#10089=FILL_AREA_STYLE('',(#10091));
#10090=COLOUR_RGB('',0.362604529,0.0,1.0);
#10091=FILL_AREA_STYLE_COLOUR('',#10090);
#10092=OVER_RIDING_STYLED_ITEM('',(#10093),#3825,#9572);
#10093=PRESENTATION_STYLE_ASSIGNMENT((#10094));
#10094=SURFACE_STYLE_USAGE(.BOTH.,#10095);
#10095=SURFACE_SIDE_STYLE('',(#10096));
#10096=SURFACE_STYLE_FILL_AREA(#10097);
#10097=FILL_AREA_STYLE('',(#10099));
#10098=COLOUR_RGB('',0.362604529,0.0,1.0);
#10099=FILL_AREA_STYLE_COLOUR('',#10098);
#10100=OVER_RIDING_STYLED_ITEM('',(#10101),#3862,#9572);
#10101=PRESENTATION_STYLE_ASSIGNMENT((#10102));
#10102=SURFACE_STYLE_USAGE(.BOTH.,#10103);
#10103=SURFACE_SIDE_STYLE('',(#10104));
#10104=SURFACE_STYLE_FILL_AREA(#10105);
#10105=FILL_AREA_STYLE('',(#10107));
#10106=COLOUR_RGB('',0.362604529,0.0,1.0);
#10107=FILL_AREA_STYLE_COLOUR('',#10106);
#10108=OVER_RIDING_STYLED_ITEM('',(#10109),#3886,#9572);
#10109=PRESENTATION_STYLE_ASSIGNMENT((#10110));
#10110=SURFACE_STYLE_USAGE(.BOTH.,#10111);
#10111=SURFACE_SIDE_STYLE('',(#10112));
#10112=SURFACE_STYLE_FILL_AREA(#10113);
#10113=FILL_AREA_STYLE('',(#10115));
#10114=COLOUR_RGB('',0.362604529,0.0,1.0);
#10115=FILL_AREA_STYLE_COLOUR('',#10114);
#10116=OVER_RIDING_STYLED_ITEM('',(#10117),#3919,#9572);
#10117=PRESENTATION_STYLE_ASSIGNMENT((#10118));
#10118=SURFACE_STYLE_USAGE(.BOTH.,#10119);
#10119=SURFACE_SIDE_STYLE('',(#10120));
#10120=SURFACE_STYLE_FILL_AREA(#10121);
#10121=FILL_AREA_STYLE('',(#10123));
#10122=COLOUR_RGB('',0.362604529,0.0,1.0);
#10123=FILL_AREA_STYLE_COLOUR('',#10122);
#10124=OVER_RIDING_STYLED_ITEM('',(#10125),#4000,#9572);
#10125=PRESENTATION_STYLE_ASSIGNMENT((#10126));
#10126=SURFACE_STYLE_USAGE(.BOTH.,#10127);
#10127=SURFACE_SIDE_STYLE('',(#10128));
#10128=SURFACE_STYLE_FILL_AREA(#10129);
#10129=FILL_AREA_STYLE('',(#10131));
#10130=COLOUR_RGB('',0.362604529,0.0,1.0);
#10131=FILL_AREA_STYLE_COLOUR('',#10130);
#10132=OVER_RIDING_STYLED_ITEM('',(#10133),#4040,#9572);
#10133=PRESENTATION_STYLE_ASSIGNMENT((#10134));
#10134=SURFACE_STYLE_USAGE(.BOTH.,#10135);
#10135=SURFACE_SIDE_STYLE('',(#10136));
#10136=SURFACE_STYLE_FILL_AREA(#10137);
#10137=FILL_AREA_STYLE('',(#10139));
#10138=COLOUR_RGB('',0.362604529,0.0,1.0);
#10139=FILL_AREA_STYLE_COLOUR('',#10138);
#10140=OVER_RIDING_STYLED_ITEM('',(#10141),#4080,#9572);
#10141=PRESENTATION_STYLE_ASSIGNMENT((#10142));
#10142=SURFACE_STYLE_USAGE(.BOTH.,#10143);
#10143=SURFACE_SIDE_STYLE('',(#10144));
#10144=SURFACE_STYLE_FILL_AREA(#10145);
#10145=FILL_AREA_STYLE('',(#10147));
#10146=COLOUR_RGB('',0.362604529,0.0,1.0);
#10147=FILL_AREA_STYLE_COLOUR('',#10146);
#10148=OVER_RIDING_STYLED_ITEM('',(#10149),#4111,#9572);
#10149=PRESENTATION_STYLE_ASSIGNMENT((#10150));
#10150=SURFACE_STYLE_USAGE(.BOTH.,#10151);
#10151=SURFACE_SIDE_STYLE('',(#10152));
#10152=SURFACE_STYLE_FILL_AREA(#10153);
#10153=FILL_AREA_STYLE('',(#10155));
#10154=COLOUR_RGB('',0.362604529,0.0,1.0);
#10155=FILL_AREA_STYLE_COLOUR('',#10154);
#10156=OVER_RIDING_STYLED_ITEM('',(#10157),#4142,#9572);
#10157=PRESENTATION_STYLE_ASSIGNMENT((#10158));
#10158=SURFACE_STYLE_USAGE(.BOTH.,#10159);
#10159=SURFACE_SIDE_STYLE('',(#10160));
#10160=SURFACE_STYLE_FILL_AREA(#10161);
#10161=FILL_AREA_STYLE('',(#10163));
#10162=COLOUR_RGB('',0.362604529,0.0,1.0);
#10163=FILL_AREA_STYLE_COLOUR('',#10162);
#10164=OVER_RIDING_STYLED_ITEM('',(#10165),#4166,#9572);
#10165=PRESENTATION_STYLE_ASSIGNMENT((#10166));
#10166=SURFACE_STYLE_USAGE(.BOTH.,#10167);
#10167=SURFACE_SIDE_STYLE('',(#10168));
#10168=SURFACE_STYLE_FILL_AREA(#10169);
#10169=FILL_AREA_STYLE('',(#10171));
#10170=COLOUR_RGB('',0.362604529,0.0,1.0);
#10171=FILL_AREA_STYLE_COLOUR('',#10170);
#10172=OVER_RIDING_STYLED_ITEM('',(#10173),#4213,#9572);
#10173=PRESENTATION_STYLE_ASSIGNMENT((#10174));
#10174=SURFACE_STYLE_USAGE(.BOTH.,#10175);
#10175=SURFACE_SIDE_STYLE('',(#10176));
#10176=SURFACE_STYLE_FILL_AREA(#10177);
#10177=FILL_AREA_STYLE('',(#10179));
#10178=COLOUR_RGB('',0.362604529,0.0,1.0);
#10179=FILL_AREA_STYLE_COLOUR('',#10178);
#10180=OVER_RIDING_STYLED_ITEM('',(#10181),#4237,#9572);
#10181=PRESENTATION_STYLE_ASSIGNMENT((#10182));
#10182=SURFACE_STYLE_USAGE(.BOTH.,#10183);
#10183=SURFACE_SIDE_STYLE('',(#10184));
#10184=SURFACE_STYLE_FILL_AREA(#10185);
#10185=FILL_AREA_STYLE('',(#10187));
#10186=COLOUR_RGB('',0.362604529,0.0,1.0);
#10187=FILL_AREA_STYLE_COLOUR('',#10186);
#10188=OVER_RIDING_STYLED_ITEM('',(#10189),#4261,#9572);
#10189=PRESENTATION_STYLE_ASSIGNMENT((#10190));
#10190=SURFACE_STYLE_USAGE(.BOTH.,#10191);
#10191=SURFACE_SIDE_STYLE('',(#10192));
#10192=SURFACE_STYLE_FILL_AREA(#10193);
#10193=FILL_AREA_STYLE('',(#10195));
#10194=COLOUR_RGB('',0.362604529,0.0,1.0);
#10195=FILL_AREA_STYLE_COLOUR('',#10194);
#10196=OVER_RIDING_STYLED_ITEM('',(#10197),#4328,#9572);
#10197=PRESENTATION_STYLE_ASSIGNMENT((#10198));
#10198=SURFACE_STYLE_USAGE(.BOTH.,#10199);
#10199=SURFACE_SIDE_STYLE('',(#10200));
#10200=SURFACE_STYLE_FILL_AREA(#10201);
#10201=FILL_AREA_STYLE('',(#10203));
#10202=COLOUR_RGB('',0.362604529,0.0,1.0);
#10203=FILL_AREA_STYLE_COLOUR('',#10202);
#10204=OVER_RIDING_STYLED_ITEM('',(#10205),#4352,#9572);
#10205=PRESENTATION_STYLE_ASSIGNMENT((#10206));
#10206=SURFACE_STYLE_USAGE(.BOTH.,#10207);
#10207=SURFACE_SIDE_STYLE('',(#10208));
#10208=SURFACE_STYLE_FILL_AREA(#10209);
#10209=FILL_AREA_STYLE('',(#10211));
#10210=COLOUR_RGB('',0.362604529,0.0,1.0);
#10211=FILL_AREA_STYLE_COLOUR('',#10210);
#10212=OVER_RIDING_STYLED_ITEM('',(#10213),#4376,#9572);
#10213=PRESENTATION_STYLE_ASSIGNMENT((#10214));
#10214=SURFACE_STYLE_USAGE(.BOTH.,#10215);
#10215=SURFACE_SIDE_STYLE('',(#10216));
#10216=SURFACE_STYLE_FILL_AREA(#10217);
#10217=FILL_AREA_STYLE('',(#10219));
#10218=COLOUR_RGB('',0.362604529,0.0,1.0);
#10219=FILL_AREA_STYLE_COLOUR('',#10218);
#10220=OVER_RIDING_STYLED_ITEM('',(#10221),#4414,#9572);
#10221=PRESENTATION_STYLE_ASSIGNMENT((#10222));
#10222=SURFACE_STYLE_USAGE(.BOTH.,#10223);
#10223=SURFACE_SIDE_STYLE('',(#10224));
#10224=SURFACE_STYLE_FILL_AREA(#10225);
#10225=FILL_AREA_STYLE('',(#10227));
#10226=COLOUR_RGB('',0.362604529,0.0,1.0);
#10227=FILL_AREA_STYLE_COLOUR('',#10226);
#10228=OVER_RIDING_STYLED_ITEM('',(#10229),#4426,#9572);
#10229=PRESENTATION_STYLE_ASSIGNMENT((#10230));
#10230=SURFACE_STYLE_USAGE(.BOTH.,#10231);
#10231=SURFACE_SIDE_STYLE('',(#10232));
#10232=SURFACE_STYLE_FILL_AREA(#10233);
#10233=FILL_AREA_STYLE('',(#10235));
#10234=COLOUR_RGB('',0.362604529,0.0,1.0);
#10235=FILL_AREA_STYLE_COLOUR('',#10234);
#10236=OVER_RIDING_STYLED_ITEM('',(#10237),#4443,#9572);
#10237=PRESENTATION_STYLE_ASSIGNMENT((#10238));
#10238=SURFACE_STYLE_USAGE(.BOTH.,#10239);
#10239=SURFACE_SIDE_STYLE('',(#10240));
#10240=SURFACE_STYLE_FILL_AREA(#10241);
#10241=FILL_AREA_STYLE('',(#10243));
#10242=COLOUR_RGB('',0.362604529,0.0,1.0);
#10243=FILL_AREA_STYLE_COLOUR('',#10242);
#10244=OVER_RIDING_STYLED_ITEM('',(#10245),#4455,#9572);
#10245=PRESENTATION_STYLE_ASSIGNMENT((#10246));
#10246=SURFACE_STYLE_USAGE(.BOTH.,#10247);
#10247=SURFACE_SIDE_STYLE('',(#10248));
#10248=SURFACE_STYLE_FILL_AREA(#10249);
#10249=FILL_AREA_STYLE('',(#10251));
#10250=COLOUR_RGB('',0.362604529,0.0,1.0);
#10251=FILL_AREA_STYLE_COLOUR('',#10250);
#10252=OVER_RIDING_STYLED_ITEM('',(#10253),#4471,#9572);
#10253=PRESENTATION_STYLE_ASSIGNMENT((#10254));
#10254=SURFACE_STYLE_USAGE(.BOTH.,#10255);
#10255=SURFACE_SIDE_STYLE('',(#10256));
#10256=SURFACE_STYLE_FILL_AREA(#10257);
#10257=FILL_AREA_STYLE('',(#10259));
#10258=COLOUR_RGB('',0.362604529,0.0,1.0);
#10259=FILL_AREA_STYLE_COLOUR('',#10258);
#10260=OVER_RIDING_STYLED_ITEM('',(#10261),#4483,#9572);
#10261=PRESENTATION_STYLE_ASSIGNMENT((#10262));
#10262=SURFACE_STYLE_USAGE(.BOTH.,#10263);
#10263=SURFACE_SIDE_STYLE('',(#10264));
#10264=SURFACE_STYLE_FILL_AREA(#10265);
#10265=FILL_AREA_STYLE('',(#10267));
#10266=COLOUR_RGB('',0.362604529,0.0,1.0);
#10267=FILL_AREA_STYLE_COLOUR('',#10266);
#10268=OVER_RIDING_STYLED_ITEM('',(#10269),#4541,#9572);
#10269=PRESENTATION_STYLE_ASSIGNMENT((#10270));
#10270=SURFACE_STYLE_USAGE(.BOTH.,#10271);
#10271=SURFACE_SIDE_STYLE('',(#10272));
#10272=SURFACE_STYLE_FILL_AREA(#10273);
#10273=FILL_AREA_STYLE('',(#10275));
#10274=COLOUR_RGB('',0.362604529,0.0,1.0);
#10275=FILL_AREA_STYLE_COLOUR('',#10274);
#10276=OVER_RIDING_STYLED_ITEM('',(#10277),#4583,#9572);
#10277=PRESENTATION_STYLE_ASSIGNMENT((#10278));
#10278=SURFACE_STYLE_USAGE(.BOTH.,#10279);
#10279=SURFACE_SIDE_STYLE('',(#10280));
#10280=SURFACE_STYLE_FILL_AREA(#10281);
#10281=FILL_AREA_STYLE('',(#10283));
#10282=COLOUR_RGB('',0.362604529,0.0,1.0);
#10283=FILL_AREA_STYLE_COLOUR('',#10282);
#10284=OVER_RIDING_STYLED_ITEM('',(#10285),#4673,#9572);
#10285=PRESENTATION_STYLE_ASSIGNMENT((#10286));
#10286=SURFACE_STYLE_USAGE(.BOTH.,#10287);
#10287=SURFACE_SIDE_STYLE('',(#10288));
#10288=SURFACE_STYLE_FILL_AREA(#10289);
#10289=FILL_AREA_STYLE('',(#10291));
#10290=COLOUR_RGB('',0.362604529,0.0,1.0);
#10291=FILL_AREA_STYLE_COLOUR('',#10290);
#10292=OVER_RIDING_STYLED_ITEM('',(#10293),#4713,#9572);
#10293=PRESENTATION_STYLE_ASSIGNMENT((#10294));
#10294=SURFACE_STYLE_USAGE(.BOTH.,#10295);
#10295=SURFACE_SIDE_STYLE('',(#10296));
#10296=SURFACE_STYLE_FILL_AREA(#10297);
#10297=FILL_AREA_STYLE('',(#10299));
#10298=COLOUR_RGB('',0.362604529,0.0,1.0);
#10299=FILL_AREA_STYLE_COLOUR('',#10298);
#10300=OVER_RIDING_STYLED_ITEM('',(#10301),#4773,#9572);
#10301=PRESENTATION_STYLE_ASSIGNMENT((#10302));
#10302=SURFACE_STYLE_USAGE(.BOTH.,#10303);
#10303=SURFACE_SIDE_STYLE('',(#10304));
#10304=SURFACE_STYLE_FILL_AREA(#10305);
#10305=FILL_AREA_STYLE('',(#10307));
#10306=COLOUR_RGB('',0.362604529,0.0,1.0);
#10307=FILL_AREA_STYLE_COLOUR('',#10306);
#10308=OVER_RIDING_STYLED_ITEM('',(#10309),#4820,#9572);
#10309=PRESENTATION_STYLE_ASSIGNMENT((#10310));
#10310=SURFACE_STYLE_USAGE(.BOTH.,#10311);
#10311=SURFACE_SIDE_STYLE('',(#10312));
#10312=SURFACE_STYLE_FILL_AREA(#10313);
#10313=FILL_AREA_STYLE('',(#10315));
#10314=COLOUR_RGB('',0.362604529,0.0,1.0);
#10315=FILL_AREA_STYLE_COLOUR('',#10314);
#10316=OVER_RIDING_STYLED_ITEM('',(#10317),#4850,#9572);
#10317=PRESENTATION_STYLE_ASSIGNMENT((#10318));
#10318=SURFACE_STYLE_USAGE(.BOTH.,#10319);
#10319=SURFACE_SIDE_STYLE('',(#10320));
#10320=SURFACE_STYLE_FILL_AREA(#10321);
#10321=FILL_AREA_STYLE('',(#10323));
#10322=COLOUR_RGB('',0.362604529,0.0,1.0);
#10323=FILL_AREA_STYLE_COLOUR('',#10322);
#10324=OVER_RIDING_STYLED_ITEM('',(#10325),#4860,#9572);
#10325=PRESENTATION_STYLE_ASSIGNMENT((#10326));
#10326=SURFACE_STYLE_USAGE(.BOTH.,#10327);
#10327=SURFACE_SIDE_STYLE('',(#10328));
#10328=SURFACE_STYLE_FILL_AREA(#10329);
#10329=FILL_AREA_STYLE('',(#10331));
#10330=COLOUR_RGB('',0.362604529,0.0,1.0);
#10331=FILL_AREA_STYLE_COLOUR('',#10330);
#10332=OVER_RIDING_STYLED_ITEM('',(#10333),#4885,#9572);
#10333=PRESENTATION_STYLE_ASSIGNMENT((#10334));
#10334=SURFACE_STYLE_USAGE(.BOTH.,#10335);
#10335=SURFACE_SIDE_STYLE('',(#10336));
#10336=SURFACE_STYLE_FILL_AREA(#10337);
#10337=FILL_AREA_STYLE('',(#10339));
#10338=COLOUR_RGB('',0.362604529,0.0,1.0);
#10339=FILL_AREA_STYLE_COLOUR('',#10338);
#10340=OVER_RIDING_STYLED_ITEM('',(#10341),#4923,#9572);
#10341=PRESENTATION_STYLE_ASSIGNMENT((#10342));
#10342=SURFACE_STYLE_USAGE(.BOTH.,#10343);
#10343=SURFACE_SIDE_STYLE('',(#10344));
#10344=SURFACE_STYLE_FILL_AREA(#10345);
#10345=FILL_AREA_STYLE('',(#10347));
#10346=COLOUR_RGB('',0.362604529,0.0,1.0);
#10347=FILL_AREA_STYLE_COLOUR('',#10346);
#10348=OVER_RIDING_STYLED_ITEM('',(#10349),#4947,#9572);
#10349=PRESENTATION_STYLE_ASSIGNMENT((#10350));
#10350=SURFACE_STYLE_USAGE(.BOTH.,#10351);
#10351=SURFACE_SIDE_STYLE('',(#10352));
#10352=SURFACE_STYLE_FILL_AREA(#10353);
#10353=FILL_AREA_STYLE('',(#10355));
#10354=COLOUR_RGB('',0.362604529,0.0,1.0);
#10355=FILL_AREA_STYLE_COLOUR('',#10354);
#10356=OVER_RIDING_STYLED_ITEM('',(#10357),#4959,#9572);
#10357=PRESENTATION_STYLE_ASSIGNMENT((#10358));
#10358=SURFACE_STYLE_USAGE(.BOTH.,#10359);
#10359=SURFACE_SIDE_STYLE('',(#10360));
#10360=SURFACE_STYLE_FILL_AREA(#10361);
#10361=FILL_AREA_STYLE('',(#10363));
#10362=COLOUR_RGB('',0.362604529,0.0,1.0);
#10363=FILL_AREA_STYLE_COLOUR('',#10362);
#10364=OVER_RIDING_STYLED_ITEM('',(#10365),#5090,#9572);
#10365=PRESENTATION_STYLE_ASSIGNMENT((#10366));
#10366=SURFACE_STYLE_USAGE(.BOTH.,#10367);
#10367=SURFACE_SIDE_STYLE('',(#10368));
#10368=SURFACE_STYLE_FILL_AREA(#10369);
#10369=FILL_AREA_STYLE('',(#10371));
#10370=COLOUR_RGB('',0.362604529,0.0,1.0);
#10371=FILL_AREA_STYLE_COLOUR('',#10370);
#10372=OVER_RIDING_STYLED_ITEM('',(#10373),#5172,#9572);
#10373=PRESENTATION_STYLE_ASSIGNMENT((#10374));
#10374=SURFACE_STYLE_USAGE(.BOTH.,#10375);
#10375=SURFACE_SIDE_STYLE('',(#10376));
#10376=SURFACE_STYLE_FILL_AREA(#10377);
#10377=FILL_AREA_STYLE('',(#10379));
#10378=COLOUR_RGB('',0.362604529,0.0,1.0);
#10379=FILL_AREA_STYLE_COLOUR('',#10378);
#10380=OVER_RIDING_STYLED_ITEM('',(#10381),#5189,#9572);
#10381=PRESENTATION_STYLE_ASSIGNMENT((#10382));
#10382=SURFACE_STYLE_USAGE(.BOTH.,#10383);
#10383=SURFACE_SIDE_STYLE('',(#10384));
#10384=SURFACE_STYLE_FILL_AREA(#10385);
#10385=FILL_AREA_STYLE('',(#10387));
#10386=COLOUR_RGB('',0.362604529,0.0,1.0);
#10387=FILL_AREA_STYLE_COLOUR('',#10386);
#10388=OVER_RIDING_STYLED_ITEM('',(#10389),#5201,#9572);
#10389=PRESENTATION_STYLE_ASSIGNMENT((#10390));
#10390=SURFACE_STYLE_USAGE(.BOTH.,#10391);
#10391=SURFACE_SIDE_STYLE('',(#10392));
#10392=SURFACE_STYLE_FILL_AREA(#10393);
#10393=FILL_AREA_STYLE('',(#10395));
#10394=COLOUR_RGB('',0.362604529,0.0,1.0);
#10395=FILL_AREA_STYLE_COLOUR('',#10394);
#10396=OVER_RIDING_STYLED_ITEM('',(#10397),#5276,#9572);
#10397=PRESENTATION_STYLE_ASSIGNMENT((#10398));
#10398=SURFACE_STYLE_USAGE(.BOTH.,#10399);
#10399=SURFACE_SIDE_STYLE('',(#10400));
#10400=SURFACE_STYLE_FILL_AREA(#10401);
#10401=FILL_AREA_STYLE('',(#10403));
#10402=COLOUR_RGB('',0.362604529,0.0,1.0);
#10403=FILL_AREA_STYLE_COLOUR('',#10402);
#10404=OVER_RIDING_STYLED_ITEM('',(#10405),#5366,#9572);
#10405=PRESENTATION_STYLE_ASSIGNMENT((#10406));
#10406=SURFACE_STYLE_USAGE(.BOTH.,#10407);
#10407=SURFACE_SIDE_STYLE('',(#10408));
#10408=SURFACE_STYLE_FILL_AREA(#10409);
#10409=FILL_AREA_STYLE('',(#10411));
#10410=COLOUR_RGB('',0.362604529,0.0,1.0);
#10411=FILL_AREA_STYLE_COLOUR('',#10410);
#10412=OVER_RIDING_STYLED_ITEM('',(#10413),#5463,#9572);
#10413=PRESENTATION_STYLE_ASSIGNMENT((#10414));
#10414=SURFACE_STYLE_USAGE(.BOTH.,#10415);
#10415=SURFACE_SIDE_STYLE('',(#10416));
#10416=SURFACE_STYLE_FILL_AREA(#10417);
#10417=FILL_AREA_STYLE('',(#10419));
#10418=COLOUR_RGB('',0.362604529,0.0,1.0);
#10419=FILL_AREA_STYLE_COLOUR('',#10418);
#10420=OVER_RIDING_STYLED_ITEM('',(#10421),#5515,#9572);
#10421=PRESENTATION_STYLE_ASSIGNMENT((#10422));
#10422=SURFACE_STYLE_USAGE(.BOTH.,#10423);
#10423=SURFACE_SIDE_STYLE('',(#10424));
#10424=SURFACE_STYLE_FILL_AREA(#10425);
#10425=FILL_AREA_STYLE('',(#10427));
#10426=COLOUR_RGB('',0.362604529,0.0,1.0);
#10427=FILL_AREA_STYLE_COLOUR('',#10426);
#10428=OVER_RIDING_STYLED_ITEM('',(#10429),#5588,#9572);
#10429=PRESENTATION_STYLE_ASSIGNMENT((#10430));
#10430=SURFACE_STYLE_USAGE(.BOTH.,#10431);
#10431=SURFACE_SIDE_STYLE('',(#10432));
#10432=SURFACE_STYLE_FILL_AREA(#10433);
#10433=FILL_AREA_STYLE('',(#10435));
#10434=COLOUR_RGB('',0.362604529,0.0,1.0);
#10435=FILL_AREA_STYLE_COLOUR('',#10434);
#10436=OVER_RIDING_STYLED_ITEM('',(#10437),#5644,#9572);
#10437=PRESENTATION_STYLE_ASSIGNMENT((#10438));
#10438=SURFACE_STYLE_USAGE(.BOTH.,#10439);
#10439=SURFACE_SIDE_STYLE('',(#10440));
#10440=SURFACE_STYLE_FILL_AREA(#10441);
#10441=FILL_AREA_STYLE('',(#10443));
#10442=COLOUR_RGB('',0.362604529,0.0,1.0);
#10443=FILL_AREA_STYLE_COLOUR('',#10442);
#10444=OVER_RIDING_STYLED_ITEM('',(#10445),#5717,#9572);
#10445=PRESENTATION_STYLE_ASSIGNMENT((#10446));
#10446=SURFACE_STYLE_USAGE(.BOTH.,#10447);
#10447=SURFACE_SIDE_STYLE('',(#10448));
#10448=SURFACE_STYLE_FILL_AREA(#10449);
#10449=FILL_AREA_STYLE('',(#10451));
#10450=COLOUR_RGB('',0.362604529,0.0,1.0);
#10451=FILL_AREA_STYLE_COLOUR('',#10450);
#10452=OVER_RIDING_STYLED_ITEM('',(#10453),#5773,#9572);
#10453=PRESENTATION_STYLE_ASSIGNMENT((#10454));
#10454=SURFACE_STYLE_USAGE(.BOTH.,#10455);
#10455=SURFACE_SIDE_STYLE('',(#10456));
#10456=SURFACE_STYLE_FILL_AREA(#10457);
#10457=FILL_AREA_STYLE('',(#10459));
#10458=COLOUR_RGB('',0.362604529,0.0,1.0);
#10459=FILL_AREA_STYLE_COLOUR('',#10458);
#10460=OVER_RIDING_STYLED_ITEM('',(#10461),#5809,#9572);
#10461=PRESENTATION_STYLE_ASSIGNMENT((#10462));
#10462=SURFACE_STYLE_USAGE(.BOTH.,#10463);
#10463=SURFACE_SIDE_STYLE('',(#10464));
#10464=SURFACE_STYLE_FILL_AREA(#10465);
#10465=FILL_AREA_STYLE('',(#10467));
#10466=COLOUR_RGB('',0.362604529,0.0,1.0);
#10467=FILL_AREA_STYLE_COLOUR('',#10466);
#10468=OVER_RIDING_STYLED_ITEM('',(#10469),#5855,#9572);
#10469=PRESENTATION_STYLE_ASSIGNMENT((#10470));
#10470=SURFACE_STYLE_USAGE(.BOTH.,#10471);
#10471=SURFACE_SIDE_STYLE('',(#10472));
#10472=SURFACE_STYLE_FILL_AREA(#10473);
#10473=FILL_AREA_STYLE('',(#10475));
#10474=COLOUR_RGB('',0.362604529,0.0,1.0);
#10475=FILL_AREA_STYLE_COLOUR('',#10474);
#10476=OVER_RIDING_STYLED_ITEM('',(#10477),#5891,#9572);
#10477=PRESENTATION_STYLE_ASSIGNMENT((#10478));
#10478=SURFACE_STYLE_USAGE(.BOTH.,#10479);
#10479=SURFACE_SIDE_STYLE('',(#10480));
#10480=SURFACE_STYLE_FILL_AREA(#10481);
#10481=FILL_AREA_STYLE('',(#10483));
#10482=COLOUR_RGB('',0.362604529,0.0,1.0);
#10483=FILL_AREA_STYLE_COLOUR('',#10482);
#10484=OVER_RIDING_STYLED_ITEM('',(#10485),#5933,#9572);
#10485=PRESENTATION_STYLE_ASSIGNMENT((#10486));
#10486=SURFACE_STYLE_USAGE(.BOTH.,#10487);
#10487=SURFACE_SIDE_STYLE('',(#10488));
#10488=SURFACE_STYLE_FILL_AREA(#10489);
#10489=FILL_AREA_STYLE('',(#10491));
#10490=COLOUR_RGB('',0.362604529,0.0,1.0);
#10491=FILL_AREA_STYLE_COLOUR('',#10490);
#10492=OVER_RIDING_STYLED_ITEM('',(#10493),#5975,#9572);
#10493=PRESENTATION_STYLE_ASSIGNMENT((#10494));
#10494=SURFACE_STYLE_USAGE(.BOTH.,#10495);
#10495=SURFACE_SIDE_STYLE('',(#10496));
#10496=SURFACE_STYLE_FILL_AREA(#10497);
#10497=FILL_AREA_STYLE('',(#10499));
#10498=COLOUR_RGB('',0.362604529,0.0,1.0);
#10499=FILL_AREA_STYLE_COLOUR('',#10498);
#10500=OVER_RIDING_STYLED_ITEM('',(#10501),#6017,#9572);
#10501=PRESENTATION_STYLE_ASSIGNMENT((#10502));
#10502=SURFACE_STYLE_USAGE(.BOTH.,#10503);
#10503=SURFACE_SIDE_STYLE('',(#10504));
#10504=SURFACE_STYLE_FILL_AREA(#10505);
#10505=FILL_AREA_STYLE('',(#10507));
#10506=COLOUR_RGB('',0.362604529,0.0,1.0);
#10507=FILL_AREA_STYLE_COLOUR('',#10506);
#10508=OVER_RIDING_STYLED_ITEM('',(#10509),#6053,#9572);
#10509=PRESENTATION_STYLE_ASSIGNMENT((#10510));
#10510=SURFACE_STYLE_USAGE(.BOTH.,#10511);
#10511=SURFACE_SIDE_STYLE('',(#10512));
#10512=SURFACE_STYLE_FILL_AREA(#10513);
#10513=FILL_AREA_STYLE('',(#10515));
#10514=COLOUR_RGB('',0.362604529,0.0,1.0);
#10515=FILL_AREA_STYLE_COLOUR('',#10514);
#10516=OVER_RIDING_STYLED_ITEM('',(#10517),#6070,#9572);
#10517=PRESENTATION_STYLE_ASSIGNMENT((#10518));
#10518=SURFACE_STYLE_USAGE(.BOTH.,#10519);
#10519=SURFACE_SIDE_STYLE('',(#10520));
#10520=SURFACE_STYLE_FILL_AREA(#10521);
#10521=FILL_AREA_STYLE('',(#10523));
#10522=COLOUR_RGB('',0.362604529,0.0,1.0);
#10523=FILL_AREA_STYLE_COLOUR('',#10522);
#10524=OVER_RIDING_STYLED_ITEM('',(#10525),#6082,#9572);
#10525=PRESENTATION_STYLE_ASSIGNMENT((#10526));
#10526=SURFACE_STYLE_USAGE(.BOTH.,#10527);
#10527=SURFACE_SIDE_STYLE('',(#10528));
#10528=SURFACE_STYLE_FILL_AREA(#10529);
#10529=FILL_AREA_STYLE('',(#10531));
#10530=COLOUR_RGB('',0.362604529,0.0,1.0);
#10531=FILL_AREA_STYLE_COLOUR('',#10530);
#10532=OVER_RIDING_STYLED_ITEM('',(#10533),#6131,#9572);
#10533=PRESENTATION_STYLE_ASSIGNMENT((#10534));
#10534=SURFACE_STYLE_USAGE(.BOTH.,#10535);
#10535=SURFACE_SIDE_STYLE('',(#10536));
#10536=SURFACE_STYLE_FILL_AREA(#10537);
#10537=FILL_AREA_STYLE('',(#10539));
#10538=COLOUR_RGB('',0.362604529,0.0,1.0);
#10539=FILL_AREA_STYLE_COLOUR('',#10538);
#10540=OVER_RIDING_STYLED_ITEM('',(#10541),#6162,#9572);
#10541=PRESENTATION_STYLE_ASSIGNMENT((#10542));
#10542=SURFACE_STYLE_USAGE(.BOTH.,#10543);
#10543=SURFACE_SIDE_STYLE('',(#10544));
#10544=SURFACE_STYLE_FILL_AREA(#10545);
#10545=FILL_AREA_STYLE('',(#10547));
#10546=COLOUR_RGB('',0.362604529,0.0,1.0);
#10547=FILL_AREA_STYLE_COLOUR('',#10546);
#10548=OVER_RIDING_STYLED_ITEM('',(#10549),#6198,#9572);
#10549=PRESENTATION_STYLE_ASSIGNMENT((#10550));
#10550=SURFACE_STYLE_USAGE(.BOTH.,#10551);
#10551=SURFACE_SIDE_STYLE('',(#10552));
#10552=SURFACE_STYLE_FILL_AREA(#10553);
#10553=FILL_AREA_STYLE('',(#10555));
#10554=COLOUR_RGB('',0.362604529,0.0,1.0);
#10555=FILL_AREA_STYLE_COLOUR('',#10554);
#10556=OVER_RIDING_STYLED_ITEM('',(#10557),#6217,#9572);
#10557=PRESENTATION_STYLE_ASSIGNMENT((#10558));
#10558=SURFACE_STYLE_USAGE(.BOTH.,#10559);
#10559=SURFACE_SIDE_STYLE('',(#10560));
#10560=SURFACE_STYLE_FILL_AREA(#10561);
#10561=FILL_AREA_STYLE('',(#10563));
#10562=COLOUR_RGB('',0.362604529,0.0,1.0);
#10563=FILL_AREA_STYLE_COLOUR('',#10562);
#10564=OVER_RIDING_STYLED_ITEM('',(#10565),#6229,#9572);
#10565=PRESENTATION_STYLE_ASSIGNMENT((#10566));
#10566=SURFACE_STYLE_USAGE(.BOTH.,#10567);
#10567=SURFACE_SIDE_STYLE('',(#10568));
#10568=SURFACE_STYLE_FILL_AREA(#10569);
#10569=FILL_AREA_STYLE('',(#10571));
#10570=COLOUR_RGB('',0.362604529,0.0,1.0);
#10571=FILL_AREA_STYLE_COLOUR('',#10570);
#10572=OVER_RIDING_STYLED_ITEM('',(#10573),#6248,#9572);
#10573=PRESENTATION_STYLE_ASSIGNMENT((#10574));
#10574=SURFACE_STYLE_USAGE(.BOTH.,#10575);
#10575=SURFACE_SIDE_STYLE('',(#10576));
#10576=SURFACE_STYLE_FILL_AREA(#10577);
#10577=FILL_AREA_STYLE('',(#10579));
#10578=COLOUR_RGB('',0.362604529,0.0,1.0);
#10579=FILL_AREA_STYLE_COLOUR('',#10578);
#10580=OVER_RIDING_STYLED_ITEM('',(#10581),#6260,#9572);
#10581=PRESENTATION_STYLE_ASSIGNMENT((#10582));
#10582=SURFACE_STYLE_USAGE(.BOTH.,#10583);
#10583=SURFACE_SIDE_STYLE('',(#10584));
#10584=SURFACE_STYLE_FILL_AREA(#10585);
#10585=FILL_AREA_STYLE('',(#10587));
#10586=COLOUR_RGB('',0.362604529,0.0,1.0);
#10587=FILL_AREA_STYLE_COLOUR('',#10586);
#10588=OVER_RIDING_STYLED_ITEM('',(#10589),#6330,#9572);
#10589=PRESENTATION_STYLE_ASSIGNMENT((#10590));
#10590=SURFACE_STYLE_USAGE(.BOTH.,#10591);
#10591=SURFACE_SIDE_STYLE('',(#10592));
#10592=SURFACE_STYLE_FILL_AREA(#10593);
#10593=FILL_AREA_STYLE('',(#10595));
#10594=COLOUR_RGB('',0.362604529,0.0,1.0);
#10595=FILL_AREA_STYLE_COLOUR('',#10594);
#10596=OVER_RIDING_STYLED_ITEM('',(#10597),#6372,#9572);
#10597=PRESENTATION_STYLE_ASSIGNMENT((#10598));
#10598=SURFACE_STYLE_USAGE(.BOTH.,#10599);
#10599=SURFACE_SIDE_STYLE('',(#10600));
#10600=SURFACE_STYLE_FILL_AREA(#10601);
#10601=FILL_AREA_STYLE('',(#10603));
#10602=COLOUR_RGB('',0.362604529,0.0,1.0);
#10603=FILL_AREA_STYLE_COLOUR('',#10602);
#10604=OVER_RIDING_STYLED_ITEM('',(#10605),#6408,#9572);
#10605=PRESENTATION_STYLE_ASSIGNMENT((#10606));
#10606=SURFACE_STYLE_USAGE(.BOTH.,#10607);
#10607=SURFACE_SIDE_STYLE('',(#10608));
#10608=SURFACE_STYLE_FILL_AREA(#10609);
#10609=FILL_AREA_STYLE('',(#10611));
#10610=COLOUR_RGB('',0.362604529,0.0,1.0);
#10611=FILL_AREA_STYLE_COLOUR('',#10610);
#10612=OVER_RIDING_STYLED_ITEM('',(#10613),#6539,#9572);
#10613=PRESENTATION_STYLE_ASSIGNMENT((#10614));
#10614=SURFACE_STYLE_USAGE(.BOTH.,#10615);
#10615=SURFACE_SIDE_STYLE('',(#10616));
#10616=SURFACE_STYLE_FILL_AREA(#10617);
#10617=FILL_AREA_STYLE('',(#10619));
#10618=COLOUR_RGB('',0.362604529,0.0,1.0);
#10619=FILL_AREA_STYLE_COLOUR('',#10618);
#10620=OVER_RIDING_STYLED_ITEM('',(#10621),#6621,#9572);
#10621=PRESENTATION_STYLE_ASSIGNMENT((#10622));
#10622=SURFACE_STYLE_USAGE(.BOTH.,#10623);
#10623=SURFACE_SIDE_STYLE('',(#10624));
#10624=SURFACE_STYLE_FILL_AREA(#10625);
#10625=FILL_AREA_STYLE('',(#10627));
#10626=COLOUR_RGB('',0.362604529,0.0,1.0);
#10627=FILL_AREA_STYLE_COLOUR('',#10626);
#10628=OVER_RIDING_STYLED_ITEM('',(#10629),#6638,#9572);
#10629=PRESENTATION_STYLE_ASSIGNMENT((#10630));
#10630=SURFACE_STYLE_USAGE(.BOTH.,#10631);
#10631=SURFACE_SIDE_STYLE('',(#10632));
#10632=SURFACE_STYLE_FILL_AREA(#10633);
#10633=FILL_AREA_STYLE('',(#10635));
#10634=COLOUR_RGB('',0.362604529,0.0,1.0);
#10635=FILL_AREA_STYLE_COLOUR('',#10634);
#10636=OVER_RIDING_STYLED_ITEM('',(#10637),#6650,#9572);
#10637=PRESENTATION_STYLE_ASSIGNMENT((#10638));
#10638=SURFACE_STYLE_USAGE(.BOTH.,#10639);
#10639=SURFACE_SIDE_STYLE('',(#10640));
#10640=SURFACE_STYLE_FILL_AREA(#10641);
#10641=FILL_AREA_STYLE('',(#10643));
#10642=COLOUR_RGB('',0.362604529,0.0,1.0);
#10643=FILL_AREA_STYLE_COLOUR('',#10642);
#10644=OVER_RIDING_STYLED_ITEM('',(#10645),#6725,#9572);
#10645=PRESENTATION_STYLE_ASSIGNMENT((#10646));
#10646=SURFACE_STYLE_USAGE(.BOTH.,#10647);
#10647=SURFACE_SIDE_STYLE('',(#10648));
#10648=SURFACE_STYLE_FILL_AREA(#10649);
#10649=FILL_AREA_STYLE('',(#10651));
#10650=COLOUR_RGB('',0.362604529,0.0,1.0);
#10651=FILL_AREA_STYLE_COLOUR('',#10650);
#10652=OVER_RIDING_STYLED_ITEM('',(#10653),#6815,#9572);
#10653=PRESENTATION_STYLE_ASSIGNMENT((#10654));
#10654=SURFACE_STYLE_USAGE(.BOTH.,#10655);
#10655=SURFACE_SIDE_STYLE('',(#10656));
#10656=SURFACE_STYLE_FILL_AREA(#10657);
#10657=FILL_AREA_STYLE('',(#10659));
#10658=COLOUR_RGB('',0.362604529,0.0,1.0);
#10659=FILL_AREA_STYLE_COLOUR('',#10658);
#10660=OVER_RIDING_STYLED_ITEM('',(#10661),#6912,#9572);
#10661=PRESENTATION_STYLE_ASSIGNMENT((#10662));
#10662=SURFACE_STYLE_USAGE(.BOTH.,#10663);
#10663=SURFACE_SIDE_STYLE('',(#10664));
#10664=SURFACE_STYLE_FILL_AREA(#10665);
#10665=FILL_AREA_STYLE('',(#10667));
#10666=COLOUR_RGB('',0.362604529,0.0,1.0);
#10667=FILL_AREA_STYLE_COLOUR('',#10666);
#10668=OVER_RIDING_STYLED_ITEM('',(#10669),#6964,#9572);
#10669=PRESENTATION_STYLE_ASSIGNMENT((#10670));
#10670=SURFACE_STYLE_USAGE(.BOTH.,#10671);
#10671=SURFACE_SIDE_STYLE('',(#10672));
#10672=SURFACE_STYLE_FILL_AREA(#10673);
#10673=FILL_AREA_STYLE('',(#10675));
#10674=COLOUR_RGB('',0.362604529,0.0,1.0);
#10675=FILL_AREA_STYLE_COLOUR('',#10674);
#10676=OVER_RIDING_STYLED_ITEM('',(#10677),#7027,#9572);
#10677=PRESENTATION_STYLE_ASSIGNMENT((#10678));
#10678=SURFACE_STYLE_USAGE(.BOTH.,#10679);
#10679=SURFACE_SIDE_STYLE('',(#10680));
#10680=SURFACE_STYLE_FILL_AREA(#10681);
#10681=FILL_AREA_STYLE('',(#10683));
#10682=COLOUR_RGB('',0.362604529,0.0,1.0);
#10683=FILL_AREA_STYLE_COLOUR('',#10682);
#10684=OVER_RIDING_STYLED_ITEM('',(#10685),#7069,#9572);
#10685=PRESENTATION_STYLE_ASSIGNMENT((#10686));
#10686=SURFACE_STYLE_USAGE(.BOTH.,#10687);
#10687=SURFACE_SIDE_STYLE('',(#10688));
#10688=SURFACE_STYLE_FILL_AREA(#10689);
#10689=FILL_AREA_STYLE('',(#10691));
#10690=COLOUR_RGB('',0.362604529,0.0,1.0);
#10691=FILL_AREA_STYLE_COLOUR('',#10690);
#10692=OVER_RIDING_STYLED_ITEM('',(#10693),#7111,#9572);
#10693=PRESENTATION_STYLE_ASSIGNMENT((#10694));
#10694=SURFACE_STYLE_USAGE(.BOTH.,#10695);
#10695=SURFACE_SIDE_STYLE('',(#10696));
#10696=SURFACE_STYLE_FILL_AREA(#10697);
#10697=FILL_AREA_STYLE('',(#10699));
#10698=COLOUR_RGB('',0.362604529,0.0,1.0);
#10699=FILL_AREA_STYLE_COLOUR('',#10698);
#10700=OVER_RIDING_STYLED_ITEM('',(#10701),#7153,#9572);
#10701=PRESENTATION_STYLE_ASSIGNMENT((#10702));
#10702=SURFACE_STYLE_USAGE(.BOTH.,#10703);
#10703=SURFACE_SIDE_STYLE('',(#10704));
#10704=SURFACE_STYLE_FILL_AREA(#10705);
#10705=FILL_AREA_STYLE('',(#10707));
#10706=COLOUR_RGB('',0.362604529,0.0,1.0);
#10707=FILL_AREA_STYLE_COLOUR('',#10706);
#10708=OVER_RIDING_STYLED_ITEM('',(#10709),#7189,#9572);
#10709=PRESENTATION_STYLE_ASSIGNMENT((#10710));
#10710=SURFACE_STYLE_USAGE(.BOTH.,#10711);
#10711=SURFACE_SIDE_STYLE('',(#10712));
#10712=SURFACE_STYLE_FILL_AREA(#10713);
#10713=FILL_AREA_STYLE('',(#10715));
#10714=COLOUR_RGB('',0.362604529,0.0,1.0);
#10715=FILL_AREA_STYLE_COLOUR('',#10714);
#10716=OVER_RIDING_STYLED_ITEM('',(#10717),#7206,#9572);
#10717=PRESENTATION_STYLE_ASSIGNMENT((#10718));
#10718=SURFACE_STYLE_USAGE(.BOTH.,#10719);
#10719=SURFACE_SIDE_STYLE('',(#10720));
#10720=SURFACE_STYLE_FILL_AREA(#10721);
#10721=FILL_AREA_STYLE('',(#10723));
#10722=COLOUR_RGB('',0.362604529,0.0,1.0);
#10723=FILL_AREA_STYLE_COLOUR('',#10722);
#10724=OVER_RIDING_STYLED_ITEM('',(#10725),#7218,#9572);
#10725=PRESENTATION_STYLE_ASSIGNMENT((#10726));
#10726=SURFACE_STYLE_USAGE(.BOTH.,#10727);
#10727=SURFACE_SIDE_STYLE('',(#10728));
#10728=SURFACE_STYLE_FILL_AREA(#10729);
#10729=FILL_AREA_STYLE('',(#10731));
#10730=COLOUR_RGB('',0.362604529,0.0,1.0);
#10731=FILL_AREA_STYLE_COLOUR('',#10730);
#10732=OVER_RIDING_STYLED_ITEM('',(#10733),#7267,#9572);
#10733=PRESENTATION_STYLE_ASSIGNMENT((#10734));
#10734=SURFACE_STYLE_USAGE(.BOTH.,#10735);
#10735=SURFACE_SIDE_STYLE('',(#10736));
#10736=SURFACE_STYLE_FILL_AREA(#10737);
#10737=FILL_AREA_STYLE('',(#10739));
#10738=COLOUR_RGB('',0.362604529,0.0,1.0);
#10739=FILL_AREA_STYLE_COLOUR('',#10738);
#10740=OVER_RIDING_STYLED_ITEM('',(#10741),#7298,#9572);
#10741=PRESENTATION_STYLE_ASSIGNMENT((#10742));
#10742=SURFACE_STYLE_USAGE(.BOTH.,#10743);
#10743=SURFACE_SIDE_STYLE('',(#10744));
#10744=SURFACE_STYLE_FILL_AREA(#10745);
#10745=FILL_AREA_STYLE('',(#10747));
#10746=COLOUR_RGB('',0.362604529,0.0,1.0);
#10747=FILL_AREA_STYLE_COLOUR('',#10746);
#10748=OVER_RIDING_STYLED_ITEM('',(#10749),#7334,#9572);
#10749=PRESENTATION_STYLE_ASSIGNMENT((#10750));
#10750=SURFACE_STYLE_USAGE(.BOTH.,#10751);
#10751=SURFACE_SIDE_STYLE('',(#10752));
#10752=SURFACE_STYLE_FILL_AREA(#10753);
#10753=FILL_AREA_STYLE('',(#10755));
#10754=COLOUR_RGB('',0.362604529,0.0,1.0);
#10755=FILL_AREA_STYLE_COLOUR('',#10754);
#10756=OVER_RIDING_STYLED_ITEM('',(#10757),#7353,#9572);
#10757=PRESENTATION_STYLE_ASSIGNMENT((#10758));
#10758=SURFACE_STYLE_USAGE(.BOTH.,#10759);
#10759=SURFACE_SIDE_STYLE('',(#10760));
#10760=SURFACE_STYLE_FILL_AREA(#10761);
#10761=FILL_AREA_STYLE('',(#10763));
#10762=COLOUR_RGB('',0.362604529,0.0,1.0);
#10763=FILL_AREA_STYLE_COLOUR('',#10762);
#10764=OVER_RIDING_STYLED_ITEM('',(#10765),#7365,#9572);
#10765=PRESENTATION_STYLE_ASSIGNMENT((#10766));
#10766=SURFACE_STYLE_USAGE(.BOTH.,#10767);
#10767=SURFACE_SIDE_STYLE('',(#10768));
#10768=SURFACE_STYLE_FILL_AREA(#10769);
#10769=FILL_AREA_STYLE('',(#10771));
#10770=COLOUR_RGB('',0.362604529,0.0,1.0);
#10771=FILL_AREA_STYLE_COLOUR('',#10770);
#10772=OVER_RIDING_STYLED_ITEM('',(#10773),#7384,#9572);
#10773=PRESENTATION_STYLE_ASSIGNMENT((#10774));
#10774=SURFACE_STYLE_USAGE(.BOTH.,#10775);
#10775=SURFACE_SIDE_STYLE('',(#10776));
#10776=SURFACE_STYLE_FILL_AREA(#10777);
#10777=FILL_AREA_STYLE('',(#10779));
#10778=COLOUR_RGB('',0.362604529,0.0,1.0);
#10779=FILL_AREA_STYLE_COLOUR('',#10778);
#10780=OVER_RIDING_STYLED_ITEM('',(#10781),#7396,#9572);
#10781=PRESENTATION_STYLE_ASSIGNMENT((#10782));
#10782=SURFACE_STYLE_USAGE(.BOTH.,#10783);
#10783=SURFACE_SIDE_STYLE('',(#10784));
#10784=SURFACE_STYLE_FILL_AREA(#10785);
#10785=FILL_AREA_STYLE('',(#10787));
#10786=COLOUR_RGB('',0.362604529,0.0,1.0);
#10787=FILL_AREA_STYLE_COLOUR('',#10786);
#10788=OVER_RIDING_STYLED_ITEM('',(#10789),#7466,#9572);
#10789=PRESENTATION_STYLE_ASSIGNMENT((#10790));
#10790=SURFACE_STYLE_USAGE(.BOTH.,#10791);
#10791=SURFACE_SIDE_STYLE('',(#10792));
#10792=SURFACE_STYLE_FILL_AREA(#10793);
#10793=FILL_AREA_STYLE('',(#10795));
#10794=COLOUR_RGB('',0.362604529,0.0,1.0);
#10795=FILL_AREA_STYLE_COLOUR('',#10794);
#10796=OVER_RIDING_STYLED_ITEM('',(#10797),#7508,#9572);
#10797=PRESENTATION_STYLE_ASSIGNMENT((#10798));
#10798=SURFACE_STYLE_USAGE(.BOTH.,#10799);
#10799=SURFACE_SIDE_STYLE('',(#10800));
#10800=SURFACE_STYLE_FILL_AREA(#10801);
#10801=FILL_AREA_STYLE('',(#10803));
#10802=COLOUR_RGB('',0.362604529,0.0,1.0);
#10803=FILL_AREA_STYLE_COLOUR('',#10802);
#10804=OVER_RIDING_STYLED_ITEM('',(#10805),#7544,#9572);
#10805=PRESENTATION_STYLE_ASSIGNMENT((#10806));
#10806=SURFACE_STYLE_USAGE(.BOTH.,#10807);
#10807=SURFACE_SIDE_STYLE('',(#10808));
#10808=SURFACE_STYLE_FILL_AREA(#10809);
#10809=FILL_AREA_STYLE('',(#10811));
#10810=COLOUR_RGB('',0.362604529,0.0,1.0);
#10811=FILL_AREA_STYLE_COLOUR('',#10810);
#10812=OVER_RIDING_STYLED_ITEM('',(#10813),#7563,#9572);
#10813=PRESENTATION_STYLE_ASSIGNMENT((#10814));
#10814=SURFACE_STYLE_USAGE(.BOTH.,#10815);
#10815=SURFACE_SIDE_STYLE('',(#10816));
#10816=SURFACE_STYLE_FILL_AREA(#10817);
#10817=FILL_AREA_STYLE('',(#10819));
#10818=COLOUR_RGB('',0.362604529,0.0,1.0);
#10819=FILL_AREA_STYLE_COLOUR('',#10818);
#10820=OVER_RIDING_STYLED_ITEM('',(#10821),#7575,#9572);
#10821=PRESENTATION_STYLE_ASSIGNMENT((#10822));
#10822=SURFACE_STYLE_USAGE(.BOTH.,#10823);
#10823=SURFACE_SIDE_STYLE('',(#10824));
#10824=SURFACE_STYLE_FILL_AREA(#10825);
#10825=FILL_AREA_STYLE('',(#10827));
#10826=COLOUR_RGB('',0.362604529,0.0,1.0);
#10827=FILL_AREA_STYLE_COLOUR('',#10826);
#10828=OVER_RIDING_STYLED_ITEM('',(#10829),#7645,#9572);
#10829=PRESENTATION_STYLE_ASSIGNMENT((#10830));
#10830=SURFACE_STYLE_USAGE(.BOTH.,#10831);
#10831=SURFACE_SIDE_STYLE('',(#10832));
#10832=SURFACE_STYLE_FILL_AREA(#10833);
#10833=FILL_AREA_STYLE('',(#10835));
#10834=COLOUR_RGB('',0.362604529,0.0,1.0);
#10835=FILL_AREA_STYLE_COLOUR('',#10834);
#10836=OVER_RIDING_STYLED_ITEM('',(#10837),#7687,#9572);
#10837=PRESENTATION_STYLE_ASSIGNMENT((#10838));
#10838=SURFACE_STYLE_USAGE(.BOTH.,#10839);
#10839=SURFACE_SIDE_STYLE('',(#10840));
#10840=SURFACE_STYLE_FILL_AREA(#10841);
#10841=FILL_AREA_STYLE('',(#10843));
#10842=COLOUR_RGB('',0.362604529,0.0,1.0);
#10843=FILL_AREA_STYLE_COLOUR('',#10842);
#10844=OVER_RIDING_STYLED_ITEM('',(#10845),#7723,#9572);
#10845=PRESENTATION_STYLE_ASSIGNMENT((#10846));
#10846=SURFACE_STYLE_USAGE(.BOTH.,#10847);
#10847=SURFACE_SIDE_STYLE('',(#10848));
#10848=SURFACE_STYLE_FILL_AREA(#10849);
#10849=FILL_AREA_STYLE('',(#10851));
#10850=COLOUR_RGB('',0.362604529,0.0,1.0);
#10851=FILL_AREA_STYLE_COLOUR('',#10850);
#10852=OVER_RIDING_STYLED_ITEM('',(#10853),#7735,#9572);
#10853=PRESENTATION_STYLE_ASSIGNMENT((#10854));
#10854=SURFACE_STYLE_USAGE(.BOTH.,#10855);
#10855=SURFACE_SIDE_STYLE('',(#10856));
#10856=SURFACE_STYLE_FILL_AREA(#10857);
#10857=FILL_AREA_STYLE('',(#10859));
#10858=COLOUR_RGB('',0.362604529,0.0,1.0);
#10859=FILL_AREA_STYLE_COLOUR('',#10858);
#10860=OVER_RIDING_STYLED_ITEM('',(#10861),#7823,#9572);
#10861=PRESENTATION_STYLE_ASSIGNMENT((#10862));
#10862=SURFACE_STYLE_USAGE(.BOTH.,#10863);
#10863=SURFACE_SIDE_STYLE('',(#10864));
#10864=SURFACE_STYLE_FILL_AREA(#10865);
#10865=FILL_AREA_STYLE('',(#10867));
#10866=COLOUR_RGB('',0.362604529,0.0,1.0);
#10867=FILL_AREA_STYLE_COLOUR('',#10866);
#10868=OVER_RIDING_STYLED_ITEM('',(#10869),#7845,#9572);
#10869=PRESENTATION_STYLE_ASSIGNMENT((#10870));
#10870=SURFACE_STYLE_USAGE(.BOTH.,#10871);
#10871=SURFACE_SIDE_STYLE('',(#10872));
#10872=SURFACE_STYLE_FILL_AREA(#10873);
#10873=FILL_AREA_STYLE('',(#10875));
#10874=COLOUR_RGB('',0.362604529,0.0,1.0);
#10875=FILL_AREA_STYLE_COLOUR('',#10874);
#10876=OVER_RIDING_STYLED_ITEM('',(#10877),#7867,#9572);
#10877=PRESENTATION_STYLE_ASSIGNMENT((#10878));
#10878=SURFACE_STYLE_USAGE(.BOTH.,#10879);
#10879=SURFACE_SIDE_STYLE('',(#10880));
#10880=SURFACE_STYLE_FILL_AREA(#10881);
#10881=FILL_AREA_STYLE('',(#10883));
#10882=COLOUR_RGB('',0.362604529,0.0,1.0);
#10883=FILL_AREA_STYLE_COLOUR('',#10882);
#10884=OVER_RIDING_STYLED_ITEM('',(#10885),#7901,#9572);
#10885=PRESENTATION_STYLE_ASSIGNMENT((#10886));
#10886=SURFACE_STYLE_USAGE(.BOTH.,#10887);
#10887=SURFACE_SIDE_STYLE('',(#10888));
#10888=SURFACE_STYLE_FILL_AREA(#10889);
#10889=FILL_AREA_STYLE('',(#10891));
#10890=COLOUR_RGB('',0.362604529,0.0,1.0);
#10891=FILL_AREA_STYLE_COLOUR('',#10890);
#10892=OVER_RIDING_STYLED_ITEM('',(#10893),#7928,#9572);
#10893=PRESENTATION_STYLE_ASSIGNMENT((#10894));
#10894=SURFACE_STYLE_USAGE(.BOTH.,#10895);
#10895=SURFACE_SIDE_STYLE('',(#10896));
#10896=SURFACE_STYLE_FILL_AREA(#10897);
#10897=FILL_AREA_STYLE('',(#10899));
#10898=COLOUR_RGB('',0.362604529,0.0,1.0);
#10899=FILL_AREA_STYLE_COLOUR('',#10898);
#10900=OVER_RIDING_STYLED_ITEM('',(#10901),#7959,#9572);
#10901=PRESENTATION_STYLE_ASSIGNMENT((#10902));
#10902=SURFACE_STYLE_USAGE(.BOTH.,#10903);
#10903=SURFACE_SIDE_STYLE('',(#10904));
#10904=SURFACE_STYLE_FILL_AREA(#10905);
#10905=FILL_AREA_STYLE('',(#10907));
#10906=COLOUR_RGB('',0.362604529,0.0,1.0);
#10907=FILL_AREA_STYLE_COLOUR('',#10906);
#10908=OVER_RIDING_STYLED_ITEM('',(#10909),#8006,#9572);
#10909=PRESENTATION_STYLE_ASSIGNMENT((#10910));
#10910=SURFACE_STYLE_USAGE(.BOTH.,#10911);
#10911=SURFACE_SIDE_STYLE('',(#10912));
#10912=SURFACE_STYLE_FILL_AREA(#10913);
#10913=FILL_AREA_STYLE('',(#10915));
#10914=COLOUR_RGB('',0.362604529,0.0,1.0);
#10915=FILL_AREA_STYLE_COLOUR('',#10914);
#10916=OVER_RIDING_STYLED_ITEM('',(#10917),#8039,#9572);
#10917=PRESENTATION_STYLE_ASSIGNMENT((#10918));
#10918=SURFACE_STYLE_USAGE(.BOTH.,#10919);
#10919=SURFACE_SIDE_STYLE('',(#10920));
#10920=SURFACE_STYLE_FILL_AREA(#10921);
#10921=FILL_AREA_STYLE('',(#10923));
#10922=COLOUR_RGB('',0.362604529,0.0,1.0);
#10923=FILL_AREA_STYLE_COLOUR('',#10922);
#10924=OVER_RIDING_STYLED_ITEM('',(#10925),#8074,#9572);
#10925=PRESENTATION_STYLE_ASSIGNMENT((#10926));
#10926=SURFACE_STYLE_USAGE(.BOTH.,#10927);
#10927=SURFACE_SIDE_STYLE('',(#10928));
#10928=SURFACE_STYLE_FILL_AREA(#10929);
#10929=FILL_AREA_STYLE('',(#10931));
#10930=COLOUR_RGB('',0.362604529,0.0,1.0);
#10931=FILL_AREA_STYLE_COLOUR('',#10930);
#10932=OVER_RIDING_STYLED_ITEM('',(#10933),#8092,#9572);
#10933=PRESENTATION_STYLE_ASSIGNMENT((#10934));
#10934=SURFACE_STYLE_USAGE(.BOTH.,#10935);
#10935=SURFACE_SIDE_STYLE('',(#10936));
#10936=SURFACE_STYLE_FILL_AREA(#10937);
#10937=FILL_AREA_STYLE('',(#10939));
#10938=COLOUR_RGB('',0.362604529,0.0,1.0);
#10939=FILL_AREA_STYLE_COLOUR('',#10938);
#10940=OVER_RIDING_STYLED_ITEM('',(#10941),#8167,#9572);
#10941=PRESENTATION_STYLE_ASSIGNMENT((#10942));
#10942=SURFACE_STYLE_USAGE(.BOTH.,#10943);
#10943=SURFACE_SIDE_STYLE('',(#10944));
#10944=SURFACE_STYLE_FILL_AREA(#10945);
#10945=FILL_AREA_STYLE('',(#10947));
#10946=COLOUR_RGB('',0.362604529,0.0,1.0);
#10947=FILL_AREA_STYLE_COLOUR('',#10946);
#10948=OVER_RIDING_STYLED_ITEM('',(#10949),#8180,#9572);
#10949=PRESENTATION_STYLE_ASSIGNMENT((#10950));
#10950=SURFACE_STYLE_USAGE(.BOTH.,#10951);
#10951=SURFACE_SIDE_STYLE('',(#10952));
#10952=SURFACE_STYLE_FILL_AREA(#10953);
#10953=FILL_AREA_STYLE('',(#10955));
#10954=COLOUR_RGB('',0.362604529,0.0,1.0);
#10955=FILL_AREA_STYLE_COLOUR('',#10954);
#10956=OVER_RIDING_STYLED_ITEM('',(#10957),#8198,#9572);
#10957=PRESENTATION_STYLE_ASSIGNMENT((#10958));
#10958=SURFACE_STYLE_USAGE(.BOTH.,#10959);
#10959=SURFACE_SIDE_STYLE('',(#10960));
#10960=SURFACE_STYLE_FILL_AREA(#10961);
#10961=FILL_AREA_STYLE('',(#10963));
#10962=COLOUR_RGB('',0.362604529,0.0,1.0);
#10963=FILL_AREA_STYLE_COLOUR('',#10962);
#10964=OVER_RIDING_STYLED_ITEM('',(#10965),#8265,#9572);
#10965=PRESENTATION_STYLE_ASSIGNMENT((#10966));
#10966=SURFACE_STYLE_USAGE(.BOTH.,#10967);
#10967=SURFACE_SIDE_STYLE('',(#10968));
#10968=SURFACE_STYLE_FILL_AREA(#10969);
#10969=FILL_AREA_STYLE('',(#10971));
#10970=COLOUR_RGB('',0.362604529,0.0,1.0);
#10971=FILL_AREA_STYLE_COLOUR('',#10970);
#10972=OVER_RIDING_STYLED_ITEM('',(#10973),#8307,#9572);
#10973=PRESENTATION_STYLE_ASSIGNMENT((#10974));
#10974=SURFACE_STYLE_USAGE(.BOTH.,#10975);
#10975=SURFACE_SIDE_STYLE('',(#10976));
#10976=SURFACE_STYLE_FILL_AREA(#10977);
#10977=FILL_AREA_STYLE('',(#10979));
#10978=COLOUR_RGB('',0.362604529,0.0,1.0);
#10979=FILL_AREA_STYLE_COLOUR('',#10978);
#10980=OVER_RIDING_STYLED_ITEM('',(#10981),#8324,#9572);
#10981=PRESENTATION_STYLE_ASSIGNMENT((#10982));
#10982=SURFACE_STYLE_USAGE(.BOTH.,#10983);
#10983=SURFACE_SIDE_STYLE('',(#10984));
#10984=SURFACE_STYLE_FILL_AREA(#10985);
#10985=FILL_AREA_STYLE('',(#10987));
#10986=COLOUR_RGB('',0.362604529,0.0,1.0);
#10987=FILL_AREA_STYLE_COLOUR('',#10986);
#10988=OVER_RIDING_STYLED_ITEM('',(#10989),#8336,#9572);
#10989=PRESENTATION_STYLE_ASSIGNMENT((#10990));
#10990=SURFACE_STYLE_USAGE(.BOTH.,#10991);
#10991=SURFACE_SIDE_STYLE('',(#10992));
#10992=SURFACE_STYLE_FILL_AREA(#10993);
#10993=FILL_AREA_STYLE('',(#10995));
#10994=COLOUR_RGB('',0.362604529,0.0,1.0);
#10995=FILL_AREA_STYLE_COLOUR('',#10994);
#10996=OVER_RIDING_STYLED_ITEM('',(#10997),#8356,#9572);
#10997=PRESENTATION_STYLE_ASSIGNMENT((#10998));
#10998=SURFACE_STYLE_USAGE(.BOTH.,#10999);
#10999=SURFACE_SIDE_STYLE('',(#11000));
#11000=SURFACE_STYLE_FILL_AREA(#11001);
#11001=FILL_AREA_STYLE('',(#11003));
#11002=COLOUR_RGB('',0.362604529,0.0,1.0);
#11003=FILL_AREA_STYLE_COLOUR('',#11002);
#11004=OVER_RIDING_STYLED_ITEM('',(#11005),#8371,#9572);
#11005=PRESENTATION_STYLE_ASSIGNMENT((#11006));
#11006=SURFACE_STYLE_USAGE(.BOTH.,#11007);
#11007=SURFACE_SIDE_STYLE('',(#11008));
#11008=SURFACE_STYLE_FILL_AREA(#11009);
#11009=FILL_AREA_STYLE('',(#11011));
#11010=COLOUR_RGB('',0.362604529,0.0,1.0);
#11011=FILL_AREA_STYLE_COLOUR('',#11010);
#11012=OVER_RIDING_STYLED_ITEM('',(#11013),#8389,#9572);
#11013=PRESENTATION_STYLE_ASSIGNMENT((#11014));
#11014=SURFACE_STYLE_USAGE(.BOTH.,#11015);
#11015=SURFACE_SIDE_STYLE('',(#11016));
#11016=SURFACE_STYLE_FILL_AREA(#11017);
#11017=FILL_AREA_STYLE('',(#11019));
#11018=COLOUR_RGB('',0.362604529,0.0,1.0);
#11019=FILL_AREA_STYLE_COLOUR('',#11018);
#11020=OVER_RIDING_STYLED_ITEM('',(#11021),#8402,#9572);
#11021=PRESENTATION_STYLE_ASSIGNMENT((#11022));
#11022=SURFACE_STYLE_USAGE(.BOTH.,#11023);
#11023=SURFACE_SIDE_STYLE('',(#11024));
#11024=SURFACE_STYLE_FILL_AREA(#11025);
#11025=FILL_AREA_STYLE('',(#11027));
#11026=COLOUR_RGB('',0.362604529,0.0,1.0);
#11027=FILL_AREA_STYLE_COLOUR('',#11026);
#11028=OVER_RIDING_STYLED_ITEM('',(#11029),#8475,#9572);
#11029=PRESENTATION_STYLE_ASSIGNMENT((#11030));
#11030=SURFACE_STYLE_USAGE(.BOTH.,#11031);
#11031=SURFACE_SIDE_STYLE('',(#11032));
#11032=SURFACE_STYLE_FILL_AREA(#11033);
#11033=FILL_AREA_STYLE('',(#11035));
#11034=COLOUR_RGB('',0.362604529,0.0,1.0);
#11035=FILL_AREA_STYLE_COLOUR('',#11034);
#11036=OVER_RIDING_STYLED_ITEM('',(#11037),#8533,#9572);
#11037=PRESENTATION_STYLE_ASSIGNMENT((#11038));
#11038=SURFACE_STYLE_USAGE(.BOTH.,#11039);
#11039=SURFACE_SIDE_STYLE('',(#11040));
#11040=SURFACE_STYLE_FILL_AREA(#11041);
#11041=FILL_AREA_STYLE('',(#11043));
#11042=COLOUR_RGB('',0.362604529,0.0,1.0);
#11043=FILL_AREA_STYLE_COLOUR('',#11042);
#11044=OVER_RIDING_STYLED_ITEM('',(#11045),#8575,#9572);
#11045=PRESENTATION_STYLE_ASSIGNMENT((#11046));
#11046=SURFACE_STYLE_USAGE(.BOTH.,#11047);
#11047=SURFACE_SIDE_STYLE('',(#11048));
#11048=SURFACE_STYLE_FILL_AREA(#11049);
#11049=FILL_AREA_STYLE('',(#11051));
#11050=COLOUR_RGB('',0.362604529,0.0,1.0);
#11051=FILL_AREA_STYLE_COLOUR('',#11050);
#11052=OVER_RIDING_STYLED_ITEM('',(#11053),#8631,#9572);
#11053=PRESENTATION_STYLE_ASSIGNMENT((#11054));
#11054=SURFACE_STYLE_USAGE(.BOTH.,#11055);
#11055=SURFACE_SIDE_STYLE('',(#11056));
#11056=SURFACE_STYLE_FILL_AREA(#11057);
#11057=FILL_AREA_STYLE('',(#11059));
#11058=COLOUR_RGB('',0.362604529,0.0,1.0);
#11059=FILL_AREA_STYLE_COLOUR('',#11058);
#11060=OVER_RIDING_STYLED_ITEM('',(#11061),#8673,#9572);
#11061=PRESENTATION_STYLE_ASSIGNMENT((#11062));
#11062=SURFACE_STYLE_USAGE(.BOTH.,#11063);
#11063=SURFACE_SIDE_STYLE('',(#11064));
#11064=SURFACE_STYLE_FILL_AREA(#11065);
#11065=FILL_AREA_STYLE('',(#11067));
#11066=COLOUR_RGB('',0.362604529,0.0,1.0);
#11067=FILL_AREA_STYLE_COLOUR('',#11066);
#11068=OVER_RIDING_STYLED_ITEM('',(#11069),#8729,#9572);
#11069=PRESENTATION_STYLE_ASSIGNMENT((#11070));
#11070=SURFACE_STYLE_USAGE(.BOTH.,#11071);
#11071=SURFACE_SIDE_STYLE('',(#11072));
#11072=SURFACE_STYLE_FILL_AREA(#11073);
#11073=FILL_AREA_STYLE('',(#11075));
#11074=COLOUR_RGB('',0.362604529,0.0,1.0);
#11075=FILL_AREA_STYLE_COLOUR('',#11074);
#11076=OVER_RIDING_STYLED_ITEM('',(#11077),#8745,#9572);
#11077=PRESENTATION_STYLE_ASSIGNMENT((#11078));
#11078=SURFACE_STYLE_USAGE(.BOTH.,#11079);
#11079=SURFACE_SIDE_STYLE('',(#11080));
#11080=SURFACE_STYLE_FILL_AREA(#11081);
#11081=FILL_AREA_STYLE('',(#11083));
#11082=COLOUR_RGB('',0.362604529,0.0,1.0);
#11083=FILL_AREA_STYLE_COLOUR('',#11082);
#11084=OVER_RIDING_STYLED_ITEM('',(#11085),#8781,#9572);
#11085=PRESENTATION_STYLE_ASSIGNMENT((#11086));
#11086=SURFACE_STYLE_USAGE(.BOTH.,#11087);
#11087=SURFACE_SIDE_STYLE('',(#11088));
#11088=SURFACE_STYLE_FILL_AREA(#11089);
#11089=FILL_AREA_STYLE('',(#11091));
#11090=COLOUR_RGB('',0.362604529,0.0,1.0);
#11091=FILL_AREA_STYLE_COLOUR('',#11090);
#11092=OVER_RIDING_STYLED_ITEM('',(#11093),#8826,#9572);
#11093=PRESENTATION_STYLE_ASSIGNMENT((#11094));
#11094=SURFACE_STYLE_USAGE(.BOTH.,#11095);
#11095=SURFACE_SIDE_STYLE('',(#11096));
#11096=SURFACE_STYLE_FILL_AREA(#11097);
#11097=FILL_AREA_STYLE('',(#11099));
#11098=COLOUR_RGB('',0.362604529,0.0,1.0);
#11099=FILL_AREA_STYLE_COLOUR('',#11098);
#11100=OVER_RIDING_STYLED_ITEM('',(#11101),#8851,#9572);
#11101=PRESENTATION_STYLE_ASSIGNMENT((#11102));
#11102=SURFACE_STYLE_USAGE(.BOTH.,#11103);
#11103=SURFACE_SIDE_STYLE('',(#11104));
#11104=SURFACE_STYLE_FILL_AREA(#11105);
#11105=FILL_AREA_STYLE('',(#11107));
#11106=COLOUR_RGB('',0.362604529,0.0,1.0);
#11107=FILL_AREA_STYLE_COLOUR('',#11106);
#11108=OVER_RIDING_STYLED_ITEM('',(#11109),#8888,#9572);
#11109=PRESENTATION_STYLE_ASSIGNMENT((#11110));
#11110=SURFACE_STYLE_USAGE(.BOTH.,#11111);
#11111=SURFACE_SIDE_STYLE('',(#11112));
#11112=SURFACE_STYLE_FILL_AREA(#11113);
#11113=FILL_AREA_STYLE('',(#11115));
#11114=COLOUR_RGB('',0.362604529,0.0,1.0);
#11115=FILL_AREA_STYLE_COLOUR('',#11114);
#11116=OVER_RIDING_STYLED_ITEM('',(#11117),#8905,#9572);
#11117=PRESENTATION_STYLE_ASSIGNMENT((#11118));
#11118=SURFACE_STYLE_USAGE(.BOTH.,#11119);
#11119=SURFACE_SIDE_STYLE('',(#11120));
#11120=SURFACE_STYLE_FILL_AREA(#11121);
#11121=FILL_AREA_STYLE('',(#11123));
#11122=COLOUR_RGB('',0.362604529,0.0,1.0);
#11123=FILL_AREA_STYLE_COLOUR('',#11122);
#11124=OVER_RIDING_STYLED_ITEM('',(#11125),#8917,#9572);
#11125=PRESENTATION_STYLE_ASSIGNMENT((#11126));
#11126=SURFACE_STYLE_USAGE(.BOTH.,#11127);
#11127=SURFACE_SIDE_STYLE('',(#11128));
#11128=SURFACE_STYLE_FILL_AREA(#11129);
#11129=FILL_AREA_STYLE('',(#11131));
#11130=COLOUR_RGB('',0.362604529,0.0,1.0);
#11131=FILL_AREA_STYLE_COLOUR('',#11130);
#11132=OVER_RIDING_STYLED_ITEM('',(#11133),#8934,#9572);
#11133=PRESENTATION_STYLE_ASSIGNMENT((#11134));
#11134=SURFACE_STYLE_USAGE(.BOTH.,#11135);
#11135=SURFACE_SIDE_STYLE('',(#11136));
#11136=SURFACE_STYLE_FILL_AREA(#11137);
#11137=FILL_AREA_STYLE('',(#11139));
#11138=COLOUR_RGB('',0.362604529,0.0,1.0);
#11139=FILL_AREA_STYLE_COLOUR('',#11138);
#11140=OVER_RIDING_STYLED_ITEM('',(#11141),#8944,#9572);
#11141=PRESENTATION_STYLE_ASSIGNMENT((#11142));
#11142=SURFACE_STYLE_USAGE(.BOTH.,#11143);
#11143=SURFACE_SIDE_STYLE('',(#11144));
#11144=SURFACE_STYLE_FILL_AREA(#11145);
#11145=FILL_AREA_STYLE('',(#11147));
#11146=COLOUR_RGB('',0.362604529,0.0,1.0);
#11147=FILL_AREA_STYLE_COLOUR('',#11146);
#11148=OVER_RIDING_STYLED_ITEM('',(#11149),#8977,#9572);
#11149=PRESENTATION_STYLE_ASSIGNMENT((#11150));
#11150=SURFACE_STYLE_USAGE(.BOTH.,#11151);
#11151=SURFACE_SIDE_STYLE('',(#11152));
#11152=SURFACE_STYLE_FILL_AREA(#11153);
#11153=FILL_AREA_STYLE('',(#11155));
#11154=COLOUR_RGB('',0.362604529,0.0,1.0);
#11155=FILL_AREA_STYLE_COLOUR('',#11154);
#11156=OVER_RIDING_STYLED_ITEM('',(#11157),#8994,#9572);
#11157=PRESENTATION_STYLE_ASSIGNMENT((#11158));
#11158=SURFACE_STYLE_USAGE(.BOTH.,#11159);
#11159=SURFACE_SIDE_STYLE('',(#11160));
#11160=SURFACE_STYLE_FILL_AREA(#11161);
#11161=FILL_AREA_STYLE('',(#11163));
#11162=COLOUR_RGB('',0.362604529,0.0,1.0);
#11163=FILL_AREA_STYLE_COLOUR('',#11162);
#11164=OVER_RIDING_STYLED_ITEM('',(#11165),#9006,#9572);
#11165=PRESENTATION_STYLE_ASSIGNMENT((#11166));
#11166=SURFACE_STYLE_USAGE(.BOTH.,#11167);
#11167=SURFACE_SIDE_STYLE('',(#11168));
#11168=SURFACE_STYLE_FILL_AREA(#11169);
#11169=FILL_AREA_STYLE('',(#11171));
#11170=COLOUR_RGB('',0.362604529,0.0,1.0);
#11171=FILL_AREA_STYLE_COLOUR('',#11170);
#11172=OVER_RIDING_STYLED_ITEM('',(#11173),#9030,#9572);
#11173=PRESENTATION_STYLE_ASSIGNMENT((#11174));
#11174=SURFACE_STYLE_USAGE(.BOTH.,#11175);
#11175=SURFACE_SIDE_STYLE('',(#11176));
#11176=SURFACE_STYLE_FILL_AREA(#11177);
#11177=FILL_AREA_STYLE('',(#11179));
#11178=COLOUR_RGB('',0.362604529,0.0,1.0);
#11179=FILL_AREA_STYLE_COLOUR('',#11178);
#11180=OVER_RIDING_STYLED_ITEM('',(#11181),#9052,#9572);
#11181=PRESENTATION_STYLE_ASSIGNMENT((#11182));
#11182=SURFACE_STYLE_USAGE(.BOTH.,#11183);
#11183=SURFACE_SIDE_STYLE('',(#11184));
#11184=SURFACE_STYLE_FILL_AREA(#11185);
#11185=FILL_AREA_STYLE('',(#11187));
#11186=COLOUR_RGB('',0.362604529,0.0,1.0);
#11187=FILL_AREA_STYLE_COLOUR('',#11186);
#11188=OVER_RIDING_STYLED_ITEM('',(#11189),#9064,#9572);
#11189=PRESENTATION_STYLE_ASSIGNMENT((#11190));
#11190=SURFACE_STYLE_USAGE(.BOTH.,#11191);
#11191=SURFACE_SIDE_STYLE('',(#11192));
#11192=SURFACE_STYLE_FILL_AREA(#11193);
#11193=FILL_AREA_STYLE('',(#11195));
#11194=COLOUR_RGB('',0.362604529,0.0,1.0);
#11195=FILL_AREA_STYLE_COLOUR('',#11194);
#11196=OVER_RIDING_STYLED_ITEM('',(#11197),#9081,#9572);
#11197=PRESENTATION_STYLE_ASSIGNMENT((#11198));
#11198=SURFACE_STYLE_USAGE(.BOTH.,#11199);
#11199=SURFACE_SIDE_STYLE('',(#11200));
#11200=SURFACE_STYLE_FILL_AREA(#11201);
#11201=FILL_AREA_STYLE('',(#11203));
#11202=COLOUR_RGB('',0.362604529,0.0,1.0);
#11203=FILL_AREA_STYLE_COLOUR('',#11202);
#11204=OVER_RIDING_STYLED_ITEM('',(#11205),#9093,#9572);
#11205=PRESENTATION_STYLE_ASSIGNMENT((#11206));
#11206=SURFACE_STYLE_USAGE(.BOTH.,#11207);
#11207=SURFACE_SIDE_STYLE('',(#11208));
#11208=SURFACE_STYLE_FILL_AREA(#11209);
#11209=FILL_AREA_STYLE('',(#11211));
#11210=COLOUR_RGB('',0.362604529,0.0,1.0);
#11211=FILL_AREA_STYLE_COLOUR('',#11210);
#11212=OVER_RIDING_STYLED_ITEM('',(#11213),#9120,#9572);
#11213=PRESENTATION_STYLE_ASSIGNMENT((#11214));
#11214=SURFACE_STYLE_USAGE(.BOTH.,#11215);
#11215=SURFACE_SIDE_STYLE('',(#11216));
#11216=SURFACE_STYLE_FILL_AREA(#11217);
#11217=FILL_AREA_STYLE('',(#11219));
#11218=COLOUR_RGB('',0.362604529,0.0,1.0);
#11219=FILL_AREA_STYLE_COLOUR('',#11218);
#11220=OVER_RIDING_STYLED_ITEM('',(#11221),#9140,#9572);
#11221=PRESENTATION_STYLE_ASSIGNMENT((#11222));
#11222=SURFACE_STYLE_USAGE(.BOTH.,#11223);
#11223=SURFACE_SIDE_STYLE('',(#11224));
#11224=SURFACE_STYLE_FILL_AREA(#11225);
#11225=FILL_AREA_STYLE('',(#11227));
#11226=COLOUR_RGB('',0.362604529,0.0,1.0);
#11227=FILL_AREA_STYLE_COLOUR('',#11226);
#11228=OVER_RIDING_STYLED_ITEM('',(#11229),#9170,#9572);
#11229=PRESENTATION_STYLE_ASSIGNMENT((#11230));
#11230=SURFACE_STYLE_USAGE(.BOTH.,#11231);
#11231=SURFACE_SIDE_STYLE('',(#11232));
#11232=SURFACE_STYLE_FILL_AREA(#11233);
#11233=FILL_AREA_STYLE('',(#11235));
#11234=COLOUR_RGB('',0.362604529,0.0,1.0);
#11235=FILL_AREA_STYLE_COLOUR('',#11234);
#11236=OVER_RIDING_STYLED_ITEM('',(#11237),#9188,#9572);
#11237=PRESENTATION_STYLE_ASSIGNMENT((#11238));
#11238=SURFACE_STYLE_USAGE(.BOTH.,#11239);
#11239=SURFACE_SIDE_STYLE('',(#11240));
#11240=SURFACE_STYLE_FILL_AREA(#11241);
#11241=FILL_AREA_STYLE('',(#11243));
#11242=COLOUR_RGB('',0.362604529,0.0,1.0);
#11243=FILL_AREA_STYLE_COLOUR('',#11242);
#11244=OVER_RIDING_STYLED_ITEM('',(#11245),#9200,#9572);
#11245=PRESENTATION_STYLE_ASSIGNMENT((#11246));
#11246=SURFACE_STYLE_USAGE(.BOTH.,#11247);
#11247=SURFACE_SIDE_STYLE('',(#11248));
#11248=SURFACE_STYLE_FILL_AREA(#11249);
#11249=FILL_AREA_STYLE('',(#11251));
#11250=COLOUR_RGB('',0.362604529,0.0,1.0);
#11251=FILL_AREA_STYLE_COLOUR('',#11250);
#11252=OVER_RIDING_STYLED_ITEM('',(#11253),#9256,#9572);
#11253=PRESENTATION_STYLE_ASSIGNMENT((#11254));
#11254=SURFACE_STYLE_USAGE(.BOTH.,#11255);
#11255=SURFACE_SIDE_STYLE('',(#11256));
#11256=SURFACE_STYLE_FILL_AREA(#11257);
#11257=FILL_AREA_STYLE('',(#11259));
#11258=COLOUR_RGB('',0.362604529,0.0,1.0);
#11259=FILL_AREA_STYLE_COLOUR('',#11258);
#11260=OVER_RIDING_STYLED_ITEM('',(#11261),#9298,#9572);
#11261=PRESENTATION_STYLE_ASSIGNMENT((#11262));
#11262=SURFACE_STYLE_USAGE(.BOTH.,#11263);
#11263=SURFACE_SIDE_STYLE('',(#11264));
#11264=SURFACE_STYLE_FILL_AREA(#11265);
#11265=FILL_AREA_STYLE('',(#11267));
#11266=COLOUR_RGB('',0.362604529,0.0,1.0);
#11267=FILL_AREA_STYLE_COLOUR('',#11266);
#11268=OVER_RIDING_STYLED_ITEM('',(#11269),#9308,#9572);
#11269=PRESENTATION_STYLE_ASSIGNMENT((#11270));
#11270=SURFACE_STYLE_USAGE(.BOTH.,#11271);
#11271=SURFACE_SIDE_STYLE('',(#11272));
#11272=SURFACE_STYLE_FILL_AREA(#11273);
#11273=FILL_AREA_STYLE('',(#11275));
#11274=COLOUR_RGB('',0.362604529,0.0,1.0);
#11275=FILL_AREA_STYLE_COLOUR('',#11274);
#11276=OVER_RIDING_STYLED_ITEM('',(#11277),#9364,#9572);
#11277=PRESENTATION_STYLE_ASSIGNMENT((#11278));
#11278=SURFACE_STYLE_USAGE(.BOTH.,#11279);
#11279=SURFACE_SIDE_STYLE('',(#11280));
#11280=SURFACE_STYLE_FILL_AREA(#11281);
#11281=FILL_AREA_STYLE('',(#11283));
#11282=COLOUR_RGB('',0.362604529,0.0,1.0);
#11283=FILL_AREA_STYLE_COLOUR('',#11282);
#11284=OVER_RIDING_STYLED_ITEM('',(#11285),#9406,#9572);
#11285=PRESENTATION_STYLE_ASSIGNMENT((#11286));
#11286=SURFACE_STYLE_USAGE(.BOTH.,#11287);
#11287=SURFACE_SIDE_STYLE('',(#11288));
#11288=SURFACE_STYLE_FILL_AREA(#11289);
#11289=FILL_AREA_STYLE('',(#11291));
#11290=COLOUR_RGB('',0.362604529,0.0,1.0);
#11291=FILL_AREA_STYLE_COLOUR('',#11290);
#11292=OVER_RIDING_STYLED_ITEM('',(#11293),#9416,#9572);
#11293=PRESENTATION_STYLE_ASSIGNMENT((#11294));
#11294=SURFACE_STYLE_USAGE(.BOTH.,#11295);
#11295=SURFACE_SIDE_STYLE('',(#11296));
#11296=SURFACE_STYLE_FILL_AREA(#11297);
#11297=FILL_AREA_STYLE('',(#11299));
#11298=COLOUR_RGB('',0.362604529,0.0,1.0);
#11299=FILL_AREA_STYLE_COLOUR('',#11298);
#11300=OVER_RIDING_STYLED_ITEM('',(#11301),#9472,#9572);
#11301=PRESENTATION_STYLE_ASSIGNMENT((#11302));
#11302=SURFACE_STYLE_USAGE(.BOTH.,#11303);
#11303=SURFACE_SIDE_STYLE('',(#11304));
#11304=SURFACE_STYLE_FILL_AREA(#11305);
#11305=FILL_AREA_STYLE('',(#11307));
#11306=COLOUR_RGB('',0.362604529,0.0,1.0);
#11307=FILL_AREA_STYLE_COLOUR('',#11306);
#11308=OVER_RIDING_STYLED_ITEM('',(#11309),#9514,#9572);
#11309=PRESENTATION_STYLE_ASSIGNMENT((#11310));
#11310=SURFACE_STYLE_USAGE(.BOTH.,#11311);
#11311=SURFACE_SIDE_STYLE('',(#11312));
#11312=SURFACE_STYLE_FILL_AREA(#11313);
#11313=FILL_AREA_STYLE('',(#11315));
#11314=COLOUR_RGB('',0.362604529,0.0,1.0);
#11315=FILL_AREA_STYLE_COLOUR('',#11314);
#11316=OVER_RIDING_STYLED_ITEM('',(#11317),#9524,#9572);
#11317=PRESENTATION_STYLE_ASSIGNMENT((#11318));
#11318=SURFACE_STYLE_USAGE(.BOTH.,#11319);
#11319=SURFACE_SIDE_STYLE('',(#11320));
#11320=SURFACE_STYLE_FILL_AREA(#11321);
#11321=FILL_AREA_STYLE('',(#11323));
#11322=COLOUR_RGB('',0.362604529,0.0,1.0);
#11323=FILL_AREA_STYLE_COLOUR('',#11322);
#11324=MECHANICAL_DESIGN_GEOMETRIC_PRESENTATION_REPRESENTATION('',(#9572,#9580,#9588,#9596,#9604,#9612,#9620,#9628,#9636,#9644,#9652,#9660,#9668,#9676,#9684,#9692,#9700,#9708,#9716,#9724,#9732,#9740,#9748,#9756,#9764,#9772,#9780,#9788,#9796,#9804,#9812,#9820,#9828,#9836,#9844,#9852,#9860,#9868,#9876,#9884,#9892,#9900,#9908,#9916,#9924,#9932,#9940,#9948,#9956,#9964,#9972,#9980,#9988,#9996,#10004,#10012,#10020,#10028,#10036,#10044,#10052,#10060,#10068,#10076,#10084,#10092,#10100,#10108,#10116,#10124,#10132,#10140,#10148,#10156,#10164,#10172,#10180,#10188,#10196,#10204,#10212,#10220,#10228,#10236,#10244,#10252,#10260,#10268,#10276,#10284,#10292,#10300,#10308,#10316,#10324,#10332,#10340,#10348,#10356,#10364,#10372,#10380,#10388,#10396,#10404,#10412,#10420,#10428,#10436,#10444,#10452,#10460,#10468,#10476,#10484,#10492,#10500,#10508,#10516,#10524,#10532,#10540,#10548,#10556,#10564,#10572,#10580,#10588,#10596,#10604,#10612,#10620,#10628,#10636,#10644,#10652,#10660,#10668,#10676,#10684,#10692,#10700,#10708,#10716,#10724,#10732,#10740,#10748,#10756,#10764,#10772,#10780,#10788,#10796,#10804,#10812,#10820,#10828,#10836,#10844,#10852,#10860,#10868,#10876,#10884,#10892,#10900,#10908,#10916,#10924,#10932,#10940,#10948,#10956,#10964,#10972,#10980,#10988,#10996,#11004,#11012,#11020,#11028,#11036,#11044,#11052,#11060,#11068,#11076,#11084,#11092,#11100,#11108,#11116,#11124,#11132,#11140,#11148,#11156,#11164,#11172,#11180,#11188,#11196,#11204,#11212,#11220,#11228,#11236,#11244,#11252,#11260,#11268,#11276,#11284,#11292,#11300,#11308,#11316),#9564);
#11325=PRODUCT('3296w-1-503lf_2','3296w-1-503lf_2',$,(#3));
#11326=PRODUCT_DEFINITION_FORMATION('',$,#11325);
#11327=PRODUCT_DEFINITION('design',$,#11326,#6);
#11328=PRODUCT_DEFINITION_SHAPE('',$,#11327);
#11329=MANIFOLD_SOLID_BREP('3296w-1-503lf_2',#11330);
#11330=CLOSED_SHELL('',(#11331,#11357,#11427,#11469));
#11331=ADVANCED_FACE('',(#11332),#11352,.T.);
#11332=FACE_BOUND('',#11333,.T.);
#11333=EDGE_LOOP('',(#11334,#11345));
#11334=ORIENTED_EDGE('',*,*,#11335,.T.);
#11335=EDGE_CURVE('',#11336,#11338,#11340,.T.);
#11336=VERTEX_POINT('',#11337);
#11337=CARTESIAN_POINT('',(-8.255,-2.54,2.0828));
#11338=VERTEX_POINT('',#11339);
#11339=CARTESIAN_POINT('',(-8.255,-2.54,2.5908));
#11340=CIRCLE('',#11341,0.254);
#11341=AXIS2_PLACEMENT_3D('',#11342,#11343,#11344);
#11342=CARTESIAN_POINT('',(-8.255,-2.54,2.3368));
#11343=DIRECTION('',(-1.0,0.0,0.0));
#11344=DIRECTION('',(0.0,0.0,-1.0));
#11345=ORIENTED_EDGE('',*,*,#11346,.T.);
#11346=EDGE_CURVE('',#11338,#11336,#11347,.T.);
#11347=CIRCLE('',#11348,0.254);
#11348=AXIS2_PLACEMENT_3D('',#11349,#11350,#11351);
#11349=CARTESIAN_POINT('',(-8.255,-2.54,2.3368));
#11350=DIRECTION('',(-1.0,0.0,0.0));
#11351=DIRECTION('',(0.0,0.0,1.0));
#11352=B_SPLINE_SURFACE_WITH_KNOTS('',1,1,((#11353,#11354),(#11355,#11356)),.UNSPECIFIED.,.F.,.F.,.U.,(2,2),(2,2),(-0.01000601,0.01000601),(-0.01000601,0.01000601),.PIECEWISE_BEZIER_KNOTS.);
#11353=CARTESIAN_POINT('',(-8.255,-2.794152655,2.082647345));
#11354=CARTESIAN_POINT('',(-8.255,-2.285847345,2.082647345));
#11355=CARTESIAN_POINT('',(-8.255,-2.794152655,2.590952655));
#11356=CARTESIAN_POINT('',(-8.255,-2.285847345,2.590952655));
#11357=ADVANCED_FACE('',(#11358),#11398,.T.);
#11358=FACE_BOUND('',#11359,.T.);
#11359=EDGE_LOOP('',(#11360,#11368,#11369,#11377));
#11360=ORIENTED_EDGE('',*,*,#11361,.T.);
#11361=EDGE_CURVE('',#11362,#11336,#11364,.T.);
#11362=VERTEX_POINT('',#11363);
#11363=CARTESIAN_POINT('',(-7.545909368,-2.54,2.0828));
#11364=LINE('',#11365,#11366);
#11365=CARTESIAN_POINT('',(-7.545909368,-2.54,2.0828));
#11366=VECTOR('',#11367,1.0);
#11367=DIRECTION('',(-1.0,0.0,0.0));
#11368=ORIENTED_EDGE('',*,*,#11346,.F.);
#11369=ORIENTED_EDGE('',*,*,#11370,.T.);
#11370=EDGE_CURVE('',#11338,#11371,#11373,.F.);
#11371=VERTEX_POINT('',#11372);
#11372=CARTESIAN_POINT('',(-7.545909368,-2.54,2.5908));
#11373=LINE('',#11374,#11375);
#11374=CARTESIAN_POINT('',(-7.545909368,-2.54,2.5908));
#11375=VECTOR('',#11376,1.0);
#11376=DIRECTION('',(-1.0,0.0,0.0));
#11377=ORIENTED_EDGE('',*,*,#11378,.T.);
#11378=EDGE_CURVE('',#11371,#11362,#11379,.T.);
#11379=B_SPLINE_CURVE_WITH_KNOTS('',3,(#11380,#11381,#11382,#11383,#11384,#11385,#11386,#11387,#11388,#11389,#11390,#11391,#11392,#11393,#11394,#11395,#11396,#11397),.UNSPECIFIED.,.F.,.U.,(4,1,1,1,1,1,1,1,1,1,1,1,1,1,1,4),(0.0,0.066666667,0.133333333,0.2,0.266666667,0.333333333,0.4,0.466666667,0.533333333,0.6,0.666666667,0.733333333,0.8,0.866666667,0.933333333,1.0),.UNSPECIFIED.);
#11380=CARTESIAN_POINT('',(-7.545909368,-2.54,2.5908));
#11381=CARTESIAN_POINT('',(-7.555838147,-2.51600602,2.5908));
#11382=CARTESIAN_POINT('',(-7.572840009,-2.471992897,2.583906935));
#11383=CARTESIAN_POINT('',(-7.587135074,-2.422653124,2.56381786));
#11384=CARTESIAN_POINT('',(-7.594213002,-2.382953356,2.53820828));
#11385=CARTESIAN_POINT('',(-7.595481709,-2.347556154,2.505304543));
#11386=CARTESIAN_POINT('',(-7.588661897,-2.314720272,2.458989479));
#11387=CARTESIAN_POINT('',(-7.572454889,-2.292692823,2.403860546));
#11388=CARTESIAN_POINT('',(-7.550864207,-2.28438217,2.347995974));
#11389=CARTESIAN_POINT('',(-7.52888304,-2.287458713,2.296499037));
#11390=CARTESIAN_POINT('',(-7.507740626,-2.300983288,2.245656707));
#11391=CARTESIAN_POINT('',(-7.492340865,-2.324378369,2.199322245));
#11392=CARTESIAN_POINT('',(-7.486174349,-2.355994655,2.159292353));
#11393=CARTESIAN_POINT('',(-7.490431891,-2.394443147,2.126608738));
#11394=CARTESIAN_POINT('',(-7.504061263,-2.439088846,2.101821945));
#11395=CARTESIAN_POINT('',(-7.524033824,-2.488393463,2.08633012));
#11396=CARTESIAN_POINT('',(-7.538702485,-2.52258378,2.0828));
#11397=CARTESIAN_POINT('',(-7.545909368,-2.54,2.0828));
#11398=(BOUNDED_SURFACE()B_SPLINE_SURFACE(3,3,((#11399,#11400,#11401,#11402),(#11403,#11404,#11405,#11406),(#11407,#11408,#11409,#11410),(#11411,#11412,#11413,#11414),(#11415,#11416,#11417,#11418),(#11419,#11420,#11421,#11422),(#11423,#11424,#11425,#11426)),.UNSPECIFIED.,.F.,.F.,.U.)B_SPLINE_SURFACE_WITH_KNOTS((4,3,4),(4,4),(0.030808252,1.0,1.969191748),(0.109944159,0.14185344),.UNSPECIFIED.)GEOMETRIC_REPRESENTATION_ITEM()RATIONAL_B_SPLINE_SURFACE(((1.170041102,1.170041102,1.170041102,1.170041102),(0.935876096,0.935876096,0.935876096,0.935876096),(0.943564013,0.943564013,0.943564013,0.943564013),(1.193104854,1.193104854,1.193104854,1.193104854),(0.943564013,0.943564013,0.943564013,0.943564013),(0.935876096,0.935876096,0.935876096,0.935876096),(1.170041102,1.170041102,1.170041102,1.170041102)))REPRESENTATION_ITEM('')SURFACE());
#11399=CARTESIAN_POINT('',(-7.466181648,-2.550032008,2.59060181));
#11400=CARTESIAN_POINT('',(-7.736346888,-2.550032008,2.59060181));
#11401=CARTESIAN_POINT('',(-8.006512127,-2.550032008,2.59060181));
#11402=CARTESIAN_POINT('',(-8.276677367,-2.550032008,2.59060181));
#11403=CARTESIAN_POINT('',(-7.466181648,-2.396031767,2.596688968));
#11404=CARTESIAN_POINT('',(-7.736346888,-2.396031767,2.596688968));
#11405=CARTESIAN_POINT('',(-8.006512127,-2.396031767,2.596688968));
#11406=CARTESIAN_POINT('',(-8.276677367,-2.396031767,2.596688968));
#11407=CARTESIAN_POINT('',(-7.466181648,-2.286,2.489664763));
#11408=CARTESIAN_POINT('',(-7.736346888,-2.286,2.489664763));
#11409=CARTESIAN_POINT('',(-8.006512127,-2.286,2.489664763));
#11410=CARTESIAN_POINT('',(-8.276677367,-2.286,2.489664763));
#11411=CARTESIAN_POINT('',(-7.466181648,-2.286,2.3368));
#11412=CARTESIAN_POINT('',(-7.736346888,-2.286,2.3368));
#11413=CARTESIAN_POINT('',(-8.006512127,-2.286,2.3368));
#11414=CARTESIAN_POINT('',(-8.276677367,-2.286,2.3368));
#11415=CARTESIAN_POINT('',(-7.466181648,-2.286,2.183935237));
#11416=CARTESIAN_POINT('',(-7.736346888,-2.286,2.183935237));
#11417=CARTESIAN_POINT('',(-8.006512127,-2.286,2.183935237));
#11418=CARTESIAN_POINT('',(-8.276677367,-2.286,2.183935237));
#11419=CARTESIAN_POINT('',(-7.466181648,-2.396031767,2.076911032));
#11420=CARTESIAN_POINT('',(-7.736346888,-2.396031767,2.076911032));
#11421=CARTESIAN_POINT('',(-8.006512127,-2.396031767,2.076911032));
#11422=CARTESIAN_POINT('',(-8.276677367,-2.396031767,2.076911032));
#11423=CARTESIAN_POINT('',(-7.466181648,-2.550032008,2.08299819));
#11424=CARTESIAN_POINT('',(-7.736346888,-2.550032008,2.08299819));
#11425=CARTESIAN_POINT('',(-8.006512127,-2.550032008,2.08299819));
#11426=CARTESIAN_POINT('',(-8.276677367,-2.550032008,2.08299819));
#11427=ADVANCED_FACE('',(#11428),#11452,.F.);
#11428=FACE_BOUND('',#11429,.T.);
#11429=EDGE_LOOP('',(#11430,#11451));
#11430=ORIENTED_EDGE('',*,*,#11431,.T.);
#11431=EDGE_CURVE('',#11371,#11362,#11432,.F.);
#11432=B_SPLINE_CURVE_WITH_KNOTS('',3,(#11433,#11434,#11435,#11436,#11437,#11438,#11439,#11440,#11441,#11442,#11443,#11444,#11445,#11446,#11447,#11448,#11449,#11450),.UNSPECIFIED.,.F.,.U.,(4,1,1,1,1,1,1,1,1,1,1,1,1,1,1,4),(0.0,0.066666667,0.133333333,0.2,0.266666667,0.333333333,0.4,0.466666667,0.533333333,0.6,0.666666667,0.733333333,0.8,0.866666667,0.933333333,1.0),.UNSPECIFIED.);
#11433=CARTESIAN_POINT('',(-7.545909368,-2.54,2.0828));
#11434=CARTESIAN_POINT('',(-7.555754974,-2.563792983,2.0828));
#11435=CARTESIAN_POINT('',(-7.572688026,-2.607567904,2.089569115));
#11436=CARTESIAN_POINT('',(-7.587144558,-2.657303458,2.109717158));
#11437=CARTESIAN_POINT('',(-7.594251931,-2.697347222,2.135615781));
#11438=CARTESIAN_POINT('',(-7.595453289,-2.732530259,2.16843769));
#11439=CARTESIAN_POINT('',(-7.588697954,-2.765127005,2.214387742));
#11440=CARTESIAN_POINT('',(-7.572616664,-2.78717054,2.26926581));
#11441=CARTESIAN_POINT('',(-7.551075325,-2.795597163,2.325095341));
#11442=CARTESIAN_POINT('',(-7.529083056,-2.792617976,2.376636628));
#11443=CARTESIAN_POINT('',(-7.507890547,-2.779169673,2.427553485));
#11444=CARTESIAN_POINT('',(-7.492410386,-2.755809931,2.473993119));
#11445=CARTESIAN_POINT('',(-7.486173011,-2.724182382,2.514132405));
#11446=CARTESIAN_POINT('',(-7.490396408,-2.68569687,2.54690064));
#11447=CARTESIAN_POINT('',(-7.504028075,-2.640995309,2.571747142));
#11448=CARTESIAN_POINT('',(-7.524021094,-2.591635687,2.587267077));
#11449=CARTESIAN_POINT('',(-7.538699358,-2.557423776,2.5908));
#11450=CARTESIAN_POINT('',(-7.545909368,-2.54,2.5908));
#11451=ORIENTED_EDGE('',*,*,#11378,.F.);
#11452=(BOUNDED_SURFACE()B_SPLINE_SURFACE(3,3,((#11453,#11454,#11455,#11456),(#11457,#11458,#11459,#11460),(#11461,#11462,#11463,#11464),(#11465,#11466,#11467,#11468)),.UNSPECIFIED.,.F.,.F.,.U.)B_SPLINE_SURFACE_WITH_KNOTS((4,4),(4,4),(0.034145003,0.965624633),(0.014589265,0.036322266),.PIECEWISE_BEZIER_KNOTS.)GEOMETRIC_REPRESENTATION_ITEM()RATIONAL_B_SPLINE_SURFACE(((1.180961226,1.180961226,1.180961226,1.180961226),(0.939739248,0.939739248,0.939739248,0.939739248),(0.939679606,0.939679606,0.939679606,0.939679606),(1.1807823,1.1807823,1.1807823,1.1807823)))REPRESENTATION_ITEM('')SURFACE());
#11453=CARTESIAN_POINT('',(-7.485621912,-2.554021617,1.960482944));
#11454=CARTESIAN_POINT('',(-7.485621912,-2.42390967,2.090594891));
#11455=CARTESIAN_POINT('',(-7.485621912,-2.293797723,2.220706838));
#11456=CARTESIAN_POINT('',(-7.485621912,-2.163685776,2.350818785));
#11457=CARTESIAN_POINT('',(-7.640205938,-2.659250123,2.065711451));
#11458=CARTESIAN_POINT('',(-7.640205938,-2.529138176,2.195823398));
#11459=CARTESIAN_POINT('',(-7.640205938,-2.399026229,2.325935344));
#11460=CARTESIAN_POINT('',(-7.640205938,-2.268914282,2.456047291));
#11461=CARTESIAN_POINT('',(-7.640253456,-2.810982154,2.217443482));
#11462=CARTESIAN_POINT('',(-7.640253456,-2.680870207,2.347555428));
#11463=CARTESIAN_POINT('',(-7.640253456,-2.55075826,2.477667375));
#11464=CARTESIAN_POINT('',(-7.640253456,-2.420646313,2.607779322));
#11465=CARTESIAN_POINT('',(-7.485711936,-2.916255753,2.322717081));
#11466=CARTESIAN_POINT('',(-7.485711936,-2.786143806,2.452829028));
#11467=CARTESIAN_POINT('',(-7.485711936,-2.656031859,2.582940974));
#11468=CARTESIAN_POINT('',(-7.485711936,-2.525919913,2.713052921));
#11469=ADVANCED_FACE('',(#11470),#11476,.T.);
#11470=FACE_BOUND('',#11471,.T.);
#11471=EDGE_LOOP('',(#11472,#11473,#11474,#11475));
#11472=ORIENTED_EDGE('',*,*,#11370,.F.);
#11473=ORIENTED_EDGE('',*,*,#11335,.F.);
#11474=ORIENTED_EDGE('',*,*,#11361,.F.);
#11475=ORIENTED_EDGE('',*,*,#11431,.F.);
#11476=(BOUNDED_SURFACE()B_SPLINE_SURFACE(3,3,((#11477,#11478,#11479,#11480),(#11481,#11482,#11483,#11484),(#11485,#11486,#11487,#11488),(#11489,#11490,#11491,#11492),(#11493,#11494,#11495,#11496),(#11497,#11498,#11499,#11500),(#11501,#11502,#11503,#11504)),.UNSPECIFIED.,.F.,.F.,.U.)B_SPLINE_SURFACE_WITH_KNOTS((4,3,4),(4,4),(0.030788,1.0,1.969212),(0.109944126,0.14185344),.UNSPECIFIED.)GEOMETRIC_REPRESENTATION_ITEM()RATIONAL_B_SPLINE_SURFACE(((1.170055782,1.170055782,1.170055782,1.170055782),(0.935875774,0.935875774,0.935875774,0.935875774),(0.943558798,0.943558798,0.943558798,0.943558798),(1.193104854,1.193104854,1.193104854,1.193104854),(0.943558798,0.943558798,0.943558798,0.943558798),(0.935875774,0.935875774,0.935875774,0.935875774),(1.170055782,1.170055782,1.170055782,1.170055782)))REPRESENTATION_ITEM('')SURFACE());
#11477=CARTESIAN_POINT('',(-7.466180805,-2.52996027,2.082998495));
#11478=CARTESIAN_POINT('',(-7.736346325,-2.52996027,2.082998495));
#11479=CARTESIAN_POINT('',(-8.006511846,-2.52996027,2.082998495));
#11480=CARTESIAN_POINT('',(-8.276677367,-2.52996027,2.082998495));
#11481=CARTESIAN_POINT('',(-7.466180805,-2.683963597,2.076906523));
#11482=CARTESIAN_POINT('',(-7.736346325,-2.683963597,2.076906523));
#11483=CARTESIAN_POINT('',(-8.006511846,-2.683963597,2.076906523));
#11484=CARTESIAN_POINT('',(-8.276677367,-2.683963597,2.076906523));
#11485=CARTESIAN_POINT('',(-7.466180805,-2.794,2.183931198));
#11486=CARTESIAN_POINT('',(-7.736346325,-2.794,2.183931198));
#11487=CARTESIAN_POINT('',(-8.006511846,-2.794,2.183931198));
#11488=CARTESIAN_POINT('',(-8.276677367,-2.794,2.183931198));
#11489=CARTESIAN_POINT('',(-7.466180805,-2.794,2.3368));
#11490=CARTESIAN_POINT('',(-7.736346325,-2.794,2.3368));
#11491=CARTESIAN_POINT('',(-8.006511846,-2.794,2.3368));
#11492=CARTESIAN_POINT('',(-8.276677367,-2.794,2.3368));
#11493=CARTESIAN_POINT('',(-7.466180805,-2.794,2.489668802));
#11494=CARTESIAN_POINT('',(-7.736346325,-2.794,2.489668802));
#11495=CARTESIAN_POINT('',(-8.006511846,-2.794,2.489668802));
#11496=CARTESIAN_POINT('',(-8.276677367,-2.794,2.489668802));
#11497=CARTESIAN_POINT('',(-7.466180805,-2.683963597,2.596693477));
#11498=CARTESIAN_POINT('',(-7.736346325,-2.683963597,2.596693477));
#11499=CARTESIAN_POINT('',(-8.006511846,-2.683963597,2.596693477));
#11500=CARTESIAN_POINT('',(-8.276677367,-2.683963597,2.596693477));
#11501=CARTESIAN_POINT('',(-7.466180805,-2.52996027,2.590601505));
#11502=CARTESIAN_POINT('',(-7.736346325,-2.52996027,2.590601505));
#11503=CARTESIAN_POINT('',(-8.006511846,-2.52996027,2.590601505));
#11504=CARTESIAN_POINT('',(-8.276677367,-2.52996027,2.590601505));
#11505=(GEOMETRIC_REPRESENTATION_CONTEXT(3)GLOBAL_UNCERTAINTY_ASSIGNED_CONTEXT((#11506))GLOBAL_UNIT_ASSIGNED_CONTEXT((#9565,#9566,#9567))REPRESENTATION_CONTEXT('',''));
#11506=UNCERTAINTY_MEASURE_WITH_UNIT(LENGTH_MEASURE(3.637900396E-05),#9565,'','maximum tolerance');
#11507=ADVANCED_BREP_SHAPE_REPRESENTATION('',(#11329,#9560),#11505);
#11508=SHAPE_DEFINITION_REPRESENTATION(#11328,#11507);
#11509=PRODUCT_RELATED_PRODUCT_CATEGORY('part',$,(#11325));
#11510=STYLED_ITEM('',(#11511),#11329);
#11511=PRESENTATION_STYLE_ASSIGNMENT((#11512));
#11512=SURFACE_STYLE_USAGE(.BOTH.,#11513);
#11513=SURFACE_SIDE_STYLE('',(#11514));
#11514=SURFACE_STYLE_FILL_AREA(#11515);
#11515=FILL_AREA_STYLE('',(#11517));
#11516=COLOUR_RGB('',0.362604529,0.0,1.0);
#11517=FILL_AREA_STYLE_COLOUR('',#11516);
#11518=OVER_RIDING_STYLED_ITEM('',(#11519),#11331,#11510);
#11519=PRESENTATION_STYLE_ASSIGNMENT((#11520));
#11520=SURFACE_STYLE_USAGE(.BOTH.,#11521);
#11521=SURFACE_SIDE_STYLE('',(#11522));
#11522=SURFACE_STYLE_FILL_AREA(#11523);
#11523=FILL_AREA_STYLE('',(#11525));
#11524=COLOUR_RGB('',0.362604529,0.0,1.0);
#11525=FILL_AREA_STYLE_COLOUR('',#11524);
#11526=OVER_RIDING_STYLED_ITEM('',(#11527),#11357,#11510);
#11527=PRESENTATION_STYLE_ASSIGNMENT((#11528));
#11528=SURFACE_STYLE_USAGE(.BOTH.,#11529);
#11529=SURFACE_SIDE_STYLE('',(#11530));
#11530=SURFACE_STYLE_FILL_AREA(#11531);
#11531=FILL_AREA_STYLE('',(#11533));
#11532=COLOUR_RGB('',0.362604529,0.0,1.0);
#11533=FILL_AREA_STYLE_COLOUR('',#11532);
#11534=OVER_RIDING_STYLED_ITEM('',(#11535),#11427,#11510);
#11535=PRESENTATION_STYLE_ASSIGNMENT((#11536));
#11536=SURFACE_STYLE_USAGE(.BOTH.,#11537);
#11537=SURFACE_SIDE_STYLE('',(#11538));
#11538=SURFACE_STYLE_FILL_AREA(#11539);
#11539=FILL_AREA_STYLE('',(#11541));
#11540=COLOUR_RGB('',0.362604529,0.0,1.0);
#11541=FILL_AREA_STYLE_COLOUR('',#11540);
#11542=OVER_RIDING_STYLED_ITEM('',(#11543),#11469,#11510);
#11543=PRESENTATION_STYLE_ASSIGNMENT((#11544));
#11544=SURFACE_STYLE_USAGE(.BOTH.,#11545);
#11545=SURFACE_SIDE_STYLE('',(#11546));
#11546=SURFACE_STYLE_FILL_AREA(#11547);
#11547=FILL_AREA_STYLE('',(#11549));
#11548=COLOUR_RGB('',0.362604529,0.0,1.0);
#11549=FILL_AREA_STYLE_COLOUR('',#11548);
#11550=MECHANICAL_DESIGN_GEOMETRIC_PRESENTATION_REPRESENTATION('',(#11510,#11518,#11526,#11534,#11542),#11505);
#11551=PRODUCT('3296w-1-503lf_3','3296w-1-503lf_3',$,(#3));
#11552=PRODUCT_DEFINITION_FORMATION('',$,#11551);
#11553=PRODUCT_DEFINITION('design',$,#11552,#6);
#11554=PRODUCT_DEFINITION_SHAPE('',$,#11553);
#11555=MANIFOLD_SOLID_BREP('3296w-1-503lf_3',#11556);
#11556=CLOSED_SHELL('',(#11557,#11583,#11653,#11695));
#11557=ADVANCED_FACE('',(#11558),#11578,.T.);
#11558=FACE_BOUND('',#11559,.T.);
#11559=EDGE_LOOP('',(#11560,#11571));
#11560=ORIENTED_EDGE('',*,*,#11561,.T.);
#11561=EDGE_CURVE('',#11562,#11564,#11566,.T.);
#11562=VERTEX_POINT('',#11563);
#11563=CARTESIAN_POINT('',(-8.255,0.0,2.0828));
#11564=VERTEX_POINT('',#11565);
#11565=CARTESIAN_POINT('',(-8.255,0.0,2.5908));
#11566=CIRCLE('',#11567,0.254);
#11567=AXIS2_PLACEMENT_3D('',#11568,#11569,#11570);
#11568=CARTESIAN_POINT('',(-8.255,0.0,2.3368));
#11569=DIRECTION('',(-1.0,0.0,0.0));
#11570=DIRECTION('',(0.0,0.0,-1.0));
#11571=ORIENTED_EDGE('',*,*,#11572,.T.);
#11572=EDGE_CURVE('',#11564,#11562,#11573,.T.);
#11573=CIRCLE('',#11574,0.254);
#11574=AXIS2_PLACEMENT_3D('',#11575,#11576,#11577);
#11575=CARTESIAN_POINT('',(-8.255,0.0,2.3368));
#11576=DIRECTION('',(-1.0,0.0,0.0));
#11577=DIRECTION('',(0.0,0.0,1.0));
#11578=B_SPLINE_SURFACE_WITH_KNOTS('',1,1,((#11579,#11580),(#11581,#11582)),.UNSPECIFIED.,.F.,.F.,.U.,(2,2),(2,2),(-0.01000601,0.01000601),(-0.01000601,0.01000601),.PIECEWISE_BEZIER_KNOTS.);
#11579=CARTESIAN_POINT('',(-8.255,-0.254152655,2.082647345));
#11580=CARTESIAN_POINT('',(-8.255,0.254152655,2.082647345));
#11581=CARTESIAN_POINT('',(-8.255,-0.254152655,2.590952655));
#11582=CARTESIAN_POINT('',(-8.255,0.254152655,2.590952655));
#11583=ADVANCED_FACE('',(#11584),#11624,.T.);
#11584=FACE_BOUND('',#11585,.T.);
#11585=EDGE_LOOP('',(#11586,#11594,#11595,#11603));
#11586=ORIENTED_EDGE('',*,*,#11587,.T.);
#11587=EDGE_CURVE('',#11588,#11562,#11590,.T.);
#11588=VERTEX_POINT('',#11589);
#11589=CARTESIAN_POINT('',(-7.545909368,0.0,2.0828));
#11590=LINE('',#11591,#11592);
#11591=CARTESIAN_POINT('',(-7.545909368,0.0,2.0828));
#11592=VECTOR('',#11593,1.0);
#11593=DIRECTION('',(-1.0,0.0,0.0));
#11594=ORIENTED_EDGE('',*,*,#11572,.F.);
#11595=ORIENTED_EDGE('',*,*,#11596,.T.);
#11596=EDGE_CURVE('',#11564,#11597,#11599,.F.);
#11597=VERTEX_POINT('',#11598);
#11598=CARTESIAN_POINT('',(-7.545909368,0.0,2.5908));
#11599=LINE('',#11600,#11601);
#11600=CARTESIAN_POINT('',(-7.545909368,0.0,2.5908));
#11601=VECTOR('',#11602,1.0);
#11602=DIRECTION('',(-1.0,0.0,0.0));
#11603=ORIENTED_EDGE('',*,*,#11604,.T.);
#11604=EDGE_CURVE('',#11597,#11588,#11605,.T.);
#11605=B_SPLINE_CURVE_WITH_KNOTS('',3,(#11606,#11607,#11608,#11609,#11610,#11611,#11612,#11613,#11614,#11615,#11616,#11617,#11618,#11619,#11620,#11621,#11622,#11623),.UNSPECIFIED.,.F.,.U.,(4,1,1,1,1,1,1,1,1,1,1,1,1,1,1,4),(0.0,0.066666667,0.133333333,0.2,0.266666667,0.333333333,0.4,0.466666667,0.533333333,0.6,0.666666667,0.733333333,0.8,0.866666667,0.933333333,1.0),.UNSPECIFIED.);
#11606=CARTESIAN_POINT('',(-7.545909368,0.0,2.5908));
#11607=CARTESIAN_POINT('',(-7.555838147,0.02399398,2.5908));
#11608=CARTESIAN_POINT('',(-7.572840009,0.068007103,2.583906935));
#11609=CARTESIAN_POINT('',(-7.587135074,0.117346876,2.56381786));
#11610=CARTESIAN_POINT('',(-7.594213002,0.157046644,2.53820828));
#11611=CARTESIAN_POINT('',(-7.595481709,0.192443846,2.505304543));
#11612=CARTESIAN_POINT('',(-7.588661897,0.225279728,2.458989479));
#11613=CARTESIAN_POINT('',(-7.572454889,0.247307177,2.403860546));
#11614=CARTESIAN_POINT('',(-7.550864207,0.25561783,2.347995974));
#11615=CARTESIAN_POINT('',(-7.52888304,0.252541287,2.296499037));
#11616=CARTESIAN_POINT('',(-7.507740626,0.239016712,2.245656707));
#11617=CARTESIAN_POINT('',(-7.492340865,0.215621631,2.199322245));
#11618=CARTESIAN_POINT('',(-7.486174349,0.184005345,2.159292353));
#11619=CARTESIAN_POINT('',(-7.490431891,0.145556853,2.126608738));
#11620=CARTESIAN_POINT('',(-7.504061263,0.100911154,2.101821945));
#11621=CARTESIAN_POINT('',(-7.524033824,0.051606537,2.08633012));
#11622=CARTESIAN_POINT('',(-7.538702485,0.01741622,2.0828));
#11623=CARTESIAN_POINT('',(-7.545909368,0.0,2.0828));
#11624=(BOUNDED_SURFACE()B_SPLINE_SURFACE(3,3,((#11625,#11626,#11627,#11628),(#11629,#11630,#11631,#11632),(#11633,#11634,#11635,#11636),(#11637,#11638,#11639,#11640),(#11641,#11642,#11643,#11644),(#11645,#11646,#11647,#11648),(#11649,#11650,#11651,#11652)),.UNSPECIFIED.,.F.,.F.,.U.)B_SPLINE_SURFACE_WITH_KNOTS((4,3,4),(4,4),(0.030808252,1.0,1.969191748),(0.109944159,0.14185344),.UNSPECIFIED.)GEOMETRIC_REPRESENTATION_ITEM()RATIONAL_B_SPLINE_SURFACE(((1.170041102,1.170041102,1.170041102,1.170041102),(0.935876096,0.935876096,0.935876096,0.935876096),(0.943564013,0.943564013,0.943564013,0.943564013),(1.193104854,1.193104854,1.193104854,1.193104854),(0.943564013,0.943564013,0.943564013,0.943564013),(0.935876096,0.935876096,0.935876096,0.935876096),(1.170041102,1.170041102,1.170041102,1.170041102)))REPRESENTATION_ITEM('')SURFACE());
#11625=CARTESIAN_POINT('',(-7.466181648,-0.010032008,2.59060181));
#11626=CARTESIAN_POINT('',(-7.736346888,-0.010032008,2.59060181));
#11627=CARTESIAN_POINT('',(-8.006512127,-0.010032008,2.59060181));
#11628=CARTESIAN_POINT('',(-8.276677367,-0.010032008,2.59060181));
#11629=CARTESIAN_POINT('',(-7.466181648,0.143968233,2.596688968));
#11630=CARTESIAN_POINT('',(-7.736346888,0.143968233,2.596688968));
#11631=CARTESIAN_POINT('',(-8.006512127,0.143968233,2.596688968));
#11632=CARTESIAN_POINT('',(-8.276677367,0.143968233,2.596688968));
#11633=CARTESIAN_POINT('',(-7.466181648,0.254,2.489664763));
#11634=CARTESIAN_POINT('',(-7.736346888,0.254,2.489664763));
#11635=CARTESIAN_POINT('',(-8.006512127,0.254,2.489664763));
#11636=CARTESIAN_POINT('',(-8.276677367,0.254,2.489664763));
#11637=CARTESIAN_POINT('',(-7.466181648,0.254,2.3368));
#11638=CARTESIAN_POINT('',(-7.736346888,0.254,2.3368));
#11639=CARTESIAN_POINT('',(-8.006512127,0.254,2.3368));
#11640=CARTESIAN_POINT('',(-8.276677367,0.254,2.3368));
#11641=CARTESIAN_POINT('',(-7.466181648,0.254,2.183935237));
#11642=CARTESIAN_POINT('',(-7.736346888,0.254,2.183935237));
#11643=CARTESIAN_POINT('',(-8.006512127,0.254,2.183935237));
#11644=CARTESIAN_POINT('',(-8.276677367,0.254,2.183935237));
#11645=CARTESIAN_POINT('',(-7.466181648,0.143968233,2.076911032));
#11646=CARTESIAN_POINT('',(-7.736346888,0.143968233,2.076911032));
#11647=CARTESIAN_POINT('',(-8.006512127,0.143968233,2.076911032));
#11648=CARTESIAN_POINT('',(-8.276677367,0.143968233,2.076911032));
#11649=CARTESIAN_POINT('',(-7.466181648,-0.010032008,2.08299819));
#11650=CARTESIAN_POINT('',(-7.736346888,-0.010032008,2.08299819));
#11651=CARTESIAN_POINT('',(-8.006512127,-0.010032008,2.08299819));
#11652=CARTESIAN_POINT('',(-8.276677367,-0.010032008,2.08299819));
#11653=ADVANCED_FACE('',(#11654),#11678,.F.);
#11654=FACE_BOUND('',#11655,.T.);
#11655=EDGE_LOOP('',(#11656,#11677));
#11656=ORIENTED_EDGE('',*,*,#11657,.T.);
#11657=EDGE_CURVE('',#11597,#11588,#11658,.F.);
#11658=B_SPLINE_CURVE_WITH_KNOTS('',3,(#11659,#11660,#11661,#11662,#11663,#11664,#11665,#11666,#11667,#11668,#11669,#11670,#11671,#11672,#11673,#11674,#11675,#11676),.UNSPECIFIED.,.F.,.U.,(4,1,1,1,1,1,1,1,1,1,1,1,1,1,1,4),(0.0,0.066666667,0.133333333,0.2,0.266666667,0.333333333,0.4,0.466666667,0.533333333,0.6,0.666666667,0.733333333,0.8,0.866666667,0.933333333,1.0),.UNSPECIFIED.);
#11659=CARTESIAN_POINT('',(-7.545909368,0.0,2.0828));
#11660=CARTESIAN_POINT('',(-7.555754974,-0.023792983,2.0828));
#11661=CARTESIAN_POINT('',(-7.572688026,-0.067567904,2.089569115));
#11662=CARTESIAN_POINT('',(-7.587144558,-0.117303458,2.109717158));
#11663=CARTESIAN_POINT('',(-7.594251931,-0.157347222,2.135615781));
#11664=CARTESIAN_POINT('',(-7.595453289,-0.192530259,2.16843769));
#11665=CARTESIAN_POINT('',(-7.588697954,-0.225127005,2.214387742));
#11666=CARTESIAN_POINT('',(-7.572616664,-0.24717054,2.26926581));
#11667=CARTESIAN_POINT('',(-7.551075325,-0.255597163,2.325095341));
#11668=CARTESIAN_POINT('',(-7.529083056,-0.252617976,2.376636628));
#11669=CARTESIAN_POINT('',(-7.507890547,-0.239169673,2.427553485));
#11670=CARTESIAN_POINT('',(-7.492410386,-0.215809931,2.473993119));
#11671=CARTESIAN_POINT('',(-7.486173011,-0.184182382,2.514132405));
#11672=CARTESIAN_POINT('',(-7.490396408,-0.14569687,2.54690064));
#11673=CARTESIAN_POINT('',(-7.504028075,-0.100995309,2.571747142));
#11674=CARTESIAN_POINT('',(-7.524021094,-0.051635687,2.587267077));
#11675=CARTESIAN_POINT('',(-7.538699358,-0.017423776,2.5908));
#11676=CARTESIAN_POINT('',(-7.545909368,0.0,2.5908));
#11677=ORIENTED_EDGE('',*,*,#11604,.F.);
#11678=(BOUNDED_SURFACE()B_SPLINE_SURFACE(3,3,((#11679,#11680,#11681,#11682),(#11683,#11684,#11685,#11686),(#11687,#11688,#11689,#11690),(#11691,#11692,#11693,#11694)),.UNSPECIFIED.,.F.,.F.,.U.)B_SPLINE_SURFACE_WITH_KNOTS((4,4),(4,4),(0.034145003,0.965624633),(0.014589265,0.036322266),.PIECEWISE_BEZIER_KNOTS.)GEOMETRIC_REPRESENTATION_ITEM()RATIONAL_B_SPLINE_SURFACE(((1.180961226,1.180961226,1.180961226,1.180961226),(0.939739248,0.939739248,0.939739248,0.939739248),(0.939679606,0.939679606,0.939679606,0.939679606),(1.1807823,1.1807823,1.1807823,1.1807823)))REPRESENTATION_ITEM('')SURFACE());
#11679=CARTESIAN_POINT('',(-7.485621912,-0.014021617,1.960482944));
#11680=CARTESIAN_POINT('',(-7.485621912,0.11609033,2.090594891));
#11681=CARTESIAN_POINT('',(-7.485621912,0.246202277,2.220706838));
#11682=CARTESIAN_POINT('',(-7.485621912,0.376314224,2.350818785));
#11683=CARTESIAN_POINT('',(-7.640205938,-0.119250123,2.065711451));
#11684=CARTESIAN_POINT('',(-7.640205938,0.010861824,2.195823398));
#11685=CARTESIAN_POINT('',(-7.640205938,0.140973771,2.325935344));
#11686=CARTESIAN_POINT('',(-7.640205938,0.271085718,2.456047291));
#11687=CARTESIAN_POINT('',(-7.640253456,-0.270982154,2.217443482));
#11688=CARTESIAN_POINT('',(-7.640253456,-0.140870207,2.347555428));
#11689=CARTESIAN_POINT('',(-7.640253456,-0.01075826,2.477667375));
#11690=CARTESIAN_POINT('',(-7.640253456,0.119353687,2.607779322));
#11691=CARTESIAN_POINT('',(-7.485711936,-0.376255753,2.322717081));
#11692=CARTESIAN_POINT('',(-7.485711936,-0.246143806,2.452829028));
#11693=CARTESIAN_POINT('',(-7.485711936,-0.116031859,2.582940974));
#11694=CARTESIAN_POINT('',(-7.485711936,0.014080087,2.713052921));
#11695=ADVANCED_FACE('',(#11696),#11702,.T.);
#11696=FACE_BOUND('',#11697,.T.);
#11697=EDGE_LOOP('',(#11698,#11699,#11700,#11701));
#11698=ORIENTED_EDGE('',*,*,#11596,.F.);
#11699=ORIENTED_EDGE('',*,*,#11561,.F.);
#11700=ORIENTED_EDGE('',*,*,#11587,.F.);
#11701=ORIENTED_EDGE('',*,*,#11657,.F.);
#11702=(BOUNDED_SURFACE()B_SPLINE_SURFACE(3,3,((#11703,#11704,#11705,#11706),(#11707,#11708,#11709,#11710),(#11711,#11712,#11713,#11714),(#11715,#11716,#11717,#11718),(#11719,#11720,#11721,#11722),(#11723,#11724,#11725,#11726),(#11727,#11728,#11729,#11730)),.UNSPECIFIED.,.F.,.F.,.U.)B_SPLINE_SURFACE_WITH_KNOTS((4,3,4),(4,4),(0.030788,1.0,1.969212),(0.109944126,0.14185344),.UNSPECIFIED.)GEOMETRIC_REPRESENTATION_ITEM()RATIONAL_B_SPLINE_SURFACE(((1.170055782,1.170055782,1.170055782,1.170055782),(0.935875774,0.935875774,0.935875774,0.935875774),(0.943558798,0.943558798,0.943558798,0.943558798),(1.193104854,1.193104854,1.193104854,1.193104854),(0.943558798,0.943558798,0.943558798,0.943558798),(0.935875774,0.935875774,0.935875774,0.935875774),(1.170055782,1.170055782,1.170055782,1.170055782)))REPRESENTATION_ITEM('')SURFACE());
#11703=CARTESIAN_POINT('',(-7.466180805,0.01003973,2.082998495));
#11704=CARTESIAN_POINT('',(-7.736346325,0.01003973,2.082998495));
#11705=CARTESIAN_POINT('',(-8.006511846,0.01003973,2.082998495));
#11706=CARTESIAN_POINT('',(-8.276677367,0.01003973,2.082998495));
#11707=CARTESIAN_POINT('',(-7.466180805,-0.143963597,2.076906523));
#11708=CARTESIAN_POINT('',(-7.736346325,-0.143963597,2.076906523));
#11709=CARTESIAN_POINT('',(-8.006511846,-0.143963597,2.076906523));
#11710=CARTESIAN_POINT('',(-8.276677367,-0.143963597,2.076906523));
#11711=CARTESIAN_POINT('',(-7.466180805,-0.254,2.183931198));
#11712=CARTESIAN_POINT('',(-7.736346325,-0.254,2.183931198));
#11713=CARTESIAN_POINT('',(-8.006511846,-0.254,2.183931198));
#11714=CARTESIAN_POINT('',(-8.276677367,-0.254,2.183931198));
#11715=CARTESIAN_POINT('',(-7.466180805,-0.254,2.3368));
#11716=CARTESIAN_POINT('',(-7.736346325,-0.254,2.3368));
#11717=CARTESIAN_POINT('',(-8.006511846,-0.254,2.3368));
#11718=CARTESIAN_POINT('',(-8.276677367,-0.254,2.3368));
#11719=CARTESIAN_POINT('',(-7.466180805,-0.254,2.489668802));
#11720=CARTESIAN_POINT('',(-7.736346325,-0.254,2.489668802));
#11721=CARTESIAN_POINT('',(-8.006511846,-0.254,2.489668802));
#11722=CARTESIAN_POINT('',(-8.276677367,-0.254,2.489668802));
#11723=CARTESIAN_POINT('',(-7.466180805,-0.143963597,2.596693477));
#11724=CARTESIAN_POINT('',(-7.736346325,-0.143963597,2.596693477));
#11725=CARTESIAN_POINT('',(-8.006511846,-0.143963597,2.596693477));
#11726=CARTESIAN_POINT('',(-8.276677367,-0.143963597,2.596693477));
#11727=CARTESIAN_POINT('',(-7.466180805,0.01003973,2.590601505));
#11728=CARTESIAN_POINT('',(-7.736346325,0.01003973,2.590601505));
#11729=CARTESIAN_POINT('',(-8.006511846,0.01003973,2.590601505));
#11730=CARTESIAN_POINT('',(-8.276677367,0.01003973,2.590601505));
#11731=(GEOMETRIC_REPRESENTATION_CONTEXT(3)GLOBAL_UNCERTAINTY_ASSIGNED_CONTEXT((#11732))GLOBAL_UNIT_ASSIGNED_CONTEXT((#9565,#9566,#9567))REPRESENTATION_CONTEXT('',''));
#11732=UNCERTAINTY_MEASURE_WITH_UNIT(LENGTH_MEASURE(3.637900377E-05),#9565,'','maximum tolerance');
#11733=ADVANCED_BREP_SHAPE_REPRESENTATION('',(#11555,#9560),#11731);
#11734=SHAPE_DEFINITION_REPRESENTATION(#11554,#11733);
#11735=PRODUCT_RELATED_PRODUCT_CATEGORY('part',$,(#11551));
#11736=STYLED_ITEM('',(#11737),#11555);
#11737=PRESENTATION_STYLE_ASSIGNMENT((#11738));
#11738=SURFACE_STYLE_USAGE(.BOTH.,#11739);
#11739=SURFACE_SIDE_STYLE('',(#11740));
#11740=SURFACE_STYLE_FILL_AREA(#11741);
#11741=FILL_AREA_STYLE('',(#11743));
#11742=COLOUR_RGB('',0.362604529,0.0,1.0);
#11743=FILL_AREA_STYLE_COLOUR('',#11742);
#11744=OVER_RIDING_STYLED_ITEM('',(#11745),#11557,#11736);
#11745=PRESENTATION_STYLE_ASSIGNMENT((#11746));
#11746=SURFACE_STYLE_USAGE(.BOTH.,#11747);
#11747=SURFACE_SIDE_STYLE('',(#11748));
#11748=SURFACE_STYLE_FILL_AREA(#11749);
#11749=FILL_AREA_STYLE('',(#11751));
#11750=COLOUR_RGB('',0.362604529,0.0,1.0);
#11751=FILL_AREA_STYLE_COLOUR('',#11750);
#11752=OVER_RIDING_STYLED_ITEM('',(#11753),#11583,#11736);
#11753=PRESENTATION_STYLE_ASSIGNMENT((#11754));
#11754=SURFACE_STYLE_USAGE(.BOTH.,#11755);
#11755=SURFACE_SIDE_STYLE('',(#11756));
#11756=SURFACE_STYLE_FILL_AREA(#11757);
#11757=FILL_AREA_STYLE('',(#11759));
#11758=COLOUR_RGB('',0.362604529,0.0,1.0);
#11759=FILL_AREA_STYLE_COLOUR('',#11758);
#11760=OVER_RIDING_STYLED_ITEM('',(#11761),#11653,#11736);
#11761=PRESENTATION_STYLE_ASSIGNMENT((#11762));
#11762=SURFACE_STYLE_USAGE(.BOTH.,#11763);
#11763=SURFACE_SIDE_STYLE('',(#11764));
#11764=SURFACE_STYLE_FILL_AREA(#11765);
#11765=FILL_AREA_STYLE('',(#11767));
#11766=COLOUR_RGB('',0.362604529,0.0,1.0);
#11767=FILL_AREA_STYLE_COLOUR('',#11766);
#11768=OVER_RIDING_STYLED_ITEM('',(#11769),#11695,#11736);
#11769=PRESENTATION_STYLE_ASSIGNMENT((#11770));
#11770=SURFACE_STYLE_USAGE(.BOTH.,#11771);
#11771=SURFACE_SIDE_STYLE('',(#11772));
#11772=SURFACE_STYLE_FILL_AREA(#11773);
#11773=FILL_AREA_STYLE('',(#11775));
#11774=COLOUR_RGB('',0.362604529,0.0,1.0);
#11775=FILL_AREA_STYLE_COLOUR('',#11774);
#11776=MECHANICAL_DESIGN_GEOMETRIC_PRESENTATION_REPRESENTATION('',(#11736,#11744,#11752,#11760,#11768),#11731);
#11777=PRODUCT('3296w-1-503lf_4','3296w-1-503lf_4',$,(#3));
#11778=PRODUCT_DEFINITION_FORMATION('',$,#11777);
#11779=PRODUCT_DEFINITION('design',$,#11778,#6);
#11780=PRODUCT_DEFINITION_SHAPE('',$,#11779);
#11781=MANIFOLD_SOLID_BREP('3296w-1-503lf_4',#11782);
#11782=CLOSED_SHELL('',(#11783,#11809,#11879,#11921));
#11783=ADVANCED_FACE('',(#11784),#11804,.T.);
#11784=FACE_BOUND('',#11785,.T.);
#11785=EDGE_LOOP('',(#11786,#11797));
#11786=ORIENTED_EDGE('',*,*,#11787,.T.);
#11787=EDGE_CURVE('',#11788,#11790,#11792,.T.);
#11788=VERTEX_POINT('',#11789);
#11789=CARTESIAN_POINT('',(-8.255,2.54,2.0828));
#11790=VERTEX_POINT('',#11791);
#11791=CARTESIAN_POINT('',(-8.255,2.54,2.5908));
#11792=CIRCLE('',#11793,0.254);
#11793=AXIS2_PLACEMENT_3D('',#11794,#11795,#11796);
#11794=CARTESIAN_POINT('',(-8.255,2.54,2.3368));
#11795=DIRECTION('',(-1.0,0.0,0.0));
#11796=DIRECTION('',(0.0,0.0,-1.0));
#11797=ORIENTED_EDGE('',*,*,#11798,.T.);
#11798=EDGE_CURVE('',#11790,#11788,#11799,.T.);
#11799=CIRCLE('',#11800,0.254);
#11800=AXIS2_PLACEMENT_3D('',#11801,#11802,#11803);
#11801=CARTESIAN_POINT('',(-8.255,2.54,2.3368));
#11802=DIRECTION('',(-1.0,0.0,0.0));
#11803=DIRECTION('',(0.0,0.0,1.0));
#11804=B_SPLINE_SURFACE_WITH_KNOTS('',1,1,((#11805,#11806),(#11807,#11808)),.UNSPECIFIED.,.F.,.F.,.U.,(2,2),(2,2),(-0.01000601,0.01000601),(-0.01000601,0.01000601),.PIECEWISE_BEZIER_KNOTS.);
#11805=CARTESIAN_POINT('',(-8.255,2.285847345,2.082647345));
#11806=CARTESIAN_POINT('',(-8.255,2.794152655,2.082647345));
#11807=CARTESIAN_POINT('',(-8.255,2.285847345,2.590952655));
#11808=CARTESIAN_POINT('',(-8.255,2.794152655,2.590952655));
#11809=ADVANCED_FACE('',(#11810),#11850,.T.);
#11810=FACE_BOUND('',#11811,.T.);
#11811=EDGE_LOOP('',(#11812,#11820,#11821,#11829));
#11812=ORIENTED_EDGE('',*,*,#11813,.T.);
#11813=EDGE_CURVE('',#11814,#11788,#11816,.T.);
#11814=VERTEX_POINT('',#11815);
#11815=CARTESIAN_POINT('',(-7.545909368,2.54,2.0828));
#11816=LINE('',#11817,#11818);
#11817=CARTESIAN_POINT('',(-7.545909368,2.54,2.0828));
#11818=VECTOR('',#11819,1.0);
#11819=DIRECTION('',(-1.0,0.0,0.0));
#11820=ORIENTED_EDGE('',*,*,#11798,.F.);
#11821=ORIENTED_EDGE('',*,*,#11822,.T.);
#11822=EDGE_CURVE('',#11790,#11823,#11825,.F.);
#11823=VERTEX_POINT('',#11824);
#11824=CARTESIAN_POINT('',(-7.545909368,2.54,2.5908));
#11825=LINE('',#11826,#11827);
#11826=CARTESIAN_POINT('',(-7.545909368,2.54,2.5908));
#11827=VECTOR('',#11828,1.0);
#11828=DIRECTION('',(-1.0,0.0,0.0));
#11829=ORIENTED_EDGE('',*,*,#11830,.T.);
#11830=EDGE_CURVE('',#11823,#11814,#11831,.T.);
#11831=B_SPLINE_CURVE_WITH_KNOTS('',3,(#11832,#11833,#11834,#11835,#11836,#11837,#11838,#11839,#11840,#11841,#11842,#11843,#11844,#11845,#11846,#11847,#11848,#11849),.UNSPECIFIED.,.F.,.U.,(4,1,1,1,1,1,1,1,1,1,1,1,1,1,1,4),(0.0,0.066666667,0.133333333,0.2,0.266666667,0.333333333,0.4,0.466666667,0.533333333,0.6,0.666666667,0.733333333,0.8,0.866666667,0.933333333,1.0),.UNSPECIFIED.);
#11832=CARTESIAN_POINT('',(-7.545909368,2.54,2.5908));
#11833=CARTESIAN_POINT('',(-7.555838147,2.56399398,2.5908));
#11834=CARTESIAN_POINT('',(-7.572840009,2.608007103,2.583906935));
#11835=CARTESIAN_POINT('',(-7.587135074,2.657346876,2.56381786));
#11836=CARTESIAN_POINT('',(-7.594213002,2.697046644,2.53820828));
#11837=CARTESIAN_POINT('',(-7.595481709,2.732443846,2.505304543));
#11838=CARTESIAN_POINT('',(-7.588661897,2.765279728,2.458989479));
#11839=CARTESIAN_POINT('',(-7.572454889,2.787307177,2.403860546));
#11840=CARTESIAN_POINT('',(-7.550864207,2.79561783,2.347995974));
#11841=CARTESIAN_POINT('',(-7.52888304,2.792541287,2.296499037));
#11842=CARTESIAN_POINT('',(-7.507740626,2.779016712,2.245656707));
#11843=CARTESIAN_POINT('',(-7.492340865,2.755621631,2.199322245));
#11844=CARTESIAN_POINT('',(-7.486174349,2.724005345,2.159292353));
#11845=CARTESIAN_POINT('',(-7.490431891,2.685556853,2.126608738));
#11846=CARTESIAN_POINT('',(-7.504061263,2.640911154,2.101821945));
#11847=CARTESIAN_POINT('',(-7.524033824,2.591606537,2.08633012));
#11848=CARTESIAN_POINT('',(-7.538702485,2.55741622,2.0828));
#11849=CARTESIAN_POINT('',(-7.545909368,2.54,2.0828));
#11850=(BOUNDED_SURFACE()B_SPLINE_SURFACE(3,3,((#11851,#11852,#11853,#11854),(#11855,#11856,#11857,#11858),(#11859,#11860,#11861,#11862),(#11863,#11864,#11865,#11866),(#11867,#11868,#11869,#11870),(#11871,#11872,#11873,#11874),(#11875,#11876,#11877,#11878)),.UNSPECIFIED.,.F.,.F.,.U.)B_SPLINE_SURFACE_WITH_KNOTS((4,3,4),(4,4),(0.030808252,1.0,1.969191748),(0.109944159,0.14185344),.UNSPECIFIED.)GEOMETRIC_REPRESENTATION_ITEM()RATIONAL_B_SPLINE_SURFACE(((1.170041102,1.170041102,1.170041102,1.170041102),(0.935876096,0.935876096,0.935876096,0.935876096),(0.943564013,0.943564013,0.943564013,0.943564013),(1.193104854,1.193104854,1.193104854,1.193104854),(0.943564013,0.943564013,0.943564013,0.943564013),(0.935876096,0.935876096,0.935876096,0.935876096),(1.170041102,1.170041102,1.170041102,1.170041102)))REPRESENTATION_ITEM('')SURFACE());
#11851=CARTESIAN_POINT('',(-7.466181648,2.529967992,2.59060181));
#11852=CARTESIAN_POINT('',(-7.736346888,2.529967992,2.59060181));
#11853=CARTESIAN_POINT('',(-8.006512127,2.529967992,2.59060181));
#11854=CARTESIAN_POINT('',(-8.276677367,2.529967992,2.59060181));
#11855=CARTESIAN_POINT('',(-7.466181648,2.683968233,2.596688968));
#11856=CARTESIAN_POINT('',(-7.736346888,2.683968233,2.596688968));
#11857=CARTESIAN_POINT('',(-8.006512127,2.683968233,2.596688968));
#11858=CARTESIAN_POINT('',(-8.276677367,2.683968233,2.596688968));
#11859=CARTESIAN_POINT('',(-7.466181648,2.794,2.489664763));
#11860=CARTESIAN_POINT('',(-7.736346888,2.794,2.489664763));
#11861=CARTESIAN_POINT('',(-8.006512127,2.794,2.489664763));
#11862=CARTESIAN_POINT('',(-8.276677367,2.794,2.489664763));
#11863=CARTESIAN_POINT('',(-7.466181648,2.794,2.3368));
#11864=CARTESIAN_POINT('',(-7.736346888,2.794,2.3368));
#11865=CARTESIAN_POINT('',(-8.006512127,2.794,2.3368));
#11866=CARTESIAN_POINT('',(-8.276677367,2.794,2.3368));
#11867=CARTESIAN_POINT('',(-7.466181648,2.794,2.183935237));
#11868=CARTESIAN_POINT('',(-7.736346888,2.794,2.183935237));
#11869=CARTESIAN_POINT('',(-8.006512127,2.794,2.183935237));
#11870=CARTESIAN_POINT('',(-8.276677367,2.794,2.183935237));
#11871=CARTESIAN_POINT('',(-7.466181648,2.683968233,2.076911032));
#11872=CARTESIAN_POINT('',(-7.736346888,2.683968233,2.076911032));
#11873=CARTESIAN_POINT('',(-8.006512127,2.683968233,2.076911032));
#11874=CARTESIAN_POINT('',(-8.276677367,2.683968233,2.076911032));
#11875=CARTESIAN_POINT('',(-7.466181648,2.529967992,2.08299819));
#11876=CARTESIAN_POINT('',(-7.736346888,2.529967992,2.08299819));
#11877=CARTESIAN_POINT('',(-8.006512127,2.529967992,2.08299819));
#11878=CARTESIAN_POINT('',(-8.276677367,2.529967992,2.08299819));
#11879=ADVANCED_FACE('',(#11880),#11904,.F.);
#11880=FACE_BOUND('',#11881,.T.);
#11881=EDGE_LOOP('',(#11882,#11903));
#11882=ORIENTED_EDGE('',*,*,#11883,.T.);
#11883=EDGE_CURVE('',#11823,#11814,#11884,.F.);
#11884=B_SPLINE_CURVE_WITH_KNOTS('',3,(#11885,#11886,#11887,#11888,#11889,#11890,#11891,#11892,#11893,#11894,#11895,#11896,#11897,#11898,#11899,#11900,#11901,#11902),.UNSPECIFIED.,.F.,.U.,(4,1,1,1,1,1,1,1,1,1,1,1,1,1,1,4),(0.0,0.066666667,0.133333333,0.2,0.266666667,0.333333333,0.4,0.466666667,0.533333333,0.6,0.666666667,0.733333333,0.8,0.866666667,0.933333333,1.0),.UNSPECIFIED.);
#11885=CARTESIAN_POINT('',(-7.545909368,2.54,2.0828));
#11886=CARTESIAN_POINT('',(-7.555754974,2.516207017,2.0828));
#11887=CARTESIAN_POINT('',(-7.572688026,2.472432096,2.089569115));
#11888=CARTESIAN_POINT('',(-7.587144558,2.422696542,2.109717158));
#11889=CARTESIAN_POINT('',(-7.594251931,2.382652778,2.135615781));
#11890=CARTESIAN_POINT('',(-7.595453289,2.347469741,2.16843769));
#11891=CARTESIAN_POINT('',(-7.588697954,2.314872995,2.214387742));
#11892=CARTESIAN_POINT('',(-7.572616664,2.29282946,2.26926581));
#11893=CARTESIAN_POINT('',(-7.551075325,2.284402837,2.325095341));
#11894=CARTESIAN_POINT('',(-7.529083056,2.287382024,2.376636628));
#11895=CARTESIAN_POINT('',(-7.507890547,2.300830327,2.427553485));
#11896=CARTESIAN_POINT('',(-7.492410386,2.324190069,2.473993119));
#11897=CARTESIAN_POINT('',(-7.486173011,2.355817618,2.514132405));
#11898=CARTESIAN_POINT('',(-7.490396408,2.39430313,2.54690064));
#11899=CARTESIAN_POINT('',(-7.504028075,2.439004691,2.571747142));
#11900=CARTESIAN_POINT('',(-7.524021094,2.488364313,2.587267077));
#11901=CARTESIAN_POINT('',(-7.538699358,2.522576224,2.5908));
#11902=CARTESIAN_POINT('',(-7.545909368,2.54,2.5908));
#11903=ORIENTED_EDGE('',*,*,#11830,.F.);
#11904=(BOUNDED_SURFACE()B_SPLINE_SURFACE(3,3,((#11905,#11906,#11907,#11908),(#11909,#11910,#11911,#11912),(#11913,#11914,#11915,#11916),(#11917,#11918,#11919,#11920)),.UNSPECIFIED.,.F.,.F.,.U.)B_SPLINE_SURFACE_WITH_KNOTS((4,4),(4,4),(0.034145003,0.965624633),(0.014589265,0.036322266),.PIECEWISE_BEZIER_KNOTS.)GEOMETRIC_REPRESENTATION_ITEM()RATIONAL_B_SPLINE_SURFACE(((1.180961226,1.180961226,1.180961226,1.180961226),(0.939739248,0.939739248,0.939739248,0.939739248),(0.939679606,0.939679606,0.939679606,0.939679606),(1.1807823,1.1807823,1.1807823,1.1807823)))REPRESENTATION_ITEM('')SURFACE());
#11905=CARTESIAN_POINT('',(-7.485621912,2.525978383,1.960482944));
#11906=CARTESIAN_POINT('',(-7.485621912,2.65609033,2.090594891));
#11907=CARTESIAN_POINT('',(-7.485621912,2.786202277,2.220706838));
#11908=CARTESIAN_POINT('',(-7.485621912,2.916314224,2.350818785));
#11909=CARTESIAN_POINT('',(-7.640205938,2.420749877,2.065711451));
#11910=CARTESIAN_POINT('',(-7.640205938,2.550861824,2.195823398));
#11911=CARTESIAN_POINT('',(-7.640205938,2.680973771,2.325935344));
#11912=CARTESIAN_POINT('',(-7.640205938,2.811085718,2.456047291));
#11913=CARTESIAN_POINT('',(-7.640253456,2.269017846,2.217443482));
#11914=CARTESIAN_POINT('',(-7.640253456,2.399129793,2.347555428));
#11915=CARTESIAN_POINT('',(-7.640253456,2.52924174,2.477667375));
#11916=CARTESIAN_POINT('',(-7.640253456,2.659353687,2.607779322));
#11917=CARTESIAN_POINT('',(-7.485711936,2.163744247,2.322717081));
#11918=CARTESIAN_POINT('',(-7.485711936,2.293856194,2.452829028));
#11919=CARTESIAN_POINT('',(-7.485711936,2.423968141,2.582940974));
#11920=CARTESIAN_POINT('',(-7.485711936,2.554080087,2.713052921));
#11921=ADVANCED_FACE('',(#11922),#11928,.T.);
#11922=FACE_BOUND('',#11923,.T.);
#11923=EDGE_LOOP('',(#11924,#11925,#11926,#11927));
#11924=ORIENTED_EDGE('',*,*,#11822,.F.);
#11925=ORIENTED_EDGE('',*,*,#11787,.F.);
#11926=ORIENTED_EDGE('',*,*,#11813,.F.);
#11927=ORIENTED_EDGE('',*,*,#11883,.F.);
#11928=(BOUNDED_SURFACE()B_SPLINE_SURFACE(3,3,((#11929,#11930,#11931,#11932),(#11933,#11934,#11935,#11936),(#11937,#11938,#11939,#11940),(#11941,#11942,#11943,#11944),(#11945,#11946,#11947,#11948),(#11949,#11950,#11951,#11952),(#11953,#11954,#11955,#11956)),.UNSPECIFIED.,.F.,.F.,.U.)B_SPLINE_SURFACE_WITH_KNOTS((4,3,4),(4,4),(0.030788,1.0,1.969212),(0.109944126,0.14185344),.UNSPECIFIED.)GEOMETRIC_REPRESENTATION_ITEM()RATIONAL_B_SPLINE_SURFACE(((1.170055782,1.170055782,1.170055782,1.170055782),(0.935875774,0.935875774,0.935875774,0.935875774),(0.943558798,0.943558798,0.943558798,0.943558798),(1.193104854,1.193104854,1.193104854,1.193104854),(0.943558798,0.943558798,0.943558798,0.943558798),(0.935875774,0.935875774,0.935875774,0.935875774),(1.170055782,1.170055782,1.170055782,1.170055782)))REPRESENTATION_ITEM('')SURFACE());
#11929=CARTESIAN_POINT('',(-7.466180805,2.55003973,2.082998495));
#11930=CARTESIAN_POINT('',(-7.736346325,2.55003973,2.082998495));
#11931=CARTESIAN_POINT('',(-8.006511846,2.55003973,2.082998495));
#11932=CARTESIAN_POINT('',(-8.276677367,2.55003973,2.082998495));
#11933=CARTESIAN_POINT('',(-7.466180805,2.396036403,2.076906523));
#11934=CARTESIAN_POINT('',(-7.736346325,2.396036403,2.076906523));
#11935=CARTESIAN_POINT('',(-8.006511846,2.396036403,2.076906523));
#11936=CARTESIAN_POINT('',(-8.276677367,2.396036403,2.076906523));
#11937=CARTESIAN_POINT('',(-7.466180805,2.286,2.183931198));
#11938=CARTESIAN_POINT('',(-7.736346325,2.286,2.183931198));
#11939=CARTESIAN_POINT('',(-8.006511846,2.286,2.183931198));
#11940=CARTESIAN_POINT('',(-8.276677367,2.286,2.183931198));
#11941=CARTESIAN_POINT('',(-7.466180805,2.286,2.3368));
#11942=CARTESIAN_POINT('',(-7.736346325,2.286,2.3368));
#11943=CARTESIAN_POINT('',(-8.006511846,2.286,2.3368));
#11944=CARTESIAN_POINT('',(-8.276677367,2.286,2.3368));
#11945=CARTESIAN_POINT('',(-7.466180805,2.286,2.489668802));
#11946=CARTESIAN_POINT('',(-7.736346325,2.286,2.489668802));
#11947=CARTESIAN_POINT('',(-8.006511846,2.286,2.489668802));
#11948=CARTESIAN_POINT('',(-8.276677367,2.286,2.489668802));
#11949=CARTESIAN_POINT('',(-7.466180805,2.396036403,2.596693477));
#11950=CARTESIAN_POINT('',(-7.736346325,2.396036403,2.596693477));
#11951=CARTESIAN_POINT('',(-8.006511846,2.396036403,2.596693477));
#11952=CARTESIAN_POINT('',(-8.276677367,2.396036403,2.596693477));
#11953=CARTESIAN_POINT('',(-7.466180805,2.55003973,2.590601505));
#11954=CARTESIAN_POINT('',(-7.736346325,2.55003973,2.590601505));
#11955=CARTESIAN_POINT('',(-8.006511846,2.55003973,2.590601505));
#11956=CARTESIAN_POINT('',(-8.276677367,2.55003973,2.590601505));
#11957=(GEOMETRIC_REPRESENTATION_CONTEXT(3)GLOBAL_UNCERTAINTY_ASSIGNED_CONTEXT((#11958))GLOBAL_UNIT_ASSIGNED_CONTEXT((#9565,#9566,#9567))REPRESENTATION_CONTEXT('',''));
#11958=UNCERTAINTY_MEASURE_WITH_UNIT(LENGTH_MEASURE(3.637900392E-05),#9565,'','maximum tolerance');
#11959=ADVANCED_BREP_SHAPE_REPRESENTATION('',(#11781,#9560),#11957);
#11960=SHAPE_DEFINITION_REPRESENTATION(#11780,#11959);
#11961=PRODUCT_RELATED_PRODUCT_CATEGORY('part',$,(#11777));
#11962=STYLED_ITEM('',(#11963),#11781);
#11963=PRESENTATION_STYLE_ASSIGNMENT((#11964));
#11964=SURFACE_STYLE_USAGE(.BOTH.,#11965);
#11965=SURFACE_SIDE_STYLE('',(#11966));
#11966=SURFACE_STYLE_FILL_AREA(#11967);
#11967=FILL_AREA_STYLE('',(#11969));
#11968=COLOUR_RGB('',0.362604529,0.0,1.0);
#11969=FILL_AREA_STYLE_COLOUR('',#11968);
#11970=OVER_RIDING_STYLED_ITEM('',(#11971),#11783,#11962);
#11971=PRESENTATION_STYLE_ASSIGNMENT((#11972));
#11972=SURFACE_STYLE_USAGE(.BOTH.,#11973);
#11973=SURFACE_SIDE_STYLE('',(#11974));
#11974=SURFACE_STYLE_FILL_AREA(#11975);
#11975=FILL_AREA_STYLE('',(#11977));
#11976=COLOUR_RGB('',0.362604529,0.0,1.0);
#11977=FILL_AREA_STYLE_COLOUR('',#11976);
#11978=OVER_RIDING_STYLED_ITEM('',(#11979),#11809,#11962);
#11979=PRESENTATION_STYLE_ASSIGNMENT((#11980));
#11980=SURFACE_STYLE_USAGE(.BOTH.,#11981);
#11981=SURFACE_SIDE_STYLE('',(#11982));
#11982=SURFACE_STYLE_FILL_AREA(#11983);
#11983=FILL_AREA_STYLE('',(#11985));
#11984=COLOUR_RGB('',0.362604529,0.0,1.0);
#11985=FILL_AREA_STYLE_COLOUR('',#11984);
#11986=OVER_RIDING_STYLED_ITEM('',(#11987),#11879,#11962);
#11987=PRESENTATION_STYLE_ASSIGNMENT((#11988));
#11988=SURFACE_STYLE_USAGE(.BOTH.,#11989);
#11989=SURFACE_SIDE_STYLE('',(#11990));
#11990=SURFACE_STYLE_FILL_AREA(#11991);
#11991=FILL_AREA_STYLE('',(#11993));
#11992=COLOUR_RGB('',0.362604529,0.0,1.0);
#11993=FILL_AREA_STYLE_COLOUR('',#11992);
#11994=OVER_RIDING_STYLED_ITEM('',(#11995),#11921,#11962);
#11995=PRESENTATION_STYLE_ASSIGNMENT((#11996));
#11996=SURFACE_STYLE_USAGE(.BOTH.,#11997);
#11997=SURFACE_SIDE_STYLE('',(#11998));
#11998=SURFACE_STYLE_FILL_AREA(#11999);
#11999=FILL_AREA_STYLE('',(#12001));
#12000=COLOUR_RGB('',0.362604529,0.0,1.0);
#12001=FILL_AREA_STYLE_COLOUR('',#12000);
#12002=MECHANICAL_DESIGN_GEOMETRIC_PRESENTATION_REPRESENTATION('',(#11962,#11970,#11978,#11986,#11994),#11957);
ENDSEC;
END-ISO-10303-21;
